age,workclass,fnlwgt,education,education-num,marital-status,occupation,relationship,race,sex,capital-gain,capital-loss,hours-per-week,native-country,income
31,Private,45781,Masters,14,Never-married,Prof-specialty,Not-in-family,White,Female,14084,0,50,United-States,1
32,Private,205019,Assoc-acdm,12,Never-married,Sales,Not-in-family,Black,Male,0,0,50,United-States,0
53,Self-emp-not-inc,88506,Bachelors,13,Married-civ-spouse,Prof-specialty,Husband,White,Male,0,0,40,United-States,0
25,Private,289980,HS-grad,9,Never-married,Handlers-cleaners,Not-in-family,White,Male,0,0,35,United-States,0
53,Private,169846,HS-grad,9,Married-civ-spouse,Adm-clerical,Wife,White,Female,0,0,40,United-States,1
18,Private,309634,11th,7,Never-married,Other-service,Own-child,White,Female,0,0,22,United-States,0
33,Private,202051,Masters,14,Married-civ-spouse,Prof-specialty,Husband,White,Male,0,0,50,United-States,0
20,Private,188300,Some-college,10,Never-married,Tech-support,Own-child,White,Female,0,0,40,United-States,0
20,Private,111697,Some-college,10,Never-married,Adm-clerical,Own-child,White,Female,0,1719,28,United-States,0
31,Private,185814,HS-grad,9,Never-married,Transport-moving,Unmarried,Black,Female,0,0,30,United-States,0
27,Private,253814,HS-grad,9,Married-spouse-absent,Sales,Unmarried,White,Female,0,0,25,United-States,0
41,Local-gov,523910,Bachelors,13,Married-civ-spouse,Craft-repair,Husband,Black,Male,0,0,40,United-States,0
41,Federal-gov,130760,Bachelors,13,Married-civ-spouse,Tech-support,Husband,White,Male,0,0,24,United-States,0
35,Private,138992,Masters,14,Married-civ-spouse,Prof-specialty,Other-relative,White,Male,7298,0,40,United-States,1
36,Private,128757,Bachelors,13,Married-civ-spouse,Other-service,Husband,Black,Male,7298,0,36,United-States,1
60,Private,85815,HS-grad,9,Married-civ-spouse,Craft-repair,Husband,Asian-Pac-Islander,Male,0,0,40,United-States,0
38,Local-gov,115076,Masters,14,Married-civ-spouse,Exec-managerial,Husband,White,Male,0,0,70,United-States,1
61,Private,69867,HS-grad,9,Married-civ-spouse,Exec-managerial,Husband,White,Male,0,0,40,United-States,1
25,Private,371987,Bachelors,13,Never-married,Exec-managerial,Not-in-family,White,Female,0,0,40,United-States,0
31,Private,217460,HS-grad,9,Married-civ-spouse,Transport-moving,Husband,White,Male,0,0,45,United-States,1
26,Private,193945,Assoc-acdm,12,Never-married,Tech-support,Not-in-family,White,Male,0,0,45,United-States,0
46,Private,83082,Assoc-acdm,12,Never-married,Prof-specialty,Not-in-family,White,Female,0,0,33,United-States,0
58,Self-emp-not-inc,321171,HS-grad,9,Married-civ-spouse,Handlers-cleaners,Husband,White,Male,0,0,40,United-States,0
17,Private,270942,Primary,3,Never-married,Other-service,Other-relative,White,Male,0,0,48,Mexico,0
22,State-gov,293364,Some-college,10,Never-married,Protective-serv,Own-child,Black,Female,0,0,40,United-States,0
26,Federal-gov,185885,Some-college,10,Never-married,Adm-clerical,Unmarried,White,Female,0,0,15,United-States,0
34,State-gov,98101,Bachelors,13,Married-civ-spouse,Exec-managerial,Husband,White,Male,7688,0,45,Other,1
31,State-gov,1033222,Some-college,10,Married-civ-spouse,Machine-op-inspct,Husband,White,Male,0,0,40,United-States,0
17,Private,175024,11th,7,Never-married,Handlers-cleaners,Own-child,White,Male,2176,0,18,United-States,0
44,Private,290521,HS-grad,9,Widowed,Exec-managerial,Unmarried,Black,Female,0,0,40,United-States,0
51,Private,56915,HS-grad,9,Married-civ-spouse,Craft-repair,Husband,Amer-Indian-Eskimo,Male,0,0,40,United-States,0
42,Private,197583,Assoc-acdm,12,Married-civ-spouse,Exec-managerial,Husband,Black,Male,0,0,40,Other,1
37,Private,126708,HS-grad,9,Married-civ-spouse,Adm-clerical,Wife,White,Female,0,0,60,United-States,0
38,Private,33983,Some-college,10,Married-civ-spouse,Transport-moving,Husband,White,Male,0,0,40,United-States,0
49,Private,192776,Masters,14,Married-civ-spouse,Exec-managerial,Husband,White,Male,0,1977,45,United-States,1
60,Private,201965,Some-college,10,Never-married,Prof-specialty,Unmarried,White,Male,0,0,40,United-States,1
17,Private,211870,9th,5,Never-married,Other-service,Not-in-family,White,Male,0,0,6,United-States,0
33,Private,111746,Assoc-acdm,12,Married-civ-spouse,Craft-repair,Husband,White,Male,0,0,45,Other,0
28,State-gov,70100,Bachelors,13,Never-married,Prof-specialty,Not-in-family,White,Male,0,0,20,United-States,0
33,Federal-gov,319560,Assoc-voc,11,Divorced,Craft-repair,Unmarried,Black,Female,0,0,40,United-States,1
54,Private,212960,Bachelors,13,Married-civ-spouse,Sales,Husband,White,Male,0,0,35,United-States,1
51,Private,95469,HS-grad,9,Married-civ-spouse,Prof-specialty,Husband,White,Male,0,0,40,United-States,0
17,Private,242718,11th,7,Never-married,Sales,Own-child,White,Male,0,0,12,United-States,0
42,Self-emp-not-inc,214242,Prof-school,15,Married-civ-spouse,Prof-specialty,Husband,White,Male,0,1902,50,United-States,1
42,Local-gov,175674,9th,5,Married-civ-spouse,Other-service,Husband,White,Male,0,0,40,United-States,0
35,Self-emp-not-inc,194404,Assoc-acdm,12,Never-married,Farming-fishing,Not-in-family,White,Male,0,0,40,United-States,0
48,Private,45612,HS-grad,9,Never-married,Adm-clerical,Unmarried,Black,Female,0,0,37,United-States,0
39,Private,207824,HS-grad,9,Never-married,Handlers-cleaners,Own-child,White,Male,0,0,60,United-States,0
45,Private,462440,11th,7,Widowed,Other-service,Not-in-family,Black,Female,0,0,20,United-States,0
47,Private,241832,9th,5,Married-spouse-absent,Handlers-cleaners,Unmarried,White,Male,0,0,40,Other,0
30,Private,124187,HS-grad,9,Never-married,Farming-fishing,Own-child,Black,Male,0,0,60,United-States,0
43,Private,154374,Some-college,10,Married-civ-spouse,Craft-repair,Husband,White,Male,15024,0,60,United-States,1
21,Private,226181,Bachelors,13,Never-married,Handlers-cleaners,Not-in-family,White,Male,0,0,40,United-States,0
47,Self-emp-inc,248145,Primary,3,Married-civ-spouse,Transport-moving,Husband,White,Male,0,0,50,Other,0
30,State-gov,169496,Bachelors,13,Married-civ-spouse,Tech-support,Husband,White,Male,0,0,40,United-States,1
27,State-gov,249362,Some-college,10,Married-civ-spouse,Transport-moving,Husband,White,Male,3411,0,40,United-States,0
60,Private,177665,HS-grad,9,Married-civ-spouse,Craft-repair,Husband,White,Male,0,0,35,United-States,0
18,Private,208103,11th,7,Never-married,Other-service,Other-relative,White,Male,0,0,25,United-States,0
42,Private,162140,Bachelors,13,Married-civ-spouse,Exec-managerial,Husband,White,Male,7298,0,45,United-States,1
19,Private,192453,Some-college,10,Never-married,Other-service,Other-relative,White,Female,0,0,25,United-States,0
55,Self-emp-not-inc,200939,HS-grad,9,Married-civ-spouse,Transport-moving,Husband,White,Male,0,0,72,United-States,0
58,Self-emp-not-inc,87510,10th,6,Married-civ-spouse,Craft-repair,Husband,White,Male,0,0,40,United-States,0
23,Private,145111,HS-grad,9,Never-married,Transport-moving,Unmarried,White,Male,0,0,50,United-States,0
47,Self-emp-not-inc,106252,Bachelors,13,Divorced,Sales,Not-in-family,White,Female,0,0,50,United-States,0
55,Private,116442,HS-grad,9,Never-married,Sales,Not-in-family,White,Male,0,0,38,United-States,0
34,Private,73585,Masters,14,Married-civ-spouse,Prof-specialty,Husband,White,Male,0,0,40,Other,0
43,State-gov,146908,Some-college,10,Married-civ-spouse,Craft-repair,Husband,White,Male,0,0,40,Other,0
22,Private,162343,Some-college,10,Never-married,Other-service,Other-relative,Black,Male,0,0,20,United-States,0
43,Private,274363,Bachelors,13,Married-civ-spouse,Exec-managerial,Husband,White,Male,0,1902,40,Other,1
68,Self-emp-not-inc,315859,11th,7,Never-married,Farming-fishing,Unmarried,White,Male,0,0,20,United-States,0
20,Private,138768,HS-grad,9,Never-married,Transport-moving,Own-child,White,Male,0,0,30,United-States,0
24,Self-emp-inc,165474,Bachelors,13,Never-married,Sales,Own-child,White,Male,0,0,40,United-States,0
63,Private,86108,HS-grad,9,Widowed,Farming-fishing,Not-in-family,White,Male,0,0,6,United-States,0
34,Private,111567,HS-grad,9,Never-married,Transport-moving,Own-child,White,Male,0,0,40,United-States,0
48,Private,285335,11th,7,Married-civ-spouse,Exec-managerial,Husband,White,Male,0,0,50,United-States,0
39,Private,176186,Some-college,10,Married-civ-spouse,Farming-fishing,Husband,White,Male,0,0,50,United-States,1
29,Private,177119,Assoc-voc,11,Divorced,Tech-support,Not-in-family,White,Female,2174,0,45,United-States,0
35,Self-emp-not-inc,372525,Bachelors,13,Never-married,Exec-managerial,Not-in-family,White,Male,0,0,40,United-States,0
37,Private,183800,Bachelors,13,Married-civ-spouse,Prof-specialty,Husband,White,Male,7688,0,50,United-States,1
30,Private,87418,Bachelors,13,Married-civ-spouse,Exec-managerial,Husband,White,Male,0,0,45,United-States,1
35,Private,152375,HS-grad,9,Never-married,Sales,Not-in-family,White,Male,0,0,45,United-States,0
42,Private,162003,HS-grad,9,Divorced,Machine-op-inspct,Not-in-family,White,Male,0,0,55,United-States,0
51,Local-gov,241843,Primary,1,Married-civ-spouse,Other-service,Husband,White,Male,0,0,40,United-States,0
23,Private,375871,HS-grad,9,Married-civ-spouse,Adm-clerical,Wife,White,Female,0,0,40,Mexico,0
37,Private,176900,HS-grad,9,Married-civ-spouse,Craft-repair,Husband,White,Male,0,0,99,United-States,1
32,Private,169240,HS-grad,9,Divorced,Machine-op-inspct,Not-in-family,White,Female,0,0,38,United-States,0
25,Private,178326,Some-college,10,Never-married,Sales,Not-in-family,White,Female,0,0,40,United-States,0
63,Private,254907,Assoc-voc,11,Divorced,Other-service,Not-in-family,White,Female,0,0,20,United-States,0
34,Private,33117,Some-college,10,Married-civ-spouse,Other-service,Husband,White,Male,0,0,40,United-States,0
30,Private,201624,Bachelors,13,Never-married,Prof-specialty,Not-in-family,Black,Male,0,0,45,Other,0
23,Private,137994,Some-college,10,Never-married,Machine-op-inspct,Own-child,Black,Female,0,0,40,United-States,0
24,Private,34446,Some-college,10,Never-married,Tech-support,Not-in-family,White,Female,0,0,37,United-States,0
37,Private,215310,HS-grad,9,Married-civ-spouse,Craft-repair,Husband,White,Male,0,0,50,United-States,1
17,Private,220384,11th,7,Never-married,Adm-clerical,Own-child,White,Male,0,0,15,United-States,0
49,Private,31339,HS-grad,9,Married-civ-spouse,Craft-repair,Husband,White,Male,0,0,40,United-States,0
38,Private,412296,HS-grad,9,Divorced,Craft-repair,Own-child,White,Male,0,0,28,United-States,0
44,Self-emp-not-inc,120539,Bachelors,13,Never-married,Sales,Not-in-family,White,Male,0,0,50,United-States,1
34,Private,107793,HS-grad,9,Divorced,Craft-repair,Not-in-family,White,Male,0,0,40,United-States,0
39,Self-emp-inc,218184,9th,5,Married-civ-spouse,Exec-managerial,Husband,White,Male,0,1651,40,Mexico,0
41,Private,293791,Assoc-voc,11,Married-civ-spouse,Transport-moving,Husband,White,Male,0,0,55,United-States,0
45,Federal-gov,170915,HS-grad,9,Divorced,Tech-support,Not-in-family,White,Female,4865,0,40,United-States,0
20,Private,117606,Assoc-voc,11,Never-married,Adm-clerical,Own-child,White,Female,0,0,40,United-States,0
35,Federal-gov,250504,HS-grad,9,Married-civ-spouse,Adm-clerical,Husband,Black,Male,0,0,60,United-States,1
19,Private,194608,Some-college,10,Never-married,Other-service,Own-child,White,Female,0,0,20,United-States,0
20,Private,230891,Some-college,10,Never-married,Sales,Not-in-family,White,Male,0,0,45,United-States,0
59,Federal-gov,212448,HS-grad,9,Widowed,Sales,Unmarried,White,Female,0,0,40,Other,0
50,Self-emp-inc,293196,HS-grad,9,Married-civ-spouse,Exec-managerial,Husband,White,Male,7298,0,40,United-States,1
43,State-gov,165309,HS-grad,9,Married-civ-spouse,Protective-serv,Husband,White,Male,0,0,40,United-States,0
33,Private,114691,Bachelors,13,Married-civ-spouse,Sales,Husband,White,Male,0,0,60,United-States,1
27,Local-gov,247507,Bachelors,13,Never-married,Prof-specialty,Own-child,White,Male,0,0,35,United-States,0
51,Local-gov,176813,Assoc-acdm,12,Married-civ-spouse,Prof-specialty,Husband,White,Male,0,0,60,United-States,0
48,Self-emp-not-inc,243631,Some-college,10,Married-civ-spouse,Craft-repair,Husband,Amer-Indian-Eskimo,Male,7688,0,40,United-States,1
23,Private,174754,Some-college,10,Never-married,Sales,Not-in-family,White,Female,0,0,30,United-States,0
35,Private,33975,Masters,14,Never-married,Prof-specialty,Not-in-family,White,Male,0,0,45,United-States,1
44,Local-gov,409505,Bachelors,13,Divorced,Protective-serv,Not-in-family,White,Male,0,0,40,United-States,0
47,Private,386136,HS-grad,9,Married-civ-spouse,Transport-moving,Husband,White,Male,0,0,35,United-States,0
21,Private,164019,Some-college,10,Never-married,Farming-fishing,Own-child,Black,Male,0,0,10,United-States,0
35,Private,119098,Doctorate,16,Married-civ-spouse,Prof-specialty,Husband,White,Male,7298,0,40,United-States,1
41,State-gov,144928,Bachelors,13,Married-civ-spouse,Prof-specialty,Husband,White,Male,0,0,40,United-States,1
51,Private,146767,Assoc-voc,11,Married-civ-spouse,Prof-specialty,Husband,White,Male,0,0,40,United-States,1
71,Private,269708,Bachelors,13,Divorced,Tech-support,Own-child,White,Female,2329,0,16,United-States,0
49,Self-emp-inc,257764,HS-grad,9,Divorced,Exec-managerial,Unmarried,White,Female,0,0,40,United-States,0
27,Private,29904,Bachelors,13,Never-married,Tech-support,Not-in-family,White,Female,0,0,40,United-States,0
24,Private,241523,HS-grad,9,Married-civ-spouse,Other-service,Husband,White,Male,0,0,45,United-States,1
36,Federal-gov,218542,Assoc-acdm,12,Married-civ-spouse,Adm-clerical,Wife,White,Female,0,0,40,United-States,1
56,Self-emp-not-inc,145574,HS-grad,9,Married-civ-spouse,Other-service,Husband,White,Male,0,1902,60,United-States,1
41,Self-emp-inc,94113,Prof-school,15,Married-civ-spouse,Prof-specialty,Husband,White,Male,0,0,60,United-States,1
38,Private,83727,HS-grad,9,Divorced,Other-service,Unmarried,White,Female,0,0,48,United-States,0
17,Private,197850,11th,7,Never-married,Adm-clerical,Own-child,Asian-Pac-Islander,Female,0,0,24,United-States,0
53,State-gov,156877,HS-grad,9,Married-civ-spouse,Adm-clerical,Husband,White,Male,15024,0,35,United-States,1
28,Self-emp-inc,210295,11th,7,Married-civ-spouse,Craft-repair,Husband,White,Male,0,0,50,United-States,1
19,Private,225775,Some-college,10,Never-married,Adm-clerical,Not-in-family,White,Male,0,0,40,United-States,0
49,Private,50282,Some-college,10,Divorced,Machine-op-inspct,Not-in-family,White,Male,3325,0,45,United-States,0
20,Private,431745,Some-college,10,Never-married,Adm-clerical,Not-in-family,Black,Female,0,0,14,United-States,0
59,Self-emp-inc,125000,Bachelors,13,Married-civ-spouse,Exec-managerial,Husband,White,Male,0,0,40,Other,1
17,Local-gov,32124,9th,5,Never-married,Other-service,Own-child,Black,Male,0,0,9,United-States,0
40,Private,85995,10th,6,Married-civ-spouse,Machine-op-inspct,Husband,White,Male,0,0,40,United-States,1
39,Local-gov,203070,HS-grad,9,Separated,Protective-serv,Not-in-family,White,Male,0,0,40,United-States,0
59,Local-gov,165695,Some-college,10,Married-civ-spouse,Craft-repair,Husband,White,Male,0,0,40,United-States,0
24,Private,213977,Some-college,10,Never-married,Adm-clerical,Not-in-family,White,Female,0,0,40,United-States,0
31,Private,169104,Bachelors,13,Never-married,Sales,Own-child,Asian-Pac-Islander,Male,0,0,40,Other,0
23,Private,121471,Bachelors,13,Never-married,Adm-clerical,Not-in-family,White,Female,0,0,40,United-States,0
57,State-gov,68830,HS-grad,9,Divorced,Exec-managerial,Not-in-family,White,Female,0,0,50,United-States,0
36,Private,85272,Assoc-acdm,12,Married-civ-spouse,Prof-specialty,Wife,White,Female,0,0,30,United-States,1
32,Private,375833,11th,7,Never-married,Craft-repair,Other-relative,White,Male,0,0,40,United-States,0
44,Private,147206,Some-college,10,Married-civ-spouse,Exec-managerial,Husband,White,Male,0,0,40,United-States,0
45,Private,428350,HS-grad,9,Married-civ-spouse,Machine-op-inspct,Wife,White,Female,0,1740,40,United-States,0
28,Private,89718,HS-grad,9,Never-married,Sales,Not-in-family,White,Female,2202,0,48,United-States,0
54,Private,206369,HS-grad,9,Married-civ-spouse,Machine-op-inspct,Husband,White,Male,5178,0,50,United-States,1
41,Private,421871,HS-grad,9,Married-civ-spouse,Craft-repair,Husband,Black,Male,0,0,40,United-States,1
46,Private,99835,Prof-school,15,Married-civ-spouse,Prof-specialty,Husband,White,Male,0,0,60,United-States,1
35,Private,168817,HS-grad,9,Never-married,Machine-op-inspct,Not-in-family,White,Male,0,0,40,United-States,0
31,Private,148600,HS-grad,9,Married-civ-spouse,Machine-op-inspct,Husband,Black,Male,0,0,40,United-States,0
21,Private,57711,HS-grad,9,Never-married,Other-service,Not-in-family,White,Female,0,0,30,United-States,0
44,Private,303521,Some-college,10,Divorced,Craft-repair,Not-in-family,White,Male,0,0,40,United-States,0
42,Private,182342,Some-college,10,Widowed,Exec-managerial,Not-in-family,White,Female,0,0,55,United-States,0
32,Private,496743,Bachelors,13,Never-married,Prof-specialty,Own-child,White,Male,0,0,40,United-States,0
45,Private,99179,11th,7,Widowed,Adm-clerical,Unmarried,White,Female,0,0,40,United-States,0
47,Self-emp-not-inc,162924,Bachelors,13,Divorced,Exec-managerial,Not-in-family,Asian-Pac-Islander,Male,0,0,60,Other,0
19,Private,197384,Some-college,10,Never-married,Other-service,Own-child,White,Female,0,0,10,United-States,0
49,Private,159816,Bachelors,13,Married-civ-spouse,Prof-specialty,Wife,White,Female,99999,0,20,United-States,1
42,Local-gov,339671,Bachelors,13,Married-spouse-absent,Prof-specialty,Not-in-family,White,Female,8614,0,45,United-States,1
45,Private,166107,Masters,14,Never-married,Adm-clerical,Not-in-family,Asian-Pac-Islander,Female,0,0,40,Philippines,0
28,Private,429507,Assoc-acdm,12,Married-civ-spouse,Handlers-cleaners,Husband,Black,Male,0,0,40,United-States,0
51,Private,163921,Bachelors,13,Married-civ-spouse,Transport-moving,Husband,White,Male,0,0,56,United-States,1
31,Private,332379,7th-8th,4,Never-married,Craft-repair,Not-in-family,White,Male,0,0,40,United-States,0
19,Private,418324,Some-college,10,Never-married,Sales,Own-child,White,Male,0,0,36,United-States,0
51,Private,221532,Bachelors,13,Divorced,Exec-managerial,Unmarried,White,Male,0,0,40,United-States,1
22,Self-emp-not-inc,202920,HS-grad,9,Never-married,Prof-specialty,Unmarried,White,Female,99999,0,40,Other,1
30,Private,246439,Some-college,10,Divorced,Adm-clerical,Unmarried,White,Male,0,0,40,United-States,0
44,State-gov,55076,Masters,14,Never-married,Prof-specialty,Not-in-family,White,Female,0,0,60,United-States,0
46,Private,138999,Some-college,10,Married-civ-spouse,Machine-op-inspct,Husband,White,Male,0,0,40,United-States,0
63,Private,174018,Some-college,10,Married-civ-spouse,Sales,Husband,Black,Male,0,0,40,United-States,1
44,Private,144778,Some-college,10,Separated,Exec-managerial,Not-in-family,White,Male,0,0,45,United-States,1
27,Federal-gov,508336,Bachelors,13,Never-married,Exec-managerial,Not-in-family,Black,Male,0,0,48,United-States,0
29,Private,149943,Some-college,10,Never-married,Other-service,Not-in-family,Other,Male,0,1590,40,Other,0
52,Self-emp-inc,179951,Prof-school,15,Married-civ-spouse,Exec-managerial,Husband,White,Male,0,0,40,United-States,0
28,Local-gov,218990,Assoc-voc,11,Married-civ-spouse,Protective-serv,Husband,Black,Male,0,0,46,United-States,0
45,Private,188386,HS-grad,9,Married-civ-spouse,Handlers-cleaners,Husband,White,Male,0,1628,45,United-States,0
18,Local-gov,153405,11th,7,Never-married,Adm-clerical,Other-relative,White,Female,0,0,25,United-States,0
33,Private,217235,HS-grad,9,Married-civ-spouse,Sales,Husband,White,Male,0,0,20,United-States,0
30,Private,204704,Bachelors,13,Never-married,Exec-managerial,Unmarried,White,Female,0,0,45,United-States,1
24,Private,296045,7th-8th,4,Married-civ-spouse,Craft-repair,Husband,White,Male,2635,0,38,United-States,0
47,Private,194772,Assoc-voc,11,Married-civ-spouse,Machine-op-inspct,Husband,White,Male,0,0,40,United-States,1
23,Private,460046,HS-grad,9,Separated,Exec-managerial,Unmarried,White,Female,0,0,42,United-States,0
27,Self-emp-not-inc,208406,Bachelors,13,Married-civ-spouse,Exec-managerial,Husband,White,Male,0,0,60,United-States,1
24,Private,99386,Bachelors,13,Married-spouse-absent,Prof-specialty,Own-child,White,Female,0,0,40,United-States,0
60,Private,156889,Some-college,10,Divorced,Adm-clerical,Not-in-family,White,Female,0,0,40,United-States,0
32,Private,549430,HS-grad,9,Never-married,Priv-house-serv,Unmarried,White,Female,0,0,40,Mexico,0
34,Private,204991,Some-college,10,Divorced,Exec-managerial,Own-child,White,Male,0,0,44,United-States,0
25,Federal-gov,144259,HS-grad,9,Never-married,Adm-clerical,Own-child,Black,Male,0,0,40,United-States,0
37,Private,49115,Masters,14,Married-civ-spouse,Exec-managerial,Husband,White,Male,0,0,60,United-States,1
31,Federal-gov,207301,HS-grad,9,Married-civ-spouse,Adm-clerical,Wife,White,Female,0,0,40,United-States,1
51,Private,175339,Bachelors,13,Married-civ-spouse,Sales,Husband,White,Male,0,0,47,United-States,1
26,Private,125680,Bachelors,13,Never-married,Prof-specialty,Not-in-family,Asian-Pac-Islander,Male,0,0,16,Other,0
57,Private,103809,HS-grad,9,Never-married,Sales,Unmarried,White,Female,0,0,40,United-States,0
25,Private,441591,Bachelors,13,Never-married,Tech-support,Own-child,White,Male,0,0,40,United-States,0
47,State-gov,30575,Some-college,10,Married-civ-spouse,Prof-specialty,Husband,White,Male,0,0,50,United-States,0
46,Private,27669,HS-grad,9,Never-married,Other-service,Not-in-family,White,Female,0,0,28,United-States,0
56,Local-gov,242670,Some-college,10,Widowed,Adm-clerical,Unmarried,White,Female,0,0,40,United-States,0
41,Private,220132,HS-grad,9,Married-civ-spouse,Exec-managerial,Husband,White,Male,7298,0,40,United-States,1
60,Private,123992,Some-college,10,Married-civ-spouse,Craft-repair,Husband,White,Male,0,0,45,United-States,0
28,Federal-gov,183151,Assoc-acdm,12,Married-civ-spouse,Adm-clerical,Husband,White,Male,0,0,60,United-States,0
63,Federal-gov,217994,Some-college,10,Divorced,Exec-managerial,Unmarried,White,Female,0,0,40,United-States,0
44,Federal-gov,239539,Bachelors,13,Married-civ-spouse,Adm-clerical,Husband,Asian-Pac-Islander,Male,0,0,40,Philippines,1
29,Private,40083,Doctorate,16,Never-married,Prof-specialty,Not-in-family,White,Male,0,0,40,Other,0
18,Private,201901,HS-grad,9,Never-married,Handlers-cleaners,Own-child,White,Female,0,1719,15,United-States,0
52,Private,284129,Some-college,10,Married-civ-spouse,Craft-repair,Husband,White,Male,0,0,40,United-States,1
58,Private,131608,Some-college,10,Widowed,Craft-repair,Not-in-family,White,Male,0,0,40,United-States,0
45,Local-gov,238386,Some-college,10,Married-civ-spouse,Protective-serv,Husband,White,Male,0,0,40,United-States,1
28,Private,111900,Assoc-acdm,12,Married-civ-spouse,Sales,Husband,White,Male,0,0,30,United-States,0
57,Private,205708,Some-college,10,Married-civ-spouse,Craft-repair,Husband,White,Male,0,0,40,Other,0
55,Private,67450,Doctorate,16,Never-married,Prof-specialty,Not-in-family,White,Male,0,0,40,Other,0
27,Private,200500,7th-8th,4,Married-civ-spouse,Transport-moving,Husband,White,Male,0,0,45,United-States,0
30,Self-emp-inc,78530,HS-grad,9,Married-civ-spouse,Exec-managerial,Husband,White,Male,0,0,65,Other,1
34,Private,509364,HS-grad,9,Divorced,Machine-op-inspct,Not-in-family,White,Male,0,0,30,United-States,0
42,Private,250121,11th,7,Married-civ-spouse,Other-service,Wife,White,Female,0,0,40,United-States,0
51,Private,41474,10th,6,Married-civ-spouse,Other-service,Husband,White,Male,0,0,40,Mexico,0
55,Self-emp-not-inc,59469,9th,5,Married-civ-spouse,Farming-fishing,Husband,White,Male,0,0,25,United-States,0
35,Private,136343,HS-grad,9,Never-married,Sales,Not-in-family,White,Male,0,0,40,United-States,0
41,Private,154194,HS-grad,9,Never-married,Sales,Own-child,White,Female,0,0,40,United-States,0
29,Local-gov,180916,Some-college,10,Separated,Adm-clerical,Unmarried,White,Female,0,0,38,United-States,0
50,Federal-gov,20179,Masters,14,Married-civ-spouse,Tech-support,Husband,White,Male,0,0,40,United-States,1
55,Private,66356,HS-grad,9,Separated,Handlers-cleaners,Unmarried,White,Male,0,0,40,United-States,0
52,Self-emp-not-inc,242341,7th-8th,4,Married-civ-spouse,Craft-repair,Husband,Amer-Indian-Eskimo,Male,0,0,40,United-States,0
36,Private,104772,HS-grad,9,Divorced,Craft-repair,Unmarried,White,Male,0,0,48,United-States,0
29,Private,490332,Some-college,10,Married-civ-spouse,Transport-moving,Husband,White,Male,0,0,45,United-States,1
46,Private,133169,Assoc-voc,11,Married-civ-spouse,Craft-repair,Husband,White,Male,0,0,40,United-States,0
63,Private,158609,Assoc-voc,11,Widowed,Adm-clerical,Unmarried,White,Female,0,0,8,United-States,0
59,Local-gov,100776,Assoc-voc,11,Divorced,Adm-clerical,Not-in-family,White,Female,0,0,40,United-States,0
41,Private,306495,HS-grad,9,Married-civ-spouse,Farming-fishing,Husband,White,Male,0,0,40,United-States,0
51,Private,249741,Some-college,10,Married-civ-spouse,Sales,Husband,White,Male,0,0,40,United-States,0
34,Private,230246,9th,5,Separated,Craft-repair,Not-in-family,White,Male,0,0,40,Other,0
23,Private,133985,10th,6,Never-married,Craft-repair,Own-child,Black,Female,0,0,40,United-States,0
56,Federal-gov,162137,HS-grad,9,Married-civ-spouse,Transport-moving,Husband,Amer-Indian-Eskimo,Male,0,0,40,United-States,0
19,Private,57067,HS-grad,9,Never-married,Machine-op-inspct,Other-relative,White,Male,0,0,45,United-States,0
31,Private,124827,Assoc-voc,11,Married-civ-spouse,Sales,Husband,White,Male,0,0,40,United-States,1
21,State-gov,341410,Some-college,10,Never-married,Adm-clerical,Not-in-family,White,Female,0,0,15,United-States,0
34,Private,213226,Bachelors,13,Married-civ-spouse,Prof-specialty,Husband,White,Male,0,0,40,Other,1
48,Private,108993,HS-grad,9,Married-civ-spouse,Craft-repair,Husband,White,Male,0,0,45,United-States,1
38,Private,284166,Prof-school,15,Never-married,Prof-specialty,Not-in-family,White,Male,0,0,50,United-States,0
33,Private,91964,Some-college,10,Never-married,Adm-clerical,Unmarried,White,Male,0,0,40,United-States,0
37,Private,211494,HS-grad,9,Married-civ-spouse,Tech-support,Husband,White,Male,0,0,40,United-States,1
49,Private,188823,HS-grad,9,Divorced,Prof-specialty,Not-in-family,White,Male,0,0,42,United-States,0
18,Private,57413,Some-college,10,Divorced,Other-service,Own-child,White,Male,0,0,15,United-States,0
27,Local-gov,204098,HS-grad,9,Married-civ-spouse,Handlers-cleaners,Other-relative,White,Male,0,0,50,United-States,0
46,Private,189763,HS-grad,9,Divorced,Sales,Not-in-family,White,Female,0,0,30,United-States,0
32,Private,185410,HS-grad,9,Never-married,Adm-clerical,Not-in-family,White,Female,0,0,40,United-States,0
62,Private,160143,Prof-school,15,Married-civ-spouse,Prof-specialty,Husband,White,Male,0,0,30,United-States,1
30,State-gov,199539,HS-grad,9,Married-civ-spouse,Adm-clerical,Husband,White,Male,0,1902,40,United-States,0
46,Private,166003,11th,7,Married-civ-spouse,Machine-op-inspct,Husband,White,Male,0,0,40,United-States,0
43,Private,125461,Bachelors,13,Married-civ-spouse,Sales,Husband,White,Male,0,0,65,United-States,1
22,Local-gov,238831,Some-college,10,Never-married,Protective-serv,Own-child,White,Male,0,0,40,United-States,0
32,Federal-gov,566117,Some-college,10,Divorced,Adm-clerical,Unmarried,White,Female,0,0,40,United-States,0
20,Private,436253,Some-college,10,Never-married,Other-service,Own-child,White,Male,0,0,35,United-States,0
27,Self-emp-not-inc,300777,HS-grad,9,Divorced,Transport-moving,Not-in-family,White,Male,0,0,70,United-States,0
47,Private,168283,Bachelors,13,Married-civ-spouse,Prof-specialty,Husband,White,Male,0,0,40,United-States,1
24,Private,379066,Some-college,10,Never-married,Adm-clerical,Not-in-family,White,Male,0,2205,24,United-States,0
36,Private,246449,Some-college,10,Married-civ-spouse,Exec-managerial,Husband,White,Male,0,0,60,United-States,1
35,Private,115792,Bachelors,13,Married-civ-spouse,Prof-specialty,Husband,White,Male,0,0,55,United-States,0
31,Private,159322,HS-grad,9,Never-married,Handlers-cleaners,Other-relative,White,Male,0,0,40,United-States,0
34,Local-gov,255098,Bachelors,13,Divorced,Prof-specialty,Unmarried,White,Female,0,0,40,United-States,0
22,Private,24896,HS-grad,9,Divorced,Tech-support,Unmarried,White,Female,0,0,30,Other,0
81,Private,114670,9th,5,Widowed,Priv-house-serv,Not-in-family,Black,Female,2062,0,5,United-States,0
35,Private,173858,HS-grad,9,Married-spouse-absent,Craft-repair,Not-in-family,Asian-Pac-Islander,Male,0,0,40,Other,0
28,State-gov,107218,Bachelors,13,Never-married,Tech-support,Own-child,Asian-Pac-Islander,Male,0,0,20,United-States,0
17,Local-gov,182070,11th,7,Never-married,Other-service,Own-child,White,Female,0,0,16,United-States,0
48,Private,125933,Some-college,10,Widowed,Exec-managerial,Unmarried,Black,Female,0,1669,38,United-States,0
53,Private,103931,Some-college,10,Married-civ-spouse,Prof-specialty,Husband,White,Male,0,0,40,United-States,0
27,Private,193701,HS-grad,9,Never-married,Craft-repair,Own-child,White,Female,0,0,45,United-States,0
23,Private,161708,Bachelors,13,Never-married,Other-service,Own-child,White,Female,0,0,30,United-States,0
29,Private,100405,10th,6,Married-civ-spouse,Farming-fishing,Wife,Amer-Indian-Eskimo,Female,0,0,40,United-States,0
37,Private,218188,HS-grad,9,Divorced,Machine-op-inspct,Other-relative,White,Female,0,0,32,United-States,0
55,Federal-gov,270859,Bachelors,13,Married-civ-spouse,Prof-specialty,Husband,White,Male,0,0,40,United-States,1
46,Self-emp-not-inc,254291,Some-college,10,Married-civ-spouse,Sales,Husband,White,Male,0,0,60,United-States,1
61,Private,123273,Primary,3,Divorced,Transport-moving,Not-in-family,White,Male,0,1876,56,United-States,0
31,Private,265706,Bachelors,13,Never-married,Sales,Not-in-family,White,Male,0,0,40,United-States,0
48,Private,176140,11th,7,Divorced,Other-service,Unmarried,Black,Female,0,0,40,United-States,0
38,Private,266645,Masters,14,Married-civ-spouse,Exec-managerial,Husband,White,Male,0,0,60,United-States,1
40,State-gov,40024,Prof-school,15,Married-civ-spouse,Prof-specialty,Husband,White,Male,0,0,38,United-States,1
35,Private,144322,HS-grad,9,Divorced,Machine-op-inspct,Unmarried,White,Female,0,0,40,United-States,0
39,Private,278187,HS-grad,9,Married-civ-spouse,Machine-op-inspct,Husband,White,Male,0,0,40,United-States,0
61,State-gov,124971,Doctorate,16,Married-civ-spouse,Prof-specialty,Husband,White,Male,0,0,40,Other,1
24,Federal-gov,44075,Bachelors,13,Never-married,Prof-specialty,Not-in-family,Asian-Pac-Islander,Male,0,0,40,United-States,0
35,Private,356838,Some-college,10,Married-civ-spouse,Tech-support,Husband,White,Male,2829,0,55,Other,0
55,Private,153484,Masters,14,Married-civ-spouse,Exec-managerial,Husband,White,Male,0,1977,50,United-States,1
48,Federal-gov,326048,Bachelors,13,Married-civ-spouse,Prof-specialty,Husband,White,Male,0,0,44,United-States,1
60,Private,191188,HS-grad,9,Married-civ-spouse,Transport-moving,Husband,White,Male,0,0,40,United-States,0
43,Local-gov,247514,Masters,14,Divorced,Prof-specialty,Unmarried,White,Male,0,0,40,United-States,0
35,Self-emp-not-inc,216129,12th,8,Never-married,Other-service,Not-in-family,Black,Female,0,0,40,Other,0
47,Private,297884,10th,6,Widowed,Machine-op-inspct,Not-in-family,White,Male,0,0,40,United-States,0
47,Private,169324,Bachelors,13,Married-civ-spouse,Exec-managerial,Wife,Black,Female,0,0,35,United-States,1
36,Self-emp-not-inc,367020,7th-8th,4,Married-civ-spouse,Craft-repair,Husband,White,Male,0,0,35,United-States,0
34,Private,56883,Some-college,10,Never-married,Other-service,Unmarried,White,Female,0,0,40,United-States,0
26,Private,187577,Assoc-voc,11,Never-married,Sales,Not-in-family,White,Male,0,0,55,United-States,0
46,Self-emp-inc,278322,Bachelors,13,Married-civ-spouse,Sales,Husband,White,Male,0,0,45,United-States,0
38,Private,278924,Bachelors,13,Married-civ-spouse,Exec-managerial,Husband,White,Male,0,1887,50,United-States,1
49,State-gov,203039,11th,7,Married-civ-spouse,Adm-clerical,Husband,White,Male,0,0,40,United-States,0
31,Private,222130,Some-college,10,Never-married,Adm-clerical,Not-in-family,White,Female,0,0,43,United-States,0
27,Private,386036,Some-college,10,Never-married,Transport-moving,Not-in-family,White,Male,0,0,48,United-States,0
32,State-gov,159537,Assoc-acdm,12,Married-civ-spouse,Craft-repair,Husband,White,Male,0,0,40,United-States,0
56,Private,155449,Bachelors,13,Married-civ-spouse,Prof-specialty,Husband,White,Male,0,0,50,United-States,0
53,Private,197492,HS-grad,9,Divorced,Machine-op-inspct,Not-in-family,White,Female,0,0,40,United-States,0
33,Private,262439,HS-grad,9,Married-civ-spouse,Adm-clerical,Wife,White,Female,0,0,35,United-States,1
30,Private,116508,HS-grad,9,Married-civ-spouse,Craft-repair,Husband,White,Male,0,0,40,Other,0
25,Private,159732,Bachelors,13,Never-married,Prof-specialty,Not-in-family,White,Male,0,0,40,United-States,0
30,Private,179446,HS-grad,9,Separated,Adm-clerical,Unmarried,White,Female,0,0,40,United-States,0
28,Private,208965,9th,5,Never-married,Machine-op-inspct,Unmarried,Other,Male,0,0,40,Mexico,0
47,Federal-gov,55377,HS-grad,9,Never-married,Machine-op-inspct,Own-child,Black,Male,0,0,40,United-States,0
58,Private,78141,HS-grad,9,Married-civ-spouse,Craft-repair,Husband,White,Male,0,0,40,United-States,1
46,Self-emp-inc,284799,Some-college,10,Married-civ-spouse,Sales,Husband,White,Male,0,0,60,United-States,0
36,Private,203482,HS-grad,9,Married-civ-spouse,Machine-op-inspct,Husband,White,Male,0,0,40,United-States,0
37,Private,112554,HS-grad,9,Married-civ-spouse,Sales,Husband,White,Male,0,0,45,United-States,0
59,Private,208395,Masters,14,Divorced,Prof-specialty,Not-in-family,White,Male,0,0,50,United-States,0
55,Private,198385,7th-8th,4,Widowed,Other-service,Unmarried,White,Female,0,0,20,Other,0
39,Private,96452,Masters,14,Married-civ-spouse,Exec-managerial,Husband,White,Male,0,0,55,United-States,1
50,Private,170050,7th-8th,4,Married-civ-spouse,Machine-op-inspct,Husband,White,Male,0,0,40,United-States,0
35,Private,340428,Bachelors,13,Never-married,Sales,Unmarried,White,Female,0,0,40,United-States,1
59,Private,146391,Assoc-voc,11,Married-civ-spouse,Tech-support,Husband,White,Male,7298,0,40,United-States,1
69,Private,88566,9th,5,Married-civ-spouse,Other-service,Husband,White,Male,1424,0,35,United-States,0
30,Private,75755,Assoc-voc,11,Married-civ-spouse,Prof-specialty,Husband,White,Male,0,0,40,United-States,0
25,Private,40915,Bachelors,13,Never-married,Exec-managerial,Not-in-family,White,Female,0,0,40,United-States,1
26,Private,139098,Masters,14,Married-civ-spouse,Prof-specialty,Husband,White,Male,5013,0,40,United-States,0
25,Local-gov,112835,Masters,14,Never-married,Protective-serv,Not-in-family,White,Male,0,0,40,United-States,0
59,Federal-gov,115389,Some-college,10,Married-civ-spouse,Craft-repair,Husband,White,Male,0,0,36,United-States,0
29,Private,367706,Some-college,10,Never-married,Adm-clerical,Own-child,Black,Male,0,0,40,United-States,0
49,State-gov,183710,Doctorate,16,Married-civ-spouse,Exec-managerial,Husband,White,Male,0,0,50,United-States,1
57,Private,180920,10th,6,Married-civ-spouse,Craft-repair,Husband,White,Male,0,0,43,United-States,0
25,Private,251915,Bachelors,13,Never-married,Sales,Own-child,White,Female,0,0,40,United-States,0
39,Private,74163,12th,8,Divorced,Sales,Not-in-family,White,Female,0,0,40,United-States,0
34,Private,157165,Some-college,10,Divorced,Other-service,Unmarried,White,Female,0,0,40,United-States,0
42,Private,138634,HS-grad,9,Married-civ-spouse,Sales,Husband,White,Male,0,0,40,United-States,0
23,Private,373550,Assoc-voc,11,Married-civ-spouse,Craft-repair,Husband,White,Male,0,0,40,United-States,0
31,Private,119422,HS-grad,9,Married-civ-spouse,Sales,Husband,White,Male,0,0,40,United-States,0
30,Private,206051,HS-grad,9,Married-civ-spouse,Handlers-cleaners,Husband,White,Male,0,0,40,United-States,1
43,Private,102025,Masters,14,Married-civ-spouse,Prof-specialty,Husband,Other,Male,0,0,50,United-States,0
30,Private,306383,Some-college,10,Divorced,Handlers-cleaners,Not-in-family,White,Male,0,0,50,United-States,0
46,Private,271828,HS-grad,9,Married-civ-spouse,Craft-repair,Husband,White,Male,0,0,40,United-States,1
23,Private,407684,9th,5,Never-married,Machine-op-inspct,Other-relative,White,Female,0,0,40,Mexico,0
44,Self-emp-not-inc,158555,Some-college,10,Married-civ-spouse,Exec-managerial,Husband,White,Male,0,0,50,United-States,1
42,Self-emp-not-inc,37618,Some-college,10,Married-civ-spouse,Farming-fishing,Husband,White,Male,0,0,60,United-States,0
37,Federal-gov,203070,Some-college,10,Married-civ-spouse,Craft-repair,Husband,White,Male,0,0,43,United-States,0
64,State-gov,264544,Masters,14,Married-civ-spouse,Prof-specialty,Wife,White,Female,0,0,5,United-States,1
27,Private,588905,HS-grad,9,Married-civ-spouse,Craft-repair,Husband,White,Male,0,0,40,United-States,0
49,Private,115613,9th,5,Married-civ-spouse,Other-service,Husband,White,Male,0,0,40,United-States,0
38,Private,296125,HS-grad,9,Separated,Priv-house-serv,Unmarried,Black,Female,0,0,30,United-States,0
39,Private,168894,Bachelors,13,Divorced,Adm-clerical,Unmarried,White,Female,0,0,20,United-States,0
22,Private,369549,Some-college,10,Never-married,Other-service,Not-in-family,Black,Female,0,0,30,United-States,0
19,Private,202673,Some-college,10,Never-married,Handlers-cleaners,Own-child,White,Male,0,0,50,United-States,0
51,Private,237729,Some-college,10,Divorced,Adm-clerical,Unmarried,White,Female,0,0,40,United-States,0
23,Private,200973,HS-grad,9,Never-married,Adm-clerical,Not-in-family,White,Female,0,0,40,United-States,0
33,Self-emp-inc,117963,Assoc-acdm,12,Married-civ-spouse,Exec-managerial,Husband,White,Male,0,1887,60,United-States,1
52,Private,164135,HS-grad,9,Married-civ-spouse,Exec-managerial,Husband,White,Male,0,0,50,United-States,1
19,Private,52372,Some-college,10,Never-married,Other-service,Own-child,White,Male,0,0,20,United-States,0
53,Private,137428,7th-8th,4,Married-civ-spouse,Transport-moving,Husband,White,Male,0,0,60,United-States,1
30,Private,35644,HS-grad,9,Never-married,Other-service,Own-child,White,Male,0,0,10,United-States,0
46,Private,201217,HS-grad,9,Divorced,Prof-specialty,Not-in-family,White,Female,0,0,40,United-States,0
40,Private,181265,Some-college,10,Married-civ-spouse,Craft-repair,Husband,White,Male,0,0,52,United-States,0
38,Private,298841,Some-college,10,Never-married,Exec-managerial,Not-in-family,White,Female,0,0,45,United-States,0
19,Private,306467,Some-college,10,Never-married,Other-service,Own-child,White,Female,0,0,20,United-States,0
48,Private,316101,HS-grad,9,Divorced,Exec-managerial,Unmarried,White,Female,0,0,40,United-States,0
26,Federal-gov,393728,Some-college,10,Divorced,Adm-clerical,Own-child,White,Male,0,0,24,United-States,0
57,State-gov,141459,Some-college,10,Divorced,Prof-specialty,Unmarried,White,Female,0,0,40,United-States,0
53,Local-gov,549341,Bachelors,13,Married-civ-spouse,Prof-specialty,Husband,Black,Male,0,0,35,United-States,0
49,Private,82649,Bachelors,13,Married-civ-spouse,Prof-specialty,Husband,White,Male,5013,0,45,United-States,0
22,Private,73203,HS-grad,9,Never-married,Adm-clerical,Own-child,White,Female,0,0,40,United-States,0
45,Self-emp-inc,145697,Some-college,10,Married-civ-spouse,Sales,Husband,White,Male,0,0,30,United-States,0
30,Private,173005,Some-college,10,Married-civ-spouse,Tech-support,Husband,White,Male,0,0,50,United-States,1
62,Self-emp-not-inc,82388,HS-grad,9,Married-civ-spouse,Craft-repair,Husband,White,Male,10566,0,40,United-States,0
24,Private,228649,Bachelors,13,Never-married,Adm-clerical,Own-child,White,Male,0,0,38,United-States,0
29,Private,159768,HS-grad,9,Never-married,Machine-op-inspct,Not-in-family,White,Male,3325,0,40,Other,0
54,State-gov,198186,HS-grad,9,Never-married,Other-service,Not-in-family,Black,Female,0,0,38,United-States,0
64,Private,102103,HS-grad,9,Divorced,Priv-house-serv,Not-in-family,White,Female,0,0,50,United-States,0
59,Local-gov,236426,Assoc-acdm,12,Divorced,Prof-specialty,Not-in-family,White,Female,0,0,50,United-States,0
28,Private,25955,Assoc-voc,11,Divorced,Craft-repair,Not-in-family,Amer-Indian-Eskimo,Male,0,0,40,United-States,0
66,Private,340734,HS-grad,9,Married-civ-spouse,Sales,Husband,White,Male,0,0,40,United-States,0
33,Private,131776,Bachelors,13,Divorced,Prof-specialty,Unmarried,White,Female,914,0,40,Other,0
33,Private,254221,HS-grad,9,Never-married,Adm-clerical,Not-in-family,White,Female,0,0,40,United-States,0
19,Private,387215,Some-college,10,Never-married,Tech-support,Own-child,White,Male,0,1719,16,United-States,0
31,Private,45604,HS-grad,9,Married-civ-spouse,Exec-managerial,Husband,White,Male,0,0,54,United-States,0
57,Private,188330,HS-grad,9,Married-civ-spouse,Other-service,Husband,White,Male,0,0,78,United-States,0
50,Private,144968,HS-grad,9,Never-married,Tech-support,Own-child,White,Male,0,0,15,United-States,0
65,Local-gov,221026,HS-grad,9,Married-civ-spouse,Transport-moving,Husband,White,Male,0,0,20,United-States,0
56,Self-emp-not-inc,222182,HS-grad,9,Married-civ-spouse,Exec-managerial,Husband,Black,Male,0,0,45,United-States,0
23,Private,195411,HS-grad,9,Never-married,Adm-clerical,Unmarried,Black,Female,0,0,40,United-States,0
20,Self-emp-not-inc,186014,Some-college,10,Never-married,Adm-clerical,Own-child,White,Female,0,0,12,Other,0
52,Private,379682,Assoc-voc,11,Married-civ-spouse,Other-service,Wife,White,Female,0,0,20,United-States,1
21,Private,370990,Some-college,10,Never-married,Sales,Own-child,White,Male,0,0,40,United-States,0
64,Private,321166,Bachelors,13,Divorced,Sales,Not-in-family,White,Female,0,0,5,United-States,0
25,Private,171114,HS-grad,9,Never-married,Adm-clerical,Not-in-family,White,Female,0,0,48,United-States,0
18,Private,152182,Some-college,10,Never-married,Other-service,Own-child,White,Female,0,0,25,United-States,0
38,Private,96330,Assoc-voc,11,Divorced,Adm-clerical,Unmarried,Black,Female,0,0,40,United-States,0
46,Private,185041,HS-grad,9,Married-civ-spouse,Craft-repair,Husband,White,Male,0,0,75,United-States,1
36,Private,99270,HS-grad,9,Married-civ-spouse,Farming-fishing,Wife,White,Female,0,0,40,United-States,0
72,Private,38360,HS-grad,9,Widowed,Other-service,Unmarried,White,Female,0,0,16,United-States,0
64,Federal-gov,199298,7th-8th,4,Widowed,Other-service,Unmarried,White,Female,0,0,30,Other,0
49,Private,176684,Assoc-voc,11,Never-married,Exec-managerial,Unmarried,White,Female,0,0,40,United-States,0
46,Private,241844,9th,5,Married-civ-spouse,Other-service,Husband,White,Male,0,0,40,United-States,0
44,Private,111483,HS-grad,9,Never-married,Adm-clerical,Own-child,White,Male,0,1504,50,United-States,0
30,Private,65278,HS-grad,9,Married-civ-spouse,Tech-support,Husband,White,Male,0,0,40,United-States,1
65,Self-emp-not-inc,225473,Some-college,10,Widowed,Craft-repair,Not-in-family,White,Female,0,0,35,United-States,0
45,Private,449354,Some-college,10,Married-civ-spouse,Exec-managerial,Husband,White,Male,0,0,40,United-States,0
37,Private,191524,Assoc-voc,11,Separated,Prof-specialty,Own-child,White,Female,0,0,38,United-States,0
25,Private,308144,Bachelors,13,Never-married,Craft-repair,Not-in-family,White,Male,0,0,40,Mexico,0
41,Local-gov,137142,Some-college,10,Married-civ-spouse,Sales,Husband,White,Male,0,0,40,United-States,0
18,Private,80163,Some-college,10,Never-married,Sales,Own-child,White,Female,0,0,20,United-States,0
33,Private,256211,HS-grad,9,Married-civ-spouse,Machine-op-inspct,Husband,Asian-Pac-Islander,Male,0,0,40,Other,0
29,Private,52636,HS-grad,9,Married-civ-spouse,Transport-moving,Husband,White,Male,0,0,40,United-States,0
31,Self-emp-not-inc,348038,Bachelors,13,Married-civ-spouse,Prof-specialty,Husband,White,Male,0,1902,50,Other,1
39,Private,140854,HS-grad,9,Never-married,Prof-specialty,Not-in-family,White,Male,0,0,50,United-States,0
54,Private,282680,Bachelors,13,Never-married,Prof-specialty,Not-in-family,White,Female,0,0,50,United-States,0
24,Private,124971,HS-grad,9,Never-married,Sales,Not-in-family,White,Male,0,0,38,United-States,0
45,Private,123681,HS-grad,9,Married-civ-spouse,Sales,Husband,White,Male,0,0,40,United-States,1
37,State-gov,46814,Bachelors,13,Never-married,Prof-specialty,Not-in-family,White,Male,0,0,38,United-States,0
28,Private,309620,Some-college,10,Married-civ-spouse,Sales,Husband,Other,Male,0,0,60,Other,0
37,Private,234807,Bachelors,13,Divorced,Exec-managerial,Unmarried,White,Female,7430,0,45,United-States,1
43,Private,416338,Bachelors,13,Never-married,Sales,Not-in-family,White,Male,0,0,50,United-States,0
37,Local-gov,233825,Bachelors,13,Married-civ-spouse,Prof-specialty,Wife,White,Female,15024,0,50,United-States,1
27,Private,109165,Some-college,10,Married-civ-spouse,Craft-repair,Husband,White,Male,0,0,60,United-States,0
57,Local-gov,148509,Bachelors,13,Married-civ-spouse,Prof-specialty,Husband,Asian-Pac-Islander,Male,0,0,35,Other,0
43,Private,193494,10th,6,Married-civ-spouse,Adm-clerical,Husband,White,Male,0,0,40,United-States,0
27,Private,367329,Assoc-voc,11,Married-civ-spouse,Farming-fishing,Husband,White,Male,0,0,40,United-States,0
22,Private,186452,10th,6,Never-married,Craft-repair,Not-in-family,White,Male,0,0,30,United-States,0
51,Private,55507,HS-grad,9,Married-civ-spouse,Craft-repair,Husband,Black,Male,0,0,40,United-States,0
67,State-gov,423561,Some-college,10,Married-civ-spouse,Transport-moving,Husband,White,Male,0,0,40,United-States,0
47,Self-emp-not-inc,145290,HS-grad,9,Married-civ-spouse,Exec-managerial,Husband,White,Male,0,2415,50,United-States,1
25,Private,267012,Assoc-voc,11,Never-married,Sales,Not-in-family,White,Male,0,0,45,United-States,0
31,Private,379798,Some-college,10,Married-civ-spouse,Sales,Husband,White,Male,0,0,40,United-States,1
58,Private,233193,HS-grad,9,Widowed,Adm-clerical,Not-in-family,White,Female,0,0,27,United-States,0
53,Private,79324,HS-grad,9,Married-civ-spouse,Craft-repair,Husband,White,Male,0,0,40,United-States,1
42,Self-emp-not-inc,373403,HS-grad,9,Married-civ-spouse,Farming-fishing,Husband,White,Male,0,0,50,United-States,0
49,Private,110243,Bachelors,13,Married-civ-spouse,Exec-managerial,Husband,White,Male,0,0,45,United-States,1
46,Private,34377,Assoc-acdm,12,Married-civ-spouse,Craft-repair,Husband,White,Male,0,0,40,United-States,1
40,Self-emp-not-inc,209833,Some-college,10,Married-civ-spouse,Craft-repair,Husband,White,Male,0,0,60,United-States,0
59,Private,381851,9th,5,Widowed,Other-service,Unmarried,Black,Female,0,0,40,United-States,0
31,Private,73514,HS-grad,9,Never-married,Sales,Own-child,Asian-Pac-Islander,Female,0,0,40,United-States,0
53,Private,113995,Bachelors,13,Married-civ-spouse,Exec-managerial,Husband,White,Male,0,0,45,United-States,1
38,Private,111499,Some-college,10,Married-civ-spouse,Transport-moving,Husband,White,Male,7298,0,50,United-States,1
35,Private,332588,HS-grad,9,Divorced,Other-service,Unmarried,White,Female,0,0,30,United-States,0
33,Private,198003,Some-college,10,Married-civ-spouse,Craft-repair,Husband,White,Male,7298,0,50,United-States,1
62,Self-emp-not-inc,123170,Some-college,10,Married-civ-spouse,Exec-managerial,Husband,White,Male,0,0,10,United-States,0
26,Private,138152,12th,8,Never-married,Craft-repair,Other-relative,Other,Male,0,0,48,Other,0
18,Private,57957,HS-grad,9,Never-married,Sales,Own-child,White,Female,0,0,15,United-States,0
32,Federal-gov,125856,HS-grad,9,Divorced,Craft-repair,Unmarried,White,Male,0,0,40,United-States,0
34,Private,155343,HS-grad,9,Married-civ-spouse,Craft-repair,Husband,White,Male,0,1848,50,United-States,1
31,Private,260782,Some-college,10,Married-civ-spouse,Transport-moving,Husband,White,Male,0,1579,45,Other,0
23,Private,260019,7th-8th,4,Never-married,Farming-fishing,Unmarried,Other,Male,0,0,36,Mexico,0
22,Private,239806,Assoc-voc,11,Never-married,Other-service,Other-relative,White,Female,0,0,40,Mexico,0
33,Federal-gov,207172,HS-grad,9,Never-married,Exec-managerial,Not-in-family,White,Female,0,0,40,United-States,0
31,Private,340917,HS-grad,9,Never-married,Craft-repair,Unmarried,White,Male,14344,0,40,United-States,1
31,Federal-gov,206823,Bachelors,13,Divorced,Protective-serv,Not-in-family,White,Male,0,0,50,United-States,1
19,Private,278870,Some-college,10,Never-married,Handlers-cleaners,Own-child,White,Male,0,0,16,United-States,0
46,Private,263568,HS-grad,9,Married-civ-spouse,Machine-op-inspct,Husband,White,Male,0,0,40,United-States,0
36,Local-gov,180805,HS-grad,9,Never-married,Transport-moving,Not-in-family,Asian-Pac-Islander,Male,0,0,40,United-States,0
36,Private,183892,HS-grad,9,Divorced,Transport-moving,Not-in-family,White,Male,8614,0,45,United-States,1
40,Private,179717,Bachelors,13,Divorced,Sales,Not-in-family,White,Male,0,1564,60,United-States,1
27,Private,116531,Bachelors,13,Never-married,Exec-managerial,Not-in-family,White,Female,0,0,40,United-States,0
52,Private,188644,Primary,3,Married-spouse-absent,Craft-repair,Other-relative,White,Male,0,0,40,Mexico,0
36,Federal-gov,67317,HS-grad,9,Married-civ-spouse,Adm-clerical,Husband,White,Male,0,0,40,United-States,0
43,Local-gov,159449,Some-college,10,Married-civ-spouse,Protective-serv,Husband,White,Male,0,0,40,United-States,0
41,State-gov,363591,Assoc-voc,11,Married-civ-spouse,Exec-managerial,Husband,White,Male,0,0,40,United-States,0
33,Federal-gov,159548,Assoc-acdm,12,Never-married,Adm-clerical,Unmarried,Black,Female,0,0,40,United-States,0
44,Local-gov,101593,Masters,14,Never-married,Prof-specialty,Not-in-family,White,Male,0,1876,42,United-States,0
44,Local-gov,188808,Assoc-voc,11,Married-civ-spouse,Craft-repair,Husband,White,Male,0,0,40,United-States,1
18,Private,188476,11th,7,Never-married,Exec-managerial,Own-child,White,Male,0,0,20,United-States,0
47,Private,30457,Assoc-voc,11,Married-civ-spouse,Other-service,Husband,White,Male,0,0,40,United-States,0
42,Private,201732,Some-college,10,Married-civ-spouse,Sales,Husband,White,Male,0,0,40,United-States,1
31,Private,47296,Some-college,10,Married-civ-spouse,Adm-clerical,Wife,White,Female,0,1740,20,United-States,0
46,Private,117849,Some-college,10,Married-civ-spouse,Sales,Husband,White,Male,15024,0,40,United-States,1
44,Private,160785,Bachelors,13,Married-civ-spouse,Sales,Husband,White,Male,0,0,60,United-States,1
45,Self-emp-not-inc,193451,Some-college,10,Married-civ-spouse,Transport-moving,Husband,White,Male,0,0,45,United-States,0
23,Private,138892,HS-grad,9,Never-married,Machine-op-inspct,Own-child,Black,Male,0,0,40,United-States,0
19,Private,29250,Some-college,10,Never-married,Prof-specialty,Own-child,White,Male,0,0,10,United-States,0
41,Private,252058,Bachelors,13,Never-married,Adm-clerical,Not-in-family,White,Male,0,0,40,United-States,0
47,Local-gov,39986,Bachelors,13,Married-civ-spouse,Prof-specialty,Husband,White,Male,0,0,40,United-States,0
52,Private,270142,Assoc-voc,11,Separated,Exec-managerial,Unmarried,Black,Female,0,0,60,United-States,0
43,Private,222971,Primary,3,Never-married,Machine-op-inspct,Unmarried,White,Female,0,0,40,Mexico,0
26,Private,245880,HS-grad,9,Never-married,Adm-clerical,Not-in-family,White,Male,0,0,60,United-States,0
33,State-gov,79440,Masters,14,Never-married,Prof-specialty,Not-in-family,Asian-Pac-Islander,Male,0,0,30,Other,0
33,Federal-gov,129707,Some-college,10,Never-married,Exec-managerial,Not-in-family,White,Male,0,0,50,United-States,0
17,Private,121037,12th,8,Never-married,Sales,Own-child,White,Female,0,0,15,United-States,0
63,Self-emp-not-inc,147589,Bachelors,13,Married-civ-spouse,Sales,Husband,White,Male,0,0,30,United-States,1
55,Private,84774,HS-grad,9,Married-civ-spouse,Priv-house-serv,Wife,White,Female,0,0,30,United-States,0
42,Private,178134,Some-college,10,Divorced,Adm-clerical,Not-in-family,White,Female,0,0,30,United-States,0
40,Private,165309,Some-college,10,Married-civ-spouse,Transport-moving,Husband,White,Male,0,0,43,United-States,0
35,Private,170797,Bachelors,13,Divorced,Other-service,Not-in-family,White,Female,0,0,40,United-States,0
24,State-gov,165201,Some-college,10,Married-civ-spouse,Adm-clerical,Wife,White,Female,0,0,45,United-States,0
47,State-gov,80914,Masters,14,Married-civ-spouse,Exec-managerial,Husband,White,Male,0,0,47,United-States,1
39,Private,225544,Masters,14,Married-civ-spouse,Transport-moving,Husband,White,Male,0,0,40,Other,0
20,Private,116791,HS-grad,9,Never-married,Machine-op-inspct,Other-relative,White,Female,0,0,40,United-States,0
58,Private,204021,HS-grad,9,Never-married,Transport-moving,Own-child,White,Male,0,0,40,Other,0
47,Private,190139,Masters,14,Married-civ-spouse,Exec-managerial,Husband,White,Male,0,0,40,United-States,1
29,Private,207064,HS-grad,9,Married-civ-spouse,Craft-repair,Husband,White,Male,0,0,40,United-States,1
21,Private,206861,Some-college,10,Never-married,Sales,Own-child,White,Male,0,0,20,Other,0
27,Self-emp-inc,64379,HS-grad,9,Married-civ-spouse,Craft-repair,Husband,White,Male,0,1740,40,United-States,0
24,Private,349691,Some-college,10,Never-married,Sales,Other-relative,Black,Female,0,0,40,United-States,0
34,Self-emp-not-inc,174463,Assoc-voc,11,Never-married,Farming-fishing,Not-in-family,White,Male,0,0,50,United-States,0
44,Private,266135,Bachelors,13,Married-civ-spouse,Prof-specialty,Husband,White,Male,0,0,50,United-States,1
51,Private,193720,Bachelors,13,Married-civ-spouse,Exec-managerial,Husband,White,Male,0,0,45,United-States,1
24,Private,157332,Some-college,10,Never-married,Machine-op-inspct,Own-child,White,Female,0,0,42,United-States,0
28,Private,94880,Some-college,10,Never-married,Craft-repair,Not-in-family,White,Male,0,0,43,Mexico,0
23,Self-emp-not-inc,191283,HS-grad,9,Never-married,Transport-moving,Own-child,White,Male,0,0,40,United-States,0
35,Private,113322,Assoc-voc,11,Married-civ-spouse,Sales,Husband,White,Male,0,0,40,United-States,0
23,Self-emp-inc,284651,Bachelors,13,Divorced,Sales,Not-in-family,White,Female,0,0,43,United-States,0
29,Self-emp-not-inc,141185,Some-college,10,Married-civ-spouse,Farming-fishing,Husband,White,Male,0,0,55,United-States,0
49,Private,155489,Bachelors,13,Married-civ-spouse,Craft-repair,Husband,White,Male,0,0,40,United-States,0
52,Private,145548,Assoc-acdm,12,Married-civ-spouse,Protective-serv,Husband,White,Male,0,0,40,United-States,1
28,Private,230743,Assoc-acdm,12,Divorced,Adm-clerical,Not-in-family,White,Female,0,0,40,United-States,0
26,Private,108542,HS-grad,9,Never-married,Craft-repair,Own-child,White,Male,0,0,35,United-States,0
33,Private,163392,HS-grad,9,Married-civ-spouse,Prof-specialty,Husband,Amer-Indian-Eskimo,Male,0,0,48,United-States,1
28,Self-emp-not-inc,160786,HS-grad,9,Never-married,Craft-repair,Own-child,White,Male,0,0,40,United-States,0
49,Local-gov,145290,Primary,3,Married-civ-spouse,Other-service,Husband,White,Male,0,0,40,United-States,0
61,Private,173924,9th,5,Divorced,Handlers-cleaners,Not-in-family,White,Male,0,0,40,Other,1
29,State-gov,188986,Assoc-voc,11,Never-married,Tech-support,Not-in-family,White,Female,0,1590,64,United-States,0
45,Private,26781,HS-grad,9,Married-civ-spouse,Farming-fishing,Husband,Amer-Indian-Eskimo,Male,0,0,40,United-States,0
63,Self-emp-not-inc,271550,Some-college,10,Married-civ-spouse,Farming-fishing,Husband,White,Male,0,0,20,United-States,0
39,Private,316211,Bachelors,13,Never-married,Prof-specialty,Not-in-family,White,Male,0,0,40,United-States,1
33,Private,214635,HS-grad,9,Married-civ-spouse,Exec-managerial,Husband,Black,Male,0,0,50,United-States,0
35,Private,101709,HS-grad,9,Never-married,Transport-moving,Own-child,Asian-Pac-Islander,Male,0,0,60,United-States,0
34,Private,209808,Some-college,10,Married-civ-spouse,Adm-clerical,Husband,White,Male,0,0,40,United-States,1
49,Private,227800,7th-8th,4,Married-civ-spouse,Prof-specialty,Husband,White,Male,0,0,32,United-States,0
25,Private,272428,HS-grad,9,Never-married,Sales,Not-in-family,White,Male,4416,0,42,United-States,0
33,Local-gov,198183,Bachelors,13,Never-married,Prof-specialty,Not-in-family,White,Female,0,0,50,United-States,1
21,State-gov,140764,Some-college,10,Never-married,Adm-clerical,Own-child,White,Female,0,0,12,United-States,0
54,Local-gov,186884,Some-college,10,Married-civ-spouse,Transport-moving,Husband,Black,Male,0,0,30,United-States,0
51,Local-gov,277024,HS-grad,9,Separated,Protective-serv,Not-in-family,Black,Male,0,0,40,United-States,0
58,Private,127264,10th,6,Married-civ-spouse,Craft-repair,Husband,White,Male,0,0,50,United-States,0
57,Self-emp-inc,257200,Some-college,10,Married-civ-spouse,Exec-managerial,Husband,White,Male,0,0,40,United-States,1
30,Private,303867,HS-grad,9,Separated,Transport-moving,Not-in-family,White,Male,0,0,44,United-States,0
58,Self-emp-not-inc,54566,Some-college,10,Married-civ-spouse,Farming-fishing,Husband,White,Male,0,0,35,United-States,0
57,Self-emp-inc,159028,Prof-school,15,Married-civ-spouse,Prof-specialty,Husband,White,Male,99999,0,60,United-States,1
30,Private,149184,Bachelors,13,Married-civ-spouse,Exec-managerial,Husband,White,Male,0,0,45,United-States,1
36,Private,176101,Some-college,10,Never-married,Craft-repair,Own-child,White,Male,2174,0,60,United-States,0
40,Private,115161,HS-grad,9,Married-civ-spouse,Transport-moving,Husband,White,Male,0,0,30,United-States,0
34,Private,249948,Some-college,10,Divorced,Other-service,Not-in-family,White,Female,0,0,34,United-States,0
60,Private,167670,Bachelors,13,Married-civ-spouse,Prof-specialty,Husband,White,Male,0,0,35,United-States,0
60,Private,81578,9th,5,Married-civ-spouse,Sales,Husband,White,Male,0,0,40,United-States,0
44,Private,182616,Assoc-voc,11,Married-civ-spouse,Tech-support,Husband,White,Male,0,0,40,United-States,1
39,Self-emp-not-inc,109766,Prof-school,15,Married-civ-spouse,Prof-specialty,Husband,White,Male,15024,0,50,United-States,1
30,Self-emp-not-inc,188798,HS-grad,9,Divorced,Other-service,Unmarried,White,Female,0,0,40,United-States,0
31,Private,459465,Some-college,10,Never-married,Craft-repair,Not-in-family,White,Male,0,0,50,United-States,0
22,Private,349368,HS-grad,9,Never-married,Adm-clerical,Other-relative,White,Female,0,0,40,United-States,0
21,Private,286824,Some-college,10,Never-married,Handlers-cleaners,Own-child,White,Male,0,0,12,United-States,0
32,Private,373263,HS-grad,9,Married-civ-spouse,Exec-managerial,Wife,White,Female,0,0,40,United-States,0
30,Private,174704,11th,7,Married-civ-spouse,Machine-op-inspct,Husband,Black,Male,0,0,40,United-States,0
41,Private,202168,Some-college,10,Married-civ-spouse,Exec-managerial,Husband,White,Male,0,0,60,United-States,1
47,Private,176140,HS-grad,9,Divorced,Exec-managerial,Unmarried,Black,Female,0,0,40,United-States,1
50,Private,69345,Assoc-voc,11,Married-civ-spouse,Transport-moving,Husband,White,Male,3103,0,55,United-States,1
20,Private,165804,Some-college,10,Never-married,Adm-clerical,Own-child,Other,Female,0,0,40,United-States,0
46,Private,318259,Assoc-voc,11,Divorced,Tech-support,Other-relative,White,Female,0,0,36,United-States,0
37,Private,170718,HS-grad,9,Married-civ-spouse,Exec-managerial,Husband,White,Male,0,0,40,United-States,0
34,Private,195860,HS-grad,9,Married-civ-spouse,Craft-repair,Husband,White,Male,0,0,40,United-States,0
21,Private,176356,Assoc-acdm,12,Never-married,Adm-clerical,Own-child,White,Female,0,0,20,United-States,0
43,Private,361280,10th,6,Married-civ-spouse,Craft-repair,Husband,Asian-Pac-Islander,Male,0,0,42,Other,0
51,Private,163052,HS-grad,9,Married-civ-spouse,Protective-serv,Husband,White,Male,0,0,40,United-States,1
27,Private,132191,HS-grad,9,Never-married,Craft-repair,Not-in-family,White,Male,0,0,40,United-States,0
24,Private,220426,HS-grad,9,Never-married,Handlers-cleaners,Not-in-family,White,Male,0,0,40,United-States,0
54,Private,115912,Some-college,10,Married-civ-spouse,Craft-repair,Husband,White,Male,0,0,40,United-States,0
46,Private,192360,Bachelors,13,Married-civ-spouse,Exec-managerial,Husband,White,Male,0,0,35,United-States,1
19,Private,391329,Some-college,10,Never-married,Adm-clerical,Not-in-family,White,Female,0,0,30,United-States,0
20,Private,482732,10th,6,Never-married,Machine-op-inspct,Not-in-family,White,Male,0,0,40,United-States,0
34,State-gov,190290,Bachelors,13,Married-civ-spouse,Prof-specialty,Husband,White,Male,0,0,38,United-States,1
41,Self-emp-not-inc,120539,Some-college,10,Married-civ-spouse,Machine-op-inspct,Husband,White,Male,3103,0,40,United-States,1
32,State-gov,304212,HS-grad,9,Never-married,Exec-managerial,Not-in-family,White,Male,0,0,50,United-States,0
32,Private,211028,Some-college,10,Never-married,Adm-clerical,Not-in-family,White,Female,0,0,40,United-States,0
30,Local-gov,346122,Assoc-acdm,12,Married-civ-spouse,Protective-serv,Husband,White,Male,5013,0,45,United-States,0
55,Self-emp-not-inc,124975,HS-grad,9,Divorced,Craft-repair,Unmarried,White,Male,27828,0,55,United-States,1
39,Private,186183,HS-grad,9,Married-civ-spouse,Craft-repair,Husband,White,Male,0,0,40,United-States,1
42,Private,110028,HS-grad,9,Married-civ-spouse,Craft-repair,Husband,White,Male,0,0,40,United-States,0
56,Self-emp-not-inc,258752,Bachelors,13,Married-civ-spouse,Exec-managerial,Husband,White,Male,0,0,60,United-States,0
24,Private,186221,11th,7,Divorced,Sales,Unmarried,White,Female,0,0,35,United-States,0
59,Private,359292,Primary,2,Married-civ-spouse,Machine-op-inspct,Husband,White,Male,0,0,40,Mexico,0
42,Self-emp-not-inc,323790,Bachelors,13,Married-civ-spouse,Exec-managerial,Husband,White,Male,0,1977,70,United-States,1
37,Private,385452,10th,6,Divorced,Craft-repair,Unmarried,White,Female,0,0,40,United-States,0
43,Private,162003,Some-college,10,Divorced,Machine-op-inspct,Not-in-family,White,Male,0,0,40,United-States,0
55,Self-emp-not-inc,158315,HS-grad,9,Married-civ-spouse,Sales,Husband,White,Male,0,0,50,United-States,1
41,Private,286970,Bachelors,13,Married-civ-spouse,Adm-clerical,Husband,White,Male,0,0,40,United-States,0
61,Private,149981,HS-grad,9,Married-civ-spouse,Adm-clerical,Wife,White,Female,2414,0,5,United-States,0
42,Private,125461,Bachelors,13,Never-married,Sales,Unmarried,White,Male,0,0,40,United-States,0
40,Private,103789,Assoc-acdm,12,Divorced,Adm-clerical,Unmarried,Black,Female,0,0,32,United-States,0
59,Private,50223,HS-grad,9,Married-civ-spouse,Craft-repair,Husband,White,Male,0,0,40,United-States,0
57,Private,210496,10th,6,Widowed,Other-service,Unmarried,White,Female,0,0,40,United-States,0
37,Private,168475,HS-grad,9,Married-civ-spouse,Exec-managerial,Husband,White,Male,0,0,40,United-States,1
41,Private,82049,HS-grad,9,Married-civ-spouse,Craft-repair,Husband,White,Male,0,0,40,United-States,1
31,Private,206541,Some-college,10,Married-civ-spouse,Adm-clerical,Husband,White,Male,0,0,40,United-States,0
31,Private,87054,HS-grad,9,Married-civ-spouse,Craft-repair,Husband,White,Male,0,0,50,United-States,0
56,Private,435022,Some-college,10,Divorced,Other-service,Not-in-family,White,Female,0,0,50,United-States,0
40,Private,224232,Bachelors,13,Married-civ-spouse,Sales,Husband,White,Male,0,0,40,United-States,1
50,Private,178530,Prof-school,15,Married-civ-spouse,Prof-specialty,Husband,White,Male,0,0,60,United-States,1
17,Private,198146,11th,7,Never-married,Sales,Own-child,White,Female,0,0,15,United-States,0
37,Self-emp-not-inc,415847,Bachelors,13,Married-civ-spouse,Prof-specialty,Husband,White,Male,0,0,40,United-States,1
54,Self-emp-not-inc,163815,Masters,14,Divorced,Sales,Not-in-family,White,Male,0,0,60,United-States,0
90,Self-emp-not-inc,155981,Bachelors,13,Married-civ-spouse,Prof-specialty,Husband,White,Male,10566,0,50,United-States,0
55,Self-emp-not-inc,189933,7th-8th,4,Married-civ-spouse,Farming-fishing,Husband,White,Male,0,0,50,United-States,0
23,Private,216867,Some-college,10,Never-married,Craft-repair,Own-child,White,Male,0,0,37,Mexico,0
23,Private,178818,HS-grad,9,Never-married,Adm-clerical,Not-in-family,White,Female,0,0,40,United-States,0
41,Private,187336,HS-grad,9,Separated,Adm-clerical,Unmarried,White,Female,0,0,40,United-States,0
55,Private,234327,Some-college,10,Married-civ-spouse,Craft-repair,Husband,White,Male,0,0,40,United-States,0
52,Local-gov,305053,HS-grad,9,Married-civ-spouse,Craft-repair,Husband,White,Male,0,2051,40,United-States,0
39,Private,65027,Some-college,10,Married-civ-spouse,Transport-moving,Husband,White,Male,0,0,43,United-States,0
18,Private,302859,HS-grad,9,Never-married,Sales,Own-child,White,Male,0,0,20,United-States,0
30,Private,177596,Some-college,10,Never-married,Other-service,Unmarried,White,Female,0,0,36,United-States,0
43,Private,102180,Masters,14,Married-civ-spouse,Prof-specialty,Husband,White,Male,0,0,40,United-States,1
30,Self-emp-not-inc,229741,HS-grad,9,Married-civ-spouse,Craft-repair,Husband,White,Male,0,0,40,United-States,0
48,Private,102112,Assoc-acdm,12,Married-civ-spouse,Prof-specialty,Husband,White,Male,0,0,50,United-States,1
24,Private,211527,Bachelors,13,Never-married,Adm-clerical,Not-in-family,White,Male,0,0,30,United-States,0
42,Private,183096,Some-college,10,Divorced,Exec-managerial,Own-child,White,Female,0,0,40,United-States,0
29,Private,301031,HS-grad,9,Married-civ-spouse,Transport-moving,Husband,Black,Male,0,0,40,United-States,0
30,Private,74966,Assoc-voc,11,Married-civ-spouse,Adm-clerical,Wife,White,Female,0,0,24,United-States,0
45,Local-gov,148222,HS-grad,9,Never-married,Adm-clerical,Not-in-family,Black,Female,0,0,40,United-States,0
35,Private,38948,Some-college,10,Married-civ-spouse,Prof-specialty,Husband,White,Male,0,0,40,United-States,1
18,Private,32244,11th,7,Never-married,Handlers-cleaners,Own-child,White,Male,594,0,30,United-States,0
20,Self-emp-inc,95997,HS-grad,9,Never-married,Farming-fishing,Own-child,White,Male,0,0,70,United-States,0
54,Private,199307,Some-college,10,Divorced,Craft-repair,Unmarried,White,Female,0,0,48,United-States,0
40,Private,205175,HS-grad,9,Widowed,Machine-op-inspct,Unmarried,Black,Female,0,0,37,United-States,0
37,State-gov,191779,Some-college,10,Married-civ-spouse,Craft-repair,Husband,White,Male,0,0,40,United-States,0
46,Private,169699,HS-grad,9,Married-civ-spouse,Craft-repair,Husband,White,Male,0,0,40,United-States,0
34,Private,204470,Masters,14,Married-civ-spouse,Exec-managerial,Husband,White,Male,0,0,50,United-States,1
38,Private,175360,10th,6,Never-married,Prof-specialty,Not-in-family,White,Male,0,2559,90,United-States,1
39,Private,49308,Bachelors,13,Divorced,Prof-specialty,Not-in-family,White,Male,0,0,40,United-States,0
26,Private,192262,Bachelors,13,Never-married,Sales,Own-child,White,Male,0,0,45,United-States,0
28,Private,114967,Bachelors,13,Married-civ-spouse,Prof-specialty,Husband,White,Male,0,0,40,United-States,1
34,Private,325658,HS-grad,9,Married-civ-spouse,Transport-moving,Husband,White,Male,0,0,40,United-States,0
23,State-gov,156423,Bachelors,13,Never-married,Prof-specialty,Own-child,White,Female,0,0,20,United-States,0
33,Private,91811,HS-grad,9,Separated,Transport-moving,Not-in-family,White,Male,0,0,40,United-States,0
49,Private,144844,HS-grad,9,Married-civ-spouse,Transport-moving,Husband,White,Male,0,0,52,United-States,1
40,Self-emp-not-inc,117721,HS-grad,9,Married-civ-spouse,Farming-fishing,Husband,White,Male,0,0,60,United-States,0
28,Self-emp-not-inc,123983,Some-college,10,Married-civ-spouse,Sales,Own-child,Asian-Pac-Islander,Male,0,0,63,Other,0
26,Private,165510,Bachelors,13,Never-married,Farming-fishing,Own-child,White,Male,0,0,40,United-States,0
42,Self-emp-inc,119281,Bachelors,13,Married-civ-spouse,Exec-managerial,Husband,White,Male,0,0,60,United-States,1
41,Local-gov,359259,HS-grad,9,Married-civ-spouse,Other-service,Husband,White,Male,0,0,40,United-States,0
44,Private,111275,HS-grad,9,Never-married,Other-service,Unmarried,Black,Female,0,0,38,United-States,0
38,Private,314310,Masters,14,Married-civ-spouse,Prof-specialty,Husband,White,Male,0,0,45,United-States,0
34,Private,177675,Bachelors,13,Married-civ-spouse,Tech-support,Husband,White,Male,0,0,40,United-States,1
43,Private,183096,Some-college,10,Separated,Sales,Unmarried,White,Female,0,0,10,United-States,0
20,Private,227554,Some-college,10,Married-spouse-absent,Sales,Own-child,Black,Female,0,0,18,United-States,0
57,Private,182677,Bachelors,13,Married-civ-spouse,Exec-managerial,Husband,Asian-Pac-Islander,Male,4508,0,40,Other,0
19,Private,131615,HS-grad,9,Never-married,Machine-op-inspct,Own-child,White,Male,0,0,40,United-States,0
52,State-gov,338816,Masters,14,Never-married,Adm-clerical,Not-in-family,White,Male,0,0,70,United-States,1
34,Private,506858,Assoc-voc,11,Married-civ-spouse,Craft-repair,Husband,White,Male,0,0,32,United-States,1
29,Private,177413,HS-grad,9,Married-civ-spouse,Machine-op-inspct,Husband,White,Male,0,0,40,United-States,1
51,Federal-gov,306784,HS-grad,9,Married-civ-spouse,Craft-repair,Husband,White,Male,4386,0,40,United-States,1
31,State-gov,181824,Bachelors,13,Married-civ-spouse,Prof-specialty,Wife,White,Female,0,1902,35,United-States,1
46,Self-emp-inc,214627,Doctorate,16,Married-civ-spouse,Prof-specialty,Husband,White,Male,0,0,60,United-States,1
22,Private,361138,HS-grad,9,Never-married,Handlers-cleaners,Other-relative,White,Male,0,0,50,United-States,0
48,Private,205424,Bachelors,13,Divorced,Sales,Unmarried,White,Male,0,0,40,United-States,1
31,Private,595000,HS-grad,9,Never-married,Handlers-cleaners,Other-relative,Black,Female,0,0,35,United-States,0
20,Private,221661,HS-grad,9,Married-civ-spouse,Adm-clerical,Wife,White,Female,0,0,40,Mexico,0
63,Private,273010,HS-grad,9,Married-civ-spouse,Adm-clerical,Wife,White,Female,3471,0,40,United-States,0
44,Private,104196,Masters,14,Married-civ-spouse,Prof-specialty,Husband,White,Male,0,0,45,United-States,1
34,Private,238912,HS-grad,9,Married-civ-spouse,Exec-managerial,Husband,White,Male,0,0,40,United-States,0
55,Private,308373,Some-college,10,Married-civ-spouse,Exec-managerial,Wife,White,Female,0,0,40,United-States,1
35,Private,125933,Bachelors,13,Married-civ-spouse,Sales,Husband,White,Male,0,0,60,United-States,1
23,State-gov,186634,12th,8,Never-married,Exec-managerial,Not-in-family,White,Male,0,0,40,United-States,0
25,Private,254746,Bachelors,13,Married-civ-spouse,Prof-specialty,Wife,White,Female,0,0,40,United-States,0
52,Private,158746,HS-grad,9,Never-married,Other-service,Unmarried,White,Male,0,0,40,United-States,0
63,Private,161563,HS-grad,9,Married-civ-spouse,Craft-repair,Husband,White,Male,0,0,48,United-States,0
48,Local-gov,246392,Assoc-acdm,12,Separated,Adm-clerical,Not-in-family,Black,Female,0,0,40,United-States,0
32,Private,128016,HS-grad,9,Married-spouse-absent,Other-service,Unmarried,White,Female,0,0,20,United-States,0
73,Self-emp-not-inc,143833,12th,8,Married-civ-spouse,Farming-fishing,Husband,White,Male,0,0,18,United-States,0
17,Private,365613,10th,6,Never-married,Other-service,Own-child,White,Male,0,0,10,Other,0
41,Federal-gov,564135,Masters,14,Married-civ-spouse,Exec-managerial,Husband,White,Male,0,0,40,United-States,1
35,Private,200426,Assoc-voc,11,Married-spouse-absent,Prof-specialty,Unmarried,White,Female,0,0,44,United-States,0
42,Private,132222,Bachelors,13,Never-married,Sales,Own-child,White,Male,0,0,60,United-States,0
46,Local-gov,327886,Assoc-acdm,12,Married-civ-spouse,Adm-clerical,Husband,White,Male,0,0,40,United-States,0
46,Self-emp-not-inc,110015,7th-8th,4,Married-civ-spouse,Exec-managerial,Husband,White,Male,0,0,75,Other,0
27,Private,188189,Some-college,10,Never-married,Tech-support,Not-in-family,White,Female,0,0,30,United-States,0
47,Federal-gov,282830,Assoc-acdm,12,Married-civ-spouse,Adm-clerical,Husband,Black,Male,0,0,40,United-States,1
31,Private,118161,HS-grad,9,Married-civ-spouse,Other-service,Husband,White,Male,0,0,40,United-States,0
25,Private,91709,Assoc-acdm,12,Never-married,Tech-support,Not-in-family,White,Female,0,0,45,United-States,0
36,Private,168276,10th,6,Divorced,Other-service,Not-in-family,White,Female,0,0,40,United-States,0
33,Private,227282,HS-grad,9,Married-civ-spouse,Transport-moving,Husband,White,Male,0,0,60,United-States,0
58,Local-gov,217775,HS-grad,9,Married-civ-spouse,Exec-managerial,Husband,White,Male,7298,0,40,United-States,1
45,Local-gov,55377,Bachelors,13,Married-civ-spouse,Prof-specialty,Husband,Black,Male,0,0,40,United-States,0
27,Private,151382,7th-8th,4,Divorced,Machine-op-inspct,Unmarried,White,Male,0,974,40,United-States,0
31,Private,159737,10th,6,Never-married,Adm-clerical,Unmarried,Black,Female,0,0,40,United-States,0
45,Private,281565,HS-grad,9,Widowed,Other-service,Other-relative,Asian-Pac-Islander,Female,0,0,50,Other,0
31,Federal-gov,139455,Bachelors,13,Never-married,Exec-managerial,Own-child,White,Female,0,0,40,Other,0
46,Private,185673,HS-grad,9,Divorced,Transport-moving,Not-in-family,White,Male,0,0,40,United-States,0
55,Self-emp-inc,227856,Bachelors,13,Married-civ-spouse,Exec-managerial,Husband,White,Male,0,2415,50,United-States,1
19,Private,183041,HS-grad,9,Never-married,Other-service,Own-child,White,Male,0,0,20,United-States,0
45,Private,112305,Some-college,10,Divorced,Other-service,Unmarried,Black,Female,0,0,40,United-States,0
46,Private,182128,Masters,14,Divorced,Prof-specialty,Unmarried,White,Female,6497,0,50,United-States,0
19,Private,229745,HS-grad,9,Never-married,Farming-fishing,Own-child,White,Male,0,0,20,United-States,0
25,Self-emp-not-inc,108001,9th,5,Never-married,Craft-repair,Not-in-family,White,Male,0,0,15,United-States,0
29,Private,165360,Assoc-voc,11,Never-married,Adm-clerical,Not-in-family,White,Female,0,0,40,United-States,0
20,Private,209955,Some-college,10,Never-married,Other-service,Own-child,White,Male,0,0,25,United-States,0
23,Private,200207,HS-grad,9,Divorced,Handlers-cleaners,Own-child,White,Male,0,0,44,United-States,0
20,Private,317443,Some-college,10,Never-married,Adm-clerical,Own-child,Black,Female,0,0,15,United-States,0
24,Private,100321,Bachelors,13,Married-civ-spouse,Prof-specialty,Husband,White,Male,0,0,45,United-States,0
48,Private,20296,HS-grad,9,Divorced,Adm-clerical,Not-in-family,White,Female,0,0,37,United-States,1
40,Self-emp-not-inc,238574,Prof-school,15,Married-civ-spouse,Prof-specialty,Husband,White,Male,0,0,55,United-States,1
33,Private,345360,Some-college,10,Never-married,Sales,Not-in-family,White,Male,0,0,40,United-States,0
27,Private,220754,Doctorate,16,Never-married,Adm-clerical,Own-child,White,Female,0,0,40,United-States,0
41,Private,173370,Bachelors,13,Separated,Sales,Unmarried,White,Female,0,0,30,United-States,0
48,Private,166929,Bachelors,13,Married-civ-spouse,Adm-clerical,Husband,White,Male,0,0,45,Other,1
35,State-gov,98776,HS-grad,9,Never-married,Tech-support,Own-child,White,Male,0,0,40,United-States,0
40,Private,135056,HS-grad,9,Never-married,Adm-clerical,Not-in-family,White,Female,0,0,45,United-States,0
38,Private,204556,HS-grad,9,Divorced,Craft-repair,Not-in-family,Black,Male,0,0,40,United-States,0
41,Private,227890,Some-college,10,Divorced,Craft-repair,Not-in-family,White,Male,0,0,46,United-States,1
53,Private,141388,HS-grad,9,Married-civ-spouse,Transport-moving,Husband,White,Male,0,0,40,United-States,1
21,Private,174714,Assoc-acdm,12,Never-married,Adm-clerical,Own-child,White,Male,0,0,35,United-States,0
21,Self-emp-not-inc,318865,Some-college,10,Never-married,Other-service,Own-child,White,Male,0,0,30,United-States,0
46,Private,324601,Primary,2,Separated,Machine-op-inspct,Own-child,White,Female,0,0,40,Other,0
58,Private,175127,HS-grad,9,Married-civ-spouse,Machine-op-inspct,Husband,White,Male,0,0,40,United-States,0
33,Private,132832,HS-grad,9,Never-married,Adm-clerical,Not-in-family,White,Female,0,0,50,United-States,0
27,Private,423250,Some-college,10,Married-civ-spouse,Exec-managerial,Husband,White,Male,0,0,60,United-States,0
41,Private,82319,12th,8,Married-civ-spouse,Other-service,Wife,White,Female,0,0,10,United-States,0
49,Federal-gov,110373,Some-college,10,Married-civ-spouse,Tech-support,Husband,White,Male,0,0,40,United-States,1
25,Private,298225,Some-college,10,Married-civ-spouse,Transport-moving,Husband,White,Male,0,0,35,United-States,0
47,Self-emp-not-inc,213668,Prof-school,15,Married-civ-spouse,Prof-specialty,Husband,White,Male,0,1977,50,United-States,1
36,Private,128382,Some-college,10,Never-married,Machine-op-inspct,Unmarried,White,Male,0,0,45,United-States,0
24,Self-emp-inc,493034,HS-grad,9,Never-married,Other-service,Not-in-family,Black,Male,13550,0,50,United-States,1
55,Self-emp-not-inc,183810,Masters,14,Married-civ-spouse,Prof-specialty,Husband,White,Male,0,0,55,United-States,1
47,Self-emp-inc,332355,Masters,14,Married-civ-spouse,Exec-managerial,Husband,White,Male,15024,0,50,United-States,1
23,Private,102729,Some-college,10,Never-married,Sales,Own-child,White,Female,0,0,15,United-States,0
18,Private,135924,HS-grad,9,Never-married,Adm-clerical,Own-child,White,Male,0,0,20,United-States,0
56,Private,219426,10th,6,Never-married,Handlers-cleaners,Not-in-family,White,Male,0,0,40,United-States,0
37,Local-gov,328301,Bachelors,13,Divorced,Prof-specialty,Not-in-family,White,Female,0,0,36,United-States,0
36,Private,199739,HS-grad,9,Married-civ-spouse,Transport-moving,Husband,White,Male,7298,0,60,United-States,1
47,Private,123207,HS-grad,9,Married-civ-spouse,Adm-clerical,Wife,White,Female,0,0,20,United-States,1
31,Private,185528,Some-college,10,Divorced,Sales,Own-child,White,Female,0,0,35,United-States,0
70,Self-emp-not-inc,150886,Some-college,10,Married-civ-spouse,Craft-repair,Husband,White,Male,0,0,25,United-States,0
18,Private,120544,9th,5,Never-married,Other-service,Own-child,Black,Male,0,0,15,United-States,0
66,Self-emp-not-inc,291362,Prof-school,15,Married-civ-spouse,Prof-specialty,Husband,White,Male,0,0,50,United-States,0
29,Self-emp-not-inc,337505,Some-college,10,Married-civ-spouse,Craft-repair,Husband,Asian-Pac-Islander,Male,0,0,40,Other,0
29,Private,209934,Primary,3,Married-civ-spouse,Other-service,Husband,White,Male,0,0,40,Mexico,0
46,Private,172695,11th,7,Widowed,Other-service,Not-in-family,White,Female,0,0,27,Other,0
25,Private,104439,Some-college,10,Never-married,Adm-clerical,Not-in-family,White,Female,0,0,50,United-States,0
27,Private,56870,HS-grad,9,Married-civ-spouse,Machine-op-inspct,Husband,White,Male,0,0,40,United-States,0
24,Private,33088,11th,7,Never-married,Handlers-cleaners,Not-in-family,White,Male,0,0,40,United-States,0
29,Private,177651,Some-college,10,Never-married,Exec-managerial,Not-in-family,White,Male,0,0,45,United-States,0
22,Private,141698,10th,6,Never-married,Craft-repair,Unmarried,White,Male,0,0,40,United-States,0
63,Private,118798,HS-grad,9,Married-civ-spouse,Craft-repair,Husband,White,Male,99999,0,40,United-States,1
28,Private,175262,Some-college,10,Married-civ-spouse,Handlers-cleaners,Husband,Black,Male,0,0,40,Mexico,0
18,Private,115630,11th,7,Never-married,Adm-clerical,Own-child,Black,Male,0,0,20,United-States,0
40,Private,248406,Some-college,10,Divorced,Machine-op-inspct,Own-child,White,Male,0,0,32,United-States,0
35,Private,54317,HS-grad,9,Married-civ-spouse,Farming-fishing,Husband,White,Male,0,1672,50,United-States,0
30,Private,446358,HS-grad,9,Never-married,Adm-clerical,Unmarried,White,Male,0,0,41,United-States,0
27,Private,130067,Some-college,10,Never-married,Exec-managerial,Not-in-family,White,Female,0,0,65,United-States,0
33,Local-gov,83671,Bachelors,13,Never-married,Prof-specialty,Not-in-family,Black,Female,0,0,50,United-States,0
19,Private,91928,Some-college,10,Never-married,Other-service,Other-relative,White,Female,0,0,35,United-States,0
31,Self-emp-inc,455995,Some-college,10,Never-married,Exec-managerial,Not-in-family,White,Male,0,0,65,United-States,1
17,Private,221129,9th,5,Married-civ-spouse,Other-service,Husband,White,Male,0,0,40,United-States,0
29,Private,265638,Some-college,10,Never-married,Other-service,Unmarried,Black,Female,0,0,40,United-States,0
18,Private,183315,11th,7,Never-married,Sales,Own-child,Black,Female,0,0,10,United-States,0
40,Private,310101,Some-college,10,Separated,Sales,Not-in-family,Amer-Indian-Eskimo,Female,0,0,40,United-States,0
45,Self-emp-not-inc,91044,Masters,14,Divorced,Prof-specialty,Not-in-family,White,Female,0,0,15,United-States,0
30,Self-emp-inc,109282,Bachelors,13,Married-civ-spouse,Sales,Husband,White,Male,0,0,52,United-States,1
29,Private,202182,Some-college,10,Married-civ-spouse,Craft-repair,Husband,White,Male,0,0,50,United-States,0
37,Self-emp-inc,39089,Some-college,10,Married-civ-spouse,Exec-managerial,Husband,White,Male,3103,0,50,United-States,1
69,State-gov,34339,HS-grad,9,Married-civ-spouse,Protective-serv,Husband,White,Male,0,0,40,United-States,0
28,Private,50814,HS-grad,9,Never-married,Adm-clerical,Not-in-family,White,Female,0,0,40,United-States,0
19,Private,374262,12th,8,Never-married,Handlers-cleaners,Own-child,White,Male,0,0,20,United-States,0
34,Private,340458,12th,8,Never-married,Adm-clerical,Unmarried,White,Female,0,0,40,United-States,0
28,Private,82531,Some-college,10,Never-married,Other-service,Not-in-family,Black,Male,0,0,40,United-States,0
33,Private,198660,HS-grad,9,Married-civ-spouse,Machine-op-inspct,Husband,White,Male,99999,0,56,United-States,1
41,Private,163258,Bachelors,13,Never-married,Tech-support,Not-in-family,White,Male,0,0,40,United-States,0
50,Private,159650,Some-college,10,Married-civ-spouse,Tech-support,Husband,White,Male,0,0,60,United-States,1
53,Local-gov,188644,Primary,3,Married-civ-spouse,Other-service,Husband,White,Male,0,0,40,Mexico,0
36,Self-emp-not-inc,280169,Some-college,10,Married-civ-spouse,Farming-fishing,Husband,White,Male,3456,0,8,United-States,0
26,Self-emp-not-inc,281678,Assoc-voc,11,Married-civ-spouse,Farming-fishing,Husband,White,Male,0,0,55,United-States,0
47,Self-emp-not-inc,243631,Bachelors,13,Married-civ-spouse,Prof-specialty,Husband,Asian-Pac-Islander,Male,0,0,40,Other,0
53,Self-emp-not-inc,192982,HS-grad,9,Married-civ-spouse,Farming-fishing,Husband,White,Male,0,0,85,United-States,0
70,Private,220589,Some-college,10,Widowed,Exec-managerial,Not-in-family,White,Female,0,0,12,United-States,0
23,Private,189203,HS-grad,9,Never-married,Sales,Not-in-family,White,Male,0,0,40,United-States,0
68,Self-emp-not-inc,116903,Assoc-voc,11,Married-civ-spouse,Prof-specialty,Husband,White,Male,0,2149,40,United-States,0
57,Private,140426,Primary,2,Married-spouse-absent,Other-service,Not-in-family,White,Male,0,0,35,Other,0
26,Self-emp-not-inc,202560,Some-college,10,Never-married,Prof-specialty,Own-child,White,Female,0,0,35,United-States,0
53,State-gov,153486,Some-college,10,Married-civ-spouse,Farming-fishing,Husband,White,Male,0,0,50,United-States,0
24,Private,112854,Some-college,10,Never-married,Tech-support,Not-in-family,White,Female,0,0,16,United-States,0
30,Private,61272,9th,5,Married-civ-spouse,Machine-op-inspct,Wife,White,Female,0,0,40,Other,0
28,Private,142764,HS-grad,9,Never-married,Machine-op-inspct,Not-in-family,White,Male,0,0,48,United-States,0
40,Private,144067,Assoc-voc,11,Married-civ-spouse,Craft-repair,Husband,White,Male,0,0,40,United-States,0
40,Self-emp-not-inc,403550,Some-college,10,Married-civ-spouse,Craft-repair,Husband,White,Male,0,0,50,United-States,0
33,Private,156192,Masters,14,Married-civ-spouse,Prof-specialty,Husband,White,Male,0,0,45,United-States,1
33,Private,180551,Some-college,10,Separated,Adm-clerical,Unmarried,White,Female,0,0,40,United-States,0
60,Self-emp-not-inc,52900,HS-grad,9,Married-civ-spouse,Craft-repair,Husband,White,Male,0,0,42,United-States,1
29,Private,93662,Some-college,10,Divorced,Prof-specialty,Unmarried,White,Female,0,0,24,United-States,0
46,Self-emp-inc,182655,Assoc-voc,11,Married-civ-spouse,Exec-managerial,Husband,White,Male,0,0,60,United-States,1
42,Private,132481,Assoc-acdm,12,Divorced,Prof-specialty,Not-in-family,White,Female,0,0,24,United-States,0
30,Private,220939,Assoc-voc,11,Divorced,Exec-managerial,Not-in-family,White,Male,0,0,40,United-States,0
34,Private,183473,HS-grad,9,Divorced,Transport-moving,Own-child,White,Female,0,0,40,United-States,0
34,Private,248795,HS-grad,9,Never-married,Machine-op-inspct,Not-in-family,White,Female,0,0,45,United-States,0
30,Private,110239,10th,6,Married-civ-spouse,Transport-moving,Husband,White,Male,0,0,55,United-States,0
39,Private,224531,HS-grad,9,Married-civ-spouse,Craft-repair,Husband,White,Male,7298,0,40,United-States,1
43,Private,242488,Some-college,10,Married-civ-spouse,Adm-clerical,Husband,White,Male,5013,0,40,United-States,0
38,Private,201328,Bachelors,13,Married-civ-spouse,Prof-specialty,Husband,White,Male,0,0,50,United-States,1
26,Private,102264,Some-college,10,Never-married,Craft-repair,Not-in-family,White,Male,0,0,40,United-States,0
56,Private,208415,HS-grad,9,Divorced,Exec-managerial,Not-in-family,Black,Male,0,0,40,Other,0
20,Private,190429,Some-college,10,Never-married,Other-service,Not-in-family,White,Female,0,0,40,United-States,0
48,State-gov,122086,HS-grad,9,Married-civ-spouse,Protective-serv,Husband,White,Male,0,0,40,United-States,0
62,Private,113080,7th-8th,4,Divorced,Craft-repair,Own-child,White,Male,0,0,40,United-States,0
32,Private,121634,10th,6,Never-married,Machine-op-inspct,Own-child,White,Male,0,0,40,Mexico,0
45,Self-emp-not-inc,225456,Bachelors,13,Married-civ-spouse,Exec-managerial,Husband,White,Male,0,0,50,United-States,1
48,Private,273828,Primary,3,Never-married,Handlers-cleaners,Not-in-family,White,Male,0,0,40,Mexico,0
28,Private,218887,HS-grad,9,Never-married,Farming-fishing,Unmarried,White,Female,0,0,35,United-States,0
43,Private,209149,HS-grad,9,Divorced,Other-service,Not-in-family,White,Female,0,0,35,United-States,0
26,Private,84619,Bachelors,13,Married-civ-spouse,Craft-repair,Husband,White,Male,0,0,40,United-States,1
36,Private,447346,HS-grad,9,Married-civ-spouse,Sales,Husband,White,Male,0,0,50,United-States,1
46,Private,504725,Primary,3,Separated,Handlers-cleaners,Not-in-family,White,Male,0,0,50,Mexico,0
42,Self-emp-not-inc,170721,HS-grad,9,Married-civ-spouse,Craft-repair,Husband,White,Male,0,2002,40,United-States,0
50,Federal-gov,183611,Some-college,10,Never-married,Adm-clerical,Not-in-family,White,Male,0,0,40,United-States,0
35,Private,115215,Some-college,10,Never-married,Transport-moving,Own-child,White,Male,0,0,45,United-States,0
21,Private,109869,HS-grad,9,Never-married,Craft-repair,Own-child,White,Male,0,0,30,United-States,0
33,Private,209101,HS-grad,9,Never-married,Adm-clerical,Not-in-family,White,Male,0,0,40,United-States,0
46,Local-gov,192323,Some-college,10,Married-civ-spouse,Protective-serv,Husband,White,Male,0,0,38,United-States,1
45,Local-gov,203322,Some-college,10,Divorced,Adm-clerical,Not-in-family,White,Female,0,0,38,United-States,0
46,State-gov,312015,HS-grad,9,Never-married,Other-service,Not-in-family,Black,Female,0,0,40,United-States,0
17,Private,114420,11th,7,Never-married,Sales,Own-child,White,Female,0,0,30,United-States,0
35,Private,100375,10th,6,Divorced,Craft-repair,Not-in-family,White,Male,0,0,60,United-States,0
41,Self-emp-not-inc,83411,HS-grad,9,Married-civ-spouse,Exec-managerial,Husband,White,Male,0,0,40,United-States,1
45,Private,81132,Some-college,10,Married-civ-spouse,Craft-repair,Other-relative,Asian-Pac-Islander,Male,0,0,40,Philippines,0
37,Private,155064,Assoc-voc,11,Divorced,Prof-specialty,Unmarried,White,Female,0,0,40,United-States,0
49,Private,196571,Bachelors,13,Married-civ-spouse,Sales,Husband,White,Male,0,0,45,United-States,1
35,Federal-gov,245372,HS-grad,9,Never-married,Adm-clerical,Not-in-family,White,Male,0,0,40,United-States,0
63,Private,264968,Bachelors,13,Never-married,Adm-clerical,Not-in-family,White,Male,0,0,40,United-States,0
30,Private,156025,HS-grad,9,Divorced,Exec-managerial,Unmarried,White,Female,0,0,40,United-States,0
39,Private,202937,Some-college,10,Divorced,Tech-support,Not-in-family,White,Female,0,0,40,Other,0
47,Self-emp-not-inc,159869,Doctorate,16,Married-civ-spouse,Craft-repair,Husband,White,Male,0,0,50,United-States,0
27,Private,302406,Some-college,10,Married-civ-spouse,Sales,Husband,White,Male,0,0,40,United-States,1
29,Private,229729,HS-grad,9,Never-married,Transport-moving,Not-in-family,White,Male,0,0,40,United-States,0
69,Private,512992,11th,7,Married-civ-spouse,Prof-specialty,Husband,Black,Male,0,0,45,United-States,0
32,Private,112176,Some-college,10,Divorced,Sales,Own-child,White,Male,0,0,30,United-States,0
35,Private,139012,Bachelors,13,Married-civ-spouse,Other-service,Husband,Asian-Pac-Islander,Male,0,0,40,Other,0
59,Self-emp-not-inc,32537,HS-grad,9,Married-civ-spouse,Farming-fishing,Husband,White,Male,0,0,40,United-States,1
53,Private,200190,Assoc-acdm,12,Married-civ-spouse,Sales,Husband,White,Male,0,0,80,United-States,1
40,Local-gov,33155,HS-grad,9,Never-married,Other-service,Own-child,White,Male,0,0,40,United-States,0
62,Local-gov,407669,7th-8th,4,Widowed,Other-service,Not-in-family,Black,Female,0,0,35,United-States,0
19,State-gov,431745,11th,7,Never-married,Other-service,Own-child,White,Male,0,0,30,United-States,0
21,Private,115895,Some-college,10,Never-married,Sales,Own-child,White,Female,0,0,20,United-States,0
37,Private,69481,HS-grad,9,Divorced,Machine-op-inspct,Not-in-family,White,Male,0,0,40,United-States,0
21,Private,73679,Some-college,10,Never-married,Exec-managerial,Own-child,White,Female,0,0,40,United-States,0
41,Self-emp-not-inc,113324,Assoc-voc,11,Married-civ-spouse,Farming-fishing,Husband,White,Male,0,0,70,United-States,1
34,Private,98656,Some-college,10,Never-married,Prof-specialty,Not-in-family,White,Female,0,0,40,United-States,0
55,Private,113912,Assoc-voc,11,Married-civ-spouse,Prof-specialty,Wife,White,Female,0,0,20,United-States,0
47,State-gov,120429,Doctorate,16,Married-civ-spouse,Prof-specialty,Husband,White,Male,15024,0,50,United-States,1
56,State-gov,671292,HS-grad,9,Married-civ-spouse,Transport-moving,Husband,White,Male,0,0,38,United-States,1
46,Private,174426,Some-college,10,Married-civ-spouse,Machine-op-inspct,Husband,White,Male,0,0,40,United-States,0
46,State-gov,192779,Assoc-acdm,12,Divorced,Adm-clerical,Unmarried,White,Male,0,2258,38,United-States,1
41,Self-emp-inc,253060,Bachelors,13,Married-civ-spouse,Sales,Husband,White,Male,7688,0,45,United-States,1
27,Local-gov,124680,Masters,14,Never-married,Prof-specialty,Not-in-family,White,Female,0,0,40,United-States,0
55,Self-emp-inc,67433,HS-grad,9,Married-civ-spouse,Exec-managerial,Husband,White,Male,0,0,60,United-States,0
48,Private,162816,Assoc-acdm,12,Married-civ-spouse,Transport-moving,Husband,White,Male,0,0,45,United-States,0
44,Private,171484,10th,6,Married-civ-spouse,Machine-op-inspct,Husband,White,Male,0,0,40,United-States,1
39,Private,120130,Some-college,10,Separated,Machine-op-inspct,Own-child,White,Male,0,0,40,United-States,0
32,State-gov,203849,7th-8th,4,Married-civ-spouse,Handlers-cleaners,Husband,White,Male,0,0,19,United-States,0
41,Private,156566,Bachelors,13,Married-civ-spouse,Exec-managerial,Husband,White,Male,4386,0,50,United-States,1
23,Local-gov,144165,Bachelors,13,Never-married,Prof-specialty,Own-child,Amer-Indian-Eskimo,Male,0,0,30,United-States,0
35,State-gov,150488,Bachelors,13,Never-married,Prof-specialty,Not-in-family,White,Female,0,0,40,United-States,0
53,State-gov,118793,HS-grad,9,Married-civ-spouse,Protective-serv,Husband,White,Male,0,0,40,United-States,0
31,Private,22201,HS-grad,9,Married-civ-spouse,Adm-clerical,Husband,Amer-Indian-Eskimo,Male,0,0,40,United-States,1
47,Private,181652,HS-grad,9,Married-civ-spouse,Machine-op-inspct,Wife,White,Female,0,0,40,United-States,0
29,Private,190350,12th,8,Never-married,Other-service,Unmarried,Black,Female,0,0,35,Other,0
53,Federal-gov,205288,HS-grad,9,Married-civ-spouse,Adm-clerical,Wife,White,Female,7688,0,35,United-States,1
36,Private,154835,HS-grad,9,Separated,Adm-clerical,Own-child,Asian-Pac-Islander,Female,0,0,40,Philippines,0
34,Private,97723,Bachelors,13,Married-civ-spouse,Prof-specialty,Husband,White,Male,0,0,40,United-States,1
61,Self-emp-not-inc,115882,Primary,2,Married-civ-spouse,Craft-repair,Husband,White,Male,0,0,20,United-States,0
21,Private,182823,Bachelors,13,Never-married,Sales,Own-child,White,Male,0,0,30,United-States,0
22,Private,148431,HS-grad,9,Never-married,Adm-clerical,Not-in-family,Other,Female,0,0,40,United-States,0
37,Private,66686,HS-grad,9,Married-civ-spouse,Transport-moving,Husband,White,Male,0,0,40,United-States,1
30,Self-emp-not-inc,250499,Some-college,10,Married-civ-spouse,Adm-clerical,Wife,White,Female,0,0,55,United-States,1
20,Private,189148,HS-grad,9,Married-civ-spouse,Handlers-cleaners,Husband,White,Male,0,0,48,United-States,0
51,Self-emp-not-inc,311569,HS-grad,9,Divorced,Sales,Not-in-family,White,Male,0,0,40,United-States,0
25,Private,187653,HS-grad,9,Never-married,Handlers-cleaners,Not-in-family,White,Male,0,0,48,United-States,0
37,Private,248445,HS-grad,9,Divorced,Handlers-cleaners,Other-relative,White,Male,0,0,40,Other,0
43,Private,152629,HS-grad,9,Married-civ-spouse,Craft-repair,Husband,White,Male,0,0,40,United-States,1
41,Private,233130,Some-college,10,Married-civ-spouse,Craft-repair,Husband,White,Male,0,0,40,United-States,1
30,Private,255486,HS-grad,9,Married-civ-spouse,Other-service,Husband,Black,Male,0,0,25,United-States,0
28,Private,37933,HS-grad,9,Never-married,Other-service,Not-in-family,Black,Female,0,0,48,United-States,0
34,Self-emp-not-inc,179673,Prof-school,15,Married-civ-spouse,Prof-specialty,Husband,White,Male,7688,0,60,United-States,1
46,State-gov,248895,Bachelors,13,Married-civ-spouse,Exec-managerial,Husband,White,Male,0,0,40,United-States,1
32,Private,200323,Prof-school,15,Never-married,Prof-specialty,Not-in-family,White,Male,0,0,60,United-States,0
54,Private,39493,Assoc-voc,11,Married-civ-spouse,Transport-moving,Husband,White,Male,0,0,20,United-States,0
23,Private,433669,Assoc-acdm,12,Never-married,Adm-clerical,Not-in-family,White,Male,0,0,40,United-States,0
33,Private,165814,HS-grad,9,Married-civ-spouse,Other-service,Husband,Black,Male,0,0,40,United-States,0
37,Private,108913,HS-grad,9,Never-married,Other-service,Not-in-family,White,Male,0,0,40,United-States,0
31,Private,157078,10th,6,Never-married,Adm-clerical,Unmarried,White,Female,0,0,40,United-States,0
25,Private,234263,Bachelors,13,Never-married,Sales,Not-in-family,White,Male,0,0,40,United-States,0
24,Private,262570,HS-grad,9,Never-married,Machine-op-inspct,Not-in-family,White,Male,0,0,40,United-States,0
38,Private,278924,Bachelors,13,Never-married,Farming-fishing,Not-in-family,White,Male,0,0,40,United-States,0
27,State-gov,176727,Bachelors,13,Never-married,Prof-specialty,Not-in-family,White,Male,0,0,40,United-States,0
49,Private,99179,Bachelors,13,Never-married,Prof-specialty,Not-in-family,White,Female,0,0,40,United-States,0
19,State-gov,354104,Some-college,10,Never-married,Prof-specialty,Own-child,White,Male,0,0,10,United-States,0
23,Private,218782,10th,6,Never-married,Handlers-cleaners,Other-relative,Other,Male,0,0,40,United-States,0
52,Private,416059,Bachelors,13,Married-civ-spouse,Prof-specialty,Husband,Black,Male,0,0,40,United-States,1
57,Private,303986,Primary,3,Never-married,Other-service,Not-in-family,White,Male,0,0,40,Other,0
35,Private,126569,Some-college,10,Married-civ-spouse,Sales,Husband,White,Male,4064,0,40,United-States,0
25,Private,131463,Bachelors,13,Married-civ-spouse,Prof-specialty,Husband,White,Male,0,0,40,United-States,0
20,Private,91939,HS-grad,9,Never-married,Adm-clerical,Not-in-family,Black,Female,0,1721,30,United-States,0
36,Private,111545,HS-grad,9,Married-civ-spouse,Craft-repair,Husband,White,Male,0,0,70,United-States,0
51,Local-gov,176751,Bachelors,13,Married-civ-spouse,Prof-specialty,Husband,White,Male,0,1902,40,United-States,1
26,Private,284078,Some-college,10,Never-married,Adm-clerical,Not-in-family,White,Male,0,0,40,United-States,0
30,Private,87054,HS-grad,9,Married-civ-spouse,Craft-repair,Husband,White,Male,0,0,50,United-States,0
28,Private,181659,HS-grad,9,Married-civ-spouse,Machine-op-inspct,Husband,White,Male,0,0,40,United-States,0
39,State-gov,99156,Doctorate,16,Married-civ-spouse,Prof-specialty,Husband,White,Male,0,0,50,United-States,1
35,Private,150217,Bachelors,13,Married-civ-spouse,Other-service,Wife,White,Female,0,0,24,Other,0
42,Private,152568,HS-grad,9,Widowed,Sales,Unmarried,Amer-Indian-Eskimo,Female,0,0,40,United-States,0
41,Private,182108,Masters,14,Never-married,Prof-specialty,Not-in-family,White,Female,27828,0,35,United-States,1
34,Private,224358,10th,6,Never-married,Other-service,Unmarried,Black,Female,0,0,40,United-States,0
39,Federal-gov,175232,Some-college,10,Married-civ-spouse,Handlers-cleaners,Husband,White,Male,0,1977,60,United-States,1
22,Private,151105,Some-college,10,Never-married,Sales,Other-relative,White,Female,0,0,18,United-States,0
58,Federal-gov,175873,Some-college,10,Married-civ-spouse,Adm-clerical,Husband,White,Male,0,0,40,United-States,1
35,Self-emp-not-inc,111095,HS-grad,9,Married-civ-spouse,Exec-managerial,Husband,White,Male,0,0,50,United-States,0
29,Private,147340,Some-college,10,Never-married,Sales,Own-child,White,Female,0,0,40,United-States,0
32,Private,188246,HS-grad,9,Divorced,Craft-repair,Own-child,White,Male,0,0,40,United-States,0
31,Local-gov,295589,Some-college,10,Never-married,Adm-clerical,Own-child,Black,Male,0,0,40,United-States,0
22,Private,216867,7th-8th,4,Married-civ-spouse,Machine-op-inspct,Husband,White,Male,0,0,40,Mexico,0
19,Private,302945,Some-college,10,Never-married,Adm-clerical,Own-child,White,Male,0,0,10,Other,0
36,Private,137527,Bachelors,13,Never-married,Adm-clerical,Not-in-family,White,Female,0,0,50,United-States,0
58,Private,281792,Bachelors,13,Married-civ-spouse,Prof-specialty,Husband,White,Male,0,0,40,United-States,1
40,Private,224799,Bachelors,13,Married-civ-spouse,Prof-specialty,Husband,White,Male,0,0,45,United-States,0
64,Private,292639,Some-college,10,Married-civ-spouse,Exec-managerial,Wife,White,Female,10566,0,35,United-States,0
60,Private,135470,Primary,3,Married-civ-spouse,Craft-repair,Husband,White,Male,0,0,40,Mexico,0
42,Private,281209,Some-college,10,Married-civ-spouse,Transport-moving,Husband,White,Male,0,0,50,United-States,0
31,Private,210008,HS-grad,9,Never-married,Sales,Own-child,White,Female,0,0,40,United-States,0
50,Local-gov,30008,Bachelors,13,Married-civ-spouse,Prof-specialty,Husband,White,Male,0,0,45,United-States,1
60,Local-gov,98350,Some-college,10,Married-civ-spouse,Other-service,Husband,Asian-Pac-Islander,Male,0,0,60,Philippines,0
33,Private,206051,HS-grad,9,Married-civ-spouse,Craft-repair,Husband,White,Male,0,0,40,United-States,0
58,Private,417419,7th-8th,4,Divorced,Machine-op-inspct,Own-child,White,Male,0,0,40,United-States,0
32,Private,42485,HS-grad,9,Divorced,Craft-repair,Unmarried,White,Male,0,0,40,United-States,0
27,Private,152683,HS-grad,9,Married-civ-spouse,Transport-moving,Husband,White,Male,3908,0,35,United-States,0
45,Private,179428,Some-college,10,Married-civ-spouse,Transport-moving,Husband,White,Male,0,0,55,United-States,0
36,Private,301614,HS-grad,9,Married-civ-spouse,Craft-repair,Husband,White,Male,0,0,40,United-States,0
49,State-gov,354529,Some-college,10,Never-married,Adm-clerical,Not-in-family,White,Female,0,0,40,United-States,0
26,Private,189590,Some-college,10,Never-married,Adm-clerical,Not-in-family,White,Male,0,0,30,United-States,0
47,Private,303637,HS-grad,9,Married-civ-spouse,Exec-managerial,Husband,White,Male,0,0,49,United-States,1
32,Self-emp-not-inc,56328,Bachelors,13,Married-civ-spouse,Prof-specialty,Wife,White,Female,0,0,8,United-States,1
37,Private,161111,Bachelors,13,Never-married,Sales,Not-in-family,White,Female,0,0,40,United-States,0
62,Self-emp-not-inc,204085,Some-college,10,Married-civ-spouse,Sales,Husband,White,Male,0,0,25,United-States,0
52,Private,246936,11th,7,Married-civ-spouse,Other-service,Husband,White,Male,0,0,40,United-States,0
25,Private,92093,Bachelors,13,Married-civ-spouse,Exec-managerial,Husband,White,Male,0,0,20,United-States,0
49,Private,218676,Some-college,10,Married-civ-spouse,Machine-op-inspct,Husband,White,Male,0,0,43,United-States,0
29,Private,349154,10th,6,Separated,Farming-fishing,Unmarried,White,Female,0,0,40,Other,0
46,Self-emp-inc,110702,Some-college,10,Divorced,Exec-managerial,Unmarried,White,Female,2036,0,60,United-States,0
27,Local-gov,200492,Bachelors,13,Never-married,Prof-specialty,Own-child,White,Female,0,0,40,United-States,0
40,Private,140559,HS-grad,9,Widowed,Other-service,Unmarried,White,Female,0,0,25,United-States,0
33,Private,143582,HS-grad,9,Separated,Other-service,Unmarried,Asian-Pac-Islander,Female,0,0,48,Other,0
39,Local-gov,98587,Some-college,10,Divorced,Prof-specialty,Own-child,White,Female,0,0,45,United-States,0
47,Federal-gov,53498,HS-grad,9,Divorced,Other-service,Unmarried,Black,Female,0,0,40,United-States,0
37,Private,277022,HS-grad,9,Never-married,Handlers-cleaners,Unmarried,White,Female,3887,0,40,Other,0
41,State-gov,109762,Masters,14,Never-married,Prof-specialty,Not-in-family,White,Male,0,0,40,United-States,0
46,Federal-gov,119890,Assoc-voc,11,Separated,Tech-support,Not-in-family,Other,Female,0,0,30,United-States,0
24,Private,126568,Bachelors,13,Married-civ-spouse,Other-service,Husband,White,Male,0,0,33,United-States,0
26,Private,275703,Some-college,10,Married-civ-spouse,Sales,Husband,White,Male,0,0,40,United-States,0
58,Self-emp-not-inc,195835,Some-college,10,Divorced,Craft-repair,Not-in-family,White,Male,0,0,45,United-States,0
19,Private,232368,Some-college,10,Never-married,Other-service,Own-child,White,Female,0,0,35,United-States,0
29,Private,394927,Assoc-voc,11,Married-civ-spouse,Other-service,Husband,White,Male,0,0,40,Other,0
42,Private,154374,Bachelors,13,Married-civ-spouse,Exec-managerial,Husband,White,Male,0,2415,60,United-States,1
24,Private,53942,Bachelors,13,Married-civ-spouse,Machine-op-inspct,Husband,White,Male,0,0,40,United-States,0
57,Private,361324,10th,6,Married-civ-spouse,Craft-repair,Husband,White,Male,0,0,40,United-States,0
33,Private,276221,Doctorate,16,Married-civ-spouse,Prof-specialty,Husband,White,Male,0,0,40,United-States,0
62,Private,118696,HS-grad,9,Married-civ-spouse,Craft-repair,Husband,White,Male,0,0,40,United-States,0
19,Private,304643,Some-college,10,Never-married,Sales,Own-child,White,Male,0,0,20,United-States,0
29,Private,128509,HS-grad,9,Married-spouse-absent,Machine-op-inspct,Not-in-family,White,Female,0,0,38,Other,0
40,Private,210013,HS-grad,9,Married-civ-spouse,Transport-moving,Husband,White,Male,0,0,50,United-States,0
64,Local-gov,202738,HS-grad,9,Married-civ-spouse,Adm-clerical,Wife,White,Female,0,0,35,United-States,0
70,Self-emp-not-inc,155141,Bachelors,13,Married-civ-spouse,Craft-repair,Husband,White,Male,0,2377,12,United-States,1
37,Private,203828,9th,5,Married-civ-spouse,Transport-moving,Husband,White,Male,0,0,65,United-States,0
27,Private,200802,Some-college,10,Never-married,Tech-support,Not-in-family,White,Female,0,0,40,United-States,0
27,Private,156266,HS-grad,9,Never-married,Sales,Own-child,Amer-Indian-Eskimo,Male,0,0,20,United-States,0
52,Self-emp-not-inc,72257,Some-college,10,Married-civ-spouse,Sales,Husband,White,Male,0,0,50,United-States,0
26,State-gov,272986,Assoc-acdm,12,Never-married,Adm-clerical,Own-child,Black,Female,0,0,8,United-States,0
43,Local-gov,269733,HS-grad,9,Separated,Other-service,Not-in-family,White,Male,0,0,40,United-States,0
36,Private,179468,HS-grad,9,Divorced,Craft-repair,Not-in-family,White,Male,0,0,40,United-States,0
48,Private,102938,Bachelors,13,Never-married,Other-service,Unmarried,Asian-Pac-Islander,Female,0,0,40,Other,0
24,Private,359828,Bachelors,13,Married-civ-spouse,Prof-specialty,Husband,White,Male,0,0,44,United-States,1
62,Private,159908,Some-college,10,Married-civ-spouse,Adm-clerical,Wife,White,Female,0,0,38,United-States,1
64,Private,265661,HS-grad,9,Married-civ-spouse,Transport-moving,Husband,White,Male,0,0,40,United-States,0
31,Private,381153,Some-college,10,Never-married,Exec-managerial,Unmarried,White,Male,0,0,60,United-States,0
49,Federal-gov,105586,Assoc-voc,11,Married-civ-spouse,Craft-repair,Husband,Asian-Pac-Islander,Male,0,0,40,United-States,1
52,Federal-gov,279337,HS-grad,9,Married-civ-spouse,Adm-clerical,Husband,White,Male,0,0,40,United-States,0
51,Local-gov,117496,Masters,14,Married-civ-spouse,Prof-specialty,Wife,White,Female,0,0,40,United-States,1
18,Private,374969,10th,6,Never-married,Transport-moving,Not-in-family,White,Male,0,0,56,United-States,0
29,Private,197932,HS-grad,9,Married-civ-spouse,Handlers-cleaners,Wife,White,Female,0,0,40,Mexico,1
40,Private,168071,HS-grad,9,Never-married,Craft-repair,Own-child,White,Male,0,0,28,United-States,0
53,Private,145409,HS-grad,9,Married-civ-spouse,Machine-op-inspct,Husband,White,Male,0,0,40,United-States,1
53,Private,117814,Some-college,10,Divorced,Adm-clerical,Unmarried,White,Female,0,0,38,United-States,0
50,Self-emp-inc,176751,Masters,14,Divorced,Exec-managerial,Not-in-family,White,Male,0,0,80,United-States,1
38,Private,450924,12th,8,Married-civ-spouse,Other-service,Husband,White,Male,3942,0,40,United-States,0
76,Private,93125,HS-grad,9,Married-civ-spouse,Sales,Husband,White,Male,1424,0,24,United-States,0
21,Private,187513,Assoc-voc,11,Never-married,Craft-repair,Unmarried,White,Male,0,0,40,United-States,0
49,Private,151584,Some-college,10,Married-civ-spouse,Craft-repair,Husband,White,Male,0,0,40,United-States,1
25,Private,29599,Some-college,10,Married-civ-spouse,Transport-moving,Husband,White,Male,0,0,38,United-States,0
23,Private,175424,Some-college,10,Never-married,Adm-clerical,Own-child,Black,Female,0,0,40,United-States,0
40,Self-emp-inc,99185,Bachelors,13,Married-civ-spouse,Prof-specialty,Husband,White,Male,0,0,60,United-States,0
47,Private,332727,Bachelors,13,Married-civ-spouse,Prof-specialty,Husband,White,Male,0,0,60,United-States,1
26,Private,102460,Some-college,10,Married-civ-spouse,Adm-clerical,Husband,White,Male,0,0,40,United-States,0
47,Local-gov,287320,Masters,14,Never-married,Prof-specialty,Not-in-family,White,Male,0,0,40,United-States,0
44,Private,195545,HS-grad,9,Divorced,Machine-op-inspct,Own-child,Black,Female,0,0,40,United-States,0
49,Self-emp-inc,213354,Masters,14,Separated,Exec-managerial,Not-in-family,White,Male,0,0,70,United-States,1
49,Private,181717,Assoc-voc,11,Separated,Prof-specialty,Own-child,White,Female,0,0,36,United-States,0
22,Private,184813,Some-college,10,Never-married,Adm-clerical,Own-child,White,Male,0,0,40,United-States,0
20,Private,56322,Some-college,10,Never-married,Other-service,Own-child,White,Male,2176,0,25,United-States,0
50,Local-gov,97449,Some-college,10,Married-civ-spouse,Protective-serv,Husband,White,Male,0,0,48,United-States,0
46,Federal-gov,190729,Some-college,10,Married-civ-spouse,Other-service,Husband,White,Male,0,0,40,United-States,0
42,Self-emp-not-inc,170649,Some-college,10,Married-civ-spouse,Farming-fishing,Husband,White,Male,0,0,60,United-States,0
28,Self-emp-not-inc,115945,Some-college,10,Never-married,Prof-specialty,Unmarried,White,Male,0,0,40,United-States,0
48,Private,401333,HS-grad,9,Divorced,Sales,Not-in-family,White,Male,0,0,40,United-States,0
30,Private,349148,Bachelors,13,Never-married,Prof-specialty,Not-in-family,White,Male,0,0,70,United-States,0
52,Private,49243,HS-grad,9,Married-civ-spouse,Machine-op-inspct,Husband,White,Male,0,0,40,United-States,0
29,Private,184596,11th,7,Married-civ-spouse,Craft-repair,Husband,White,Male,3942,0,50,United-States,0
47,Private,74305,Bachelors,13,Divorced,Craft-repair,Not-in-family,White,Male,0,0,40,United-States,0
26,Private,252406,HS-grad,9,Separated,Adm-clerical,Unmarried,White,Female,0,0,40,United-States,0
23,Private,96585,HS-grad,9,Never-married,Handlers-cleaners,Not-in-family,White,Male,0,0,30,United-States,0
20,Private,320047,10th,6,Married-spouse-absent,Handlers-cleaners,Not-in-family,White,Male,0,0,40,United-States,0
37,Private,242713,12th,8,Separated,Priv-house-serv,Unmarried,Black,Female,0,0,40,United-States,0
21,Private,177265,Assoc-acdm,12,Never-married,Other-service,Own-child,White,Female,0,0,30,United-States,0
40,Private,316820,7th-8th,4,Married-civ-spouse,Sales,Husband,White,Male,4064,0,40,United-States,0
59,Private,453067,Some-college,10,Married-civ-spouse,Prof-specialty,Husband,White,Male,0,0,36,United-States,1
51,Federal-gov,27166,HS-grad,9,Married-civ-spouse,Tech-support,Husband,White,Male,0,0,40,United-States,0
29,Private,183627,HS-grad,9,Married-civ-spouse,Machine-op-inspct,Husband,White,Male,3137,0,48,Other,0
32,Private,290964,Bachelors,13,Never-married,Sales,Not-in-family,White,Female,0,1590,40,United-States,0
24,Private,47791,HS-grad,9,Never-married,Other-service,Unmarried,White,Female,0,0,32,United-States,0
49,Private,133729,Some-college,10,Married-civ-spouse,Other-service,Husband,White,Male,0,0,17,United-States,0
54,Private,135803,Bachelors,13,Married-civ-spouse,Exec-managerial,Husband,Asian-Pac-Islander,Male,15024,0,60,Other,1
25,State-gov,117833,Some-college,10,Married-civ-spouse,Exec-managerial,Wife,White,Female,0,0,19,United-States,0
37,Private,110713,HS-grad,9,Married-civ-spouse,Sales,Husband,White,Male,0,0,50,United-States,1
54,Private,38795,9th,5,Separated,Craft-repair,Unmarried,White,Male,0,0,40,United-States,0
52,Private,23780,Assoc-voc,11,Married-civ-spouse,Exec-managerial,Husband,White,Male,0,1977,45,United-States,1
45,Private,253116,10th,6,Divorced,Other-service,Unmarried,Black,Female,0,0,40,United-States,0
52,Private,132973,HS-grad,9,Divorced,Adm-clerical,Unmarried,White,Female,0,0,38,United-States,0
55,Private,202559,Bachelors,13,Married-civ-spouse,Other-service,Other-relative,Asian-Pac-Islander,Male,0,0,35,Philippines,0
51,Federal-gov,73670,Doctorate,16,Married-civ-spouse,Prof-specialty,Husband,White,Male,4386,0,52,United-States,1
27,Private,60374,HS-grad,9,Widowed,Craft-repair,Unmarried,White,Female,0,1594,26,United-States,0
19,Private,187570,HS-grad,9,Never-married,Craft-repair,Own-child,White,Male,0,0,20,United-States,0
48,Private,161187,HS-grad,9,Never-married,Adm-clerical,Not-in-family,White,Female,2463,0,40,United-States,0
43,Private,125833,Bachelors,13,Married-civ-spouse,Adm-clerical,Husband,Asian-Pac-Islander,Male,0,0,40,Other,0
41,Self-emp-not-inc,254818,Masters,14,Divorced,Handlers-cleaners,Unmarried,White,Male,0,0,40,Other,0
29,Private,185127,HS-grad,9,Married-civ-spouse,Sales,Husband,White,Male,0,0,50,United-States,0
26,Private,102420,Bachelors,13,Never-married,Sales,Not-in-family,Asian-Pac-Islander,Female,0,0,40,Other,0
27,Private,410351,HS-grad,9,Married-civ-spouse,Craft-repair,Husband,White,Male,0,0,40,United-States,0
22,Private,34747,HS-grad,9,Never-married,Other-service,Own-child,White,Female,0,0,35,United-States,0
17,Self-emp-not-inc,228786,10th,6,Never-married,Other-service,Own-child,White,Female,0,0,24,United-States,0
64,Private,379062,Some-college,10,Widowed,Adm-clerical,Unmarried,White,Female,0,0,12,United-States,0
31,Private,356689,Bachelors,13,Never-married,Farming-fishing,Not-in-family,White,Male,0,0,40,United-States,0
37,Private,161141,Some-college,10,Married-civ-spouse,Craft-repair,Husband,White,Male,0,0,40,United-States,1
47,Private,34845,HS-grad,9,Married-civ-spouse,Transport-moving,Husband,White,Male,0,0,60,United-States,0
21,Private,148294,HS-grad,9,Never-married,Farming-fishing,Own-child,White,Male,0,0,20,United-States,0
54,Private,163826,HS-grad,9,Never-married,Prof-specialty,Not-in-family,White,Male,0,0,40,United-States,0
37,Private,177181,HS-grad,9,Married-civ-spouse,Craft-repair,Husband,White,Male,0,0,40,United-States,0
36,Private,144154,HS-grad,9,Divorced,Exec-managerial,Not-in-family,White,Female,0,0,40,United-States,0
38,Private,33887,HS-grad,9,Never-married,Machine-op-inspct,Other-relative,White,Male,0,0,40,United-States,0
21,Private,109952,HS-grad,9,Married-civ-spouse,Craft-repair,Husband,White,Male,0,0,40,United-States,0
39,Local-gov,177728,Masters,14,Divorced,Prof-specialty,Not-in-family,White,Female,0,0,40,United-States,0
27,Private,266973,HS-grad,9,Married-civ-spouse,Craft-repair,Husband,White,Male,0,0,60,United-States,0
32,Private,188048,Bachelors,13,Never-married,Adm-clerical,Own-child,White,Female,0,0,40,United-States,0
35,State-gov,80771,Masters,14,Never-married,Prof-specialty,Not-in-family,White,Female,0,0,40,United-States,0
33,Private,206609,Bachelors,13,Married-civ-spouse,Exec-managerial,Husband,White,Male,0,0,45,United-States,0
39,Local-gov,189911,11th,7,Divorced,Adm-clerical,Unmarried,White,Female,0,0,40,United-States,0
42,Private,204450,HS-grad,9,Married-civ-spouse,Handlers-cleaners,Husband,Black,Male,0,0,40,United-States,0
20,Private,94057,Some-college,10,Never-married,Other-service,Own-child,White,Male,0,0,15,United-States,0
30,Private,291951,HS-grad,9,Married-civ-spouse,Craft-repair,Husband,Black,Male,0,0,40,United-States,0
43,Local-gov,37937,Assoc-acdm,12,Married-civ-spouse,Tech-support,Husband,White,Male,0,0,43,United-States,0
45,Private,96798,Primary,3,Divorced,Transport-moving,Unmarried,White,Male,0,0,40,United-States,0
40,Private,226902,Masters,14,Married-civ-spouse,Exec-managerial,Husband,White,Male,15024,0,50,United-States,1
37,Private,188576,Doctorate,16,Married-civ-spouse,Prof-specialty,Husband,Asian-Pac-Islander,Male,0,0,40,Other,0
41,Private,58124,HS-grad,9,Married-civ-spouse,Other-service,Husband,White,Male,0,0,40,United-States,0
42,Self-emp-not-inc,444134,HS-grad,9,Married-civ-spouse,Farming-fishing,Husband,White,Male,0,0,15,United-States,0
33,Private,221966,Bachelors,13,Never-married,Prof-specialty,Not-in-family,White,Male,2202,0,50,United-States,0
34,Self-emp-not-inc,426431,Bachelors,13,Married-civ-spouse,Craft-repair,Husband,White,Male,0,0,40,United-States,0
45,Federal-gov,162410,Some-college,10,Widowed,Tech-support,Not-in-family,White,Female,0,0,45,United-States,1
36,Private,210452,Bachelors,13,Divorced,Prof-specialty,Unmarried,White,Male,0,0,45,United-States,0
48,Private,112906,Masters,14,Married-civ-spouse,Transport-moving,Husband,White,Male,0,0,55,United-States,1
49,Self-emp-not-inc,126268,Bachelors,13,Married-civ-spouse,Craft-repair,Husband,White,Male,0,0,50,United-States,0
30,Local-gov,108386,Assoc-voc,11,Married-civ-spouse,Protective-serv,Husband,White,Male,0,0,40,United-States,0
55,Private,185436,Some-college,10,Married-civ-spouse,Exec-managerial,Husband,White,Male,0,0,70,United-States,1
33,Private,80058,HS-grad,9,Never-married,Other-service,Own-child,White,Male,0,0,48,United-States,0
28,Private,119793,HS-grad,9,Never-married,Sales,Own-child,White,Male,0,0,60,United-States,0
39,Local-gov,256997,Bachelors,13,Married-civ-spouse,Craft-repair,Husband,White,Male,0,0,40,United-States,0
22,Private,310380,HS-grad,9,Never-married,Adm-clerical,Unmarried,Black,Female,0,0,40,United-States,0
25,Private,282313,10th,6,Never-married,Handlers-cleaners,Own-child,Black,Male,0,1602,40,United-States,0
63,Private,236338,HS-grad,9,Married-civ-spouse,Sales,Wife,White,Female,0,0,35,United-States,0
26,Federal-gov,218782,HS-grad,9,Married-civ-spouse,Adm-clerical,Husband,Other,Male,0,0,40,United-States,0
45,Private,242994,Some-college,10,Never-married,Sales,Not-in-family,White,Male,0,0,52,United-States,0
67,Private,279980,Some-college,10,Married-civ-spouse,Transport-moving,Husband,White,Male,10605,0,10,United-States,1
61,Federal-gov,178312,Some-college,10,Married-civ-spouse,Prof-specialty,Husband,White,Male,0,0,40,United-States,0
45,Local-gov,215862,Doctorate,16,Married-civ-spouse,Exec-managerial,Husband,White,Male,7688,0,45,United-States,1
20,Private,266525,Some-college,10,Never-married,Prof-specialty,Other-relative,Black,Female,594,0,20,United-States,0
51,Self-emp-not-inc,159755,Assoc-voc,11,Married-civ-spouse,Tech-support,Husband,White,Male,0,0,38,United-States,1
35,Private,30916,HS-grad,9,Married-civ-spouse,Transport-moving,Husband,White,Male,0,0,50,United-States,1
29,Private,71067,Prof-school,15,Never-married,Prof-specialty,Not-in-family,White,Female,0,0,55,United-States,0
44,Private,160829,Bachelors,13,Married-civ-spouse,Tech-support,Wife,White,Female,0,0,20,United-States,1
25,Private,483822,HS-grad,9,Never-married,Other-service,Own-child,White,Male,0,0,40,Other,0
27,Private,280758,11th,7,Never-married,Craft-repair,Other-relative,White,Male,0,0,60,United-States,0
22,Private,285775,Assoc-voc,11,Never-married,Craft-repair,Own-child,White,Male,0,0,40,United-States,0
58,Private,190997,Some-college,10,Married-civ-spouse,Exec-managerial,Husband,White,Male,0,0,40,United-States,1
25,Private,165622,Masters,14,Never-married,Sales,Not-in-family,White,Male,0,0,55,United-States,0
38,Private,224584,Some-college,10,Divorced,Sales,Unmarried,Black,Female,0,0,40,United-States,0
20,Private,275385,HS-grad,9,Never-married,Handlers-cleaners,Other-relative,White,Male,0,0,45,United-States,0
38,Private,111499,HS-grad,9,Married-civ-spouse,Sales,Husband,White,Male,0,1977,99,United-States,1
28,Private,181291,Bachelors,13,Never-married,Exec-managerial,Not-in-family,White,Female,0,1564,50,United-States,1
44,Private,106682,HS-grad,9,Married-civ-spouse,Sales,Husband,White,Male,0,0,60,United-States,0
49,Private,323798,Some-college,10,Divorced,Exec-managerial,Not-in-family,White,Male,3325,0,50,United-States,0
38,Private,472604,Bachelors,13,Married-civ-spouse,Other-service,Husband,White,Male,0,0,35,Mexico,0
45,Private,190482,HS-grad,9,Divorced,Machine-op-inspct,Unmarried,White,Male,0,0,40,United-States,0
27,Private,114967,9th,5,Married-civ-spouse,Craft-repair,Husband,White,Male,0,0,40,United-States,0
33,Private,177675,Bachelors,13,Married-civ-spouse,Exec-managerial,Husband,White,Male,0,0,50,Other,1
17,Private,266072,10th,6,Never-married,Other-service,Not-in-family,White,Male,0,0,20,Other,0
17,Private,232900,11th,7,Never-married,Handlers-cleaners,Own-child,White,Male,0,0,25,United-States,0
67,Self-emp-not-inc,195066,HS-grad,9,Married-civ-spouse,Farming-fishing,Husband,White,Male,0,0,50,United-States,0
45,Private,198223,Bachelors,13,Married-civ-spouse,Sales,Husband,White,Male,0,1902,45,United-States,1
43,Private,185832,Some-college,10,Married-civ-spouse,Machine-op-inspct,Husband,White,Male,0,0,48,United-States,1
47,Self-emp-not-inc,109421,Bachelors,13,Married-civ-spouse,Exec-managerial,Husband,White,Male,0,0,50,United-States,0
29,Private,253801,HS-grad,9,Married-civ-spouse,Craft-repair,Husband,White,Male,0,0,40,Other,0
26,Private,154966,Some-college,10,Married-civ-spouse,Craft-repair,Husband,White,Male,0,0,40,Other,0
20,Local-gov,243178,HS-grad,9,Never-married,Handlers-cleaners,Own-child,White,Male,0,0,40,United-States,0
47,Local-gov,114459,Masters,14,Married-civ-spouse,Prof-specialty,Husband,White,Male,7688,0,45,United-States,1
29,Private,251905,Assoc-acdm,12,Married-civ-spouse,Craft-repair,Husband,White,Male,0,0,45,United-States,0
51,Self-emp-not-inc,115851,HS-grad,9,Married-civ-spouse,Craft-repair,Husband,White,Male,0,0,40,United-States,0
50,Private,118058,Some-college,10,Married-civ-spouse,Transport-moving,Husband,White,Male,0,0,50,United-States,0
31,Private,96480,HS-grad,9,Never-married,Adm-clerical,Not-in-family,White,Female,0,0,50,United-States,0
84,Self-emp-inc,172907,Some-college,10,Married-civ-spouse,Sales,Husband,White,Male,0,0,35,United-States,1
37,Private,111128,11th,7,Never-married,Machine-op-inspct,Not-in-family,White,Male,0,0,40,United-States,0
29,Private,149211,Bachelors,13,Married-civ-spouse,Tech-support,Husband,White,Male,0,0,40,United-States,0
46,Self-emp-not-inc,199596,Some-college,10,Divorced,Exec-managerial,Unmarried,White,Female,0,0,50,United-States,0
45,Private,116255,HS-grad,9,Never-married,Exec-managerial,Not-in-family,Black,Female,0,0,40,United-States,0
70,Private,235781,Some-college,10,Divorced,Farming-fishing,Not-in-family,Asian-Pac-Islander,Male,0,0,40,Other,0
18,Private,329054,11th,7,Never-married,Adm-clerical,Own-child,White,Female,0,0,15,United-States,0
28,Private,115579,Assoc-voc,11,Never-married,Tech-support,Own-child,White,Female,0,0,38,United-States,0
26,Private,45869,Bachelors,13,Never-married,Handlers-cleaners,Own-child,White,Male,0,0,40,United-States,0
32,Private,360593,HS-grad,9,Divorced,Sales,Unmarried,Black,Female,0,0,30,United-States,0
49,Self-emp-inc,201498,HS-grad,9,Married-civ-spouse,Craft-repair,Husband,White,Male,0,0,40,United-States,0
48,Private,254809,10th,6,Divorced,Machine-op-inspct,Unmarried,White,Female,0,1594,32,United-States,0
17,Private,295308,11th,7,Never-married,Priv-house-serv,Own-child,White,Female,0,0,20,United-States,0
42,Private,135056,Some-college,10,Married-civ-spouse,Adm-clerical,Wife,White,Female,0,0,40,United-States,0
29,Private,280618,Some-college,10,Married-civ-spouse,Handlers-cleaners,Husband,White,Male,0,0,40,United-States,0
45,Private,241350,HS-grad,9,Never-married,Transport-moving,Not-in-family,White,Male,0,0,40,United-States,0
56,Local-gov,238582,Some-college,10,Married-civ-spouse,Craft-repair,Husband,White,Male,0,0,41,United-States,1
37,Self-emp-not-inc,31670,HS-grad,9,Married-civ-spouse,Farming-fishing,Husband,White,Male,0,0,60,United-States,0
34,Private,302770,Some-college,10,Married-civ-spouse,Sales,Husband,White,Male,0,0,60,United-States,0
90,Private,87285,HS-grad,9,Never-married,Other-service,Own-child,White,Female,0,0,24,United-States,0
63,Self-emp-not-inc,129845,7th-8th,4,Married-civ-spouse,Craft-repair,Husband,White,Male,0,0,40,United-States,0
65,Private,205309,HS-grad,9,Married-civ-spouse,Adm-clerical,Husband,White,Male,0,0,20,United-States,0
56,Private,301835,Primary,3,Separated,Machine-op-inspct,Not-in-family,White,Male,0,0,40,United-States,0
17,Private,250541,10th,6,Never-married,Other-service,Own-child,Black,Male,0,0,20,United-States,0
37,Private,194630,HS-grad,9,Divorced,Craft-repair,Not-in-family,White,Male,0,0,50,United-States,0
40,Private,119101,Some-college,10,Married-civ-spouse,Craft-repair,Husband,White,Male,5178,0,40,United-States,1
42,Local-gov,55363,Masters,14,Married-civ-spouse,Prof-specialty,Husband,White,Male,0,0,55,United-States,1
41,Local-gov,129060,Some-college,10,Divorced,Adm-clerical,Unmarried,Black,Female,0,0,40,United-States,0
47,Private,398652,HS-grad,9,Married-civ-spouse,Sales,Husband,White,Male,0,0,50,United-States,1
59,Private,268840,Some-college,10,Married-civ-spouse,Adm-clerical,Other-relative,White,Female,0,0,16,United-States,1
49,Local-gov,184428,Masters,14,Married-civ-spouse,Adm-clerical,Husband,White,Male,0,0,40,United-States,0
39,Private,120985,HS-grad,9,Divorced,Other-service,Own-child,White,Male,0,0,40,United-States,0
23,Local-gov,287988,Bachelors,13,Never-married,Prof-specialty,Not-in-family,White,Male,0,0,40,United-States,0
48,Private,227714,Bachelors,13,Married-civ-spouse,Sales,Husband,White,Male,0,0,60,United-States,0
30,State-gov,312767,HS-grad,9,Never-married,Sales,Unmarried,Black,Female,0,0,40,United-States,0
49,Self-emp-not-inc,263568,Bachelors,13,Married-civ-spouse,Exec-managerial,Husband,White,Male,0,0,60,United-States,1
26,Private,302097,HS-grad,9,Married-civ-spouse,Machine-op-inspct,Husband,White,Male,3464,0,48,United-States,0
35,Private,248010,Bachelors,13,Married-spouse-absent,Craft-repair,Unmarried,White,Male,0,0,40,United-States,0
17,Private,150262,11th,7,Never-married,Sales,Own-child,White,Female,0,0,20,United-States,0
25,Private,106377,Some-college,10,Never-married,Adm-clerical,Own-child,White,Male,0,0,40,United-States,0
41,Private,66118,Bachelors,13,Divorced,Prof-specialty,Own-child,White,Female,0,0,40,United-States,0
45,Private,170092,Some-college,10,Divorced,Other-service,Not-in-family,White,Female,0,0,50,United-States,0
55,State-gov,200497,Masters,14,Married-civ-spouse,Exec-managerial,Husband,White,Male,0,0,45,United-States,1
27,Private,168827,Bachelors,13,Never-married,Sales,Own-child,White,Male,0,0,2,United-States,0
28,Private,331381,Bachelors,13,Never-married,Adm-clerical,Not-in-family,White,Male,0,0,40,United-States,0
49,Federal-gov,586657,Bachelors,13,Married-civ-spouse,Exec-managerial,Husband,White,Male,7298,0,40,United-States,1
52,Private,200419,Assoc-acdm,12,Separated,Prof-specialty,Not-in-family,White,Female,0,0,50,United-States,0
42,State-gov,341638,Bachelors,13,Married-civ-spouse,Prof-specialty,Husband,White,Male,0,0,40,United-States,1
53,Private,22418,HS-grad,9,Married-civ-spouse,Craft-repair,Husband,White,Male,0,0,40,United-States,0
43,Private,190044,10th,6,Married-civ-spouse,Transport-moving,Husband,White,Male,0,0,40,United-States,0
34,Private,581071,HS-grad,9,Separated,Adm-clerical,Not-in-family,White,Male,0,0,48,United-States,1
34,Federal-gov,223267,Some-college,10,Divorced,Protective-serv,Own-child,White,Male,0,0,72,United-States,0
43,Federal-gov,56063,Bachelors,13,Married-civ-spouse,Sales,Husband,White,Male,0,0,60,United-States,0
31,Private,142038,HS-grad,9,Married-civ-spouse,Craft-repair,Wife,White,Female,0,0,45,United-States,0
43,Self-emp-not-inc,174090,HS-grad,9,Married-civ-spouse,Adm-clerical,Wife,White,Female,0,0,20,United-States,1
31,Private,173002,HS-grad,9,Never-married,Adm-clerical,Own-child,White,Female,0,0,40,United-States,0
24,Private,325744,HS-grad,9,Never-married,Craft-repair,Not-in-family,White,Male,0,0,40,United-States,0
22,Private,188274,HS-grad,9,Never-married,Transport-moving,Own-child,White,Male,0,0,40,United-States,0
48,Local-gov,219962,Assoc-voc,11,Married-civ-spouse,Craft-repair,Husband,White,Male,0,0,40,United-States,0
42,Self-emp-not-inc,54202,Prof-school,15,Married-civ-spouse,Prof-specialty,Husband,White,Male,0,0,50,United-States,1
39,Private,237943,Bachelors,13,Married-civ-spouse,Sales,Husband,White,Male,0,0,30,United-States,1
36,Self-emp-not-inc,125933,Prof-school,15,Never-married,Prof-specialty,Not-in-family,White,Male,0,0,55,United-States,1
25,Private,632834,HS-grad,9,Never-married,Craft-repair,Own-child,Black,Male,0,0,40,United-States,0
26,Private,245465,Assoc-acdm,12,Never-married,Sales,Own-child,White,Male,0,0,30,United-States,0
18,Private,198087,HS-grad,9,Never-married,Sales,Own-child,White,Female,0,0,30,United-States,0
39,Private,187089,Some-college,10,Divorced,Sales,Not-in-family,White,Female,0,0,40,United-States,0
38,Private,60355,HS-grad,9,Never-married,Adm-clerical,Unmarried,White,Female,0,0,40,United-States,0
24,Private,29810,Some-college,10,Never-married,Prof-specialty,Own-child,White,Female,0,0,40,United-States,0
29,Private,327964,9th,5,Divorced,Machine-op-inspct,Unmarried,Black,Female,0,0,40,United-States,0
25,Private,118088,HS-grad,9,Never-married,Craft-repair,Unmarried,White,Male,0,0,40,United-States,0
64,Local-gov,96076,Assoc-voc,11,Married-civ-spouse,Exec-managerial,Husband,White,Male,0,0,40,United-States,1
55,Local-gov,99131,HS-grad,9,Married-civ-spouse,Prof-specialty,Other-relative,White,Female,0,2246,40,United-States,1
57,Self-emp-not-inc,222216,Some-college,10,Married-civ-spouse,Exec-managerial,Wife,White,Female,0,0,60,United-States,0
49,Self-emp-not-inc,199590,HS-grad,9,Married-civ-spouse,Craft-repair,Husband,White,Male,0,0,50,Mexico,0
50,Private,155594,Assoc-acdm,12,Married-civ-spouse,Machine-op-inspct,Husband,White,Male,0,0,50,United-States,1
58,Private,106546,HS-grad,9,Divorced,Adm-clerical,Unmarried,White,Female,2174,0,40,United-States,0
34,Self-emp-not-inc,288486,11th,7,Married-civ-spouse,Craft-repair,Husband,White,Male,0,0,40,United-States,0
20,Private,227411,Some-college,10,Never-married,Other-service,Own-child,White,Female,0,0,20,United-States,0
32,Private,137076,Some-college,10,Married-civ-spouse,Exec-managerial,Husband,White,Male,15024,0,60,United-States,1
27,Private,411950,Bachelors,13,Never-married,Prof-specialty,Not-in-family,White,Male,0,0,60,United-States,0
23,Private,213719,Assoc-acdm,12,Never-married,Sales,Own-child,Black,Female,0,0,36,United-States,0
24,Private,99970,Bachelors,13,Never-married,Tech-support,Own-child,White,Male,0,0,40,United-States,0
28,Private,239539,HS-grad,9,Married-spouse-absent,Machine-op-inspct,Own-child,Asian-Pac-Islander,Male,0,0,40,Philippines,0
40,Self-emp-not-inc,48859,HS-grad,9,Married-civ-spouse,Craft-repair,Husband,White,Male,0,0,32,United-States,0
45,Private,165232,Some-college,10,Divorced,Tech-support,Not-in-family,Black,Female,0,0,40,Other,0
38,State-gov,103925,HS-grad,9,Divorced,Other-service,Unmarried,White,Female,2036,0,20,United-States,0
27,Private,55743,Bachelors,13,Married-civ-spouse,Exec-managerial,Wife,Black,Female,0,0,45,United-States,1
48,Private,98524,Assoc-acdm,12,Married-civ-spouse,Craft-repair,Husband,White,Male,0,0,45,United-States,0
27,Private,180758,Assoc-acdm,12,Never-married,Sales,Not-in-family,White,Male,0,0,40,United-States,0
27,Self-emp-not-inc,212041,Bachelors,13,Never-married,Sales,Not-in-family,White,Male,0,0,50,United-States,0
34,Federal-gov,419691,Bachelors,13,Married-civ-spouse,Protective-serv,Husband,White,Male,7298,0,54,United-States,1
28,Local-gov,356089,Bachelors,13,Never-married,Prof-specialty,Other-relative,White,Male,0,0,50,United-States,0
34,Private,183811,Some-college,10,Never-married,Handlers-cleaners,Not-in-family,White,Male,0,0,40,United-States,0
41,Private,57233,Bachelors,13,Married-civ-spouse,Sales,Husband,White,Male,0,0,70,United-States,0
47,Private,214800,Assoc-voc,11,Married-civ-spouse,Handlers-cleaners,Husband,White,Male,0,0,40,United-States,0
55,Private,60193,HS-grad,9,Divorced,Adm-clerical,Not-in-family,White,Female,0,0,40,United-States,0
36,Private,139743,Some-college,10,Widowed,Prof-specialty,Own-child,White,Female,0,0,40,United-States,0
27,Private,298871,Bachelors,13,Never-married,Other-service,Not-in-family,Asian-Pac-Islander,Male,0,0,40,Philippines,0
24,Private,182342,Bachelors,13,Never-married,Sales,Own-child,White,Male,0,0,40,United-States,0
41,Self-emp-not-inc,229148,HS-grad,9,Never-married,Other-service,Not-in-family,Black,Male,0,0,60,Other,0
41,Private,203761,Bachelors,13,Married-civ-spouse,Prof-specialty,Husband,White,Male,0,0,40,United-States,1
31,Self-emp-not-inc,340880,Bachelors,13,Married-civ-spouse,Sales,Husband,White,Male,0,0,48,United-States,0
41,Self-emp-not-inc,57924,Some-college,10,Married-civ-spouse,Farming-fishing,Husband,White,Male,7688,0,50,United-States,1
31,Local-gov,176185,Bachelors,13,Married-civ-spouse,Machine-op-inspct,Husband,White,Male,4064,0,40,Other,0
45,Private,151627,Some-college,10,Divorced,Adm-clerical,Unmarried,White,Female,0,0,45,United-States,0
28,Private,120135,Assoc-voc,11,Never-married,Sales,Not-in-family,White,Female,0,0,40,United-States,0
31,Private,181091,HS-grad,9,Married-civ-spouse,Craft-repair,Husband,White,Male,0,0,50,United-States,1
33,Private,141841,Bachelors,13,Married-civ-spouse,Exec-managerial,Husband,Black,Male,5178,0,40,United-States,1
64,Private,391121,7th-8th,4,Married-civ-spouse,Farming-fishing,Husband,White,Male,0,0,40,United-States,1
25,Private,66935,HS-grad,9,Never-married,Craft-repair,Not-in-family,White,Male,0,0,35,United-States,0
62,Private,77884,HS-grad,9,Married-civ-spouse,Sales,Husband,Asian-Pac-Islander,Male,0,0,40,Philippines,0
20,Private,296618,HS-grad,9,Never-married,Sales,Not-in-family,White,Female,0,0,30,United-States,0
56,Private,92444,Some-college,10,Married-civ-spouse,Exec-managerial,Husband,Black,Male,0,0,50,United-States,1
56,Private,244554,10th,6,Widowed,Machine-op-inspct,Unmarried,Black,Female,0,0,40,United-States,0
43,State-gov,139734,Bachelors,13,Married-civ-spouse,Exec-managerial,Husband,White,Male,15024,0,40,United-States,1
38,Private,223433,HS-grad,9,Never-married,Machine-op-inspct,Not-in-family,White,Male,0,0,40,United-States,0
33,Private,174789,HS-grad,9,Married-civ-spouse,Craft-repair,Husband,White,Male,0,0,40,United-States,0
44,Private,427952,Bachelors,13,Married-civ-spouse,Prof-specialty,Husband,White,Male,0,0,40,United-States,0
28,Private,230856,Some-college,10,Never-married,Prof-specialty,Not-in-family,Black,Female,3325,0,50,United-States,0
47,State-gov,54887,Doctorate,16,Married-civ-spouse,Prof-specialty,Husband,White,Male,0,0,40,United-States,1
46,Self-emp-not-inc,103538,Prof-school,15,Married-civ-spouse,Prof-specialty,Husband,White,Male,0,0,65,United-States,1
44,Self-emp-inc,311357,Prof-school,15,Married-civ-spouse,Prof-specialty,Husband,White,Male,0,0,50,United-States,1
36,Private,361888,HS-grad,9,Married-civ-spouse,Transport-moving,Husband,White,Male,0,0,45,United-States,1
41,Private,146908,Doctorate,16,Married-civ-spouse,Prof-specialty,Husband,White,Male,0,0,60,United-States,1
38,Private,126675,HS-grad,9,Divorced,Craft-repair,Not-in-family,White,Male,0,2205,40,United-States,0
22,Private,320451,Some-college,10,Never-married,Protective-serv,Own-child,Asian-Pac-Islander,Male,0,0,24,Other,0
41,Private,38397,HS-grad,9,Divorced,Other-service,Not-in-family,White,Female,0,0,40,United-States,0
50,Private,152810,Bachelors,13,Married-civ-spouse,Sales,Husband,White,Male,0,0,40,United-States,1
26,Private,158734,Masters,14,Never-married,Exec-managerial,Not-in-family,White,Female,0,0,30,United-States,0
17,Private,126771,12th,8,Never-married,Prof-specialty,Own-child,White,Male,0,0,7,United-States,0
27,Private,328981,HS-grad,9,Never-married,Machine-op-inspct,Unmarried,Black,Male,0,0,40,United-States,0
60,Private,145493,Some-college,10,Divorced,Adm-clerical,Not-in-family,White,Female,0,0,40,United-States,0
36,Private,34744,Assoc-acdm,12,Divorced,Other-service,Unmarried,White,Female,0,0,37,United-States,0
56,Private,229335,HS-grad,9,Divorced,Adm-clerical,Not-in-family,White,Female,0,0,40,United-States,0
18,Private,91525,HS-grad,9,Never-married,Sales,Other-relative,White,Male,0,0,25,United-States,0
45,Private,350440,HS-grad,9,Married-civ-spouse,Exec-managerial,Husband,Asian-Pac-Islander,Male,0,0,40,United-States,1
38,Private,122952,HS-grad,9,Separated,Craft-repair,Unmarried,White,Female,0,0,35,United-States,0
39,Self-emp-not-inc,34378,HS-grad,9,Married-civ-spouse,Farming-fishing,Husband,White,Male,0,0,50,United-States,0
35,Private,99146,HS-grad,9,Married-civ-spouse,Exec-managerial,Husband,White,Male,0,0,50,United-States,1
45,Private,97842,Some-college,10,Married-civ-spouse,Machine-op-inspct,Husband,White,Male,0,0,65,United-States,0
26,Private,153078,HS-grad,9,Never-married,Adm-clerical,Own-child,Asian-Pac-Islander,Male,0,0,80,Other,1
22,Private,207782,Assoc-acdm,12,Never-married,Handlers-cleaners,Own-child,White,Male,0,0,20,United-States,0
19,Self-emp-not-inc,305834,Some-college,10,Never-married,Craft-repair,Own-child,White,Female,0,0,25,United-States,0
38,Private,32271,Some-college,10,Married-civ-spouse,Craft-repair,Husband,White,Male,0,0,40,United-States,0
19,Private,28145,HS-grad,9,Never-married,Other-service,Own-child,White,Female,0,0,52,United-States,0
35,Private,298635,Bachelors,13,Never-married,Sales,Not-in-family,Asian-Pac-Islander,Male,0,0,50,United-States,0
25,Private,330695,Some-college,10,Married-civ-spouse,Sales,Husband,White,Male,0,0,50,United-States,0
48,Self-emp-inc,38819,HS-grad,9,Married-civ-spouse,Craft-repair,Husband,White,Male,0,0,36,United-States,0
53,Local-gov,35305,Bachelors,13,Divorced,Prof-specialty,Unmarried,White,Female,0,0,57,United-States,0
25,Private,195994,Primary,2,Never-married,Priv-house-serv,Not-in-family,White,Female,0,0,40,Other,0
47,Private,109089,Some-college,10,Married-civ-spouse,Prof-specialty,Husband,White,Male,0,0,70,United-States,0
47,Self-emp-inc,188610,HS-grad,9,Married-civ-spouse,Machine-op-inspct,Husband,White,Male,0,0,48,United-States,0
37,Private,468713,Some-college,10,Married-civ-spouse,Adm-clerical,Husband,White,Male,0,0,40,United-States,0
37,Self-emp-not-inc,192251,10th,6,Married-civ-spouse,Other-service,Wife,White,Female,2635,0,40,United-States,0
51,Local-gov,201560,Bachelors,13,Married-civ-spouse,Prof-specialty,Wife,White,Female,0,0,40,United-States,1
50,Local-gov,168672,Masters,14,Married-civ-spouse,Prof-specialty,Wife,White,Female,0,1902,40,United-States,1
37,Private,194004,11th,7,Married-civ-spouse,Craft-repair,Husband,White,Male,0,0,25,United-States,0
47,Private,171807,HS-grad,9,Divorced,Sales,Unmarried,White,Female,0,0,45,United-States,0
32,Private,175052,HS-grad,9,Divorced,Adm-clerical,Unmarried,White,Female,0,0,40,United-States,0
34,Private,346275,11th,7,Divorced,Handlers-cleaners,Not-in-family,White,Male,0,0,43,United-States,0
43,Private,347653,Some-college,10,Married-civ-spouse,Prof-specialty,Husband,White,Male,0,0,48,United-States,1
63,Private,225102,HS-grad,9,Married-civ-spouse,Handlers-cleaners,Husband,Black,Male,0,0,40,Other,0
28,Private,150025,9th,5,Never-married,Craft-repair,Not-in-family,White,Male,0,0,50,Other,1
43,Private,115562,Bachelors,13,Married-civ-spouse,Prof-specialty,Husband,White,Male,0,0,42,United-States,1
43,Private,145441,Bachelors,13,Married-civ-spouse,Exec-managerial,Husband,White,Male,0,0,50,United-States,1
57,Private,169329,HS-grad,9,Married-civ-spouse,Tech-support,Husband,Black,Male,0,1887,40,Other,1
58,Private,56392,Some-college,10,Married-civ-spouse,Sales,Husband,White,Male,0,0,40,United-States,0
33,Private,162312,HS-grad,9,Divorced,Sales,Not-in-family,Asian-Pac-Islander,Male,0,0,45,Other,0
38,Private,192337,Bachelors,13,Married-civ-spouse,Exec-managerial,Husband,White,Male,7688,0,40,United-States,1
41,Private,287306,HS-grad,9,Married-civ-spouse,Prof-specialty,Husband,White,Male,0,1902,40,United-States,1
66,Private,33619,HS-grad,9,Married-civ-spouse,Other-service,Husband,Black,Male,0,0,4,United-States,0
40,Local-gov,370502,Some-college,10,Married-civ-spouse,Handlers-cleaners,Husband,White,Male,0,0,40,Mexico,0
35,Private,292185,Bachelors,13,Married-civ-spouse,Adm-clerical,Husband,White,Male,0,0,40,United-States,0
27,Private,177351,Bachelors,13,Never-married,Sales,Not-in-family,White,Male,0,0,45,United-States,0
34,Self-emp-not-inc,108247,Prof-school,15,Married-civ-spouse,Prof-specialty,Husband,White,Male,0,0,55,United-States,1
37,Private,241805,Some-college,10,Married-civ-spouse,Other-service,Husband,Black,Male,0,0,30,United-States,0
45,Private,88500,Some-college,10,Married-civ-spouse,Machine-op-inspct,Husband,White,Male,0,0,44,United-States,1
46,Private,243743,Bachelors,13,Married-civ-spouse,Prof-specialty,Husband,White,Male,0,0,40,United-States,1
30,Private,43953,HS-grad,9,Never-married,Adm-clerical,Other-relative,White,Female,0,1974,40,United-States,0
51,Private,34361,Some-college,10,Married-civ-spouse,Exec-managerial,Wife,White,Female,0,0,20,United-States,1
35,Self-emp-not-inc,190895,Bachelors,13,Divorced,Exec-managerial,Not-in-family,White,Male,0,0,25,United-States,0
23,Federal-gov,314525,Bachelors,13,Never-married,Prof-specialty,Not-in-family,White,Male,0,0,40,United-States,0
44,Private,230478,Bachelors,13,Married-civ-spouse,Exec-managerial,Husband,White,Male,0,0,40,United-States,1
46,Private,471990,HS-grad,9,Married-civ-spouse,Transport-moving,Husband,Black,Male,0,0,46,United-States,1
42,Private,187795,Some-college,10,Married-civ-spouse,Exec-managerial,Husband,White,Male,99999,0,55,United-States,1
48,Private,152953,7th-8th,4,Married-civ-spouse,Craft-repair,Husband,White,Male,0,0,32,Other,0
35,Private,239755,Some-college,10,Never-married,Sales,Unmarried,White,Male,0,0,50,United-States,0
42,Self-emp-not-inc,24763,Doctorate,16,Married-civ-spouse,Prof-specialty,Husband,White,Male,15024,0,40,United-States,1
21,Private,198259,Some-college,10,Never-married,Adm-clerical,Own-child,White,Female,0,0,15,United-States,0
44,Private,175641,11th,7,Married-civ-spouse,Sales,Husband,White,Male,0,0,40,United-States,1
42,Federal-gov,65950,HS-grad,9,Divorced,Adm-clerical,Unmarried,Black,Female,0,0,40,United-States,0
46,Private,423222,Bachelors,13,Married-civ-spouse,Exec-managerial,Husband,White,Male,7688,0,40,United-States,1
38,Private,374524,Bachelors,13,Married-civ-spouse,Prof-specialty,Husband,White,Male,0,0,40,United-States,1
33,Private,168782,Assoc-voc,11,Never-married,Craft-repair,Unmarried,White,Male,0,0,40,United-States,0
74,Private,145463,Primary,2,Widowed,Priv-house-serv,Not-in-family,Black,Female,0,0,15,United-States,0
42,Private,212894,Assoc-voc,11,Married-civ-spouse,Adm-clerical,Husband,White,Male,2407,0,40,United-States,0
35,Private,234962,HS-grad,9,Never-married,Machine-op-inspct,Other-relative,White,Male,0,0,40,Mexico,0
38,Private,181943,Bachelors,13,Never-married,Adm-clerical,Not-in-family,White,Female,0,0,35,United-States,0
28,Private,130856,Bachelors,13,Married-civ-spouse,Prof-specialty,Husband,White,Male,0,0,40,United-States,1
57,Self-emp-not-inc,253914,Primary,2,Married-civ-spouse,Sales,Husband,White,Male,0,0,35,Mexico,0
24,Private,89154,9th,5,Never-married,Other-service,Not-in-family,White,Male,0,0,40,Other,0
27,Private,149624,Some-college,10,Married-civ-spouse,Adm-clerical,Husband,White,Male,0,0,30,United-States,0
55,Private,199067,Bachelors,13,Married-civ-spouse,Exec-managerial,Husband,White,Male,15024,0,42,United-States,1
43,Private,203642,Bachelors,13,Never-married,Prof-specialty,Not-in-family,White,Female,0,0,40,United-States,1
42,Private,154374,HS-grad,9,Married-civ-spouse,Transport-moving,Husband,White,Male,0,0,50,United-States,1
36,Private,186212,Assoc-acdm,12,Married-civ-spouse,Craft-repair,Husband,White,Male,0,0,50,United-States,0
50,Private,205803,Masters,14,Married-civ-spouse,Sales,Husband,White,Male,15024,0,40,United-States,1
37,Private,69251,Some-college,10,Married-civ-spouse,Transport-moving,Husband,Asian-Pac-Islander,Male,0,0,40,United-States,0
34,Private,73199,11th,7,Never-married,Other-service,Own-child,Asian-Pac-Islander,Male,0,0,40,Philippines,0
24,Local-gov,193416,Some-college,10,Never-married,Protective-serv,Own-child,White,Female,0,0,40,United-States,0
29,Private,196971,Bachelors,13,Never-married,Prof-specialty,Own-child,White,Female,0,0,72,United-States,0
63,Self-emp-not-inc,111306,7th-8th,4,Widowed,Farming-fishing,Unmarried,White,Female,0,0,10,United-States,0
58,Private,123436,Bachelors,13,Married-civ-spouse,Exec-managerial,Husband,White,Male,7688,0,50,United-States,1
53,Private,47396,Some-college,10,Married-civ-spouse,Adm-clerical,Husband,White,Male,0,0,50,United-States,1
57,State-gov,32694,Doctorate,16,Married-civ-spouse,Prof-specialty,Husband,White,Male,0,0,40,United-States,1
52,Self-emp-not-inc,217210,HS-grad,9,Widowed,Other-service,Other-relative,Black,Female,0,0,40,United-States,0
17,Private,195505,10th,6,Never-married,Sales,Own-child,White,Male,0,0,5,United-States,0
36,Local-gov,101833,Bachelors,13,Separated,Prof-specialty,Not-in-family,White,Male,0,0,40,United-States,0
30,Private,176123,10th,6,Never-married,Machine-op-inspct,Other-relative,Asian-Pac-Islander,Male,0,0,40,Other,0
58,Private,142076,HS-grad,9,Divorced,Tech-support,Not-in-family,White,Male,4787,0,39,United-States,1
24,Private,346909,HS-grad,9,Married-civ-spouse,Craft-repair,Husband,White,Male,0,0,44,Mexico,0
44,Local-gov,241851,Assoc-voc,11,Married-civ-spouse,Transport-moving,Husband,White,Male,4386,0,40,United-States,1
40,Private,170730,HS-grad,9,Married-civ-spouse,Craft-repair,Husband,White,Male,0,0,50,United-States,0
57,Self-emp-not-inc,327901,10th,6,Married-civ-spouse,Craft-repair,Husband,White,Male,0,0,40,United-States,0
28,Private,306830,Assoc-acdm,12,Married-civ-spouse,Handlers-cleaners,Husband,White,Male,0,0,40,Other,0
47,Private,135803,HS-grad,9,Married-civ-spouse,Other-service,Husband,Asian-Pac-Islander,Male,0,0,25,Philippines,0
19,Private,318822,11th,7,Never-married,Priv-house-serv,Not-in-family,White,Female,0,0,35,United-States,0
50,Self-emp-not-inc,203098,Bachelors,13,Married-civ-spouse,Exec-managerial,Husband,White,Male,0,0,35,United-States,0
73,Self-emp-inc,80986,HS-grad,9,Married-civ-spouse,Sales,Husband,White,Male,0,0,20,United-States,0
55,Private,308118,Bachelors,13,Widowed,Machine-op-inspct,Unmarried,White,Female,0,0,40,Other,0
36,Federal-gov,44364,HS-grad,9,Never-married,Adm-clerical,Own-child,Black,Female,0,0,36,United-States,0
28,Local-gov,56340,Masters,14,Never-married,Prof-specialty,Not-in-family,White,Female,0,0,40,United-States,0
66,Self-emp-inc,197816,Bachelors,13,Married-civ-spouse,Exec-managerial,Husband,White,Male,10605,0,40,United-States,1
45,Private,480717,Bachelors,13,Married-civ-spouse,Other-service,Husband,Asian-Pac-Islander,Male,0,0,38,Other,0
46,Local-gov,226871,Bachelors,13,Divorced,Protective-serv,Not-in-family,Black,Male,0,0,50,United-States,1
20,Private,109952,HS-grad,9,Married-civ-spouse,Tech-support,Other-relative,White,Male,0,0,40,United-States,0
31,Private,49398,Some-college,10,Married-civ-spouse,Tech-support,Husband,White,Male,0,0,40,United-States,0
42,Private,201495,Bachelors,13,Married-civ-spouse,Exec-managerial,Husband,White,Male,0,0,40,United-States,0
42,Private,184105,Some-college,10,Never-married,Farming-fishing,Not-in-family,White,Male,0,0,28,United-States,0
20,Private,263612,Some-college,10,Never-married,Adm-clerical,Own-child,Black,Female,0,0,40,Other,0
71,Private,162297,HS-grad,9,Widowed,Sales,Unmarried,White,Female,0,0,20,United-States,0
36,Private,232874,Bachelors,13,Married-civ-spouse,Tech-support,Husband,White,Male,0,0,40,United-States,0
54,Private,257869,Some-college,10,Separated,Other-service,Not-in-family,White,Male,0,0,28,Other,0
40,Private,73025,HS-grad,9,Married-civ-spouse,Other-service,Husband,Asian-Pac-Islander,Male,0,0,30,Other,0
22,Private,141297,Some-college,10,Never-married,Tech-support,Own-child,White,Male,0,0,40,United-States,0
68,Private,123653,Primary,3,Separated,Other-service,Not-in-family,White,Male,0,0,12,Other,0
35,Self-emp-not-inc,77146,HS-grad,9,Married-civ-spouse,Craft-repair,Husband,White,Male,2829,0,45,United-States,0
50,Private,109277,9th,5,Married-civ-spouse,Machine-op-inspct,Husband,White,Male,0,0,48,United-States,0
47,Self-emp-not-inc,265097,HS-grad,9,Married-civ-spouse,Transport-moving,Husband,White,Male,0,0,45,United-States,1
33,Private,96245,Assoc-acdm,12,Married-civ-spouse,Prof-specialty,Husband,White,Male,0,0,50,United-States,0
34,Private,162814,HS-grad,9,Divorced,Protective-serv,Not-in-family,Black,Male,0,0,45,United-States,0
22,Federal-gov,209131,Assoc-acdm,12,Never-married,Other-service,Own-child,White,Male,0,0,20,United-States,0
52,Private,139347,HS-grad,9,Married-civ-spouse,Transport-moving,Wife,White,Female,0,0,40,United-States,0
25,Private,257562,7th-8th,4,Married-civ-spouse,Craft-repair,Husband,White,Male,0,0,40,Mexico,0
49,Private,167523,Bachelors,13,Divorced,Protective-serv,Not-in-family,White,Male,0,0,40,United-States,0
40,Federal-gov,171231,Bachelors,13,Never-married,Adm-clerical,Not-in-family,White,Male,0,0,40,Other,0
41,Self-emp-inc,151089,Some-college,10,Married-civ-spouse,Exec-managerial,Husband,White,Male,0,2415,55,United-States,1
62,Local-gov,33365,HS-grad,9,Widowed,Other-service,Not-in-family,White,Female,0,0,40,Other,0
38,Private,146178,HS-grad,9,Never-married,Craft-repair,Unmarried,Black,Female,0,0,40,United-States,0
49,Private,143459,9th,5,Separated,Handlers-cleaners,Own-child,White,Male,0,0,38,United-States,0
33,Private,136331,HS-grad,9,Married-spouse-absent,Craft-repair,Unmarried,White,Male,0,0,50,United-States,0
25,Federal-gov,366207,HS-grad,9,Never-married,Transport-moving,Own-child,White,Male,0,0,40,United-States,0
24,Federal-gov,127185,Assoc-acdm,12,Married-civ-spouse,Exec-managerial,Wife,White,Female,0,0,40,United-States,0
23,Private,150463,HS-grad,9,Never-married,Priv-house-serv,Unmarried,Other,Female,0,0,40,Other,0
43,Local-gov,209544,Masters,14,Never-married,Exec-managerial,Not-in-family,White,Female,10520,0,50,United-States,1
52,Self-emp-inc,77392,HS-grad,9,Married-civ-spouse,Farming-fishing,Husband,White,Male,0,0,60,United-States,0
37,Self-emp-not-inc,352882,HS-grad,9,Divorced,Exec-managerial,Not-in-family,Asian-Pac-Islander,Female,0,0,70,Other,1
36,Local-gov,192337,HS-grad,9,Never-married,Other-service,Not-in-family,White,Male,0,0,40,United-States,0
35,Private,238342,HS-grad,9,Married-civ-spouse,Transport-moving,Husband,White,Male,0,0,40,United-States,0
51,State-gov,454063,Doctorate,16,Married-civ-spouse,Exec-managerial,Husband,White,Male,7298,0,40,United-States,1
43,Private,373403,Assoc-voc,11,Married-civ-spouse,Craft-repair,Husband,White,Male,0,0,40,United-States,0
28,Private,249362,11th,7,Married-civ-spouse,Transport-moving,Husband,White,Male,0,0,50,United-States,0
27,Private,145784,Some-college,10,Married-civ-spouse,Adm-clerical,Wife,Amer-Indian-Eskimo,Female,0,0,45,United-States,0
25,Private,60358,Bachelors,13,Never-married,Exec-managerial,Own-child,White,Male,0,0,40,United-States,0
22,Private,164775,9th,5,Never-married,Machine-op-inspct,Unmarried,White,Male,0,0,40,Other,0
38,Local-gov,409200,Some-college,10,Married-civ-spouse,Tech-support,Husband,White,Male,0,0,40,United-States,1
50,Private,192203,11th,7,Married-civ-spouse,Transport-moving,Husband,White,Male,0,0,40,United-States,0
25,Private,210095,11th,7,Married-spouse-absent,Handlers-cleaners,Not-in-family,White,Female,0,0,40,Mexico,0
59,Private,140569,Some-college,10,Separated,Sales,Not-in-family,White,Male,14084,0,60,United-States,1
57,Self-emp-inc,146103,Bachelors,13,Married-civ-spouse,Prof-specialty,Husband,White,Male,0,0,45,United-States,1
38,Local-gov,223237,Masters,14,Married-civ-spouse,Prof-specialty,Husband,White,Male,0,0,40,United-States,1
59,Private,70720,Bachelors,13,Divorced,Sales,Not-in-family,White,Male,0,0,55,United-States,1
22,Private,359759,Some-college,10,Never-married,Sales,Not-in-family,Asian-Pac-Islander,Male,0,0,20,Philippines,0
48,Self-emp-not-inc,181758,Doctorate,16,Never-married,Prof-specialty,Unmarried,White,Female,0,0,60,United-States,1
38,Private,32837,Bachelors,13,Divorced,Prof-specialty,Unmarried,White,Female,0,0,56,United-States,0
58,Self-emp-inc,112945,Prof-school,15,Never-married,Prof-specialty,Not-in-family,White,Male,27828,0,40,United-States,1
46,Local-gov,316205,Bachelors,13,Married-civ-spouse,Exec-managerial,Husband,Black,Male,0,0,40,United-States,1
43,Private,197397,Some-college,10,Married-civ-spouse,Prof-specialty,Wife,Other,Female,0,0,6,Other,0
40,Local-gov,188436,Some-college,10,Married-civ-spouse,Protective-serv,Husband,White,Male,7298,0,40,United-States,1
20,Local-gov,247794,Assoc-voc,11,Never-married,Adm-clerical,Own-child,White,Female,0,0,35,United-States,0
31,Local-gov,226494,Bachelors,13,Never-married,Prof-specialty,Not-in-family,White,Male,0,0,45,United-States,0
44,Private,105862,Some-college,10,Married-civ-spouse,Exec-managerial,Wife,White,Female,0,0,70,United-States,1
20,Private,137300,Assoc-voc,11,Never-married,Machine-op-inspct,Unmarried,White,Female,0,0,40,United-States,0
24,Private,275093,HS-grad,9,Never-married,Handlers-cleaners,Not-in-family,White,Female,0,0,36,United-States,0
28,Private,137898,Assoc-acdm,12,Never-married,Sales,Own-child,White,Female,0,0,35,United-States,0
26,Private,318934,10th,6,Married-civ-spouse,Handlers-cleaners,Husband,White,Male,0,0,40,United-States,0
24,Private,237386,Some-college,10,Never-married,Exec-managerial,Not-in-family,White,Male,0,0,42,United-States,0
30,Private,227886,HS-grad,9,Never-married,Exec-managerial,Own-child,Black,Female,0,0,35,Other,0
32,Private,391874,HS-grad,9,Married-civ-spouse,Craft-repair,Husband,White,Male,0,0,40,United-States,0
29,Private,67218,Bachelors,13,Married-civ-spouse,Prof-specialty,Husband,White,Male,0,0,40,United-States,1
61,Private,223133,HS-grad,9,Divorced,Handlers-cleaners,Not-in-family,Black,Female,0,0,40,United-States,0
37,Local-gov,269300,Some-college,10,Married-spouse-absent,Adm-clerical,Unmarried,Black,Female,0,0,27,United-States,0
45,Federal-gov,232997,Some-college,10,Married-civ-spouse,Transport-moving,Husband,White,Male,0,0,65,United-States,1
48,Self-emp-inc,369522,Bachelors,13,Married-civ-spouse,Exec-managerial,Wife,White,Female,0,0,25,United-States,1
20,Private,286391,Some-college,10,Never-married,Adm-clerical,Own-child,White,Female,2176,0,20,United-States,0
39,Private,286026,Bachelors,13,Married-civ-spouse,Adm-clerical,Husband,White,Male,0,0,40,United-States,1
52,Private,127315,Masters,14,Married-civ-spouse,Prof-specialty,Husband,White,Male,0,0,40,United-States,1
34,Private,184942,11th,7,Married-civ-spouse,Transport-moving,Husband,White,Male,0,0,50,United-States,0
48,Private,140782,Masters,14,Married-civ-spouse,Exec-managerial,Wife,White,Female,0,1902,38,United-States,1
39,Federal-gov,257175,Bachelors,13,Divorced,Tech-support,Unmarried,Black,Female,0,625,40,United-States,0
34,Private,345705,HS-grad,9,Divorced,Craft-repair,Not-in-family,White,Male,0,1408,38,United-States,0
73,Self-emp-not-inc,300404,Some-college,10,Married-civ-spouse,Sales,Husband,White,Male,0,0,6,United-States,1
53,Private,96062,Bachelors,13,Married-civ-spouse,Exec-managerial,Husband,White,Male,0,0,40,Other,0
51,Private,165614,Masters,14,Never-married,Prof-specialty,Not-in-family,White,Male,0,0,55,United-States,1
26,Federal-gov,352768,HS-grad,9,Divorced,Adm-clerical,Own-child,White,Female,0,0,40,United-States,0
27,Private,210313,HS-grad,9,Married-civ-spouse,Sales,Husband,White,Male,0,0,50,Other,0
38,Private,194538,Assoc-voc,11,Married-civ-spouse,Machine-op-inspct,Husband,White,Male,0,0,48,United-States,1
23,Private,107452,Some-college,10,Married-civ-spouse,Transport-moving,Husband,White,Male,0,0,40,United-States,0
39,Self-emp-not-inc,336793,Masters,14,Married-civ-spouse,Craft-repair,Husband,White,Male,0,0,55,United-States,1
19,Private,82210,HS-grad,9,Never-married,Sales,Not-in-family,White,Male,0,0,50,United-States,0
23,Private,208826,Bachelors,13,Never-married,Other-service,Not-in-family,White,Female,0,0,40,United-States,0
43,Private,258049,Masters,14,Married-civ-spouse,Exec-managerial,Husband,White,Male,7688,0,53,United-States,1
34,Private,164748,HS-grad,9,Married-civ-spouse,Craft-repair,Husband,White,Male,0,0,40,United-States,0
36,Self-emp-inc,77146,Bachelors,13,Married-civ-spouse,Sales,Husband,White,Male,15024,0,45,United-States,1
24,Private,241857,Some-college,10,Never-married,Adm-clerical,Not-in-family,Black,Female,0,0,35,United-States,0
48,Private,175221,HS-grad,9,Married-civ-spouse,Machine-op-inspct,Husband,White,Male,0,0,40,United-States,0
23,Private,176724,11th,7,Married-civ-spouse,Machine-op-inspct,Husband,White,Male,0,0,40,Other,0
35,Private,49749,Some-college,10,Divorced,Adm-clerical,Not-in-family,White,Female,0,0,40,United-States,1
25,State-gov,156848,HS-grad,9,Married-civ-spouse,Protective-serv,Own-child,White,Male,0,0,35,United-States,0
20,Private,216811,Some-college,10,Never-married,Sales,Own-child,White,Female,0,0,40,United-States,0
27,Self-emp-inc,113870,Masters,14,Never-married,Transport-moving,Own-child,White,Male,0,0,40,United-States,0
29,Private,131714,10th,6,Divorced,Machine-op-inspct,Not-in-family,Black,Female,0,0,25,United-States,0
39,Private,174924,HS-grad,9,Separated,Exec-managerial,Not-in-family,White,Male,14344,0,40,United-States,1
31,Private,98639,Bachelors,13,Never-married,Tech-support,Not-in-family,White,Male,0,0,40,United-States,0
76,Local-gov,169133,Some-college,10,Widowed,Adm-clerical,Not-in-family,White,Female,0,0,30,United-States,0
44,Federal-gov,102238,HS-grad,9,Divorced,Craft-repair,Unmarried,White,Male,0,0,40,United-States,0
35,Private,54595,10th,6,Widowed,Other-service,Not-in-family,Black,Female,0,1980,40,United-States,0
45,Private,101656,10th,6,Never-married,Machine-op-inspct,Not-in-family,Asian-Pac-Islander,Male,0,0,40,Other,0
28,Private,114158,Bachelors,13,Married-civ-spouse,Prof-specialty,Wife,White,Female,0,1977,24,United-States,1
27,Private,207213,HS-grad,9,Never-married,Handlers-cleaners,Own-child,White,Male,0,0,40,United-States,0
23,Private,109430,HS-grad,9,Never-married,Other-service,Not-in-family,White,Female,0,0,40,United-States,0
24,Private,52262,HS-grad,9,Never-married,Machine-op-inspct,Not-in-family,White,Male,0,0,40,United-States,0
30,Private,144064,HS-grad,9,Married-civ-spouse,Exec-managerial,Husband,White,Male,0,0,62,United-States,0
42,Private,103932,Assoc-voc,11,Divorced,Prof-specialty,Unmarried,White,Female,0,0,40,United-States,0
40,Private,188942,Some-college,10,Married-civ-spouse,Sales,Wife,Black,Female,0,0,40,Other,0
59,Private,175942,HS-grad,9,Married-civ-spouse,Transport-moving,Husband,White,Male,0,0,45,United-States,1
37,Private,233571,Assoc-voc,11,Married-civ-spouse,Tech-support,Wife,White,Female,0,0,37,United-States,1
62,Private,122033,HS-grad,9,Widowed,Adm-clerical,Not-in-family,White,Female,0,0,38,United-States,0
27,Private,34273,Assoc-voc,11,Never-married,Prof-specialty,Not-in-family,White,Female,0,1876,36,Other,0
31,Private,202729,HS-grad,9,Married-civ-spouse,Transport-moving,Husband,White,Male,0,0,50,United-States,0
49,Private,195554,HS-grad,9,Married-civ-spouse,Transport-moving,Husband,White,Male,0,0,44,United-States,0
21,Private,199444,HS-grad,9,Never-married,Adm-clerical,Own-child,White,Female,0,0,44,United-States,0
38,Private,87556,Bachelors,13,Married-civ-spouse,Exec-managerial,Husband,White,Male,7688,0,55,United-States,1
62,Private,103344,Bachelors,13,Widowed,Exec-managerial,Not-in-family,White,Male,10520,0,50,United-States,1
23,Private,237720,Bachelors,13,Never-married,Prof-specialty,Not-in-family,White,Male,0,0,38,United-States,0
32,Private,348152,Masters,14,Married-civ-spouse,Exec-managerial,Husband,White,Male,0,0,40,United-States,1
28,Self-emp-not-inc,315417,Prof-school,15,Never-married,Prof-specialty,Not-in-family,White,Male,2176,0,40,United-States,0
28,Private,77760,HS-grad,9,Never-married,Other-service,Unmarried,White,Male,0,0,40,United-States,0
45,Private,220641,Some-college,10,Divorced,Exec-managerial,Unmarried,White,Female,0,0,40,United-States,0
23,Private,215624,Some-college,10,Never-married,Machine-op-inspct,Unmarried,Asian-Pac-Islander,Male,0,0,40,Other,0
36,Private,293528,Assoc-voc,11,Never-married,Tech-support,Not-in-family,White,Female,0,0,3,United-States,0
20,Private,451996,HS-grad,9,Never-married,Handlers-cleaners,Own-child,White,Male,0,0,40,United-States,0
59,Private,243226,10th,6,Divorced,Machine-op-inspct,Not-in-family,White,Female,0,0,40,United-States,0
27,Private,165365,HS-grad,9,Married-civ-spouse,Machine-op-inspct,Husband,Asian-Pac-Islander,Male,2885,0,40,Other,0
20,Private,131852,HS-grad,9,Never-married,Adm-clerical,Not-in-family,White,Female,0,0,40,United-States,0
57,Local-gov,130532,Bachelors,13,Widowed,Prof-specialty,Not-in-family,White,Female,0,0,35,United-States,0
32,Private,207201,Bachelors,13,Never-married,Prof-specialty,Not-in-family,White,Male,0,0,45,United-States,1
61,Private,115023,Some-college,10,Married-civ-spouse,Prof-specialty,Husband,White,Male,0,0,50,United-States,1
49,Private,54260,Bachelors,13,Married-civ-spouse,Prof-specialty,Husband,White,Male,0,0,40,United-States,1
49,Private,318331,HS-grad,9,Divorced,Machine-op-inspct,Not-in-family,White,Male,0,0,40,United-States,0
23,Private,238092,Bachelors,13,Never-married,Prof-specialty,Own-child,White,Male,0,0,40,United-States,0
26,Private,82246,Bachelors,13,Never-married,Exec-managerial,Not-in-family,White,Male,0,1876,38,United-States,0
45,Self-emp-not-inc,298130,HS-grad,9,Married-civ-spouse,Exec-managerial,Husband,White,Male,0,0,25,United-States,0
26,Private,135645,Bachelors,13,Never-married,Sales,Not-in-family,White,Male,0,0,40,United-States,0
48,Self-emp-inc,238966,Some-college,10,Divorced,Exec-managerial,Not-in-family,White,Male,0,0,40,United-States,0
52,Private,176134,HS-grad,9,Married-civ-spouse,Machine-op-inspct,Husband,Black,Male,0,0,48,United-States,0
35,Private,98948,Bachelors,13,Married-civ-spouse,Other-service,Wife,White,Female,0,0,32,United-States,0
61,State-gov,159908,11th,7,Widowed,Other-service,Unmarried,White,Female,0,0,32,United-States,1
74,Private,91488,Primary,2,Married-civ-spouse,Transport-moving,Husband,Black,Male,0,0,20,United-States,0
50,Federal-gov,299831,Some-college,10,Divorced,Adm-clerical,Unmarried,White,Female,0,880,40,United-States,0
40,Private,116632,Bachelors,13,Divorced,Sales,Own-child,White,Male,0,0,80,United-States,0
30,Private,254905,HS-grad,9,Married-civ-spouse,Machine-op-inspct,Husband,White,Male,0,0,40,United-States,0
32,Private,203674,Assoc-acdm,12,Divorced,Prof-specialty,Unmarried,White,Female,0,880,36,United-States,0
60,Private,40856,Assoc-voc,11,Married-civ-spouse,Craft-repair,Husband,White,Male,0,0,46,United-States,1
45,Private,220213,HS-grad,9,Widowed,Craft-repair,Not-in-family,White,Female,0,0,40,United-States,0
36,Private,184659,HS-grad,9,Married-civ-spouse,Machine-op-inspct,Husband,White,Male,0,0,40,United-States,1
68,Self-emp-not-inc,198554,Some-college,10,Divorced,Transport-moving,Not-in-family,White,Female,0,0,20,United-States,0
45,Private,26502,Bachelors,13,Married-civ-spouse,Craft-repair,Husband,White,Male,0,0,72,United-States,1
36,Private,150042,HS-grad,9,Never-married,Adm-clerical,Own-child,White,Female,0,0,40,United-States,0
29,Private,58115,Bachelors,13,Married-civ-spouse,Sales,Husband,White,Male,0,0,41,United-States,0
27,Private,242207,Bachelors,13,Never-married,Tech-support,Own-child,White,Female,0,0,40,United-States,0
45,Local-gov,188823,Masters,14,Married-civ-spouse,Prof-specialty,Husband,White,Male,0,0,50,United-States,1
27,Private,166210,HS-grad,9,Divorced,Craft-repair,Not-in-family,White,Male,0,0,50,United-States,0
38,Private,99388,Assoc-acdm,12,Married-civ-spouse,Other-service,Husband,White,Male,0,0,40,Other,0
62,Private,162825,HS-grad,9,Married-civ-spouse,Exec-managerial,Husband,White,Male,0,0,40,United-States,1
41,Self-emp-inc,223671,HS-grad,9,Married-civ-spouse,Sales,Husband,White,Male,0,1887,55,United-States,1
33,Federal-gov,615893,Masters,14,Married-civ-spouse,Transport-moving,Husband,Black,Male,0,0,40,Other,0
58,Private,197114,11th,7,Married-civ-spouse,Craft-repair,Husband,White,Male,0,0,40,United-States,0
36,Local-gov,130620,HS-grad,9,Married-civ-spouse,Adm-clerical,Wife,Asian-Pac-Islander,Female,0,0,40,Other,1
33,Private,132705,9th,5,Separated,Adm-clerical,Not-in-family,White,Male,0,0,48,United-States,0
35,Private,81232,Bachelors,13,Married-civ-spouse,Sales,Husband,White,Male,15024,0,50,United-States,1
45,Local-gov,191776,Masters,14,Divorced,Prof-specialty,Not-in-family,White,Female,0,0,40,United-States,0
39,Private,33983,Some-college,10,Married-civ-spouse,Adm-clerical,Husband,White,Male,15024,0,40,United-States,1
41,Self-emp-inc,73431,Bachelors,13,Widowed,Prof-specialty,Unmarried,White,Female,0,0,40,United-States,0
20,Private,122166,Some-college,10,Never-married,Adm-clerical,Not-in-family,White,Female,0,0,40,United-States,0
38,Private,292307,Bachelors,13,Married-spouse-absent,Craft-repair,Not-in-family,Black,Male,0,0,40,Other,0
21,Private,223352,HS-grad,9,Never-married,Other-service,Not-in-family,White,Female,1055,0,30,United-States,0
34,Private,186269,HS-grad,9,Divorced,Adm-clerical,Own-child,White,Male,0,0,40,United-States,0
23,Private,353696,HS-grad,9,Never-married,Farming-fishing,Own-child,White,Male,0,0,40,United-States,0
53,Private,290688,HS-grad,9,Married-civ-spouse,Craft-repair,Husband,White,Male,0,0,52,United-States,1
43,Private,427382,Masters,14,Never-married,Prof-specialty,Not-in-family,White,Male,0,0,50,United-States,1
36,Local-gov,212856,11th,7,Never-married,Other-service,Unmarried,White,Female,0,0,23,United-States,0
39,Private,108540,HS-grad,9,Married-civ-spouse,Sales,Husband,White,Male,0,0,40,United-States,0
42,State-gov,167581,Bachelors,13,Never-married,Adm-clerical,Other-relative,White,Female,0,0,40,United-States,0
21,Private,243921,HS-grad,9,Never-married,Other-service,Own-child,White,Male,0,0,40,United-States,0
26,Local-gov,138597,HS-grad,9,Never-married,Other-service,Unmarried,Black,Female,0,0,25,United-States,0
22,Local-gov,163205,HS-grad,9,Never-married,Other-service,Own-child,White,Female,0,0,53,United-States,0
65,Private,31924,Some-college,10,Widowed,Adm-clerical,Not-in-family,White,Female,0,0,15,United-States,0
38,Private,150601,10th,6,Separated,Adm-clerical,Unmarried,White,Male,0,3770,40,United-States,0
29,Local-gov,280344,Some-college,10,Married-civ-spouse,Transport-moving,Husband,White,Male,0,0,40,United-States,0
63,Self-emp-not-inc,181561,Some-college,10,Divorced,Exec-managerial,Not-in-family,White,Male,0,0,50,United-States,0
31,Private,591711,Some-college,10,Married-spouse-absent,Transport-moving,Not-in-family,Black,Male,0,0,40,Other,0
19,Self-emp-not-inc,285263,9th,5,Never-married,Prof-specialty,Not-in-family,White,Male,0,0,35,Mexico,0
50,Private,305147,Bachelors,13,Married-civ-spouse,Craft-repair,Husband,White,Male,0,0,40,United-States,0
68,Self-emp-inc,136218,HS-grad,9,Widowed,Other-service,Unmarried,White,Female,0,0,15,United-States,0
41,Federal-gov,371382,Some-college,10,Married-civ-spouse,Exec-managerial,Husband,Black,Male,0,0,40,United-States,1
28,Private,69847,Bachelors,13,Never-married,Adm-clerical,Own-child,Asian-Pac-Islander,Female,0,0,30,United-States,0
46,Private,192779,Bachelors,13,Never-married,Sales,Not-in-family,White,Male,0,0,45,United-States,1
41,Private,207578,Assoc-acdm,12,Married-civ-spouse,Exec-managerial,Husband,Black,Male,0,0,50,Other,1
55,Private,314592,HS-grad,9,Married-civ-spouse,Craft-repair,Husband,White,Male,0,0,40,United-States,1
24,Private,163595,HS-grad,9,Never-married,Machine-op-inspct,Own-child,White,Male,0,0,40,United-States,0
28,Self-emp-inc,32922,Assoc-voc,11,Never-married,Sales,Not-in-family,White,Male,0,0,60,United-States,0
44,Private,124924,HS-grad,9,Married-civ-spouse,Exec-managerial,Husband,White,Male,0,0,40,Mexico,0
44,Private,188331,Some-college,10,Divorced,Exec-managerial,Unmarried,White,Female,0,0,42,United-States,0
44,Private,240043,10th,6,Married-spouse-absent,Adm-clerical,Unmarried,Black,Female,0,0,30,United-States,0
17,Private,150106,10th,6,Never-married,Sales,Own-child,White,Female,0,0,20,United-States,0
74,Private,194312,9th,5,Widowed,Craft-repair,Not-in-family,White,Male,0,0,10,Other,0
43,Private,207685,HS-grad,9,Married-civ-spouse,Machine-op-inspct,Husband,White,Male,0,0,40,United-States,0
23,Private,96635,Some-college,10,Never-married,Machine-op-inspct,Own-child,Asian-Pac-Islander,Male,0,0,30,United-States,0
31,Private,211880,Bachelors,13,Married-civ-spouse,Sales,Husband,White,Male,0,0,40,United-States,0
57,Self-emp-inc,244605,Some-college,10,Married-civ-spouse,Sales,Husband,White,Male,0,0,50,United-States,1
50,Private,150876,HS-grad,9,Married-civ-spouse,Exec-managerial,Husband,Black,Male,0,1887,55,United-States,1
37,Private,360743,Some-college,10,Married-civ-spouse,Handlers-cleaners,Husband,Black,Male,0,0,40,United-States,1
60,Local-gov,93272,HS-grad,9,Married-civ-spouse,Other-service,Husband,White,Male,0,0,40,United-States,0
30,Self-emp-not-inc,278522,11th,7,Never-married,Farming-fishing,Own-child,Black,Male,0,0,40,United-States,0
32,Private,166634,HS-grad,9,Married-civ-spouse,Machine-op-inspct,Husband,Black,Male,0,0,40,United-States,0
43,Self-emp-not-inc,130126,Bachelors,13,Married-civ-spouse,Craft-repair,Husband,White,Male,0,0,40,United-States,1
46,Private,126513,HS-grad,9,Separated,Craft-repair,Unmarried,Black,Female,0,0,40,Other,0
27,Private,187981,HS-grad,9,Never-married,Handlers-cleaners,Own-child,White,Male,0,0,40,United-States,0
39,Private,35890,Assoc-acdm,12,Married-civ-spouse,Machine-op-inspct,Husband,White,Male,0,0,40,United-States,0
33,Private,168981,Masters,14,Divorced,Exec-managerial,Own-child,White,Female,14084,0,50,United-States,1
33,State-gov,306309,Masters,14,Never-married,Prof-specialty,Not-in-family,White,Male,0,0,50,United-States,0
46,Private,190115,Some-college,10,Married-civ-spouse,Sales,Husband,White,Male,0,1887,40,United-States,1
39,Private,151248,Some-college,10,Divorced,Sales,Other-relative,White,Female,0,0,35,United-States,0
53,Private,71772,Doctorate,16,Divorced,Prof-specialty,Not-in-family,White,Male,0,0,50,United-States,0
38,Self-emp-not-inc,37778,HS-grad,9,Never-married,Farming-fishing,Not-in-family,White,Male,0,0,60,United-States,0
34,State-gov,171216,Bachelors,13,Never-married,Prof-specialty,Own-child,White,Male,0,0,50,United-States,0
43,Private,188436,Assoc-voc,11,Divorced,Prof-specialty,Not-in-family,White,Male,0,0,48,United-States,0
54,Private,249322,Bachelors,13,Married-civ-spouse,Sales,Husband,White,Male,7688,0,50,United-States,1
39,Private,315291,HS-grad,9,Never-married,Adm-clerical,Unmarried,Black,Female,0,0,40,United-States,0
32,Private,146154,HS-grad,9,Married-civ-spouse,Sales,Wife,White,Female,0,0,40,United-States,0
21,Private,305781,HS-grad,9,Never-married,Handlers-cleaners,Unmarried,White,Male,0,0,45,United-States,0
32,Private,106742,HS-grad,9,Married-civ-spouse,Transport-moving,Husband,White,Male,0,0,40,United-States,0
28,Self-emp-not-inc,192838,Assoc-voc,11,Married-civ-spouse,Craft-repair,Husband,White,Male,0,0,45,United-States,0
42,Private,172148,Some-college,10,Married-civ-spouse,Adm-clerical,Husband,Black,Male,0,0,40,United-States,0
44,Private,153489,HS-grad,9,Never-married,Other-service,Unmarried,White,Male,0,0,40,United-States,0
59,Self-emp-not-inc,140957,Assoc-voc,11,Never-married,Exec-managerial,Not-in-family,White,Male,0,0,35,United-States,1
44,Self-emp-not-inc,109684,Masters,14,Divorced,Exec-managerial,Unmarried,White,Female,0,0,40,United-States,0
18,Private,184016,11th,7,Never-married,Sales,Own-child,White,Female,0,0,20,United-States,0
58,Self-emp-not-inc,35551,Bachelors,13,Married-civ-spouse,Exec-managerial,Husband,White,Male,0,0,70,United-States,1
51,Private,221672,Masters,14,Married-civ-spouse,Sales,Husband,White,Male,15024,0,50,United-States,1
46,Private,147640,Primary,3,Married-civ-spouse,Transport-moving,Husband,Amer-Indian-Eskimo,Male,0,1902,40,United-States,0
45,Private,148549,Some-college,10,Divorced,Craft-repair,Not-in-family,White,Male,27828,0,56,United-States,1
51,Private,302579,HS-grad,9,Divorced,Other-service,Other-relative,Black,Female,0,0,30,United-States,0
33,Private,174201,HS-grad,9,Never-married,Handlers-cleaners,Own-child,White,Male,0,0,40,United-States,0
34,Self-emp-not-inc,49707,HS-grad,9,Married-civ-spouse,Exec-managerial,Husband,White,Male,0,0,70,United-States,0
31,Private,240283,Bachelors,13,Married-civ-spouse,Adm-clerical,Wife,White,Female,0,0,40,United-States,1
32,Local-gov,159187,Bachelors,13,Never-married,Prof-specialty,Not-in-family,White,Male,0,0,35,United-States,0
49,Self-emp-inc,86701,Some-college,10,Married-civ-spouse,Craft-repair,Husband,Asian-Pac-Islander,Male,0,0,56,United-States,1
35,Private,166549,12th,8,Married-civ-spouse,Machine-op-inspct,Husband,White,Male,0,0,40,United-States,0
27,Private,168138,HS-grad,9,Never-married,Exec-managerial,Own-child,White,Male,0,0,40,United-States,0
44,Private,192381,Bachelors,13,Married-civ-spouse,Prof-specialty,Husband,White,Male,0,1848,40,United-States,1
66,Private,234743,Some-college,10,Married-civ-spouse,Exec-managerial,Husband,White,Male,0,0,50,United-States,0
22,Private,341227,Some-college,10,Never-married,Adm-clerical,Not-in-family,White,Male,0,0,20,United-States,0
73,Self-emp-not-inc,102510,7th-8th,4,Married-civ-spouse,Farming-fishing,Husband,White,Male,6418,0,99,United-States,1
23,Private,177087,11th,7,Never-married,Adm-clerical,Unmarried,Black,Male,0,0,35,United-States,0
30,State-gov,290677,Masters,14,Never-married,Adm-clerical,Not-in-family,Black,Female,0,0,20,United-States,0
21,Private,283757,Some-college,10,Never-married,Sales,Own-child,White,Male,0,0,40,United-States,0
38,Local-gov,169104,Bachelors,13,Married-civ-spouse,Protective-serv,Husband,Asian-Pac-Islander,Male,0,0,40,Philippines,1
51,Private,171409,Some-college,10,Married-civ-spouse,Transport-moving,Husband,White,Male,0,0,40,United-States,1
31,Local-gov,47276,Bachelors,13,Married-civ-spouse,Other-service,Husband,White,Male,0,0,38,United-States,1
36,Private,105138,HS-grad,9,Divorced,Transport-moving,Not-in-family,White,Male,0,0,50,United-States,0
42,Private,143046,HS-grad,9,Never-married,Other-service,Own-child,White,Female,0,0,40,United-States,0
27,Private,116207,9th,5,Married-civ-spouse,Craft-repair,Husband,White,Male,0,0,32,United-States,0
33,Private,129707,Bachelors,13,Never-married,Adm-clerical,Not-in-family,White,Male,0,0,60,United-States,1
23,Local-gov,185575,Bachelors,13,Never-married,Prof-specialty,Own-child,White,Female,0,0,40,United-States,0
64,Self-emp-inc,59145,Doctorate,16,Married-civ-spouse,Exec-managerial,Husband,White,Male,0,1902,60,United-States,1
42,Self-emp-not-inc,352196,HS-grad,9,Separated,Other-service,Not-in-family,White,Female,0,0,22,United-States,0
34,Private,386370,Some-college,10,Married-civ-spouse,Craft-repair,Husband,White,Male,0,0,50,United-States,0
33,Private,415706,Primary,3,Separated,Other-service,Unmarried,White,Female,0,0,40,Mexico,0
26,Private,343506,HS-grad,9,Never-married,Other-service,Own-child,Black,Female,0,0,40,United-States,0
35,Private,81259,Bachelors,13,Never-married,Adm-clerical,Not-in-family,White,Female,0,0,43,United-States,0
21,Private,190968,HS-grad,9,Never-married,Machine-op-inspct,Own-child,White,Male,0,0,40,United-States,0
25,Local-gov,77698,Some-college,10,Never-married,Adm-clerical,Unmarried,Black,Female,0,0,40,United-States,0
48,Private,121124,Some-college,10,Married-civ-spouse,Other-service,Husband,White,Male,0,0,40,United-States,1
34,Private,214288,HS-grad,9,Never-married,Craft-repair,Own-child,White,Male,0,0,40,United-States,0
40,Self-emp-not-inc,167081,Masters,14,Married-civ-spouse,Sales,Husband,White,Male,3103,0,50,United-States,0
36,Private,33355,Some-college,10,Never-married,Other-service,Own-child,White,Male,0,0,45,United-States,0
80,Self-emp-not-inc,101771,11th,7,Married-civ-spouse,Exec-managerial,Husband,White,Male,0,0,25,United-States,0
62,Private,199193,HS-grad,9,Married-civ-spouse,Handlers-cleaners,Husband,White,Male,0,0,25,United-States,0
32,Private,286689,Assoc-acdm,12,Married-civ-spouse,Tech-support,Husband,White,Male,0,0,42,United-States,1
25,Private,120450,HS-grad,9,Never-married,Other-service,Not-in-family,White,Male,0,0,40,United-States,0
37,Private,221850,Masters,14,Married-civ-spouse,Exec-managerial,Husband,White,Male,0,0,50,Other,1
42,Private,240628,Bachelors,13,Married-civ-spouse,Exec-managerial,Wife,White,Female,0,0,40,United-States,1
26,Private,105059,9th,5,Married-civ-spouse,Craft-repair,Husband,White,Male,0,0,20,United-States,0
46,Private,79874,Bachelors,13,Married-civ-spouse,Exec-managerial,Husband,White,Male,0,0,53,United-States,1
54,Self-emp-not-inc,30908,7th-8th,4,Married-civ-spouse,Farming-fishing,Husband,White,Male,0,0,60,United-States,0
34,Private,376979,9th,5,Never-married,Craft-repair,Not-in-family,White,Male,0,0,40,United-States,0
39,Self-emp-not-inc,164593,Doctorate,16,Never-married,Prof-specialty,Not-in-family,White,Male,4787,0,40,United-States,1
42,Private,145711,Masters,14,Married-civ-spouse,Prof-specialty,Husband,White,Male,0,1902,50,United-States,1
20,Private,318036,HS-grad,9,Never-married,Other-service,Not-in-family,White,Male,0,0,40,United-States,0
36,Private,143486,Bachelors,13,Married-civ-spouse,Sales,Husband,White,Male,0,0,40,United-States,1
30,Private,141118,Assoc-voc,11,Never-married,Adm-clerical,Not-in-family,White,Female,0,0,40,United-States,0
50,Private,215990,HS-grad,9,Married-civ-spouse,Craft-repair,Husband,White,Male,0,0,40,United-States,1
31,Private,473133,Masters,14,Married-civ-spouse,Prof-specialty,Husband,White,Male,5178,0,40,United-States,1
23,Private,212619,HS-grad,9,Married-civ-spouse,Machine-op-inspct,Husband,White,Male,0,0,50,United-States,0
21,Private,278254,HS-grad,9,Married-civ-spouse,Machine-op-inspct,Husband,Black,Male,0,0,40,United-States,0
43,Federal-gov,72887,Bachelors,13,Married-spouse-absent,Tech-support,Not-in-family,Asian-Pac-Islander,Male,0,0,40,United-States,0
35,Private,186886,HS-grad,9,Divorced,Exec-managerial,Unmarried,White,Female,0,0,55,United-States,0
40,Private,174515,HS-grad,9,Widowed,Machine-op-inspct,Unmarried,White,Female,0,0,40,United-States,0
28,Private,185127,Some-college,10,Never-married,Sales,Not-in-family,White,Male,0,0,40,United-States,0
36,Private,209629,HS-grad,9,Married-civ-spouse,Machine-op-inspct,Husband,White,Male,0,0,40,United-States,0
28,Self-emp-not-inc,183523,HS-grad,9,Married-civ-spouse,Craft-repair,Husband,White,Male,0,0,50,Other,0
36,Private,272090,Bachelors,13,Divorced,Prof-specialty,Unmarried,White,Female,0,0,45,Other,0
48,Private,40666,11th,7,Married-civ-spouse,Handlers-cleaners,Husband,White,Male,0,0,60,United-States,0
41,Private,204662,Masters,14,Married-civ-spouse,Exec-managerial,Husband,White,Male,0,0,45,United-States,1
20,Private,352139,Some-college,10,Divorced,Other-service,Own-child,White,Female,0,0,29,United-States,0
19,Private,271446,Some-college,10,Never-married,Other-service,Own-child,White,Female,0,0,25,United-States,0
44,Self-emp-inc,33126,Some-college,10,Married-civ-spouse,Exec-managerial,Husband,White,Male,0,0,80,United-States,0
57,Private,124507,Bachelors,13,Married-civ-spouse,Sales,Husband,White,Male,0,0,55,United-States,1
49,Private,239865,11th,7,Married-civ-spouse,Transport-moving,Husband,White,Male,0,0,40,United-States,0
35,State-gov,119421,Bachelors,13,Married-civ-spouse,Exec-managerial,Wife,White,Female,0,0,35,United-States,1
22,Local-gov,138575,HS-grad,9,Never-married,Protective-serv,Unmarried,White,Male,0,0,56,United-States,0
40,Private,65866,Some-college,10,Divorced,Tech-support,Unmarried,White,Female,0,213,40,United-States,0
21,Private,45607,Some-college,10,Never-married,Other-service,Own-child,White,Female,0,0,40,United-States,0
30,Private,187560,Bachelors,13,Never-married,Sales,Not-in-family,White,Male,0,0,40,United-States,0
55,Self-emp-not-inc,53566,Doctorate,16,Divorced,Exec-managerial,Not-in-family,White,Female,0,0,30,United-States,0
32,Private,398019,7th-8th,4,Never-married,Priv-house-serv,Not-in-family,White,Female,0,0,15,Mexico,0
28,Self-emp-not-inc,149324,Some-college,10,Married-civ-spouse,Prof-specialty,Husband,White,Male,0,0,7,United-States,0
28,Private,181659,11th,7,Never-married,Transport-moving,Own-child,White,Male,0,0,50,United-States,0
19,Private,517036,HS-grad,9,Divorced,Craft-repair,Not-in-family,White,Female,0,0,40,Other,0
42,Private,141558,Masters,14,Married-civ-spouse,Prof-specialty,Husband,White,Male,0,0,60,United-States,0
29,Private,157941,Bachelors,13,Never-married,Tech-support,Not-in-family,White,Male,0,0,40,United-States,0
30,Private,103642,11th,7,Married-civ-spouse,Craft-repair,Husband,White,Male,0,0,40,United-States,0
30,Private,161572,HS-grad,9,Married-civ-spouse,Other-service,Wife,White,Female,0,0,45,United-States,0
32,Private,207937,Some-college,10,Never-married,Craft-repair,Not-in-family,White,Male,0,0,40,United-States,0
17,Private,225211,9th,5,Never-married,Other-service,Own-child,Black,Male,0,0,35,United-States,0
39,State-gov,119421,HS-grad,9,Separated,Adm-clerical,Unmarried,White,Female,0,625,35,United-States,0
51,Private,441637,HS-grad,9,Married-civ-spouse,Tech-support,Husband,White,Male,0,0,40,United-States,0
45,Private,97176,11th,7,Divorced,Adm-clerical,Unmarried,White,Female,0,0,16,United-States,0
35,Private,63921,HS-grad,9,Married-civ-spouse,Machine-op-inspct,Husband,White,Male,0,0,40,United-States,0
37,Private,50837,Masters,14,Married-civ-spouse,Prof-specialty,Husband,White,Male,0,0,45,United-States,1
51,Private,313146,HS-grad,9,Married-civ-spouse,Machine-op-inspct,Husband,White,Male,0,0,40,United-States,0
69,Self-emp-not-inc,29980,7th-8th,4,Never-married,Farming-fishing,Other-relative,White,Male,1848,0,10,United-States,0
43,Private,271807,Some-college,10,Divorced,Craft-repair,Not-in-family,White,Male,0,0,40,United-States,0
35,Self-emp-not-inc,264627,11th,7,Divorced,Exec-managerial,Unmarried,White,Female,0,0,84,United-States,0
40,Private,247880,Bachelors,13,Married-civ-spouse,Tech-support,Husband,White,Male,0,0,40,United-States,1
39,Private,117683,10th,6,Married-civ-spouse,Handlers-cleaners,Husband,White,Male,0,0,45,United-States,0
17,Private,168203,7th-8th,4,Never-married,Farming-fishing,Other-relative,Other,Male,0,0,40,Mexico,0
28,Private,190911,HS-grad,9,Married-civ-spouse,Craft-repair,Husband,White,Male,0,0,40,United-States,0
52,Private,115851,HS-grad,9,Married-civ-spouse,Craft-repair,Husband,White,Male,0,0,40,United-States,0
24,Private,417668,Bachelors,13,Never-married,Prof-specialty,Own-child,White,Male,0,0,20,United-States,0
29,Private,59231,Some-college,10,Married-civ-spouse,Craft-repair,Husband,White,Male,0,0,42,United-States,0
26,Federal-gov,52322,Bachelors,13,Never-married,Tech-support,Not-in-family,Other,Male,0,0,60,United-States,0
36,Private,107125,HS-grad,9,Married-civ-spouse,Tech-support,Husband,White,Male,0,0,50,United-States,0
28,Federal-gov,281860,Bachelors,13,Never-married,Prof-specialty,Not-in-family,White,Female,0,0,40,United-States,0
38,Private,220783,HS-grad,9,Divorced,Other-service,Not-in-family,White,Female,0,0,20,United-States,0
64,Private,631947,10th,6,Married-civ-spouse,Adm-clerical,Husband,White,Male,0,0,40,United-States,0
47,Local-gov,193012,Masters,14,Divorced,Protective-serv,Not-in-family,Black,Male,0,0,50,United-States,1
51,Self-emp-not-inc,94432,HS-grad,9,Married-civ-spouse,Farming-fishing,Husband,White,Male,0,0,55,United-States,1
59,State-gov,202682,HS-grad,9,Married-civ-spouse,Sales,Husband,White,Male,0,0,40,United-States,0
22,Private,436798,Some-college,10,Married-civ-spouse,Tech-support,Husband,White,Male,0,0,40,United-States,0
30,State-gov,180283,HS-grad,9,Never-married,Other-service,Not-in-family,Black,Female,0,0,40,United-States,0
55,Private,24694,Some-college,10,Divorced,Prof-specialty,Not-in-family,White,Female,0,0,40,United-States,0
55,Self-emp-inc,207489,Bachelors,13,Divorced,Sales,Not-in-family,White,Female,0,0,50,Other,0
26,Private,257910,Some-college,10,Never-married,Other-service,Not-in-family,White,Male,0,0,60,United-States,0
26,Private,279833,Bachelors,13,Never-married,Exec-managerial,Not-in-family,White,Male,0,2258,45,United-States,1
32,Private,101562,Bachelors,13,Never-married,Prof-specialty,Not-in-family,White,Female,0,0,45,United-States,0
41,Private,237452,Bachelors,13,Married-civ-spouse,Prof-specialty,Wife,White,Female,0,0,15,Other,1
37,Private,224947,Assoc-voc,11,Never-married,Other-service,Not-in-family,White,Male,0,0,40,United-States,0
36,State-gov,437890,HS-grad,9,Never-married,Exec-managerial,Unmarried,Black,Male,0,0,90,United-States,0
46,Local-gov,114160,Masters,14,Married-civ-spouse,Exec-managerial,Husband,White,Male,0,1902,45,United-States,1
42,Private,137698,Primary,3,Married-spouse-absent,Farming-fishing,Not-in-family,White,Male,0,0,35,Mexico,0
28,Private,158737,12th,8,Married-civ-spouse,Machine-op-inspct,Other-relative,Other,Male,0,0,40,Other,0
44,Private,181762,Bachelors,13,Married-civ-spouse,Transport-moving,Husband,White,Male,15024,0,55,United-States,1
66,Private,151227,Bachelors,13,Married-civ-spouse,Other-service,Husband,White,Male,0,0,40,United-States,1
46,Private,282538,Assoc-voc,11,Separated,Machine-op-inspct,Not-in-family,Black,Female,0,0,40,United-States,0
33,Private,87605,HS-grad,9,Never-married,Other-service,Unmarried,Black,Female,0,0,40,United-States,0
39,Private,387068,HS-grad,9,Married-civ-spouse,Exec-managerial,Husband,White,Male,0,0,40,United-States,1
37,Private,125167,Some-college,10,Married-civ-spouse,Exec-managerial,Husband,White,Male,0,0,60,United-States,1
43,Private,336042,HS-grad,9,Separated,Transport-moving,Not-in-family,White,Male,0,0,40,United-States,0
43,Self-emp-not-inc,35236,Some-college,10,Married-civ-spouse,Farming-fishing,Husband,White,Male,0,0,84,United-States,0
39,Private,155603,Some-college,10,Never-married,Other-service,Own-child,Black,Female,0,2205,40,United-States,0
54,Local-gov,168553,Bachelors,13,Married-civ-spouse,Exec-managerial,Husband,White,Male,0,0,40,United-States,0
36,Private,217926,Assoc-acdm,12,Married-civ-spouse,Machine-op-inspct,Husband,Black,Male,0,0,50,United-States,0
37,Self-emp-inc,196123,Masters,14,Married-civ-spouse,Exec-managerial,Husband,White,Male,0,0,70,United-States,1
40,Private,346847,Assoc-voc,11,Separated,Prof-specialty,Other-relative,White,Female,0,0,40,United-States,0
57,Private,237691,HS-grad,9,Married-civ-spouse,Other-service,Husband,White,Male,0,0,40,Mexico,0
49,State-gov,118567,Some-college,10,Married-civ-spouse,Farming-fishing,Husband,White,Male,0,0,40,United-States,0
21,Private,147655,HS-grad,9,Never-married,Other-service,Own-child,White,Female,0,0,35,United-States,0
36,Local-gov,293358,Some-college,10,Never-married,Exec-managerial,Unmarried,Black,Female,0,0,48,United-States,0
44,Self-emp-not-inc,75065,12th,8,Married-civ-spouse,Exec-managerial,Husband,Asian-Pac-Islander,Male,0,0,60,Other,0
50,Private,275181,Primary,3,Divorced,Other-service,Not-in-family,White,Male,0,0,37,Other,0
44,Private,367749,Bachelors,13,Never-married,Prof-specialty,Not-in-family,White,Female,0,0,45,Mexico,0
20,Private,235442,Some-college,10,Never-married,Other-service,Not-in-family,White,Male,0,0,35,United-States,0
18,Private,27920,11th,7,Never-married,Exec-managerial,Own-child,White,Female,0,0,25,United-States,0
43,Private,345789,Bachelors,13,Married-civ-spouse,Prof-specialty,Wife,White,Female,15024,0,50,United-States,1
46,Private,102569,Masters,14,Married-civ-spouse,Exec-managerial,Husband,White,Male,15024,0,65,United-States,1
26,Private,37202,Bachelors,13,Never-married,Prof-specialty,Not-in-family,White,Female,0,0,45,United-States,0
18,Private,298860,12th,8,Never-married,Handlers-cleaners,Own-child,White,Male,0,0,20,United-States,0
51,Private,45599,HS-grad,9,Divorced,Prof-specialty,Not-in-family,White,Male,0,0,40,United-States,0
30,Private,326199,9th,5,Married-civ-spouse,Craft-repair,Husband,White,Male,2580,0,40,United-States,0
46,Private,376789,HS-grad,9,Never-married,Other-service,Not-in-family,White,Male,0,0,15,United-States,0
47,Private,166181,Some-college,10,Married-civ-spouse,Adm-clerical,Wife,Black,Female,0,0,48,United-States,1
42,Private,115511,Doctorate,16,Married-civ-spouse,Prof-specialty,Husband,White,Male,0,0,50,United-States,0
33,Private,140206,Prof-school,15,Married-civ-spouse,Prof-specialty,Husband,White,Male,0,0,40,United-States,1
31,Self-emp-not-inc,119411,HS-grad,9,Never-married,Craft-repair,Own-child,White,Male,0,0,50,United-States,0
54,Private,53407,HS-grad,9,Married-civ-spouse,Craft-repair,Husband,White,Male,0,0,40,United-States,0
71,Private,77253,HS-grad,9,Never-married,Handlers-cleaners,Not-in-family,White,Male,0,0,17,United-States,0
39,Federal-gov,30916,Some-college,10,Married-civ-spouse,Exec-managerial,Husband,White,Male,0,1902,50,United-States,1
47,Private,111961,HS-grad,9,Married-civ-spouse,Other-service,Wife,Black,Female,0,0,30,United-States,0
68,Private,159191,Some-college,10,Never-married,Adm-clerical,Not-in-family,White,Female,0,0,40,United-States,0
56,Private,178033,Some-college,10,Widowed,Exec-managerial,Not-in-family,White,Male,4416,0,60,United-States,0
55,Private,98746,Some-college,10,Married-civ-spouse,Tech-support,Husband,White,Male,0,0,50,Other,1
42,Private,245317,10th,6,Married-civ-spouse,Transport-moving,Husband,White,Male,0,0,50,United-States,0
32,Private,328060,9th,5,Separated,Other-service,Unmarried,Other,Female,0,0,40,Mexico,0
44,Private,172032,Assoc-voc,11,Married-civ-spouse,Adm-clerical,Husband,White,Male,7298,0,51,United-States,1
46,Private,98012,Assoc-voc,11,Divorced,Adm-clerical,Not-in-family,White,Female,0,0,40,United-States,0
41,State-gov,108945,HS-grad,9,Never-married,Transport-moving,Not-in-family,White,Female,14344,0,40,United-States,1
65,Private,172815,Some-college,10,Married-civ-spouse,Farming-fishing,Husband,White,Male,0,0,40,United-States,0
22,Local-gov,237811,Assoc-acdm,12,Never-married,Adm-clerical,Own-child,Black,Female,0,0,35,Other,0
53,Federal-gov,177212,Some-college,10,Never-married,Prof-specialty,Unmarried,White,Female,0,0,40,United-States,0
71,Self-emp-not-inc,172046,7th-8th,4,Married-civ-spouse,Farming-fishing,Husband,White,Male,0,0,50,United-States,0
51,Private,95128,HS-grad,9,Divorced,Craft-repair,Not-in-family,White,Male,0,0,40,United-States,0
42,Private,119359,Prof-school,15,Married-civ-spouse,Sales,Wife,Amer-Indian-Eskimo,Female,15024,0,40,Other,1
57,Private,172291,HS-grad,9,Divorced,Adm-clerical,Other-relative,Black,Female,0,0,40,United-States,0
35,Private,180988,Some-college,10,Divorced,Adm-clerical,Unmarried,White,Female,0,0,39,United-States,0
31,Self-emp-not-inc,117346,Some-college,10,Married-civ-spouse,Sales,Husband,White,Male,0,0,48,United-States,0
21,Private,154422,Some-college,10,Never-married,Adm-clerical,Own-child,Asian-Pac-Islander,Female,0,0,40,United-States,0
43,State-gov,308498,HS-grad,9,Married-spouse-absent,Exec-managerial,Unmarried,White,Female,0,0,40,United-States,0
44,Self-emp-not-inc,216921,10th,6,Married-civ-spouse,Other-service,Husband,White,Male,0,0,70,United-States,0
61,Local-gov,144723,Masters,14,Married-civ-spouse,Exec-managerial,Husband,White,Male,7298,0,60,United-States,1
40,Private,198316,10th,6,Married-civ-spouse,Exec-managerial,Husband,White,Male,0,0,40,United-States,1
38,Private,607848,Bachelors,13,Married-civ-spouse,Sales,Husband,White,Male,0,0,40,United-States,1
72,Private,183616,HS-grad,9,Married-civ-spouse,Exec-managerial,Wife,White,Female,0,0,50,Other,0
39,State-gov,55568,HS-grad,9,Married-civ-spouse,Adm-clerical,Wife,White,Female,0,0,40,United-States,0
26,Private,179569,Some-college,10,Never-married,Adm-clerical,Not-in-family,White,Female,0,0,40,United-States,0
60,Self-emp-not-inc,89884,HS-grad,9,Married-civ-spouse,Sales,Husband,White,Male,0,0,50,United-States,0
27,Private,160786,11th,7,Married-civ-spouse,Craft-repair,Husband,White,Male,0,1902,40,United-States,1
37,Private,50837,7th-8th,4,Divorced,Exec-managerial,Not-in-family,White,Male,0,0,50,United-States,0
39,Private,81487,Some-college,10,Divorced,Exec-managerial,Unmarried,White,Female,0,625,40,United-States,0
68,State-gov,493363,Bachelors,13,Married-civ-spouse,Exec-managerial,Husband,White,Male,0,0,20,United-States,0
38,Private,76317,Assoc-voc,11,Married-civ-spouse,Exec-managerial,Husband,White,Male,0,0,55,United-States,1
24,Private,450695,Some-college,10,Never-married,Sales,Own-child,White,Male,0,0,35,United-States,0
40,Private,289309,Some-college,10,Divorced,Other-service,Not-in-family,White,Female,0,0,48,United-States,0
29,Private,206351,Bachelors,13,Never-married,Prof-specialty,Not-in-family,White,Male,0,0,40,United-States,0
24,Private,140001,HS-grad,9,Never-married,Sales,Own-child,White,Male,0,0,35,Other,0
27,Self-emp-inc,376936,HS-grad,9,Never-married,Sales,Not-in-family,White,Male,0,0,50,United-States,0
24,Private,117167,Some-college,10,Never-married,Other-service,Not-in-family,White,Female,0,0,53,United-States,0
41,Private,67065,Assoc-voc,11,Married-civ-spouse,Sales,Husband,White,Male,0,0,40,United-States,0
58,Private,116901,HS-grad,9,Divorced,Other-service,Unmarried,White,Female,0,0,25,United-States,0
42,Local-gov,328581,Masters,14,Married-civ-spouse,Prof-specialty,Husband,White,Male,0,0,55,United-States,0
57,Self-emp-inc,107617,HS-grad,9,Separated,Farming-fishing,Not-in-family,White,Male,0,0,60,United-States,1
29,Local-gov,376302,Assoc-voc,11,Married-civ-spouse,Tech-support,Wife,White,Female,0,0,35,Other,1
37,Private,115289,Some-college,10,Married-civ-spouse,Exec-managerial,Husband,White,Male,0,0,40,United-States,0
56,Self-emp-inc,258883,Some-college,10,Married-civ-spouse,Craft-repair,Husband,White,Male,0,0,40,United-States,0
47,Private,195978,HS-grad,9,Married-civ-spouse,Craft-repair,Husband,White,Male,0,0,40,United-States,1
50,Self-emp-inc,132716,Some-college,10,Married-civ-spouse,Exec-managerial,Husband,White,Male,0,0,50,Other,1
62,Private,319582,HS-grad,9,Widowed,Sales,Not-in-family,White,Female,0,0,32,United-States,0
30,Private,243841,HS-grad,9,Divorced,Other-service,Other-relative,Asian-Pac-Islander,Female,0,0,40,Other,0
22,Private,46645,Bachelors,13,Never-married,Prof-specialty,Not-in-family,White,Female,0,0,9,United-States,0
44,Private,310255,Some-college,10,Married-civ-spouse,Craft-repair,Husband,White,Male,0,0,60,United-States,1
36,Private,123983,Bachelors,13,Married-civ-spouse,Prof-specialty,Husband,Asian-Pac-Islander,Male,0,0,55,Other,1
26,Private,155752,Some-college,10,Married-civ-spouse,Machine-op-inspct,Husband,Black,Male,0,0,40,United-States,0
33,Private,163110,HS-grad,9,Married-civ-spouse,Handlers-cleaners,Husband,White,Male,3781,0,40,United-States,0
46,Private,163021,HS-grad,9,Never-married,Adm-clerical,Own-child,White,Female,0,0,40,United-States,0
47,Private,61885,Bachelors,13,Married-civ-spouse,Prof-specialty,Husband,White,Male,15024,0,50,United-States,1
48,State-gov,118330,Bachelors,13,Married-civ-spouse,Exec-managerial,Husband,White,Male,5178,0,40,United-States,1
17,Private,138293,11th,7,Never-married,Handlers-cleaners,Own-child,White,Male,0,0,15,United-States,0
45,Private,81534,HS-grad,9,Married-civ-spouse,Other-service,Husband,Asian-Pac-Islander,Male,0,0,84,Other,1
33,Private,160216,Masters,14,Never-married,Exec-managerial,Not-in-family,White,Female,0,0,32,Other,0
70,Self-emp-not-inc,124449,Masters,14,Married-civ-spouse,Exec-managerial,Husband,White,Male,0,2246,8,United-States,1
51,Self-emp-not-inc,35295,HS-grad,9,Never-married,Farming-fishing,Unmarried,White,Male,0,0,45,United-States,0
73,Local-gov,205580,Primary,3,Married-civ-spouse,Prof-specialty,Husband,White,Male,0,0,6,United-States,0
35,Private,166606,HS-grad,9,Married-civ-spouse,Tech-support,Husband,White,Male,0,0,40,United-States,0
46,Federal-gov,349230,Assoc-voc,11,Married-civ-spouse,Tech-support,Husband,White,Male,0,1848,40,United-States,1
49,Private,233639,11th,7,Married-civ-spouse,Other-service,Husband,White,Male,0,0,50,United-States,0
27,Private,164607,Bachelors,13,Separated,Tech-support,Own-child,White,Male,0,0,50,United-States,0
69,Local-gov,197288,HS-grad,9,Married-civ-spouse,Exec-managerial,Husband,White,Male,0,0,35,United-States,0
46,Private,171199,Bachelors,13,Divorced,Machine-op-inspct,Unmarried,Other,Female,0,0,40,Other,0
35,Private,96824,Some-college,10,Divorced,Other-service,Unmarried,White,Female,0,0,40,United-States,0
23,Private,80680,Some-college,10,Married-civ-spouse,Sales,Own-child,White,Female,0,0,16,United-States,0
26,Self-emp-not-inc,201930,HS-grad,9,Married-civ-spouse,Craft-repair,Husband,White,Male,0,0,50,United-States,0
46,Private,110794,Some-college,10,Never-married,Adm-clerical,Not-in-family,White,Female,0,0,40,United-States,0
41,Self-emp-not-inc,89942,HS-grad,9,Divorced,Sales,Not-in-family,White,Male,3674,0,45,United-States,0
37,Private,149297,HS-grad,9,Never-married,Handlers-cleaners,Not-in-family,Amer-Indian-Eskimo,Male,0,0,30,United-States,0
33,Private,123291,HS-grad,9,Married-civ-spouse,Machine-op-inspct,Husband,White,Male,0,0,84,United-States,1
53,Local-gov,324021,Some-college,10,Divorced,Other-service,Not-in-family,White,Female,0,0,40,United-States,0
41,State-gov,129865,HS-grad,9,Divorced,Craft-repair,Unmarried,White,Male,0,0,40,United-States,0
53,Local-gov,207449,10th,6,Married-civ-spouse,Other-service,Husband,White,Male,0,0,40,United-States,0
33,Private,408813,Bachelors,13,Never-married,Adm-clerical,Not-in-family,White,Female,0,0,50,United-States,0
52,Private,144361,Assoc-voc,11,Married-civ-spouse,Craft-repair,Husband,White,Male,0,1902,40,United-States,1
42,Private,155972,HS-grad,9,Married-civ-spouse,Handlers-cleaners,Husband,White,Male,0,0,40,United-States,1
50,Self-emp-not-inc,221336,Some-college,10,Divorced,Exec-managerial,Unmarried,Asian-Pac-Islander,Female,0,0,40,Other,0
40,Private,55395,Assoc-voc,11,Married-civ-spouse,Prof-specialty,Husband,White,Male,0,0,40,United-States,1
47,Private,151087,HS-grad,9,Separated,Prof-specialty,Other-relative,Other,Female,0,0,40,Other,0
63,Private,266083,7th-8th,4,Married-civ-spouse,Transport-moving,Husband,White,Male,0,0,60,United-States,1
50,Private,94391,Assoc-voc,11,Married-civ-spouse,Craft-repair,Husband,White,Male,0,0,50,United-States,1
46,Private,206889,Bachelors,13,Widowed,Adm-clerical,Not-in-family,White,Female,0,0,25,United-States,0
53,Private,149650,HS-grad,9,Never-married,Sales,Not-in-family,White,Male,0,2559,48,United-States,1
25,Private,323139,Bachelors,13,Never-married,Handlers-cleaners,Own-child,White,Male,0,0,35,United-States,0
26,Local-gov,73392,HS-grad,9,Never-married,Handlers-cleaners,Own-child,Amer-Indian-Eskimo,Male,0,0,30,United-States,0
27,Private,177057,HS-grad,9,Never-married,Machine-op-inspct,Not-in-family,White,Male,0,0,40,United-States,0
26,Private,285004,Bachelors,13,Never-married,Exec-managerial,Not-in-family,Asian-Pac-Islander,Male,0,0,35,Other,0
28,Local-gov,296537,HS-grad,9,Married-civ-spouse,Craft-repair,Husband,White,Male,0,0,45,United-States,0
62,State-gov,39630,Bachelors,13,Married-civ-spouse,Prof-specialty,Husband,White,Male,0,0,40,United-States,0
20,Private,100605,HS-grad,9,Never-married,Sales,Own-child,Other,Male,0,0,40,Other,0
19,Private,278304,Some-college,10,Never-married,Other-service,Own-child,White,Female,0,0,15,United-States,0
50,Private,287927,HS-grad,9,Married-civ-spouse,Prof-specialty,Wife,White,Female,0,0,16,United-States,0
58,Private,95835,Some-college,10,Married-civ-spouse,Tech-support,Husband,White,Male,0,0,36,United-States,0
26,Private,164737,Some-college,10,Never-married,Sales,Not-in-family,White,Female,0,0,40,United-States,0
58,Private,114495,HS-grad,9,Married-civ-spouse,Exec-managerial,Husband,White,Male,0,0,40,United-States,0
32,Private,440129,Some-college,10,Married-civ-spouse,Handlers-cleaners,Husband,White,Male,0,0,38,Mexico,0
27,Private,145284,HS-grad,9,Married-civ-spouse,Farming-fishing,Husband,White,Male,0,0,40,United-States,0
83,Self-emp-inc,272248,HS-grad,9,Divorced,Sales,Not-in-family,White,Male,0,0,20,United-States,0
53,Private,290640,HS-grad,9,Married-civ-spouse,Other-service,Husband,White,Male,0,0,50,Other,1
46,Private,99086,Some-college,10,Married-civ-spouse,Adm-clerical,Wife,White,Female,0,0,40,United-States,1
23,Private,165474,Some-college,10,Never-married,Craft-repair,Not-in-family,White,Male,0,0,40,United-States,0
19,Self-emp-not-inc,67929,Some-college,10,Never-married,Farming-fishing,Own-child,White,Male,0,0,50,United-States,0
37,Private,109133,Assoc-acdm,12,Married-civ-spouse,Sales,Husband,White,Male,0,1977,45,United-States,1
30,Local-gov,145692,Some-college,10,Never-married,Protective-serv,Not-in-family,Black,Male,0,1974,40,United-States,0
41,Private,203943,12th,8,Married-civ-spouse,Protective-serv,Husband,Black,Male,0,0,40,Other,0
25,Self-emp-not-inc,191803,Assoc-acdm,12,Never-married,Sales,Not-in-family,White,Male,0,0,50,United-States,0
26,Private,335998,HS-grad,9,Never-married,Sales,Not-in-family,White,Female,0,0,38,United-States,0
61,Self-emp-not-inc,181033,HS-grad,9,Married-civ-spouse,Farming-fishing,Husband,White,Male,0,0,60,United-States,0
48,Private,149640,Masters,14,Never-married,Exec-managerial,Not-in-family,White,Male,0,0,40,United-States,0
37,Private,200598,Assoc-acdm,12,Married-civ-spouse,Prof-specialty,Husband,White,Male,0,1740,45,United-States,0
45,Private,266860,Masters,14,Married-civ-spouse,Exec-managerial,Husband,White,Male,15024,0,50,United-States,1
26,Private,266022,Some-college,10,Married-civ-spouse,Sales,Husband,White,Male,0,0,50,United-States,0
59,Private,189721,Bachelors,13,Married-civ-spouse,Handlers-cleaners,Husband,White,Male,0,0,40,Other,1
43,Private,164693,Assoc-voc,11,Married-civ-spouse,Craft-repair,Husband,White,Male,0,0,50,United-States,0
63,Private,64544,Bachelors,13,Never-married,Tech-support,Not-in-family,White,Male,0,0,40,United-States,1
58,Private,194733,Assoc-acdm,12,Married-civ-spouse,Craft-repair,Husband,White,Male,0,0,40,United-States,1
44,Local-gov,124924,Assoc-voc,11,Never-married,Craft-repair,Not-in-family,White,Male,0,0,44,United-States,0
30,Self-emp-not-inc,20098,Assoc-voc,11,Divorced,Machine-op-inspct,Not-in-family,White,Female,0,0,40,United-States,0
50,Private,234037,HS-grad,9,Married-civ-spouse,Machine-op-inspct,Husband,White,Male,0,0,58,United-States,0
35,Private,406051,Doctorate,16,Never-married,Prof-specialty,Not-in-family,White,Female,0,0,80,United-States,1
35,Private,103986,Assoc-voc,11,Married-civ-spouse,Tech-support,Husband,White,Male,0,0,40,United-States,1
22,Private,116800,Assoc-acdm,12,Never-married,Protective-serv,Own-child,White,Male,0,0,60,United-States,0
44,Local-gov,100479,Assoc-acdm,12,Married-civ-spouse,Prof-specialty,Husband,White,Male,0,0,48,United-States,0
52,Private,108914,HS-grad,9,Married-civ-spouse,Sales,Husband,White,Male,0,0,40,United-States,1
38,Private,218729,HS-grad,9,Divorced,Other-service,Not-in-family,White,Female,0,0,25,United-States,0
46,Federal-gov,46537,Masters,14,Never-married,Prof-specialty,Not-in-family,White,Female,0,0,40,United-States,0
32,Private,328199,Assoc-voc,11,Divorced,Exec-managerial,Unmarried,White,Female,0,0,40,United-States,0
23,Private,167868,Assoc-voc,11,Never-married,Adm-clerical,Not-in-family,White,Female,0,0,40,United-States,0
45,Private,31339,Bachelors,13,Married-civ-spouse,Adm-clerical,Husband,White,Male,0,0,45,United-States,1
28,Private,173110,HS-grad,9,Never-married,Exec-managerial,Not-in-family,White,Female,0,0,40,United-States,0
37,Self-emp-inc,183800,Assoc-acdm,12,Married-civ-spouse,Sales,Husband,White,Male,0,1887,40,United-States,1
38,Private,309122,10th,6,Divorced,Machine-op-inspct,Not-in-family,White,Female,0,0,40,United-States,0
47,Private,199058,Some-college,10,Married-civ-spouse,Prof-specialty,Husband,White,Male,0,0,40,United-States,1
47,Private,76034,Some-college,10,Married-civ-spouse,Other-service,Husband,White,Male,0,0,57,United-States,1
40,Private,171424,HS-grad,9,Divorced,Transport-moving,Not-in-family,White,Male,0,0,40,United-States,0
25,Private,238964,Some-college,10,Married-civ-spouse,Craft-repair,Husband,White,Male,0,0,60,United-States,1
39,Private,70240,Some-college,10,Married-civ-spouse,Sales,Wife,Asian-Pac-Islander,Female,0,0,40,Philippines,0
63,Private,137843,Some-college,10,Married-civ-spouse,Sales,Husband,White,Male,7298,0,48,United-States,1
39,Private,51264,11th,7,Divorced,Other-service,Own-child,White,Male,0,0,40,United-States,0
47,Federal-gov,229646,HS-grad,9,Married-spouse-absent,Adm-clerical,Not-in-family,Black,Female,0,0,40,Other,0
28,Self-emp-not-inc,51461,HS-grad,9,Married-civ-spouse,Farming-fishing,Husband,White,Male,0,0,40,United-States,0
31,Private,161765,Some-college,10,Married-civ-spouse,Sales,Husband,White,Male,0,2051,57,United-States,0
32,Private,207668,Bachelors,13,Never-married,Exec-managerial,Other-relative,White,Male,0,2444,50,United-States,1
38,Private,260997,Some-college,10,Married-civ-spouse,Machine-op-inspct,Husband,Black,Male,0,0,40,United-States,0
24,Private,41838,Some-college,10,Married-civ-spouse,Craft-repair,Husband,White,Male,2407,0,40,United-States,0
39,Self-emp-not-inc,163204,HS-grad,9,Married-civ-spouse,Sales,Husband,White,Male,0,0,40,United-States,0
24,Private,204935,Masters,14,Never-married,Adm-clerical,Not-in-family,White,Male,0,0,56,United-States,0
43,Private,180138,HS-grad,9,Never-married,Craft-repair,Not-in-family,White,Male,0,0,45,United-States,0
90,Private,226968,7th-8th,4,Married-civ-spouse,Machine-op-inspct,Husband,White,Male,0,0,40,United-States,0
23,Private,72887,HS-grad,9,Never-married,Craft-repair,Own-child,Asian-Pac-Islander,Male,0,0,1,Other,0
35,Private,261646,HS-grad,9,Married-civ-spouse,Protective-serv,Husband,White,Male,0,0,55,United-States,0
32,Self-emp-inc,377836,Assoc-voc,11,Married-civ-spouse,Exec-managerial,Husband,White,Male,0,0,40,United-States,0
31,Private,56510,Some-college,10,Married-civ-spouse,Craft-repair,Husband,Asian-Pac-Islander,Male,0,0,40,United-States,0
34,Local-gov,22641,HS-grad,9,Never-married,Protective-serv,Not-in-family,Amer-Indian-Eskimo,Male,0,0,40,United-States,0
63,Private,101077,Assoc-acdm,12,Married-spouse-absent,Adm-clerical,Other-relative,White,Female,0,0,35,United-States,0
32,Self-emp-not-inc,129497,Some-college,10,Married-civ-spouse,Craft-repair,Husband,White,Male,0,0,55,United-States,1
60,Private,114413,Assoc-acdm,12,Married-civ-spouse,Sales,Husband,White,Male,0,0,30,United-States,0
28,Private,263128,Some-college,10,Never-married,Adm-clerical,Not-in-family,White,Female,0,0,60,United-States,0
32,Private,207400,HS-grad,9,Never-married,Machine-op-inspct,Unmarried,Black,Female,0,0,40,United-States,0
52,Private,61735,11th,7,Married-civ-spouse,Other-service,Husband,White,Male,0,0,40,United-States,0
58,Private,196643,HS-grad,9,Divorced,Sales,Not-in-family,White,Female,0,0,15,United-States,0
37,Self-emp-not-inc,177277,Some-college,10,Never-married,Craft-repair,Not-in-family,White,Male,0,0,40,United-States,0
33,Self-emp-not-inc,520078,Assoc-acdm,12,Divorced,Sales,Unmarried,Black,Male,0,0,60,United-States,0
19,Private,162954,12th,8,Never-married,Other-service,Own-child,White,Female,0,0,20,United-States,0
18,Private,126071,HS-grad,9,Never-married,Craft-repair,Own-child,White,Male,0,0,40,United-States,0
53,Private,192386,HS-grad,9,Separated,Transport-moving,Unmarried,White,Male,0,0,45,United-States,0
59,Private,229939,HS-grad,9,Married-civ-spouse,Sales,Husband,White,Male,0,0,40,United-States,0
47,Private,161311,HS-grad,9,Divorced,Machine-op-inspct,Unmarried,White,Female,0,0,30,United-States,0
56,Self-emp-not-inc,39380,Some-college,10,Married-spouse-absent,Farming-fishing,Not-in-family,White,Female,27828,0,20,United-States,1
19,Private,92863,HS-grad,9,Never-married,Sales,Own-child,White,Male,0,0,20,United-States,0
21,Private,120326,Some-college,10,Never-married,Adm-clerical,Own-child,White,Female,0,0,40,United-States,0
44,Local-gov,145522,Masters,14,Never-married,Prof-specialty,Not-in-family,White,Female,0,0,40,United-States,0
49,Private,261688,HS-grad,9,Married-civ-spouse,Craft-repair,Husband,White,Male,5013,0,60,United-States,0
27,Private,333990,Assoc-voc,11,Never-married,Exec-managerial,Own-child,White,Female,0,0,40,United-States,0
43,Private,184378,Bachelors,13,Married-civ-spouse,Prof-specialty,Husband,White,Male,0,0,35,United-States,0
63,Private,205246,HS-grad,9,Married-civ-spouse,Machine-op-inspct,Husband,Black,Male,0,0,40,United-States,0
42,Private,178074,HS-grad,9,Divorced,Adm-clerical,Not-in-family,White,Female,0,0,40,United-States,0
57,Local-gov,47392,HS-grad,9,Married-civ-spouse,Exec-managerial,Husband,White,Male,0,0,40,United-States,1
43,Local-gov,223861,Assoc-voc,11,Divorced,Exec-managerial,Not-in-family,White,Female,0,0,40,United-States,0
48,Self-emp-inc,184787,7th-8th,4,Married-civ-spouse,Craft-repair,Husband,White,Male,0,0,50,United-States,1
33,Private,166961,Some-college,10,Never-married,Adm-clerical,Not-in-family,White,Female,0,0,38,United-States,0
62,Self-emp-not-inc,158712,HS-grad,9,Never-married,Other-service,Unmarried,White,Female,0,0,6,United-States,0
62,Private,252668,Masters,14,Never-married,Prof-specialty,Not-in-family,White,Male,0,0,70,United-States,0
41,Federal-gov,106982,Some-college,10,Divorced,Prof-specialty,Unmarried,White,Female,0,0,40,United-States,1
36,Private,143068,Some-college,10,Divorced,Craft-repair,Unmarried,White,Male,0,0,40,United-States,0
42,Private,196626,7th-8th,4,Married-civ-spouse,Craft-repair,Husband,White,Male,0,0,40,United-States,0
37,Private,240837,HS-grad,9,Divorced,Other-service,Not-in-family,White,Female,0,0,30,United-States,0
41,Private,173858,HS-grad,9,Married-civ-spouse,Other-service,Husband,Asian-Pac-Islander,Male,0,0,40,Other,0
49,Private,184986,HS-grad,9,Divorced,Other-service,Not-in-family,White,Female,0,0,40,United-States,0
22,Private,52596,Some-college,10,Never-married,Sales,Own-child,White,Male,0,0,8,United-States,0
65,Private,143175,Some-college,10,Widowed,Sales,Other-relative,White,Female,0,0,45,United-States,0
50,Local-gov,191130,Assoc-voc,11,Married-civ-spouse,Protective-serv,Husband,White,Male,0,0,40,United-States,1
50,Federal-gov,65160,Bachelors,13,Married-civ-spouse,Exec-managerial,Husband,White,Male,0,0,40,United-States,0
32,Private,127875,Bachelors,13,Married-civ-spouse,Tech-support,Wife,White,Female,0,0,40,United-States,1
58,Federal-gov,497253,Bachelors,13,Married-civ-spouse,Exec-managerial,Husband,Black,Male,0,0,40,United-States,1
47,Local-gov,109705,HS-grad,9,Divorced,Exec-managerial,Not-in-family,White,Female,0,0,40,United-States,0
22,Private,290504,HS-grad,9,Married-civ-spouse,Craft-repair,Husband,White,Male,0,0,40,United-States,0
60,Private,96099,Some-college,10,Married-civ-spouse,Sales,Husband,White,Male,0,0,40,United-States,1
37,Self-emp-not-inc,29054,HS-grad,9,Married-civ-spouse,Farming-fishing,Husband,White,Male,0,0,50,United-States,0
35,Private,73715,11th,7,Married-civ-spouse,Craft-repair,Husband,White,Male,0,0,40,United-States,0
42,Self-emp-not-inc,199143,Prof-school,15,Divorced,Prof-specialty,Unmarried,White,Female,7430,0,44,United-States,1
31,Private,50178,Some-college,10,Married-civ-spouse,Machine-op-inspct,Husband,White,Male,0,0,40,United-States,0
29,Local-gov,419722,Assoc-acdm,12,Never-married,Adm-clerical,Not-in-family,White,Male,3674,0,40,United-States,0
36,Local-gov,251091,Some-college,10,Married-civ-spouse,Protective-serv,Husband,White,Male,0,0,40,United-States,1
60,Private,151369,Masters,14,Married-civ-spouse,Exec-managerial,Husband,White,Male,0,0,60,United-States,1
44,Private,148138,Doctorate,16,Married-civ-spouse,Exec-managerial,Husband,Asian-Pac-Islander,Male,15024,0,40,Other,1
54,Private,163894,Some-college,10,Married-civ-spouse,Handlers-cleaners,Husband,Black,Male,0,0,40,United-States,0
22,Private,113936,Some-college,10,Never-married,Handlers-cleaners,Own-child,White,Male,0,0,40,United-States,0
34,Private,114639,Some-college,10,Never-married,Handlers-cleaners,Other-relative,White,Male,0,0,20,United-States,0
47,Federal-gov,27067,HS-grad,9,Divorced,Adm-clerical,Not-in-family,White,Female,0,0,40,United-States,0
57,Self-emp-not-inc,275943,7th-8th,4,Married-civ-spouse,Prof-specialty,Husband,White,Male,0,0,40,Other,0
19,Private,197748,11th,7,Divorced,Sales,Unmarried,White,Female,0,0,20,United-States,0
34,Private,213226,Bachelors,13,Never-married,Sales,Not-in-family,White,Male,0,0,65,United-States,1
52,Local-gov,194788,Masters,14,Divorced,Exec-managerial,Not-in-family,White,Female,4787,0,60,United-States,1
62,Self-emp-not-inc,215944,Primary,3,Married-civ-spouse,Farming-fishing,Husband,White,Male,0,0,30,United-States,0
49,Private,115784,Assoc-voc,11,Married-civ-spouse,Handlers-cleaners,Husband,White,Male,0,0,45,United-States,0
36,Local-gov,223433,Assoc-voc,11,Married-civ-spouse,Protective-serv,Husband,White,Male,0,0,53,United-States,1
35,Local-gov,300681,HS-grad,9,Married-civ-spouse,Protective-serv,Husband,Black,Male,7298,0,35,United-States,1
28,Private,308136,HS-grad,9,Never-married,Other-service,Own-child,White,Male,0,0,40,United-States,0
30,Federal-gov,73514,Bachelors,13,Never-married,Exec-managerial,Other-relative,Asian-Pac-Islander,Female,0,0,45,United-States,0
25,Private,254933,11th,7,Married-civ-spouse,Transport-moving,Husband,White,Male,0,0,40,United-States,0
31,Private,109020,Bachelors,13,Never-married,Prof-specialty,Unmarried,Other,Male,0,0,40,United-States,0
44,Private,163215,12th,8,Divorced,Machine-op-inspct,Unmarried,White,Female,0,0,40,United-States,0
46,Federal-gov,227310,Some-college,10,Never-married,Adm-clerical,Unmarried,Black,Female,0,0,40,United-States,0
55,Private,252714,Assoc-voc,11,Married-civ-spouse,Adm-clerical,Husband,White,Male,0,0,40,United-States,0
59,Private,154100,Masters,14,Never-married,Sales,Not-in-family,White,Female,27828,0,45,United-States,1
41,Private,185132,Bachelors,13,Never-married,Prof-specialty,Not-in-family,White,Female,0,0,45,United-States,0
40,Private,176069,Bachelors,13,Divorced,Prof-specialty,Not-in-family,White,Female,0,0,45,United-States,0
26,Private,242768,Bachelors,13,Never-married,Prof-specialty,Not-in-family,White,Male,0,0,38,United-States,0
24,Private,229553,HS-grad,9,Never-married,Other-service,Own-child,Black,Female,0,0,20,Other,0
37,Local-gov,257588,HS-grad,9,Divorced,Adm-clerical,Unmarried,White,Female,0,0,40,United-States,0
40,Private,309311,HS-grad,9,Married-civ-spouse,Farming-fishing,Husband,White,Male,0,0,40,United-States,0
40,Private,213821,Masters,14,Never-married,Prof-specialty,Not-in-family,White,Male,0,0,40,United-States,1
29,Private,203797,Some-college,10,Married-civ-spouse,Exec-managerial,Husband,Black,Male,0,0,40,United-States,0
56,Private,149686,9th,5,Widowed,Machine-op-inspct,Unmarried,White,Female,0,0,40,United-States,0
26,Private,259585,Some-college,10,Never-married,Sales,Not-in-family,White,Male,0,0,24,United-States,0
30,Private,302438,HS-grad,9,Never-married,Machine-op-inspct,Not-in-family,White,Male,0,0,40,United-States,0
33,Private,188352,Masters,14,Never-married,Prof-specialty,Not-in-family,Black,Male,0,0,50,United-States,0
19,Private,198663,HS-grad,9,Never-married,Machine-op-inspct,Other-relative,White,Male,0,0,40,United-States,0
51,Private,168660,HS-grad,9,Married-civ-spouse,Exec-managerial,Husband,White,Male,0,0,50,United-States,0
60,Private,43235,Bachelors,13,Married-civ-spouse,Prof-specialty,Husband,White,Male,0,0,50,United-States,1
35,Self-emp-not-inc,170174,HS-grad,9,Married-civ-spouse,Craft-repair,Husband,White,Male,7298,0,60,United-States,1
25,Private,161478,Bachelors,13,Never-married,Prof-specialty,Not-in-family,Asian-Pac-Islander,Female,0,0,40,United-States,0
47,Private,147236,HS-grad,9,Married-civ-spouse,Craft-repair,Husband,White,Male,0,0,40,United-States,1
23,Private,154978,HS-grad,9,Married-civ-spouse,Other-service,Husband,White,Male,0,0,40,Other,0
20,Private,34446,HS-grad,9,Never-married,Other-service,Not-in-family,White,Female,0,0,20,United-States,0
39,Local-gov,214284,Bachelors,13,Widowed,Prof-specialty,Unmarried,Asian-Pac-Islander,Female,0,0,10,Other,0
22,State-gov,309348,Some-college,10,Never-married,Adm-clerical,Not-in-family,White,Female,0,0,15,United-States,0
39,Private,180477,Masters,14,Never-married,Prof-specialty,Not-in-family,White,Male,0,0,60,United-States,1
36,Private,267556,HS-grad,9,Married-civ-spouse,Craft-repair,Husband,White,Male,4064,0,40,United-States,0
60,Private,226949,HS-grad,9,Divorced,Adm-clerical,Unmarried,White,Female,0,0,37,United-States,0
61,Private,54373,Some-college,10,Married-civ-spouse,Sales,Husband,White,Male,0,0,40,United-States,0
36,Local-gov,305714,HS-grad,9,Never-married,Other-service,Unmarried,Black,Female,0,0,70,United-States,0
59,Private,291529,10th,6,Widowed,Machine-op-inspct,Not-in-family,White,Male,0,0,52,United-States,0
43,Private,243380,Some-college,10,Married-civ-spouse,Adm-clerical,Husband,White,Male,0,0,40,United-States,0
51,Local-gov,349431,HS-grad,9,Married-civ-spouse,Craft-repair,Husband,White,Male,4386,0,40,United-States,1
26,Self-emp-not-inc,253899,Bachelors,13,Divorced,Sales,Not-in-family,White,Male,0,0,40,United-States,0
32,Private,155232,Bachelors,13,Divorced,Protective-serv,Not-in-family,Black,Male,0,0,60,United-States,1
27,Private,192936,Bachelors,13,Never-married,Prof-specialty,Not-in-family,White,Female,0,0,40,United-States,0
29,Private,145011,Some-college,10,Never-married,Craft-repair,Own-child,White,Male,0,0,40,United-States,0
57,Self-emp-not-inc,84231,Some-college,10,Married-civ-spouse,Other-service,Husband,White,Male,0,0,48,United-States,0
24,Private,52028,Primary,2,Married-civ-spouse,Other-service,Own-child,Asian-Pac-Islander,Female,0,0,5,Other,0
55,Private,145214,Some-college,10,Divorced,Adm-clerical,Unmarried,White,Female,4650,0,20,United-States,0
42,Self-emp-not-inc,436107,Assoc-acdm,12,Married-civ-spouse,Transport-moving,Husband,White,Male,0,0,50,United-States,0
20,Private,161092,Some-college,10,Never-married,Adm-clerical,Own-child,White,Male,0,0,14,United-States,0
59,Local-gov,105866,Bachelors,13,Married-civ-spouse,Protective-serv,Husband,Black,Male,0,0,30,United-States,0
22,Federal-gov,146538,HS-grad,9,Never-married,Adm-clerical,Own-child,White,Male,0,0,40,United-States,0
41,Private,144778,HS-grad,9,Married-civ-spouse,Craft-repair,Husband,White,Male,0,0,40,United-States,0
17,Private,172050,11th,7,Never-married,Handlers-cleaners,Own-child,White,Male,0,0,16,United-States,0
30,Private,158200,Prof-school,15,Never-married,Prof-specialty,Own-child,Asian-Pac-Islander,Female,0,0,40,Other,0
32,Private,199529,Some-college,10,Separated,Tech-support,Not-in-family,Amer-Indian-Eskimo,Male,0,1980,40,United-States,0
61,Local-gov,35001,7th-8th,4,Married-civ-spouse,Adm-clerical,Husband,White,Male,2885,0,40,United-States,0
31,Self-emp-not-inc,176862,Some-college,10,Married-civ-spouse,Craft-repair,Husband,White,Male,0,0,40,United-States,0
53,Private,196763,Assoc-acdm,12,Never-married,Exec-managerial,Not-in-family,White,Female,0,0,60,United-States,0
59,Private,195835,7th-8th,4,Divorced,Transport-moving,Not-in-family,White,Male,0,0,40,United-States,0
46,Private,247286,Some-college,10,Divorced,Sales,Unmarried,White,Female,0,0,40,United-States,0
48,Private,117251,HS-grad,9,Widowed,Adm-clerical,Not-in-family,White,Female,0,0,32,United-States,0
26,Private,106705,HS-grad,9,Never-married,Handlers-cleaners,Own-child,Black,Male,0,0,28,United-States,0
43,Private,143368,HS-grad,9,Divorced,Farming-fishing,Not-in-family,Black,Male,0,0,40,United-States,0
74,State-gov,117017,Some-college,10,Separated,Sales,Not-in-family,White,Male,0,0,16,United-States,0
27,Private,197905,Some-college,10,Married-civ-spouse,Other-service,Husband,White,Male,0,0,40,United-States,0
21,Private,285127,HS-grad,9,Never-married,Handlers-cleaners,Not-in-family,Black,Female,0,0,40,United-States,0
47,Federal-gov,44257,Bachelors,13,Married-spouse-absent,Exec-managerial,Not-in-family,White,Male,0,0,60,United-States,1
42,State-gov,345969,Bachelors,13,Married-civ-spouse,Exec-managerial,Husband,White,Male,0,0,48,United-States,1
64,Self-emp-not-inc,213945,HS-grad,9,Married-civ-spouse,Craft-repair,Husband,White,Male,0,0,50,United-States,0
39,Private,347434,9th,5,Married-civ-spouse,Handlers-cleaners,Husband,White,Male,0,0,43,Mexico,0
61,Private,95929,9th,5,Divorced,Other-service,Not-in-family,White,Male,0,0,40,United-States,0
32,Local-gov,209900,Bachelors,13,Married-civ-spouse,Prof-specialty,Husband,White,Male,0,0,65,United-States,1
50,Private,107265,HS-grad,9,Married-civ-spouse,Transport-moving,Husband,White,Male,0,0,50,United-States,1
47,Self-emp-inc,239321,Bachelors,13,Married-civ-spouse,Sales,Husband,White,Male,0,0,40,United-States,1
38,State-gov,203628,Bachelors,13,Married-civ-spouse,Prof-specialty,Husband,White,Male,0,0,45,United-States,1
29,Private,46987,HS-grad,9,Never-married,Adm-clerical,Not-in-family,White,Female,0,0,55,United-States,0
51,Self-emp-inc,183173,HS-grad,9,Married-civ-spouse,Exec-managerial,Husband,White,Male,0,0,70,United-States,1
42,Self-emp-not-inc,320744,HS-grad,9,Married-civ-spouse,Sales,Husband,White,Male,3908,0,45,United-States,0
42,Private,185267,Assoc-voc,11,Married-civ-spouse,Adm-clerical,Husband,White,Male,0,0,32,United-States,0
23,Private,410439,HS-grad,9,Never-married,Adm-clerical,Own-child,White,Male,0,0,25,United-States,0
29,Private,49087,Bachelors,13,Never-married,Prof-specialty,Not-in-family,White,Male,0,0,50,United-States,0
34,Private,118605,Assoc-acdm,12,Married-civ-spouse,Prof-specialty,Husband,White,Male,0,0,55,United-States,0
30,Private,78530,HS-grad,9,Never-married,Handlers-cleaners,Not-in-family,White,Male,0,0,40,United-States,0
32,Private,732102,Bachelors,13,Never-married,Exec-managerial,Not-in-family,White,Male,0,0,40,United-States,0
24,Private,196678,Primary,1,Never-married,Machine-op-inspct,Own-child,White,Female,0,0,30,United-States,0
63,Private,206052,HS-grad,9,Married-civ-spouse,Craft-repair,Husband,White,Male,0,0,40,United-States,0
39,Private,139703,HS-grad,9,Married-spouse-absent,Sales,Unmarried,Black,Female,0,0,28,Other,0
32,Self-emp-not-inc,180303,Bachelors,13,Divorced,Craft-repair,Unmarried,Asian-Pac-Islander,Male,0,0,47,Other,0
45,Self-emp-not-inc,182677,HS-grad,9,Married-spouse-absent,Craft-repair,Not-in-family,Asian-Pac-Islander,Male,0,0,40,Other,0
26,Private,113571,HS-grad,9,Never-married,Transport-moving,Not-in-family,White,Male,0,0,70,United-States,0
47,Private,238185,Bachelors,13,Divorced,Adm-clerical,Not-in-family,White,Female,0,0,40,United-States,0
30,Private,116138,Bachelors,13,Never-married,Exec-managerial,Not-in-family,White,Male,27828,0,60,United-States,1
81,Private,177408,HS-grad,9,Married-civ-spouse,Exec-managerial,Husband,White,Male,0,2377,26,United-States,1
45,Private,216626,HS-grad,9,Widowed,Machine-op-inspct,Unmarried,Other,Male,0,0,40,Other,0
46,Private,269045,Prof-school,15,Married-civ-spouse,Prof-specialty,Husband,Black,Male,0,0,40,United-States,1
23,Private,117606,Bachelors,13,Never-married,Prof-specialty,Not-in-family,White,Female,0,0,40,United-States,0
55,Private,117299,HS-grad,9,Married-civ-spouse,Craft-repair,Husband,White,Male,7688,0,40,United-States,1
29,Private,175738,Bachelors,13,Never-married,Exec-managerial,Not-in-family,White,Female,0,0,45,United-States,1
59,Private,196482,HS-grad,9,Widowed,Adm-clerical,Unmarried,White,Female,0,0,40,United-States,0
35,Private,186183,HS-grad,9,Married-civ-spouse,Transport-moving,Husband,White,Male,15024,0,80,United-States,1
51,Private,59590,HS-grad,9,Married-civ-spouse,Adm-clerical,Wife,White,Female,0,0,20,United-States,0
38,Local-gov,331609,Some-college,10,Widowed,Transport-moving,Not-in-family,Black,Female,0,0,47,United-States,0
25,Private,297531,Bachelors,13,Never-married,Sales,Own-child,White,Female,0,0,40,United-States,0
35,State-gov,225385,HS-grad,9,Divorced,Prof-specialty,Unmarried,White,Female,0,0,40,United-States,0
34,Private,191856,Some-college,10,Married-civ-spouse,Exec-managerial,Wife,White,Female,7298,0,40,United-States,1
34,State-gov,156292,HS-grad,9,Never-married,Handlers-cleaners,Not-in-family,Black,Male,0,0,40,United-States,0
23,Private,312017,Some-college,10,Never-married,Exec-managerial,Not-in-family,White,Male,0,0,40,United-States,0
28,Private,30771,Some-college,10,Never-married,Adm-clerical,Unmarried,Black,Female,0,0,40,United-States,0
25,Private,324609,HS-grad,9,Never-married,Adm-clerical,Not-in-family,Black,Male,0,0,40,United-States,0
22,Self-emp-not-inc,108506,Assoc-voc,11,Never-married,Farming-fishing,Not-in-family,Amer-Indian-Eskimo,Male,0,0,75,United-States,0
24,Private,86153,Some-college,10,Never-married,Adm-clerical,Not-in-family,White,Female,0,0,40,United-States,0
42,Private,197522,Some-college,10,Separated,Machine-op-inspct,Unmarried,Black,Female,0,0,40,United-States,0
25,Private,108542,Bachelors,13,Never-married,Exec-managerial,Own-child,White,Male,0,0,35,United-States,0
45,Private,102147,Assoc-voc,11,Divorced,Exec-managerial,Not-in-family,White,Male,0,0,40,United-States,1
30,Private,231826,Some-college,10,Married-civ-spouse,Sales,Husband,White,Male,0,0,40,United-States,1
21,Local-gov,102942,Some-college,10,Never-married,Other-service,Not-in-family,White,Female,0,2001,40,United-States,0
27,Self-emp-inc,399904,HS-grad,9,Never-married,Craft-repair,Other-relative,White,Male,0,0,50,Mexico,0
38,Local-gov,286405,Doctorate,16,Married-civ-spouse,Exec-managerial,Husband,White,Male,0,1887,50,United-States,1
25,Private,153841,Some-college,10,Never-married,Adm-clerical,Own-child,White,Female,0,0,40,United-States,0
25,Private,137367,Bachelors,13,Never-married,Sales,Unmarried,Asian-Pac-Islander,Male,0,0,44,Philippines,0
30,Private,100734,Some-college,10,Married-civ-spouse,Adm-clerical,Wife,White,Female,0,0,40,United-States,0
41,Self-emp-not-inc,26598,HS-grad,9,Divorced,Craft-repair,Not-in-family,White,Male,0,0,40,United-States,0
57,Self-emp-not-inc,35561,HS-grad,9,Married-civ-spouse,Farming-fishing,Husband,White,Male,0,0,60,United-States,1
56,Private,245215,Doctorate,16,Married-civ-spouse,Prof-specialty,Husband,White,Male,0,0,50,United-States,0
67,Self-emp-not-inc,107138,Some-college,10,Married-civ-spouse,Sales,Husband,White,Male,0,0,40,United-States,0
33,Federal-gov,29617,Some-college,10,Divorced,Other-service,Not-in-family,Black,Male,0,0,40,United-States,0
63,Private,301108,11th,7,Married-civ-spouse,Sales,Husband,White,Male,0,0,22,United-States,0
35,Private,287658,Some-college,10,Never-married,Adm-clerical,Unmarried,Black,Male,0,0,40,United-States,0
40,Private,225660,Bachelors,13,Married-civ-spouse,Exec-managerial,Wife,White,Female,0,0,45,United-States,1
40,Private,193995,HS-grad,9,Married-civ-spouse,Other-service,Husband,White,Male,0,0,30,United-States,0
38,Private,153685,11th,7,Divorced,Machine-op-inspct,Unmarried,Black,Female,0,0,52,United-States,0
40,Private,109762,Some-college,10,Divorced,Craft-repair,Unmarried,White,Male,0,0,40,United-States,0
20,Private,181761,HS-grad,9,Never-married,Adm-clerical,Own-child,White,Female,0,0,40,United-States,0
34,Private,381153,HS-grad,9,Married-civ-spouse,Transport-moving,Husband,White,Male,0,0,40,United-States,0
49,Private,262116,Prof-school,15,Married-civ-spouse,Prof-specialty,Husband,White,Male,0,0,48,United-States,0
22,Private,136873,Some-college,10,Never-married,Craft-repair,Not-in-family,White,Male,0,0,40,United-States,0
27,State-gov,346406,Bachelors,13,Never-married,Prof-specialty,Unmarried,White,Male,0,0,50,United-States,0
23,Private,233711,HS-grad,9,Married-civ-spouse,Other-service,Husband,White,Male,0,0,50,United-States,0
34,Private,169564,HS-grad,9,Divorced,Machine-op-inspct,Unmarried,White,Female,0,0,40,United-States,0
56,Private,188856,Bachelors,13,Never-married,Exec-managerial,Not-in-family,White,Female,8614,0,55,United-States,1
22,Private,175431,HS-grad,9,Married-civ-spouse,Other-service,Husband,White,Male,0,0,20,United-States,0
69,Private,200560,Bachelors,13,Married-civ-spouse,Handlers-cleaners,Husband,White,Male,0,0,20,United-States,0
42,Local-gov,281315,Bachelors,13,Never-married,Prof-specialty,Not-in-family,White,Male,0,0,50,United-States,0
32,Private,235862,Some-college,10,Divorced,Exec-managerial,Not-in-family,White,Female,0,0,45,United-States,0
25,Private,189850,Some-college,10,Never-married,Machine-op-inspct,Own-child,Black,Male,0,0,40,United-States,0
47,Self-emp-not-inc,122307,Bachelors,13,Married-civ-spouse,Sales,Husband,White,Male,0,1887,40,United-States,1
18,Private,128086,12th,8,Never-married,Handlers-cleaners,Own-child,White,Male,0,0,18,United-States,0
44,Private,33521,Some-college,10,Married-civ-spouse,Exec-managerial,Husband,White,Male,0,0,40,United-States,1
31,Private,193215,Some-college,10,Married-civ-spouse,Exec-managerial,Own-child,White,Male,0,0,50,United-States,0
17,Private,438996,10th,6,Never-married,Other-service,Other-relative,White,Male,0,0,40,Mexico,0
43,Private,160674,HS-grad,9,Divorced,Exec-managerial,Unmarried,White,Female,0,0,40,United-States,0
39,Private,255027,Assoc-voc,11,Divorced,Exec-managerial,Unmarried,Black,Female,0,0,40,United-States,0
23,Private,204641,10th,6,Never-married,Handlers-cleaners,Unmarried,White,Male,0,0,50,United-States,0
54,Self-emp-not-inc,91506,Some-college,10,Married-civ-spouse,Sales,Husband,White,Male,0,0,65,United-States,0
30,Federal-gov,266463,HS-grad,9,Married-civ-spouse,Adm-clerical,Husband,White,Male,0,0,40,United-States,1
37,Self-emp-not-inc,607848,Bachelors,13,Married-civ-spouse,Tech-support,Husband,White,Male,0,0,40,United-States,1
21,Private,322931,Some-college,10,Never-married,Craft-repair,Not-in-family,White,Male,0,0,55,United-States,0
57,Private,170287,Masters,14,Married-civ-spouse,Tech-support,Husband,White,Male,0,0,40,United-States,1
39,Private,341741,Primary,1,Never-married,Other-service,Not-in-family,White,Female,0,0,12,United-States,0
35,Self-emp-inc,187046,Masters,14,Married-civ-spouse,Adm-clerical,Husband,White,Male,0,0,50,United-States,0
27,Private,221436,Bachelors,13,Married-civ-spouse,Adm-clerical,Wife,White,Female,0,0,40,Other,1
39,Self-emp-not-inc,52187,HS-grad,9,Married-civ-spouse,Exec-managerial,Husband,White,Male,0,0,40,United-States,0
46,State-gov,55377,Bachelors,13,Married-civ-spouse,Prof-specialty,Husband,Black,Male,0,0,40,United-States,1
44,Self-emp-not-inc,182771,Bachelors,13,Married-civ-spouse,Exec-managerial,Husband,Asian-Pac-Islander,Male,0,0,48,Other,1
50,Private,163002,HS-grad,9,Separated,Adm-clerical,Other-relative,White,Female,0,0,40,United-States,0
20,Private,244406,HS-grad,9,Never-married,Adm-clerical,Own-child,Black,Female,0,0,40,United-States,0
33,Private,83671,HS-grad,9,Never-married,Sales,Own-child,Black,Female,0,0,40,United-States,0
50,Private,240496,Some-college,10,Divorced,Tech-support,Not-in-family,White,Female,0,0,36,United-States,0
26,Private,51961,Bachelors,13,Never-married,Adm-clerical,Not-in-family,Black,Male,0,0,20,United-States,0
36,Private,174887,Some-college,10,Never-married,Tech-support,Not-in-family,White,Female,0,0,40,United-States,0
32,Private,362259,Bachelors,13,Never-married,Exec-managerial,Not-in-family,White,Female,0,0,40,United-States,0
19,Private,139466,Some-college,10,Never-married,Sales,Own-child,White,Female,0,0,25,United-States,0
50,Private,172175,Prof-school,15,Married-civ-spouse,Prof-specialty,Husband,White,Male,0,0,50,United-States,1
17,Private,153035,10th,6,Never-married,Sales,Own-child,White,Female,0,0,20,United-States,0
31,Private,164707,Some-college,10,Never-married,Sales,Other-relative,White,Female,0,0,40,Other,0
56,Self-emp-not-inc,66356,Some-college,10,Married-civ-spouse,Farming-fishing,Husband,White,Male,0,0,50,United-States,0
33,Private,154981,Bachelors,13,Married-civ-spouse,Adm-clerical,Husband,White,Male,0,1902,50,United-States,1
38,Private,301743,HS-grad,9,Divorced,Other-service,Not-in-family,White,Female,0,0,35,United-States,0
39,Private,98776,Some-college,10,Divorced,Exec-managerial,Not-in-family,White,Male,0,0,50,United-States,1
27,Private,177119,Some-college,10,Divorced,Adm-clerical,Unmarried,White,Female,0,0,44,United-States,0
30,Private,203258,HS-grad,9,Never-married,Other-service,Not-in-family,White,Female,0,0,35,United-States,0
17,Private,134480,11th,7,Never-married,Priv-house-serv,Own-child,White,Female,0,0,25,United-States,0
42,State-gov,148316,Assoc-voc,11,Married-civ-spouse,Protective-serv,Husband,White,Male,0,0,40,United-States,1
42,Private,150568,HS-grad,9,Separated,Sales,Unmarried,White,Female,0,0,45,United-States,0
47,Private,199832,HS-grad,9,Married-civ-spouse,Craft-repair,Husband,White,Male,0,0,40,United-States,0
27,Private,52028,Bachelors,13,Married-civ-spouse,Exec-managerial,Wife,Asian-Pac-Islander,Female,0,0,40,Other,0
36,Private,152621,Some-college,10,Married-civ-spouse,Craft-repair,Husband,White,Male,0,0,40,Other,1
21,Private,143062,HS-grad,9,Never-married,Machine-op-inspct,Own-child,White,Male,0,0,40,United-States,0
52,Local-gov,91689,Some-college,10,Married-civ-spouse,Transport-moving,Husband,White,Male,0,0,40,United-States,0
38,Self-emp-not-inc,403391,Bachelors,13,Married-civ-spouse,Exec-managerial,Husband,White,Male,0,0,60,United-States,0
31,Private,416415,HS-grad,9,Separated,Adm-clerical,Not-in-family,White,Male,0,0,45,United-States,0
46,Private,251243,Some-college,10,Divorced,Exec-managerial,Not-in-family,White,Female,0,0,40,United-States,0
52,Private,164530,11th,7,Divorced,Machine-op-inspct,Not-in-family,Black,Female,0,0,20,United-States,0
37,Private,102953,HS-grad,9,Married-civ-spouse,Craft-repair,Husband,White,Male,0,0,40,United-States,0
36,Private,187999,HS-grad,9,Married-civ-spouse,Craft-repair,Husband,White,Male,0,0,40,United-States,1
60,Self-emp-not-inc,78913,Some-college,10,Married-civ-spouse,Exec-managerial,Husband,White,Male,0,0,50,United-States,0
45,Private,229967,HS-grad,9,Divorced,Exec-managerial,Not-in-family,White,Male,13550,0,50,United-States,1
31,Local-gov,121055,HS-grad,9,Married-civ-spouse,Craft-repair,Husband,White,Male,0,0,70,United-States,1
34,Private,100669,Bachelors,13,Married-civ-spouse,Transport-moving,Husband,Asian-Pac-Islander,Male,0,0,40,United-States,1
33,Private,112847,HS-grad,9,Married-civ-spouse,Transport-moving,Husband,Asian-Pac-Islander,Male,0,0,40,Other,0
39,Self-emp-inc,143123,Assoc-voc,11,Married-civ-spouse,Craft-repair,Husband,White,Male,0,2415,40,United-States,1
34,Private,112115,Prof-school,15,Married-civ-spouse,Prof-specialty,Husband,White,Male,0,1977,55,United-States,1
24,Private,229393,11th,7,Never-married,Farming-fishing,Unmarried,White,Male,2463,0,40,United-States,0
40,Private,212847,Some-college,10,Married-civ-spouse,Machine-op-inspct,Husband,White,Male,0,2179,40,United-States,0
63,Self-emp-not-inc,174181,Bachelors,13,Married-civ-spouse,Prof-specialty,Husband,White,Male,0,0,20,United-States,0
17,Private,118792,11th,7,Never-married,Sales,Own-child,White,Female,0,0,9,United-States,0
28,Private,272913,10th,6,Married-civ-spouse,Handlers-cleaners,Husband,White,Male,0,0,30,Mexico,0
45,Private,197731,HS-grad,9,Married-civ-spouse,Machine-op-inspct,Husband,White,Male,0,0,40,United-States,0
50,Private,145409,HS-grad,9,Married-civ-spouse,Transport-moving,Husband,White,Male,0,0,50,United-States,1
21,Private,121407,Assoc-voc,11,Never-married,Other-service,Own-child,White,Female,0,0,36,United-States,0
47,Private,60267,Bachelors,13,Married-civ-spouse,Exec-managerial,Husband,White,Male,0,0,38,United-States,1
28,Private,37821,Assoc-voc,11,Never-married,Sales,Unmarried,White,Female,0,0,55,Other,0
41,Private,163322,11th,7,Divorced,Exec-managerial,Unmarried,White,Female,0,0,36,United-States,0
39,Private,37314,Masters,14,Never-married,Exec-managerial,Not-in-family,White,Male,0,0,50,United-States,1
23,Private,213115,HS-grad,9,Never-married,Adm-clerical,Own-child,Black,Female,0,0,40,United-States,0
39,Private,122032,Assoc-voc,11,Never-married,Machine-op-inspct,Not-in-family,White,Male,0,0,40,United-States,0
47,Private,251508,HS-grad,9,Divorced,Tech-support,Not-in-family,White,Female,0,0,36,United-States,0
50,Self-emp-not-inc,197054,Prof-school,15,Divorced,Sales,Not-in-family,White,Male,0,0,50,United-States,1
42,Private,214503,Bachelors,13,Married-civ-spouse,Prof-specialty,Husband,White,Male,0,0,44,United-States,1
18,Private,266489,Some-college,10,Never-married,Exec-managerial,Not-in-family,White,Male,0,0,50,United-States,0
54,Private,188186,HS-grad,9,Never-married,Other-service,Other-relative,White,Female,0,0,20,Other,0
49,Private,87928,Assoc-voc,11,Married-civ-spouse,Craft-repair,Husband,White,Male,5013,0,40,United-States,0
49,Private,139268,HS-grad,9,Married-civ-spouse,Craft-repair,Husband,White,Male,7298,0,40,United-States,1
33,Private,288273,12th,8,Separated,Adm-clerical,Unmarried,White,Female,1471,0,40,United-States,0
43,Private,163985,HS-grad,9,Married-civ-spouse,Craft-repair,Husband,White,Male,0,0,40,United-States,0
36,Federal-gov,54159,Bachelors,13,Married-civ-spouse,Exec-managerial,Husband,White,Male,0,0,45,United-States,0
53,Local-gov,283602,Masters,14,Married-civ-spouse,Prof-specialty,Wife,White,Female,15024,0,40,United-States,1
26,Private,105516,Bachelors,13,Never-married,Sales,Not-in-family,White,Female,0,0,40,United-States,0
41,Private,170230,Bachelors,13,Divorced,Exec-managerial,Unmarried,White,Female,0,0,45,United-States,0
35,Private,174308,Some-college,10,Never-married,Transport-moving,Own-child,White,Male,0,0,40,United-States,0
39,Self-emp-inc,372525,Masters,14,Married-civ-spouse,Exec-managerial,Husband,White,Male,0,0,60,United-States,1
42,Private,52849,Some-college,10,Married-civ-spouse,Machine-op-inspct,Husband,White,Male,0,0,40,United-States,0
39,Self-emp-not-inc,106347,Some-college,10,Divorced,Sales,Unmarried,White,Male,0,0,47,United-States,0
20,Private,219211,Some-college,10,Never-married,Other-service,Own-child,White,Male,0,0,20,United-States,0
61,Private,26254,HS-grad,9,Divorced,Exec-managerial,Not-in-family,White,Female,0,0,40,United-States,0
28,Private,54042,Assoc-voc,11,Never-married,Other-service,Not-in-family,White,Female,2463,0,35,United-States,0
37,Private,83893,Assoc-voc,11,Married-civ-spouse,Adm-clerical,Husband,White,Male,0,0,40,United-States,0
23,Private,113309,Some-college,10,Never-married,Transport-moving,Not-in-family,White,Male,0,0,40,United-States,0
54,Private,202415,HS-grad,9,Married-civ-spouse,Craft-repair,Husband,White,Male,0,0,40,United-States,1
58,Private,136951,Bachelors,13,Married-civ-spouse,Adm-clerical,Husband,Asian-Pac-Islander,Male,0,0,40,Philippines,0
58,Private,41374,HS-grad,9,Widowed,Adm-clerical,Unmarried,Amer-Indian-Eskimo,Male,0,0,40,United-States,0
30,Self-emp-inc,84119,Bachelors,13,Never-married,Exec-managerial,Own-child,White,Male,0,0,43,United-States,0
64,Private,22186,Some-college,10,Widowed,Tech-support,Not-in-family,White,Female,0,0,35,United-States,0
57,Self-emp-inc,37345,Prof-school,15,Married-civ-spouse,Prof-specialty,Husband,White,Male,0,0,36,United-States,1
37,Private,201531,HS-grad,9,Married-civ-spouse,Farming-fishing,Husband,White,Male,0,0,40,United-States,0
46,Private,123598,Bachelors,13,Married-civ-spouse,Sales,Husband,White,Male,0,0,40,United-States,0
40,Private,83859,HS-grad,9,Widowed,Machine-op-inspct,Own-child,White,Female,0,0,30,United-States,0
25,Private,266820,Primary,1,Never-married,Farming-fishing,Not-in-family,White,Male,0,0,35,Mexico,0
44,Private,85440,HS-grad,9,Married-civ-spouse,Adm-clerical,Husband,White,Male,0,0,45,United-States,0
20,Private,215232,Some-college,10,Never-married,Exec-managerial,Own-child,White,Female,0,0,10,United-States,0
51,Federal-gov,20795,HS-grad,9,Married-civ-spouse,Transport-moving,Husband,White,Male,7688,0,40,United-States,1
47,Private,112791,HS-grad,9,Married-civ-spouse,Protective-serv,Husband,White,Male,0,0,40,United-States,0
20,Private,291407,11th,7,Never-married,Handlers-cleaners,Own-child,Black,Male,0,0,40,United-States,0
27,Private,329426,Masters,14,Never-married,Exec-managerial,Not-in-family,White,Male,0,0,37,United-States,0
64,Self-emp-inc,307786,Primary,2,Married-civ-spouse,Sales,Husband,White,Male,0,0,20,United-States,0
34,Self-emp-not-inc,100079,Bachelors,13,Married-civ-spouse,Sales,Husband,Asian-Pac-Islander,Male,0,0,55,Other,0
33,Private,578701,Bachelors,13,Married-civ-spouse,Exec-managerial,Husband,Black,Male,0,0,40,Other,0
49,Self-emp-not-inc,232664,Bachelors,13,Never-married,Exec-managerial,Own-child,White,Female,0,0,40,United-States,0
35,Private,413648,Primary,3,Never-married,Farming-fishing,Unmarried,White,Male,0,0,36,United-States,0
27,Private,133425,HS-grad,9,Never-married,Exec-managerial,Not-in-family,White,Female,0,0,50,United-States,0
36,Private,162164,HS-grad,9,Married-civ-spouse,Craft-repair,Husband,White,Male,0,0,44,United-States,0
57,Federal-gov,170066,Assoc-voc,11,Never-married,Tech-support,Not-in-family,White,Male,0,0,40,United-States,0
54,Self-emp-inc,162439,HS-grad,9,Married-civ-spouse,Exec-managerial,Husband,White,Male,0,0,98,United-States,1
37,Local-gov,217689,Some-college,10,Married-civ-spouse,Other-service,Husband,Amer-Indian-Eskimo,Male,0,0,32,United-States,0
46,Private,35136,10th,6,Divorced,Adm-clerical,Own-child,Black,Male,0,0,40,United-States,0
27,Private,195337,Some-college,10,Never-married,Machine-op-inspct,Not-in-family,White,Female,0,0,40,United-States,0
59,Private,32954,Assoc-voc,11,Divorced,Prof-specialty,Not-in-family,White,Female,0,0,36,United-States,0
40,Self-emp-inc,225165,HS-grad,9,Married-civ-spouse,Exec-managerial,Husband,White,Male,0,0,40,United-States,0
42,Local-gov,228320,7th-8th,4,Divorced,Other-service,Not-in-family,White,Male,0,0,40,United-States,0
19,Private,254247,12th,8,Never-married,Adm-clerical,Own-child,White,Male,0,0,38,Other,0
39,Local-gov,89508,HS-grad,9,Married-civ-spouse,Craft-repair,Husband,White,Male,0,0,40,United-States,1
23,Private,166371,Some-college,10,Never-married,Tech-support,Own-child,White,Male,0,0,60,United-States,0
49,Self-emp-not-inc,181307,Prof-school,15,Married-civ-spouse,Prof-specialty,Husband,White,Male,15024,0,65,United-States,1
35,Self-emp-not-inc,37778,Assoc-voc,11,Married-civ-spouse,Farming-fishing,Husband,White,Male,3103,0,55,United-States,0
35,Private,142616,HS-grad,9,Separated,Other-service,Own-child,Black,Female,0,0,30,United-States,0
20,Private,148509,HS-grad,9,Never-married,Other-service,Not-in-family,White,Female,0,0,40,United-States,0
30,Local-gov,327825,HS-grad,9,Divorced,Protective-serv,Own-child,White,Female,0,0,32,United-States,0
20,Private,380544,Assoc-acdm,12,Never-married,Transport-moving,Own-child,White,Male,0,0,20,United-States,0
34,Private,232855,Some-college,10,Separated,Other-service,Unmarried,Black,Female,0,0,37,United-States,0
33,Private,203463,HS-grad,9,Divorced,Other-service,Own-child,White,Female,0,0,40,United-States,0
20,Private,179423,Some-college,10,Never-married,Handlers-cleaners,Own-child,White,Female,0,0,8,United-States,0
23,Private,216181,Some-college,10,Never-married,Sales,Own-child,White,Male,0,0,36,Other,0
35,Local-gov,223242,Bachelors,13,Divorced,Prof-specialty,Not-in-family,White,Male,0,0,40,United-States,0
19,Private,307496,Some-college,10,Never-married,Other-service,Own-child,White,Female,0,0,23,United-States,0
34,Private,187203,Assoc-acdm,12,Never-married,Sales,Unmarried,White,Male,0,0,50,United-States,0
28,Private,207513,HS-grad,9,Never-married,Sales,Own-child,White,Male,0,0,48,United-States,0
45,Private,213140,10th,6,Married-civ-spouse,Craft-repair,Husband,White,Male,2829,0,40,United-States,0
31,Private,211242,Assoc-acdm,12,Married-civ-spouse,Exec-managerial,Husband,White,Male,0,0,55,United-States,1
39,State-gov,326566,Some-college,10,Never-married,Transport-moving,Own-child,Black,Male,0,0,40,United-States,0
17,Private,166242,10th,6,Never-married,Other-service,Own-child,White,Female,0,0,15,United-States,0
43,Private,191429,7th-8th,4,Married-civ-spouse,Other-service,Husband,White,Male,0,0,25,United-States,0
46,Private,75256,HS-grad,9,Married-civ-spouse,Priv-house-serv,Wife,White,Female,0,0,40,United-States,0
50,Private,145717,HS-grad,9,Widowed,Adm-clerical,Unmarried,White,Female,0,0,35,United-States,0
36,Private,334366,11th,7,Separated,Exec-managerial,Not-in-family,White,Female,0,0,32,United-States,0
50,Private,197322,11th,7,Married-civ-spouse,Exec-managerial,Husband,White,Male,0,0,50,United-States,1
23,Private,162551,Bachelors,13,Never-married,Adm-clerical,Not-in-family,Asian-Pac-Islander,Female,0,0,20,United-States,0
37,Private,161141,HS-grad,9,Never-married,Handlers-cleaners,Not-in-family,White,Male,0,0,40,United-States,0
37,Private,260093,HS-grad,9,Never-married,Adm-clerical,Unmarried,Black,Female,0,0,40,United-States,0
29,Private,169683,Assoc-voc,11,Married-civ-spouse,Prof-specialty,Husband,White,Male,0,0,40,United-States,0
33,Private,268127,HS-grad,9,Never-married,Other-service,Unmarried,Black,Female,0,0,40,United-States,0
28,Private,77009,7th-8th,4,Divorced,Other-service,Unmarried,White,Female,0,0,50,United-States,0
46,Local-gov,303918,HS-grad,9,Married-civ-spouse,Protective-serv,Husband,White,Male,7688,0,96,United-States,1
54,State-gov,166774,Masters,14,Never-married,Prof-specialty,Not-in-family,White,Female,0,0,45,United-States,1
37,Private,135436,Bachelors,13,Married-civ-spouse,Exec-managerial,Husband,White,Male,0,1977,60,United-States,1
47,State-gov,149337,HS-grad,9,Divorced,Adm-clerical,Unmarried,White,Male,0,0,38,United-States,0
19,Private,101549,Some-college,10,Never-married,Other-service,Own-child,White,Male,0,0,15,United-States,0
40,Private,187702,Some-college,10,Never-married,Exec-managerial,Not-in-family,White,Male,0,0,50,United-States,1
21,Private,202373,Assoc-voc,11,Never-married,Craft-repair,Own-child,Black,Male,0,0,40,United-States,0
53,Private,126386,HS-grad,9,Divorced,Machine-op-inspct,Own-child,White,Male,0,0,40,United-States,0
32,Private,113364,Bachelors,13,Never-married,Prof-specialty,Not-in-family,White,Male,0,0,40,United-States,1
72,Self-emp-not-inc,139889,Some-college,10,Married-civ-spouse,Farming-fishing,Husband,White,Male,0,0,74,United-States,0
46,Self-emp-inc,200949,Bachelors,13,Widowed,Exec-managerial,Not-in-family,White,Female,0,0,50,Other,0
46,Private,229394,HS-grad,9,Divorced,Exec-managerial,Not-in-family,White,Female,0,0,40,United-States,0
37,Private,111499,Some-college,10,Never-married,Exec-managerial,Not-in-family,White,Female,0,0,40,United-States,0
36,Private,133299,Assoc-voc,11,Married-civ-spouse,Craft-repair,Husband,White,Male,0,0,40,United-States,0
35,Private,241998,Bachelors,13,Married-civ-spouse,Exec-managerial,Husband,White,Male,0,0,45,United-States,1
67,Private,192670,HS-grad,9,Divorced,Sales,Not-in-family,White,Female,0,0,20,United-States,0
27,Private,223751,Some-college,10,Never-married,Craft-repair,Not-in-family,White,Male,0,0,45,United-States,0
18,Private,126125,HS-grad,9,Never-married,Other-service,Own-child,White,Male,0,0,20,United-States,0
34,Private,163110,Masters,14,Married-civ-spouse,Sales,Husband,White,Male,0,0,40,United-States,0
34,Private,34572,HS-grad,9,Never-married,Handlers-cleaners,Not-in-family,White,Male,0,0,60,United-States,0
48,Self-emp-not-inc,243631,HS-grad,9,Married-civ-spouse,Exec-managerial,Husband,Asian-Pac-Islander,Male,0,0,30,Other,0
42,Self-emp-not-inc,98061,Assoc-voc,11,Married-civ-spouse,Exec-managerial,Husband,White,Male,0,0,50,United-States,0
22,Private,211678,HS-grad,9,Never-married,Handlers-cleaners,Own-child,White,Male,0,0,40,United-States,0
36,Private,146625,11th,7,Widowed,Other-service,Unmarried,Black,Female,0,0,12,United-States,0
35,Private,385847,Some-college,10,Married-civ-spouse,Craft-repair,Husband,White,Male,0,0,40,United-States,0
45,Self-emp-not-inc,106110,Some-college,10,Married-civ-spouse,Other-service,Wife,White,Female,0,0,99,United-States,0
36,Private,225516,Assoc-acdm,12,Never-married,Sales,Not-in-family,Black,Male,10520,0,43,United-States,1
41,Self-emp-not-inc,408498,HS-grad,9,Married-civ-spouse,Exec-managerial,Husband,White,Male,0,0,50,United-States,0
50,Private,163948,Masters,14,Married-civ-spouse,Sales,Husband,White,Male,0,0,40,United-States,1
28,Private,132191,HS-grad,9,Married-civ-spouse,Transport-moving,Husband,White,Male,0,0,45,United-States,1
79,Self-emp-not-inc,103684,HS-grad,9,Married-civ-spouse,Farming-fishing,Husband,White,Male,0,0,40,United-States,0
26,Private,151810,10th,6,Never-married,Farming-fishing,Not-in-family,Black,Male,0,0,40,United-States,0
46,Private,202560,Some-college,10,Married-civ-spouse,Adm-clerical,Wife,White,Female,0,0,40,United-States,1
42,Private,157425,Bachelors,13,Divorced,Exec-managerial,Unmarried,White,Female,0,0,45,United-States,0
18,Private,108892,11th,7,Never-married,Handlers-cleaners,Own-child,White,Male,0,0,12,United-States,0
22,Private,298489,Some-college,10,Never-married,Craft-repair,Own-child,White,Male,0,0,40,United-States,0
37,Private,112271,11th,7,Married-civ-spouse,Craft-repair,Husband,White,Male,0,0,40,United-States,1
31,Private,352465,Some-college,10,Married-civ-spouse,Exec-managerial,Husband,White,Male,15024,0,50,United-States,1
41,Local-gov,195897,Masters,14,Married-civ-spouse,Prof-specialty,Husband,White,Male,0,0,60,United-States,0
25,Private,469572,Some-college,10,Never-married,Prof-specialty,Not-in-family,White,Male,8614,0,40,United-States,1
34,Private,143083,Assoc-voc,11,Married-civ-spouse,Adm-clerical,Wife,White,Female,0,0,18,United-States,0
43,Self-emp-not-inc,96129,11th,7,Married-civ-spouse,Handlers-cleaners,Husband,White,Male,0,0,60,United-States,0
47,Self-emp-not-inc,235646,Masters,14,Married-civ-spouse,Prof-specialty,Husband,White,Male,0,0,40,United-States,1
27,Private,95647,Bachelors,13,Never-married,Prof-specialty,Own-child,Asian-Pac-Islander,Male,0,0,40,United-States,0
18,Private,74539,10th,6,Never-married,Sales,Not-in-family,White,Male,0,0,20,United-States,0
61,Private,143800,10th,6,Married-civ-spouse,Transport-moving,Husband,White,Male,0,0,50,United-States,1
30,Private,345705,Some-college,10,Married-civ-spouse,Exec-managerial,Other-relative,White,Male,0,0,40,United-States,0
42,Private,106679,HS-grad,9,Married-civ-spouse,Craft-repair,Husband,White,Male,0,0,50,United-States,1
19,Private,389942,HS-grad,9,Never-married,Sales,Not-in-family,White,Male,0,0,40,United-States,0
39,Private,237943,Bachelors,13,Married-civ-spouse,Exec-managerial,Husband,White,Male,99999,0,70,United-States,1
18,Private,294387,11th,7,Never-married,Handlers-cleaners,Not-in-family,White,Male,0,0,40,United-States,0
20,Private,161708,Some-college,10,Never-married,Sales,Own-child,White,Female,0,0,35,United-States,0
49,Private,195727,Bachelors,13,Married-civ-spouse,Exec-managerial,Husband,White,Male,0,0,40,United-States,0
28,Private,165030,Some-college,10,Never-married,Exec-managerial,Not-in-family,White,Female,0,0,50,United-States,0
62,Private,195343,Doctorate,16,Divorced,Prof-specialty,Unmarried,White,Male,15020,0,50,United-States,1
35,Private,312232,HS-grad,9,Separated,Craft-repair,Not-in-family,White,Male,0,0,50,United-States,0
41,Self-emp-inc,94113,Masters,14,Married-civ-spouse,Exec-managerial,Husband,White,Male,0,0,60,United-States,1
32,Private,199416,Bachelors,13,Married-civ-spouse,Prof-specialty,Husband,White,Male,0,0,40,United-States,0
42,Private,226902,Bachelors,13,Married-civ-spouse,Tech-support,Husband,White,Male,0,0,45,United-States,1
59,Private,99131,Masters,14,Widowed,Exec-managerial,Not-in-family,White,Female,0,0,40,United-States,1
75,Private,316119,Some-college,10,Widowed,Prof-specialty,Not-in-family,White,Female,0,0,8,United-States,0
40,Self-emp-not-inc,237293,Prof-school,15,Married-civ-spouse,Prof-specialty,Wife,White,Female,15024,0,40,United-States,1
58,Private,203735,HS-grad,9,Divorced,Exec-managerial,Unmarried,White,Female,0,0,40,United-States,0
26,Private,197967,HS-grad,9,Married-civ-spouse,Sales,Husband,White,Male,0,0,65,United-States,0
33,Private,173248,HS-grad,9,Married-civ-spouse,Other-service,Husband,Black,Male,0,0,35,United-States,0
27,Private,56658,HS-grad,9,Married-civ-spouse,Handlers-cleaners,Husband,Amer-Indian-Eskimo,Male,0,0,8,United-States,0
26,Private,159732,HS-grad,9,Widowed,Transport-moving,Not-in-family,White,Male,0,0,40,United-States,0
41,Private,115932,Some-college,10,Married-civ-spouse,Exec-managerial,Husband,White,Male,99999,0,50,United-States,1
32,Private,170154,Assoc-acdm,12,Separated,Exec-managerial,Unmarried,White,Female,25236,0,50,United-States,1
51,Private,159755,Bachelors,13,Married-civ-spouse,Exec-managerial,Husband,White,Male,7688,0,40,United-States,1
41,Local-gov,169995,Some-college,10,Divorced,Protective-serv,Not-in-family,White,Male,0,0,20,United-States,0
41,Private,207685,Some-college,10,Divorced,Other-service,Not-in-family,White,Male,0,0,21,United-States,0
40,Private,374137,HS-grad,9,Divorced,Adm-clerical,Own-child,White,Male,0,0,40,United-States,0
34,Private,196385,Assoc-voc,11,Married-civ-spouse,Exec-managerial,Husband,White,Male,0,0,40,United-States,0
26,Private,94392,11th,7,Separated,Other-service,Unmarried,White,Female,0,0,20,United-States,0
51,Private,106819,7th-8th,4,Never-married,Handlers-cleaners,Own-child,White,Male,0,0,19,United-States,0
39,Private,99452,Bachelors,13,Married-civ-spouse,Prof-specialty,Husband,White,Male,0,0,50,United-States,1
23,Private,193090,Bachelors,13,Never-married,Prof-specialty,Not-in-family,White,Female,0,0,38,United-States,0
42,Private,268183,Bachelors,13,Married-civ-spouse,Exec-managerial,Husband,White,Male,0,1485,60,United-States,0
27,Private,140863,HS-grad,9,Never-married,Transport-moving,Not-in-family,White,Male,0,0,60,United-States,0
39,Private,22494,Bachelors,13,Never-married,Exec-managerial,Not-in-family,White,Female,0,0,40,United-States,0
22,Private,239098,HS-grad,9,Never-married,Other-service,Unmarried,White,Female,0,0,40,United-States,0
35,Private,77146,Bachelors,13,Married-civ-spouse,Sales,Husband,White,Male,0,0,45,United-States,1
31,Private,234976,11th,7,Never-married,Adm-clerical,Unmarried,White,Female,0,0,48,United-States,0
61,Private,241013,7th-8th,4,Widowed,Farming-fishing,Not-in-family,Black,Male,0,0,40,United-States,0
20,Private,39764,HS-grad,9,Never-married,Handlers-cleaners,Own-child,White,Male,0,0,40,United-States,0
35,Private,172186,Some-college,10,Separated,Craft-repair,Not-in-family,White,Male,0,0,40,United-States,0
29,Federal-gov,37933,Some-college,10,Never-married,Adm-clerical,Unmarried,Black,Female,2174,0,40,United-States,0
33,Private,250782,HS-grad,9,Married-civ-spouse,Machine-op-inspct,Husband,White,Male,0,0,48,United-States,0
28,Private,177955,11th,7,Married-civ-spouse,Adm-clerical,Wife,White,Female,0,0,40,Mexico,0
48,Self-emp-inc,54190,Prof-school,15,Married-civ-spouse,Prof-specialty,Husband,White,Male,15024,0,40,United-States,1
39,Private,257942,Bachelors,13,Married-civ-spouse,Sales,Husband,White,Male,0,0,60,United-States,1
34,Private,62124,HS-grad,9,Separated,Other-service,Not-in-family,Black,Male,0,0,40,United-States,0
46,Private,140782,Assoc-acdm,12,Divorced,Prof-specialty,Not-in-family,White,Female,0,0,50,United-States,0
48,Private,168283,Some-college,10,Married-civ-spouse,Transport-moving,Husband,White,Male,0,0,45,United-States,1
35,Private,422933,Bachelors,13,Never-married,Other-service,Not-in-family,White,Male,0,0,37,United-States,0
52,Self-emp-not-inc,129311,Some-college,10,Married-civ-spouse,Exec-managerial,Husband,White,Male,0,0,95,United-States,1
30,Private,85708,HS-grad,9,Married-civ-spouse,Adm-clerical,Husband,White,Male,0,0,40,United-States,0
24,Private,127647,Some-college,10,Separated,Adm-clerical,Unmarried,White,Female,0,0,35,United-States,0
30,Private,398662,HS-grad,9,Never-married,Machine-op-inspct,Own-child,White,Male,0,0,40,United-States,0
47,Private,227310,Some-college,10,Divorced,Adm-clerical,Unmarried,Black,Female,0,0,40,United-States,0
36,Self-emp-inc,180419,HS-grad,9,Married-civ-spouse,Farming-fishing,Husband,White,Male,0,0,45,United-States,0
23,Private,186014,Some-college,10,Never-married,Adm-clerical,Own-child,White,Female,0,0,15,United-States,0
37,Local-gov,108320,Bachelors,13,Married-civ-spouse,Tech-support,Husband,White,Male,0,0,45,United-States,1
24,Private,258730,HS-grad,9,Divorced,Other-service,Own-child,White,Female,0,0,40,Other,0
33,Private,58305,Assoc-voc,11,Married-civ-spouse,Craft-repair,Husband,White,Male,0,0,40,United-States,0
54,Private,68985,Masters,14,Married-civ-spouse,Sales,Husband,White,Male,0,0,55,United-States,1
62,Private,232308,Bachelors,13,Married-civ-spouse,Exec-managerial,Husband,White,Male,0,0,40,United-States,1
36,Local-gov,331902,Some-college,10,Divorced,Adm-clerical,Unmarried,White,Female,0,0,35,United-States,0
29,State-gov,159782,Masters,14,Married-civ-spouse,Prof-specialty,Wife,White,Female,0,0,45,United-States,1
19,Private,410543,HS-grad,9,Never-married,Adm-clerical,Not-in-family,White,Female,0,0,40,United-States,0
36,Private,187098,HS-grad,9,Divorced,Adm-clerical,Unmarried,White,Female,0,0,40,United-States,0
49,Private,188515,Some-college,10,Divorced,Adm-clerical,Unmarried,White,Female,0,0,40,United-States,0
20,Private,196643,HS-grad,9,Never-married,Handlers-cleaners,Own-child,White,Male,0,0,40,United-States,0
32,Private,171637,Some-college,10,Never-married,Adm-clerical,Own-child,White,Female,0,0,40,United-States,0
24,State-gov,197731,HS-grad,9,Married-civ-spouse,Transport-moving,Husband,White,Male,0,0,49,United-States,1
48,Self-emp-not-inc,197702,Some-college,10,Married-civ-spouse,Transport-moving,Husband,White,Male,0,0,40,United-States,0
21,Self-emp-not-inc,25631,Some-college,10,Never-married,Farming-fishing,Own-child,White,Male,0,0,40,United-States,0
54,Private,231482,Bachelors,13,Married-civ-spouse,Exec-managerial,Husband,White,Male,0,0,40,United-States,0
45,Self-emp-not-inc,420986,Bachelors,13,Married-civ-spouse,Prof-specialty,Husband,White,Male,0,0,40,United-States,1
50,Self-emp-inc,167793,Prof-school,15,Married-civ-spouse,Prof-specialty,Husband,White,Male,0,2415,60,United-States,1
40,Self-emp-inc,111483,Bachelors,13,Never-married,Prof-specialty,Own-child,White,Male,0,0,40,United-States,0
57,Private,24384,7th-8th,4,Widowed,Other-service,Not-in-family,White,Female,0,0,10,United-States,0
58,Private,322013,HS-grad,9,Married-civ-spouse,Craft-repair,Husband,White,Male,0,0,40,United-States,0
41,Private,37869,HS-grad,9,Married-civ-spouse,Sales,Husband,White,Male,0,1902,40,United-States,1
35,Private,198202,HS-grad,9,Never-married,Exec-managerial,Not-in-family,White,Female,0,0,54,United-States,0
50,Local-gov,320386,Assoc-acdm,12,Divorced,Prof-specialty,Not-in-family,White,Female,0,0,40,United-States,0
43,Private,102114,Some-college,10,Never-married,Adm-clerical,Unmarried,Black,Female,0,0,40,United-States,0
55,Local-gov,171328,Some-college,10,Married-spouse-absent,Adm-clerical,Unmarried,Black,Female,0,0,35,United-States,0
34,Private,102858,HS-grad,9,Separated,Adm-clerical,Unmarried,White,Male,0,0,40,United-States,0
68,Private,208478,Masters,14,Married-civ-spouse,Prof-specialty,Husband,White,Male,0,0,18,Other,0
22,Private,194848,HS-grad,9,Never-married,Farming-fishing,Own-child,White,Male,0,0,40,United-States,0
30,Private,167309,Bachelors,13,Married-civ-spouse,Adm-clerical,Husband,White,Male,0,1902,40,United-States,1
52,Federal-gov,123011,HS-grad,9,Divorced,Adm-clerical,Not-in-family,White,Male,0,0,45,United-States,0
20,Private,148409,Some-college,10,Never-married,Sales,Other-relative,White,Male,1055,0,20,United-States,0
46,Private,165937,Assoc-voc,11,Divorced,Machine-op-inspct,Unmarried,White,Male,0,0,40,United-States,0
44,Private,194049,Some-college,10,Divorced,Other-service,Unmarried,Black,Female,0,0,35,United-States,0
17,Private,122041,11th,7,Never-married,Craft-repair,Own-child,White,Male,0,0,20,United-States,0
60,Private,121319,7th-8th,4,Married-civ-spouse,Machine-op-inspct,Husband,White,Male,3137,0,40,Other,0
42,Private,213214,Assoc-acdm,12,Married-civ-spouse,Sales,Husband,White,Male,0,0,40,United-States,0
37,Private,122493,HS-grad,9,Married-civ-spouse,Transport-moving,Husband,White,Male,0,0,45,United-States,0
27,Private,119793,Bachelors,13,Married-civ-spouse,Craft-repair,Husband,White,Male,0,0,40,United-States,0
38,Private,188888,Bachelors,13,Never-married,Exec-managerial,Not-in-family,White,Male,0,1340,40,United-States,0
28,Private,129624,HS-grad,9,Never-married,Handlers-cleaners,Not-in-family,White,Male,0,0,40,Other,0
45,Private,194698,Some-college,10,Married-civ-spouse,Craft-repair,Husband,White,Male,0,0,40,United-States,1
29,Self-emp-not-inc,160786,10th,6,Married-civ-spouse,Craft-repair,Husband,White,Male,0,0,35,United-States,1
40,Private,209547,Bachelors,13,Married-civ-spouse,Prof-specialty,Husband,White,Male,0,0,60,United-States,1
31,Private,91666,HS-grad,9,Never-married,Exec-managerial,Own-child,White,Male,0,0,60,United-States,0
21,Private,221157,HS-grad,9,Never-married,Other-service,Own-child,Black,Female,0,0,30,United-States,0
36,Self-emp-inc,107218,Some-college,10,Divorced,Sales,Unmarried,Asian-Pac-Islander,Male,0,0,55,United-States,0
51,Private,55500,12th,8,Married-civ-spouse,Transport-moving,Husband,White,Male,0,0,40,United-States,0
33,Private,123920,Some-college,10,Never-married,Exec-managerial,Not-in-family,Black,Female,0,0,40,United-States,0
43,Private,206139,Bachelors,13,Married-civ-spouse,Prof-specialty,Husband,White,Male,0,0,50,United-States,1
27,Private,303954,Bachelors,13,Married-civ-spouse,Sales,Husband,White,Male,0,0,45,United-States,0
27,Private,173611,Assoc-acdm,12,Never-married,Sales,Not-in-family,White,Female,0,0,40,United-States,0
24,Private,124963,HS-grad,9,Never-married,Machine-op-inspct,Own-child,White,Male,0,0,30,United-States,0
58,State-gov,110199,7th-8th,4,Married-civ-spouse,Transport-moving,Husband,White,Male,0,0,40,United-States,0
51,Private,316059,Some-college,10,Divorced,Exec-managerial,Not-in-family,White,Female,0,0,36,United-States,0
51,Private,215404,Bachelors,13,Married-civ-spouse,Prof-specialty,Husband,Amer-Indian-Eskimo,Male,15024,0,40,United-States,1
39,Private,153976,Some-college,10,Married-civ-spouse,Machine-op-inspct,Husband,White,Male,0,0,40,United-States,0
43,Private,185057,HS-grad,9,Divorced,Exec-managerial,Not-in-family,White,Female,0,0,30,United-States,1
19,Self-emp-inc,148955,Some-college,10,Never-married,Other-service,Own-child,Asian-Pac-Islander,Female,0,0,35,Other,0
25,Private,385646,HS-grad,9,Never-married,Farming-fishing,Own-child,White,Male,0,0,40,United-States,0
39,Private,115289,Some-college,10,Divorced,Sales,Own-child,White,Male,0,1380,70,United-States,0
34,Private,195602,Assoc-acdm,12,Married-civ-spouse,Craft-repair,Husband,White,Male,0,0,44,United-States,0
36,Private,218490,Bachelors,13,Married-civ-spouse,Prof-specialty,Husband,White,Male,0,0,45,Other,1
56,Self-emp-inc,267763,HS-grad,9,Married-civ-spouse,Exec-managerial,Husband,White,Male,0,0,40,Other,0
42,Private,198422,Some-college,10,Divorced,Adm-clerical,Own-child,White,Female,0,0,40,United-States,0
43,Private,200734,HS-grad,9,Separated,Other-service,Not-in-family,Black,Female,0,0,40,United-States,0
52,Private,81859,HS-grad,9,Married-civ-spouse,Machine-op-inspct,Husband,White,Male,0,0,48,United-States,1
25,Self-emp-inc,160261,Bachelors,13,Never-married,Exec-managerial,Own-child,Asian-Pac-Islander,Male,0,0,35,Other,0
41,Self-emp-not-inc,375574,Some-college,10,Married-civ-spouse,Sales,Husband,White,Male,0,0,60,Mexico,1
38,Self-emp-inc,124665,Bachelors,13,Never-married,Craft-repair,Not-in-family,White,Female,0,0,20,United-States,0
29,Private,146719,HS-grad,9,Never-married,Transport-moving,Not-in-family,White,Female,0,0,45,United-States,0
59,Private,231377,Some-college,10,Married-civ-spouse,Exec-managerial,Husband,White,Male,0,1848,45,United-States,1
66,Private,126511,Some-college,10,Married-civ-spouse,Exec-managerial,Husband,White,Male,0,0,45,United-States,0
63,Private,20323,Some-college,10,Divorced,Other-service,Not-in-family,White,Female,0,0,40,United-States,0
47,Private,175990,HS-grad,9,Married-civ-spouse,Other-service,Wife,White,Female,0,0,30,United-States,1
49,Self-emp-not-inc,219718,Bachelors,13,Married-civ-spouse,Sales,Husband,White,Male,15024,0,40,United-States,1
31,Private,173279,Bachelors,13,Married-civ-spouse,Tech-support,Husband,Asian-Pac-Islander,Male,0,0,40,United-States,1
51,Self-emp-inc,100029,Doctorate,16,Married-civ-spouse,Prof-specialty,Husband,White,Male,15024,0,40,United-States,1
32,State-gov,111567,HS-grad,9,Married-civ-spouse,Craft-repair,Husband,White,Male,0,0,49,United-States,1
31,Private,209538,10th,6,Married-civ-spouse,Machine-op-inspct,Husband,White,Male,0,0,40,United-States,0
35,Private,210844,Assoc-acdm,12,Married-civ-spouse,Exec-managerial,Husband,White,Male,0,0,40,Other,0
32,Self-emp-not-inc,92531,HS-grad,9,Divorced,Craft-repair,Unmarried,White,Male,0,0,40,United-States,0
33,Private,160784,10th,6,Married-civ-spouse,Craft-repair,Husband,White,Male,0,0,40,United-States,0
26,Local-gov,163189,Some-college,10,Married-civ-spouse,Other-service,Other-relative,White,Male,0,0,40,United-States,0
28,Private,227104,Some-college,10,Divorced,Sales,Not-in-family,White,Male,0,0,30,United-States,0
51,Private,289572,Bachelors,13,Married-civ-spouse,Sales,Husband,White,Male,7688,0,50,United-States,1
43,State-gov,78765,Some-college,10,Divorced,Exec-managerial,Unmarried,White,Male,0,0,40,United-States,0
45,Private,72844,HS-grad,9,Divorced,Exec-managerial,Not-in-family,White,Female,0,0,46,United-States,0
34,State-gov,20057,Some-college,10,Married-spouse-absent,Adm-clerical,Unmarried,Asian-Pac-Islander,Female,0,0,38,Philippines,0
48,Private,93476,HS-grad,9,Separated,Adm-clerical,Not-in-family,White,Female,0,2001,40,United-States,0
26,Private,284343,Bachelors,13,Never-married,Prof-specialty,Not-in-family,White,Male,0,0,50,United-States,0
57,Self-emp-not-inc,225913,Some-college,10,Married-civ-spouse,Transport-moving,Husband,White,Male,0,0,45,United-States,1
41,Private,274363,Some-college,10,Separated,Sales,Not-in-family,White,Male,0,0,80,United-States,1
45,Federal-gov,76008,Bachelors,13,Married-civ-spouse,Exec-managerial,Husband,White,Male,0,0,50,United-States,1
34,Private,123270,HS-grad,9,Married-civ-spouse,Craft-repair,Husband,White,Male,0,0,40,United-States,1
19,Private,151801,10th,6,Never-married,Handlers-cleaners,Own-child,White,Male,0,0,39,United-States,0
39,Private,114591,Some-college,10,Separated,Prof-specialty,Unmarried,White,Female,0,0,40,United-States,0
30,Private,165686,Bachelors,13,Never-married,Other-service,Not-in-family,White,Female,0,0,40,United-States,0
39,Local-gov,239119,Masters,14,Divorced,Prof-specialty,Not-in-family,Black,Male,0,0,40,Other,0
27,Private,210765,Assoc-voc,11,Never-married,Handlers-cleaners,Not-in-family,White,Male,0,0,40,United-States,0
70,Private,195739,10th,6,Widowed,Craft-repair,Unmarried,White,Male,0,0,45,United-States,0
26,Private,150132,HS-grad,9,Never-married,Adm-clerical,Not-in-family,White,Female,0,0,45,United-States,0
32,Private,53206,Bachelors,13,Divorced,Craft-repair,Not-in-family,White,Male,0,0,50,United-States,1
73,Self-emp-not-inc,241121,7th-8th,4,Married-civ-spouse,Farming-fishing,Husband,White,Male,0,0,40,United-States,0
31,Private,266126,HS-grad,9,Never-married,Other-service,Not-in-family,White,Female,0,0,30,United-States,0
60,Self-emp-not-inc,27886,Some-college,10,Married-civ-spouse,Exec-managerial,Husband,White,Male,0,0,40,United-States,1
36,Private,306567,HS-grad,9,Married-civ-spouse,Transport-moving,Wife,White,Female,0,0,40,United-States,1
19,Private,236879,Some-college,10,Never-married,Exec-managerial,Own-child,White,Female,0,0,35,United-States,0
20,Private,113200,Some-college,10,Never-married,Handlers-cleaners,Own-child,White,Female,0,0,6,United-States,0
36,Private,112512,12th,8,Separated,Other-service,Unmarried,White,Female,0,0,40,Mexico,0
30,Private,113364,Some-college,10,Married-civ-spouse,Handlers-cleaners,Husband,White,Male,0,0,40,Other,0
45,Local-gov,235431,HS-grad,9,Separated,Other-service,Unmarried,Black,Female,0,0,40,United-States,0
23,Private,210053,Some-college,10,Never-married,Other-service,Not-in-family,White,Female,0,0,28,United-States,0
39,Local-gov,249392,Masters,14,Married-civ-spouse,Prof-specialty,Husband,White,Male,0,0,72,United-States,0
25,Private,264012,Bachelors,13,Married-civ-spouse,Adm-clerical,Husband,White,Male,0,0,45,United-States,1
54,Private,299324,Primary,3,Married-spouse-absent,Machine-op-inspct,Unmarried,White,Male,0,0,40,Mexico,0
23,Private,240137,Primary,3,Never-married,Handlers-cleaners,Not-in-family,White,Male,0,0,55,Mexico,0
62,Private,115387,HS-grad,9,Never-married,Handlers-cleaners,Other-relative,Black,Female,0,0,40,United-States,0
20,Private,30035,Assoc-acdm,12,Never-married,Sales,Own-child,White,Female,0,0,40,United-States,0
28,Self-emp-not-inc,227890,Bachelors,13,Never-married,Prof-specialty,Not-in-family,Black,Male,0,0,50,United-States,1
40,Private,445382,HS-grad,9,Married-civ-spouse,Exec-managerial,Husband,White,Male,0,0,40,United-States,1
20,Private,82777,Some-college,10,Never-married,Sales,Own-child,White,Male,0,0,16,United-States,0
30,Private,151001,Primary,3,Married-civ-spouse,Machine-op-inspct,Husband,White,Male,3464,0,40,Mexico,0
24,Private,278130,Assoc-voc,11,Never-married,Machine-op-inspct,Not-in-family,White,Male,0,0,40,United-States,0
54,Private,146310,HS-grad,9,Married-civ-spouse,Transport-moving,Husband,White,Male,0,0,50,United-States,0
47,Private,503454,12th,8,Never-married,Adm-clerical,Other-relative,Black,Female,0,0,40,United-States,0
38,Private,299810,HS-grad,9,Married-civ-spouse,Handlers-cleaners,Husband,Black,Male,0,0,40,United-States,0
67,Private,158301,HS-grad,9,Divorced,Transport-moving,Not-in-family,White,Male,0,0,60,United-States,0
38,Private,215419,HS-grad,9,Married-civ-spouse,Adm-clerical,Wife,White,Female,0,0,36,United-States,1
44,Private,113324,HS-grad,9,Married-civ-spouse,Craft-repair,Husband,White,Male,0,0,40,United-States,0
38,Self-emp-not-inc,34180,Some-college,10,Married-civ-spouse,Farming-fishing,Husband,White,Male,0,0,35,United-States,0
50,Private,116933,HS-grad,9,Divorced,Sales,Not-in-family,White,Female,0,0,33,United-States,0
67,Self-emp-not-inc,217892,Doctorate,16,Married-civ-spouse,Prof-specialty,Husband,White,Male,10605,0,35,United-States,1
18,Private,280603,11th,7,Never-married,Sales,Own-child,White,Female,0,0,30,United-States,0
34,Self-emp-not-inc,124052,Bachelors,13,Married-civ-spouse,Sales,Husband,White,Male,0,0,30,United-States,0
56,Self-emp-not-inc,323639,Masters,14,Married-civ-spouse,Exec-managerial,Husband,White,Male,0,0,25,United-States,0
34,Private,226443,Prof-school,15,Married-civ-spouse,Prof-specialty,Husband,White,Male,0,0,55,United-States,1
39,Private,129573,Bachelors,13,Never-married,Exec-managerial,Not-in-family,White,Male,0,0,50,United-States,1
25,Private,188767,HS-grad,9,Never-married,Craft-repair,Own-child,White,Male,0,0,40,United-States,0
39,Private,38312,Some-college,10,Married-spouse-absent,Craft-repair,Unmarried,White,Male,0,0,40,United-States,1
31,Private,176831,10th,6,Divorced,Sales,Other-relative,White,Female,0,0,40,United-States,0
53,Self-emp-not-inc,46704,Masters,14,Married-civ-spouse,Prof-specialty,Husband,White,Male,0,0,50,United-States,1
43,Private,119721,Bachelors,13,Married-civ-spouse,Exec-managerial,Husband,White,Male,0,0,40,United-States,0
48,Private,67725,Bachelors,13,Married-civ-spouse,Sales,Husband,White,Male,0,0,45,United-States,0
29,Private,274010,Some-college,10,Never-married,Prof-specialty,Not-in-family,White,Male,0,0,45,United-States,0
47,Private,175958,Prof-school,15,Married-civ-spouse,Sales,Husband,White,Male,0,0,45,United-States,1
46,Private,501671,10th,6,Divorced,Machine-op-inspct,Unmarried,Black,Male,0,0,40,United-States,0
45,Self-emp-inc,311231,Prof-school,15,Married-civ-spouse,Prof-specialty,Husband,White,Male,0,1485,50,United-States,1
42,Federal-gov,53727,HS-grad,9,Married-civ-spouse,Transport-moving,Husband,White,Male,0,0,40,Other,0
50,Private,93730,10th,6,Married-civ-spouse,Transport-moving,Husband,White,Male,0,0,60,United-States,0
22,Private,37894,HS-grad,9,Separated,Other-service,Other-relative,White,Male,0,0,35,United-States,0
67,Self-emp-not-inc,45814,7th-8th,4,Married-civ-spouse,Farming-fishing,Husband,White,Male,0,0,40,United-States,0
32,Private,177792,Bachelors,13,Divorced,Exec-managerial,Not-in-family,White,Female,0,0,48,United-States,1
32,Private,168854,Bachelors,13,Married-civ-spouse,Sales,Husband,White,Male,0,1848,50,United-States,1
60,Private,178792,HS-grad,9,Widowed,Handlers-cleaners,Not-in-family,White,Female,0,0,40,United-States,0
27,Private,394927,Bachelors,13,Married-civ-spouse,Sales,Husband,White,Male,0,0,55,United-States,0
29,Private,236938,Assoc-acdm,12,Divorced,Craft-repair,Unmarried,White,Female,0,0,38,United-States,0
38,Private,34378,HS-grad,9,Married-civ-spouse,Sales,Husband,White,Male,0,0,55,United-States,0
39,Private,101260,HS-grad,9,Never-married,Machine-op-inspct,Own-child,White,Male,0,0,40,United-States,0
30,Private,45781,HS-grad,9,Never-married,Adm-clerical,Unmarried,White,Female,0,0,40,United-States,0
46,Private,422813,Some-college,10,Married-civ-spouse,Adm-clerical,Husband,White,Male,0,0,40,United-States,1
24,Local-gov,103277,Bachelors,13,Never-married,Prof-specialty,Own-child,White,Female,0,0,50,United-States,0
36,State-gov,110964,Bachelors,13,Married-civ-spouse,Prof-specialty,Wife,White,Female,0,1672,38,United-States,0
30,Self-emp-inc,356689,HS-grad,9,Married-civ-spouse,Handlers-cleaners,Husband,White,Male,0,0,60,United-States,0
18,Private,77845,Some-college,10,Never-married,Adm-clerical,Own-child,White,Male,0,1602,15,United-States,0
28,Private,337664,HS-grad,9,Never-married,Machine-op-inspct,Own-child,White,Male,0,0,40,United-States,0
27,Private,177072,HS-grad,9,Never-married,Handlers-cleaners,Own-child,White,Male,0,0,40,United-States,0
31,Private,182246,HS-grad,9,Divorced,Craft-repair,Not-in-family,White,Male,0,0,45,United-States,0
34,Private,208785,Assoc-acdm,12,Divorced,Sales,Not-in-family,White,Male,0,0,50,United-States,1
51,Self-emp-not-inc,149770,HS-grad,9,Divorced,Sales,Not-in-family,White,Female,0,0,44,United-States,0
23,Private,217961,HS-grad,9,Never-married,Craft-repair,Unmarried,White,Male,0,0,45,Other,0
29,State-gov,106972,Masters,14,Never-married,Prof-specialty,Not-in-family,White,Female,0,0,35,United-States,0
33,Local-gov,365908,HS-grad,9,Married-civ-spouse,Other-service,Husband,Black,Male,2105,0,40,United-States,0
35,Private,261012,Some-college,10,Married-spouse-absent,Adm-clerical,Not-in-family,Black,Female,0,0,40,United-States,0
39,Private,80638,Some-college,10,Married-civ-spouse,Other-service,Husband,Asian-Pac-Islander,Male,0,0,84,United-States,1
29,Private,106153,HS-grad,9,Never-married,Craft-repair,Not-in-family,White,Male,0,0,50,United-States,0
34,Private,94413,Some-college,10,Married-civ-spouse,Handlers-cleaners,Husband,White,Male,0,0,40,United-States,0
34,State-gov,173730,Masters,14,Married-civ-spouse,Exec-managerial,Husband,White,Male,0,0,38,United-States,0
32,Private,178623,HS-grad,9,Never-married,Other-service,Not-in-family,Black,Female,0,0,40,Other,0
51,Self-emp-inc,195638,Some-college,10,Separated,Sales,Not-in-family,White,Female,0,0,40,United-States,0
31,Private,167319,Bachelors,13,Married-civ-spouse,Exec-managerial,Husband,White,Male,0,0,40,United-States,0
44,Private,403782,Assoc-voc,11,Divorced,Sales,Not-in-family,White,Male,0,0,45,United-States,0
47,Private,456661,7th-8th,4,Married-civ-spouse,Craft-repair,Husband,White,Male,0,0,40,Mexico,0
28,Private,328923,HS-grad,9,Never-married,Adm-clerical,Other-relative,White,Female,0,0,38,United-States,0
43,Private,326379,HS-grad,9,Divorced,Craft-repair,Not-in-family,White,Male,0,0,40,United-States,0
51,Local-gov,155118,Masters,14,Married-civ-spouse,Prof-specialty,Wife,White,Female,0,0,70,United-States,1
35,Private,206951,Some-college,10,Married-civ-spouse,Sales,Husband,White,Male,0,0,40,United-States,1
22,Private,509048,HS-grad,9,Never-married,Sales,Other-relative,Black,Female,0,0,37,United-States,0
21,Private,169699,HS-grad,9,Never-married,Adm-clerical,Not-in-family,White,Female,0,0,40,United-States,0
60,Private,166330,HS-grad,9,Married-civ-spouse,Adm-clerical,Wife,White,Female,0,0,40,United-States,0
45,Private,48271,Some-college,10,Married-civ-spouse,Adm-clerical,Wife,White,Female,0,0,40,United-States,1
22,Private,180060,Bachelors,13,Never-married,Exec-managerial,Unmarried,White,Male,0,0,40,United-States,0
53,Private,270546,HS-grad,9,Divorced,Priv-house-serv,Not-in-family,White,Female,0,0,20,United-States,0
51,Private,175070,Assoc-acdm,12,Married-civ-spouse,Sales,Husband,White,Male,5178,0,45,United-States,1
23,Private,265356,Bachelors,13,Never-married,Exec-managerial,Unmarried,White,Male,0,0,40,United-States,0
20,State-gov,200819,HS-grad,9,Never-married,Transport-moving,Own-child,White,Male,0,0,40,United-States,0
37,Private,70562,Primary,2,Never-married,Other-service,Unmarried,White,Female,0,0,48,Other,0
49,State-gov,207120,HS-grad,9,Married-civ-spouse,Handlers-cleaners,Husband,White,Male,0,0,40,United-States,1
26,Private,120238,Bachelors,13,Never-married,Sales,Other-relative,White,Male,0,0,40,United-States,0
26,Private,189219,Assoc-acdm,12,Never-married,Adm-clerical,Not-in-family,White,Female,0,0,8,United-States,0
52,Private,110954,HS-grad,9,Married-civ-spouse,Craft-repair,Husband,White,Male,0,0,45,Other,1
49,Self-emp-not-inc,43348,Doctorate,16,Never-married,Prof-specialty,Not-in-family,White,Male,99999,0,70,United-States,1
32,Private,342458,Bachelors,13,Never-married,Prof-specialty,Not-in-family,White,Male,0,0,40,United-States,0
38,Private,222450,Primary,3,Married-civ-spouse,Machine-op-inspct,Husband,White,Male,0,0,40,Mexico,0
27,Private,36851,Bachelors,13,Never-married,Machine-op-inspct,Not-in-family,White,Male,0,0,41,United-States,0
53,Self-emp-inc,136823,11th,7,Widowed,Exec-managerial,Not-in-family,White,Female,0,0,30,United-States,0
28,Local-gov,100270,Bachelors,13,Divorced,Prof-specialty,Not-in-family,White,Male,0,0,40,United-States,0
17,Private,220562,9th,5,Never-married,Sales,Other-relative,Other,Female,0,0,32,Mexico,0
39,Private,163392,HS-grad,9,Married-civ-spouse,Sales,Husband,Asian-Pac-Islander,Male,0,0,26,Other,0
24,Local-gov,452640,Some-college,10,Never-married,Tech-support,Not-in-family,White,Male,14344,0,50,United-States,1
35,Federal-gov,475324,Bachelors,13,Married-civ-spouse,Exec-managerial,Husband,White,Male,0,0,40,United-States,1
45,Private,192835,Some-college,10,Married-civ-spouse,Exec-managerial,Husband,White,Male,0,0,40,United-States,0
33,Local-gov,133876,HS-grad,9,Divorced,Craft-repair,Unmarried,White,Male,0,0,40,United-States,0
38,Private,300975,Masters,14,Married-civ-spouse,Other-service,Husband,Black,Male,0,1485,40,Other,0
60,Private,184183,HS-grad,9,Divorced,Machine-op-inspct,Not-in-family,White,Male,4650,0,40,United-States,0
35,Private,233786,11th,7,Separated,Other-service,Unmarried,White,Male,0,0,20,United-States,0
26,Private,417941,Bachelors,13,Never-married,Exec-managerial,Not-in-family,White,Female,0,0,40,United-States,0
29,Self-emp-not-inc,109001,Some-college,10,Married-civ-spouse,Craft-repair,Husband,White,Male,0,0,35,United-States,0
42,Private,29393,Some-college,10,Divorced,Machine-op-inspct,Not-in-family,White,Female,0,0,40,United-States,0
57,Self-emp-inc,258883,HS-grad,9,Married-civ-spouse,Transport-moving,Husband,White,Male,5178,0,60,Other,1
30,Local-gov,48542,12th,8,Married-civ-spouse,Adm-clerical,Wife,White,Female,0,0,40,United-States,0
38,Self-emp-not-inc,64875,HS-grad,9,Divorced,Farming-fishing,Not-in-family,White,Male,0,0,50,United-States,0
55,Private,408537,9th,5,Divorced,Craft-repair,Unmarried,White,Female,99999,0,37,United-States,1
36,Private,231037,7th-8th,4,Married-civ-spouse,Machine-op-inspct,Husband,White,Male,0,0,40,United-States,0
27,Private,292120,HS-grad,9,Divorced,Tech-support,Not-in-family,White,Female,0,0,45,United-States,0
25,Private,182227,Assoc-acdm,12,Never-married,Prof-specialty,Not-in-family,White,Male,0,0,55,United-States,0
18,Private,334676,HS-grad,9,Never-married,Handlers-cleaners,Own-child,White,Male,0,0,25,United-States,0
56,Private,204254,10th,6,Divorced,Other-service,Unmarried,Black,Female,0,0,45,United-States,0
72,Private,107814,Masters,14,Never-married,Prof-specialty,Not-in-family,White,Male,2329,0,60,United-States,0
24,Private,442274,HS-grad,9,Never-married,Exec-managerial,Own-child,White,Male,0,0,40,United-States,0
55,Federal-gov,174533,Bachelors,13,Separated,Other-service,Unmarried,White,Female,0,0,72,Other,0
28,Private,102533,Some-college,10,Separated,Handlers-cleaners,Not-in-family,Black,Male,0,0,40,United-States,0
47,Private,94809,Assoc-voc,11,Married-civ-spouse,Exec-managerial,Wife,White,Female,0,0,45,United-States,1
19,Private,112269,Some-college,10,Never-married,Other-service,Other-relative,White,Female,0,0,40,United-States,0
26,Federal-gov,171928,Assoc-voc,11,Never-married,Craft-repair,Own-child,White,Male,0,0,50,Other,0
17,Private,721712,10th,6,Never-married,Other-service,Own-child,White,Male,0,0,15,United-States,0
58,Federal-gov,139290,Bachelors,13,Married-civ-spouse,Adm-clerical,Husband,White,Male,0,0,40,United-States,1
23,Private,13769,Some-college,10,Married-civ-spouse,Machine-op-inspct,Husband,Amer-Indian-Eskimo,Male,0,0,30,United-States,0
19,State-gov,149528,Some-college,10,Never-married,Farming-fishing,Own-child,White,Male,0,0,12,United-States,0
23,Private,615367,Bachelors,13,Never-married,Sales,Not-in-family,White,Female,0,0,40,United-States,0
38,Private,125933,Bachelors,13,Separated,Exec-managerial,Not-in-family,White,Male,27828,0,45,United-States,1
39,Private,210991,HS-grad,9,Married-civ-spouse,Craft-repair,Husband,White,Male,0,0,40,United-States,0
59,State-gov,139616,Masters,14,Married-civ-spouse,Exec-managerial,Husband,White,Male,0,0,50,United-States,1
49,Private,50748,Bachelors,13,Widowed,Prof-specialty,Unmarried,White,Female,1506,0,35,United-States,0
27,Local-gov,199172,HS-grad,9,Married-civ-spouse,Protective-serv,Wife,White,Female,0,0,40,United-States,0
40,Private,116632,Bachelors,13,Never-married,Sales,Own-child,White,Male,0,0,40,United-States,0
25,Private,248612,Assoc-acdm,12,Never-married,Craft-repair,Not-in-family,White,Male,0,0,30,United-States,0
25,Private,208881,Bachelors,13,Married-civ-spouse,Prof-specialty,Husband,White,Male,0,0,60,United-States,0
35,Private,257416,Assoc-voc,11,Never-married,Craft-repair,Own-child,Black,Male,0,0,40,United-States,0
55,State-gov,256335,Bachelors,13,Divorced,Exec-managerial,Unmarried,Black,Male,0,0,40,United-States,0
40,Private,141583,10th,6,Never-married,Other-service,Unmarried,Black,Female,0,0,40,United-States,0
36,Private,80743,HS-grad,9,Married-civ-spouse,Other-service,Wife,Asian-Pac-Islander,Female,0,0,40,Other,0
39,Self-emp-inc,117555,Bachelors,13,Married-civ-spouse,Exec-managerial,Husband,White,Male,0,0,60,United-States,1
23,Private,60331,Some-college,10,Divorced,Exec-managerial,Not-in-family,White,Male,0,0,50,United-States,0
39,Private,211154,HS-grad,9,Married-civ-spouse,Transport-moving,Husband,White,Male,0,0,55,United-States,0
65,Private,461715,HS-grad,9,Divorced,Sales,Unmarried,White,Female,0,0,25,Other,0
32,Self-emp-not-inc,261056,Bachelors,13,Never-married,Prof-specialty,Own-child,Black,Female,2174,0,60,Other,0
30,Private,182714,Some-college,10,Never-married,Exec-managerial,Not-in-family,White,Female,0,0,40,Other,0
61,State-gov,162678,Primary,3,Married-civ-spouse,Transport-moving,Husband,White,Male,0,0,40,United-States,0
31,Local-gov,206609,HS-grad,9,Married-civ-spouse,Protective-serv,Husband,White,Male,0,0,40,United-States,1
43,Private,211128,Masters,14,Divorced,Exec-managerial,Not-in-family,White,Female,0,0,50,United-States,1
40,Private,260761,Bachelors,13,Married-civ-spouse,Adm-clerical,Husband,White,Male,0,0,40,Mexico,0
28,Private,461929,7th-8th,4,Married-civ-spouse,Farming-fishing,Husband,White,Male,0,0,40,Mexico,0
34,Private,153942,Assoc-voc,11,Married-civ-spouse,Sales,Husband,White,Male,0,0,40,United-States,0
54,Private,186117,Bachelors,13,Married-civ-spouse,Craft-repair,Husband,White,Male,0,0,45,United-States,1
36,Private,160035,HS-grad,9,Never-married,Other-service,Not-in-family,White,Male,0,0,40,United-States,0
28,Private,201861,Some-college,10,Married-civ-spouse,Machine-op-inspct,Husband,White,Male,0,0,45,United-States,0
40,Private,262872,Bachelors,13,Never-married,Adm-clerical,Not-in-family,White,Female,0,0,40,United-States,0
51,Local-gov,96190,Some-college,10,Married-civ-spouse,Adm-clerical,Wife,White,Female,0,0,40,United-States,0
34,Private,346034,Bachelors,13,Never-married,Other-service,Not-in-family,White,Male,0,0,40,Other,0
59,Private,87510,HS-grad,9,Divorced,Craft-repair,Not-in-family,White,Male,0,0,40,United-States,0
51,Private,159755,HS-grad,9,Married-civ-spouse,Craft-repair,Husband,White,Male,0,0,20,United-States,0
27,Private,178564,Some-college,10,Never-married,Adm-clerical,Own-child,White,Male,0,0,30,United-States,0
30,Private,257849,7th-8th,4,Married-civ-spouse,Craft-repair,Husband,White,Male,0,0,48,United-States,0
44,Private,198270,Assoc-acdm,12,Divorced,Prof-specialty,Not-in-family,White,Female,0,0,43,United-States,0
67,Private,150516,7th-8th,4,Married-civ-spouse,Craft-repair,Husband,White,Male,0,0,24,United-States,0
55,Self-emp-not-inc,26683,HS-grad,9,Married-civ-spouse,Farming-fishing,Husband,White,Male,0,0,60,United-States,0
36,Private,254202,HS-grad,9,Divorced,Exec-managerial,Unmarried,White,Female,0,0,50,United-States,0
56,Self-emp-inc,208809,HS-grad,9,Married-civ-spouse,Sales,Husband,White,Male,0,1902,40,United-States,1
39,Self-emp-not-inc,50096,Some-college,10,Married-civ-spouse,Farming-fishing,Husband,White,Male,0,0,80,United-States,0
47,Private,187969,11th,7,Divorced,Other-service,Not-in-family,White,Female,0,0,38,United-States,0
39,Private,248011,Assoc-voc,11,Married-civ-spouse,Machine-op-inspct,Husband,White,Male,5178,0,40,United-States,1
48,Private,180532,Assoc-voc,11,Married-civ-spouse,Craft-repair,Husband,White,Male,0,0,40,United-States,0
24,State-gov,257621,Bachelors,13,Never-married,Prof-specialty,Not-in-family,White,Female,0,0,20,United-States,0
27,Private,259840,Bachelors,13,Married-civ-spouse,Adm-clerical,Husband,White,Male,0,0,45,United-States,0
56,Local-gov,273084,Masters,14,Married-civ-spouse,Exec-managerial,Husband,Black,Male,0,0,40,United-States,1
34,Private,473133,HS-grad,9,Married-civ-spouse,Sales,Husband,White,Male,0,0,60,United-States,0
30,Local-gov,168387,Bachelors,13,Never-married,Exec-managerial,Own-child,White,Male,0,0,40,United-States,0
19,Private,238474,11th,7,Never-married,Machine-op-inspct,Own-child,White,Male,0,0,40,United-States,0
27,Private,161087,HS-grad,9,Married-civ-spouse,Prof-specialty,Wife,Black,Female,0,0,40,United-States,0
17,Private,244523,10th,6,Never-married,Other-service,Own-child,White,Male,0,0,20,United-States,0
47,Private,164423,HS-grad,9,Divorced,Exec-managerial,Unmarried,White,Female,0,0,43,United-States,0
52,Private,113094,Bachelors,13,Separated,Adm-clerical,Unmarried,White,Female,0,1092,40,United-States,0
65,Federal-gov,23494,Some-college,10,Married-civ-spouse,Exec-managerial,Husband,Black,Male,0,2174,40,United-States,1
21,Private,231573,Some-college,10,Never-married,Other-service,Not-in-family,White,Female,0,0,40,United-States,0
20,Private,41356,Some-college,10,Never-married,Prof-specialty,Not-in-family,White,Female,0,0,40,United-States,0
46,Self-emp-not-inc,233974,HS-grad,9,Married-civ-spouse,Farming-fishing,Husband,White,Male,0,0,35,United-States,0
28,Private,82488,HS-grad,9,Divorced,Tech-support,Own-child,Asian-Pac-Islander,Female,0,0,40,United-States,0
28,Private,114158,Some-college,10,Never-married,Adm-clerical,Own-child,White,Female,0,0,26,United-States,0
33,Self-emp-not-inc,108438,HS-grad,9,Married-civ-spouse,Craft-repair,Husband,White,Male,0,0,40,United-States,1
26,Private,68001,Masters,14,Never-married,Prof-specialty,Not-in-family,White,Female,0,0,40,United-States,0
38,Self-emp-inc,189679,Bachelors,13,Married-civ-spouse,Prof-specialty,Husband,White,Male,0,0,50,United-States,1
31,Private,189759,HS-grad,9,Never-married,Farming-fishing,Not-in-family,White,Male,0,2001,40,United-States,0
54,Private,338620,Masters,14,Married-civ-spouse,Exec-managerial,Husband,White,Male,0,0,52,United-States,1
32,Private,115989,11th,7,Married-civ-spouse,Other-service,Wife,White,Female,0,0,60,United-States,0
38,Private,111128,Assoc-acdm,12,Married-civ-spouse,Exec-managerial,Husband,White,Male,0,0,40,United-States,1
36,Private,169426,HS-grad,9,Married-civ-spouse,Machine-op-inspct,Husband,White,Male,7298,0,40,United-States,1
51,Private,82783,HS-grad,9,Married-civ-spouse,Craft-repair,Husband,White,Male,0,0,40,United-States,0
50,Private,177927,HS-grad,9,Divorced,Protective-serv,Not-in-family,White,Male,0,0,40,United-States,0
21,Private,209483,Some-college,10,Never-married,Sales,Own-child,White,Female,0,0,47,United-States,0
26,Private,247006,HS-grad,9,Married-civ-spouse,Exec-managerial,Husband,White,Male,0,0,52,United-States,0
33,Local-gov,300681,HS-grad,9,Never-married,Other-service,Not-in-family,Black,Male,0,0,40,United-States,0
45,Private,206947,HS-grad,9,Divorced,Adm-clerical,Not-in-family,White,Female,0,0,50,United-States,0
23,Private,107882,Bachelors,13,Never-married,Adm-clerical,Own-child,White,Female,0,0,40,United-States,0
55,Federal-gov,238192,HS-grad,9,Married-civ-spouse,Tech-support,Husband,White,Male,0,1887,40,United-States,1
25,Private,248990,Primary,3,Never-married,Machine-op-inspct,Not-in-family,White,Male,0,0,40,Mexico,0
36,Private,238415,HS-grad,9,Divorced,Craft-repair,Unmarried,White,Male,0,0,40,United-States,0
42,Private,20809,HS-grad,9,Divorced,Craft-repair,Not-in-family,White,Male,0,0,75,United-States,1
30,Private,169496,Masters,14,Married-civ-spouse,Other-service,Husband,White,Male,0,0,15,United-States,1
41,Local-gov,336571,Some-college,10,Married-civ-spouse,Exec-managerial,Husband,White,Male,0,0,40,United-States,0
42,Private,100800,HS-grad,9,Never-married,Craft-repair,Not-in-family,White,Male,0,0,40,United-States,0
27,Private,347153,Some-college,10,Never-married,Transport-moving,Other-relative,White,Male,0,0,40,United-States,0
55,Private,197114,Some-college,10,Married-civ-spouse,Transport-moving,Husband,White,Male,0,0,6,United-States,1
46,Private,122026,HS-grad,9,Married-civ-spouse,Craft-repair,Husband,White,Male,0,0,50,United-States,0
23,Private,340543,Bachelors,13,Never-married,Exec-managerial,Not-in-family,White,Female,0,0,38,United-States,0
54,Private,35459,HS-grad,9,Never-married,Sales,Not-in-family,White,Male,0,0,40,United-States,0
21,Private,140764,HS-grad,9,Never-married,Adm-clerical,Other-relative,White,Female,0,0,45,United-States,0
30,Private,33124,HS-grad,9,Separated,Farming-fishing,Unmarried,White,Female,0,0,14,United-States,0
32,Private,102986,Primary,3,Married-civ-spouse,Machine-op-inspct,Wife,Asian-Pac-Islander,Female,0,0,40,Other,1
54,Private,278329,HS-grad,9,Married-spouse-absent,Exec-managerial,Not-in-family,White,Female,0,0,43,United-States,0
31,Private,236391,Some-college,10,Never-married,Sales,Not-in-family,White,Female,0,0,40,United-States,0
51,Private,128272,Some-college,10,Married-civ-spouse,Exec-managerial,Husband,White,Male,0,0,40,United-States,0
18,Private,92864,12th,8,Never-married,Other-service,Own-child,White,Female,0,0,20,United-States,0
30,Private,104223,HS-grad,9,Never-married,Other-service,Unmarried,Black,Female,0,0,32,United-States,0
65,Private,178934,HS-grad,9,Widowed,Other-service,Unmarried,Black,Female,0,0,20,Other,0
39,State-gov,172700,HS-grad,9,Never-married,Other-service,Unmarried,Black,Female,0,0,40,United-States,0
30,Private,200192,Some-college,10,Married-civ-spouse,Other-service,Wife,White,Female,0,0,45,United-States,0
41,Local-gov,180096,Bachelors,13,Married-civ-spouse,Prof-specialty,Husband,White,Male,0,0,35,United-States,0
26,Private,109097,HS-grad,9,Divorced,Adm-clerical,Unmarried,White,Female,0,0,48,United-States,0
36,Private,171393,Masters,14,Married-civ-spouse,Prof-specialty,Husband,White,Male,7298,0,55,United-States,1
27,Private,113635,Bachelors,13,Never-married,Other-service,Not-in-family,White,Male,0,0,35,United-States,0
43,Private,219307,9th,5,Divorced,Transport-moving,Not-in-family,Black,Male,0,0,40,United-States,0
44,Self-emp-inc,178510,Some-college,10,Never-married,Sales,Not-in-family,White,Male,0,2258,60,United-States,0
64,Self-emp-inc,80333,HS-grad,9,Married-civ-spouse,Exec-managerial,Husband,White,Male,0,0,40,United-States,1
25,Private,509866,HS-grad,9,Never-married,Transport-moving,Not-in-family,White,Male,0,0,78,United-States,0
24,State-gov,249385,Bachelors,13,Never-married,Adm-clerical,Other-relative,White,Female,0,0,10,United-States,0
72,Self-emp-not-inc,258761,HS-grad,9,Married-civ-spouse,Farming-fishing,Husband,White,Male,0,0,40,United-States,0
37,Private,193815,Assoc-acdm,12,Married-civ-spouse,Prof-specialty,Husband,White,Male,0,0,45,United-States,1
64,Self-emp-not-inc,159938,HS-grad,9,Married-civ-spouse,Craft-repair,Husband,White,Male,2635,0,24,Other,0
18,Private,301814,HS-grad,9,Never-married,Sales,Not-in-family,White,Female,0,0,20,United-States,0
41,Self-emp-inc,99212,HS-grad,9,Separated,Exec-managerial,Unmarried,White,Male,0,0,40,United-States,0
47,Local-gov,128401,Doctorate,16,Never-married,Prof-specialty,Unmarried,White,Female,0,0,40,United-States,0
28,Private,336951,HS-grad,9,Married-civ-spouse,Exec-managerial,Husband,White,Male,0,0,50,United-States,1
51,Self-emp-not-inc,120781,Prof-school,15,Married-civ-spouse,Prof-specialty,Husband,Other,Male,99999,0,70,Other,1
19,Private,256979,HS-grad,9,Never-married,Craft-repair,Other-relative,White,Male,0,0,35,United-States,0
21,Private,209955,HS-grad,9,Never-married,Craft-repair,Not-in-family,White,Male,0,0,48,United-States,0
25,Private,257310,HS-grad,9,Never-married,Machine-op-inspct,Not-in-family,White,Male,0,0,40,United-States,0
44,Private,90688,HS-grad,9,Never-married,Machine-op-inspct,Not-in-family,Asian-Pac-Islander,Female,0,0,45,Other,0
38,Private,241962,HS-grad,9,Divorced,Machine-op-inspct,Not-in-family,White,Male,0,0,40,United-States,0
70,Self-emp-inc,207938,Some-college,10,Never-married,Exec-managerial,Not-in-family,White,Male,0,0,5,United-States,0
28,Private,204734,Some-college,10,Married-civ-spouse,Tech-support,Wife,White,Female,0,0,40,United-States,0
38,Private,283293,HS-grad,9,Married-civ-spouse,Craft-repair,Husband,Black,Male,0,0,40,United-States,0
28,Private,173944,Masters,14,Married-civ-spouse,Prof-specialty,Husband,White,Male,0,0,40,United-States,1
59,Private,100453,7th-8th,4,Separated,Other-service,Own-child,Black,Female,0,0,38,United-States,0
59,Self-emp-inc,122390,Some-college,10,Married-civ-spouse,Exec-managerial,Husband,White,Male,0,1977,48,United-States,1
25,Private,212304,HS-grad,9,Never-married,Machine-op-inspct,Unmarried,White,Male,0,0,40,United-States,0
35,Private,31269,HS-grad,9,Married-civ-spouse,Exec-managerial,Husband,White,Male,0,0,40,United-States,0
28,Private,293398,HS-grad,9,Separated,Sales,Unmarried,Black,Female,0,0,40,United-States,0
26,Private,205036,HS-grad,9,Never-married,Handlers-cleaners,Not-in-family,White,Male,0,0,42,United-States,0
35,Private,192923,HS-grad,9,Married-civ-spouse,Craft-repair,Husband,White,Male,0,2377,40,United-States,0
20,Private,185452,HS-grad,9,Never-married,Adm-clerical,Own-child,White,Female,0,0,40,United-States,0
33,Private,283602,Primary,3,Married-civ-spouse,Other-service,Husband,White,Male,0,0,59,Mexico,0
61,Private,380462,7th-8th,4,Married-civ-spouse,Farming-fishing,Husband,Black,Male,0,0,40,United-States,0
38,Private,423616,Assoc-voc,11,Married-civ-spouse,Tech-support,Wife,White,Female,0,0,36,United-States,1
29,Private,152461,Bachelors,13,Never-married,Prof-specialty,Unmarried,White,Female,14344,0,50,United-States,1
22,Private,203263,HS-grad,9,Never-married,Craft-repair,Own-child,White,Male,0,0,50,United-States,0
37,Local-gov,272471,HS-grad,9,Divorced,Adm-clerical,Unmarried,White,Female,0,0,40,United-States,0
31,Private,373185,Some-college,10,Never-married,Craft-repair,Unmarried,White,Male,0,0,42,Mexico,0
25,Private,169759,HS-grad,9,Never-married,Handlers-cleaners,Own-child,White,Male,0,0,95,United-States,0
25,Private,124111,Bachelors,13,Never-married,Adm-clerical,Own-child,White,Female,0,0,40,United-States,0
43,Private,173316,Assoc-acdm,12,Divorced,Craft-repair,Not-in-family,White,Male,0,0,40,United-States,0
57,Private,127277,Doctorate,16,Married-civ-spouse,Prof-specialty,Husband,Asian-Pac-Islander,Male,0,0,40,Other,1
31,Private,196125,HS-grad,9,Married-civ-spouse,Handlers-cleaners,Husband,White,Male,0,0,40,United-States,0
19,Private,224849,HS-grad,9,Never-married,Sales,Not-in-family,White,Male,0,0,35,United-States,0
49,Private,337666,HS-grad,9,Divorced,Machine-op-inspct,Not-in-family,Black,Male,0,0,40,United-States,0
63,Private,145212,HS-grad,9,Divorced,Exec-managerial,Not-in-family,White,Female,0,0,40,United-States,0
25,Private,154941,Bachelors,13,Married-civ-spouse,Sales,Husband,White,Male,0,0,40,United-States,1
34,Private,165737,Masters,14,Married-civ-spouse,Prof-specialty,Husband,Asian-Pac-Islander,Male,0,0,43,Other,1
43,Private,132393,HS-grad,9,Never-married,Handlers-cleaners,Own-child,White,Male,0,0,40,Other,0
37,Private,19899,HS-grad,9,Married-civ-spouse,Craft-repair,Husband,White,Male,15024,0,45,United-States,1
46,Local-gov,354962,HS-grad,9,Married-civ-spouse,Machine-op-inspct,Husband,Black,Male,0,0,40,United-States,0
41,Private,176452,HS-grad,9,Never-married,Other-service,Own-child,White,Male,0,0,40,Other,0
42,Private,97688,HS-grad,9,Divorced,Sales,Not-in-family,White,Male,0,0,47,United-States,0
42,Federal-gov,172307,HS-grad,9,Married-civ-spouse,Adm-clerical,Husband,White,Male,0,0,48,United-States,1
56,Private,159770,HS-grad,9,Married-civ-spouse,Craft-repair,Husband,White,Male,0,0,40,United-States,0
37,Private,174150,Masters,14,Married-civ-spouse,Exec-managerial,Husband,White,Male,0,0,40,United-States,1
22,Private,60668,Some-college,10,Never-married,Craft-repair,Not-in-family,White,Male,0,0,40,United-States,0
34,Private,226525,Assoc-voc,11,Never-married,Other-service,Own-child,White,Male,0,0,40,United-States,0
49,Self-emp-not-inc,343742,10th,6,Never-married,Craft-repair,Not-in-family,Black,Male,0,0,32,United-States,0
45,Self-emp-inc,117605,HS-grad,9,Married-civ-spouse,Exec-managerial,Husband,White,Male,0,0,48,United-States,1
24,Private,70261,Bachelors,13,Married-civ-spouse,Prof-specialty,Husband,White,Male,0,0,50,United-States,0
45,Local-gov,206459,Masters,14,Married-civ-spouse,Adm-clerical,Husband,White,Male,0,0,35,United-States,0
46,Private,149161,Some-college,10,Married-civ-spouse,Exec-managerial,Husband,Asian-Pac-Islander,Male,0,0,60,Other,0
61,Private,147280,Masters,14,Married-civ-spouse,Exec-managerial,Husband,White,Male,0,0,60,United-States,1
47,Private,264052,Bachelors,13,Married-civ-spouse,Exec-managerial,Husband,White,Male,15024,0,50,United-States,1
45,Private,236040,Some-college,10,Married-civ-spouse,Prof-specialty,Husband,White,Male,0,0,40,United-States,1
38,State-gov,34364,Masters,14,Divorced,Adm-clerical,Not-in-family,White,Female,0,0,40,United-States,0
37,Self-emp-not-inc,258037,HS-grad,9,Married-civ-spouse,Transport-moving,Husband,White,Male,0,0,45,Other,1
26,Private,248612,Bachelors,13,Never-married,Prof-specialty,Own-child,White,Male,0,0,30,United-States,0
35,Private,206951,Masters,14,Married-civ-spouse,Sales,Husband,White,Male,0,0,40,United-States,1
59,Private,279636,HS-grad,9,Never-married,Adm-clerical,Not-in-family,White,Male,0,0,50,Other,0
46,Private,176552,11th,7,Divorced,Prof-specialty,Unmarried,Amer-Indian-Eskimo,Male,0,0,40,United-States,1
28,Private,166320,HS-grad,9,Never-married,Prof-specialty,Not-in-family,White,Male,0,0,40,United-States,0
17,Private,147069,10th,6,Never-married,Sales,Own-child,White,Female,0,0,16,United-States,0
33,Private,69727,7th-8th,4,Married-civ-spouse,Farming-fishing,Husband,White,Male,0,0,40,Mexico,0
50,Private,182907,HS-grad,9,Never-married,Handlers-cleaners,Own-child,White,Male,0,0,25,United-States,0
23,Private,308498,Some-college,10,Never-married,Craft-repair,Own-child,White,Male,0,0,15,United-States,0
48,Private,235108,HS-grad,9,Married-civ-spouse,Machine-op-inspct,Husband,White,Male,0,0,40,United-States,0
50,Private,269095,HS-grad,9,Divorced,Adm-clerical,Not-in-family,White,Female,0,0,40,United-States,0
75,Private,256474,Masters,14,Never-married,Protective-serv,Not-in-family,White,Male,0,0,16,United-States,0
34,Local-gov,429897,Bachelors,13,Married-civ-spouse,Prof-specialty,Husband,White,Male,0,0,45,Mexico,1
35,Private,194960,HS-grad,9,Never-married,Farming-fishing,Not-in-family,Other,Male,0,0,40,Other,0
29,Private,356133,Some-college,10,Never-married,Prof-specialty,Other-relative,White,Female,0,0,40,United-States,0
20,Private,104981,HS-grad,9,Never-married,Sales,Not-in-family,White,Male,0,0,40,United-States,0
19,Private,292511,Some-college,10,Never-married,Other-service,Own-child,White,Male,0,0,25,United-States,0
46,Federal-gov,33794,Bachelors,13,Married-civ-spouse,Tech-support,Husband,White,Male,3103,0,40,United-States,1
33,Private,79923,Masters,14,Married-civ-spouse,Prof-specialty,Husband,White,Male,0,0,45,United-States,1
28,Private,33798,Assoc-voc,11,Married-civ-spouse,Machine-op-inspct,Husband,White,Male,0,0,40,United-States,0
29,Private,136985,Assoc-acdm,12,Never-married,Tech-support,Own-child,White,Male,0,0,40,United-States,0
20,Private,305874,Some-college,10,Never-married,Transport-moving,Own-child,White,Male,0,0,40,United-States,0
25,Private,226891,Assoc-voc,11,Never-married,Other-service,Other-relative,Asian-Pac-Islander,Female,0,0,40,Other,0
33,Private,241885,Some-college,10,Separated,Machine-op-inspct,Not-in-family,White,Male,0,0,40,United-States,0
33,Local-gov,190290,Assoc-voc,11,Never-married,Protective-serv,Not-in-family,White,Male,0,0,56,United-States,0
34,Private,287315,Some-college,10,Married-civ-spouse,Exec-managerial,Husband,White,Male,0,0,55,United-States,1
31,Self-emp-inc,304212,Some-college,10,Never-married,Exec-managerial,Own-child,White,Male,0,0,45,United-States,0
24,State-gov,215797,Bachelors,13,Never-married,Tech-support,Not-in-family,White,Female,0,0,40,United-States,0
37,Federal-gov,141029,Masters,14,Divorced,Prof-specialty,Not-in-family,White,Female,0,0,40,United-States,0
38,Private,207202,HS-grad,9,Married-civ-spouse,Machine-op-inspct,Husband,White,Male,0,0,48,United-States,1
41,Private,100451,HS-grad,9,Married-civ-spouse,Craft-repair,Husband,White,Male,7688,0,38,United-States,1
41,Private,180138,HS-grad,9,Never-married,Sales,Not-in-family,White,Male,0,0,50,United-States,0
31,Private,178370,HS-grad,9,Divorced,Other-service,Unmarried,White,Female,0,0,99,United-States,1
22,Private,305466,HS-grad,9,Never-married,Handlers-cleaners,Not-in-family,White,Male,0,0,40,United-States,0
27,Private,367390,Some-college,10,Never-married,Craft-repair,Unmarried,White,Male,0,0,50,United-States,0
20,Private,235691,HS-grad,9,Never-married,Sales,Unmarried,White,Male,0,0,40,United-States,0
50,Self-emp-not-inc,213654,HS-grad,9,Married-civ-spouse,Sales,Husband,Black,Male,0,0,40,United-States,0
22,Private,171419,Assoc-voc,11,Never-married,Exec-managerial,Unmarried,Asian-Pac-Islander,Male,0,0,40,Other,0
36,Private,309122,HS-grad,9,Divorced,Adm-clerical,Unmarried,White,Female,0,0,35,United-States,0
43,State-gov,30824,Some-college,10,Divorced,Adm-clerical,Not-in-family,White,Female,0,0,40,United-States,0
25,Private,264055,Bachelors,13,Never-married,Adm-clerical,Own-child,White,Male,0,0,40,United-States,0
22,Private,336215,Assoc-acdm,12,Never-married,Adm-clerical,Not-in-family,White,Female,0,0,25,United-States,0
42,Private,22831,HS-grad,9,Never-married,Other-service,Not-in-family,White,Female,0,0,40,United-States,0
41,Private,180181,Masters,14,Divorced,Exec-managerial,Unmarried,White,Female,0,0,40,United-States,0
46,Private,65353,Some-college,10,Divorced,Transport-moving,Own-child,White,Male,3325,0,55,United-States,0
62,Private,138621,Assoc-voc,11,Separated,Priv-house-serv,Not-in-family,Black,Female,0,0,20,United-States,0
21,Private,200089,Primary,2,Married-civ-spouse,Other-service,Other-relative,White,Male,0,0,40,Other,0
56,Private,271795,11th,7,Divorced,Craft-repair,Not-in-family,White,Male,0,0,49,United-States,0
55,Private,189933,Some-college,10,Married-civ-spouse,Transport-moving,Husband,White,Male,0,0,84,United-States,0
29,Private,107998,HS-grad,9,Divorced,Machine-op-inspct,Own-child,White,Female,0,0,40,United-States,0
38,Private,175972,Some-college,10,Married-civ-spouse,Other-service,Wife,White,Female,0,0,40,United-States,0
36,Private,162312,HS-grad,9,Never-married,Craft-repair,Not-in-family,Asian-Pac-Islander,Male,0,0,70,Other,0
39,State-gov,142897,Assoc-voc,11,Never-married,Exec-managerial,Unmarried,White,Female,0,0,50,United-States,0
41,Private,206470,Bachelors,13,Married-civ-spouse,Prof-specialty,Husband,White,Male,0,0,40,Other,0
19,State-gov,60412,Some-college,10,Never-married,Adm-clerical,Own-child,White,Female,0,0,15,United-States,0
42,Private,185764,Some-college,10,Married-civ-spouse,Machine-op-inspct,Husband,White,Male,0,0,60,United-States,0
49,Private,149210,HS-grad,9,Married-civ-spouse,Transport-moving,Husband,Black,Male,0,0,40,United-States,0
18,Private,232082,HS-grad,9,Never-married,Machine-op-inspct,Own-child,White,Male,0,0,40,United-States,0
45,Self-emp-not-inc,102771,Bachelors,13,Married-civ-spouse,Transport-moving,Husband,White,Male,0,0,40,United-States,1
36,Private,365739,HS-grad,9,Never-married,Machine-op-inspct,Not-in-family,White,Male,0,0,40,United-States,0
38,Private,125933,Bachelors,13,Married-civ-spouse,Exec-managerial,Husband,White,Male,0,0,40,Other,1
81,Self-emp-not-inc,193237,Primary,2,Widowed,Sales,Other-relative,White,Male,0,0,45,Mexico,0
18,Private,122775,HS-grad,9,Never-married,Other-service,Own-child,White,Male,0,0,35,United-States,0
58,Private,407138,7th-8th,4,Married-civ-spouse,Machine-op-inspct,Husband,White,Male,2936,0,50,Mexico,0
27,Private,107812,Bachelors,13,Married-civ-spouse,Sales,Other-relative,White,Male,0,0,40,United-States,1
64,Local-gov,199298,Primary,3,Divorced,Other-service,Not-in-family,White,Female,0,0,45,Other,0
56,Private,76281,Bachelors,13,Married-spouse-absent,Prof-specialty,Unmarried,White,Female,0,0,40,United-States,0
29,Private,114158,Bachelors,13,Never-married,Exec-managerial,Own-child,White,Female,3325,0,10,United-States,0
36,Self-emp-not-inc,34378,Assoc-voc,11,Married-civ-spouse,Farming-fishing,Husband,White,Male,3908,0,75,United-States,0
33,Private,59083,Bachelors,13,Married-civ-spouse,Adm-clerical,Husband,White,Male,0,1902,45,United-States,1
25,Private,69413,Some-college,10,Never-married,Sales,Own-child,White,Female,0,0,40,United-States,0
33,State-gov,150657,Bachelors,13,Never-married,Prof-specialty,Other-relative,Black,Female,0,0,40,United-States,0
58,Local-gov,212864,HS-grad,9,Married-civ-spouse,Protective-serv,Husband,White,Male,3908,0,40,United-States,0
54,Self-emp-not-inc,156800,Bachelors,13,Married-civ-spouse,Craft-repair,Husband,White,Male,0,0,50,United-States,0
26,Private,157028,Masters,14,Never-married,Prof-specialty,Not-in-family,White,Male,0,0,55,United-States,1
17,Private,206998,11th,7,Never-married,Handlers-cleaners,Own-child,White,Male,0,0,10,United-States,0
24,Private,196742,HS-grad,9,Divorced,Other-service,Unmarried,White,Female,0,0,40,United-States,0
36,Private,90159,Bachelors,13,Married-civ-spouse,Prof-specialty,Wife,White,Female,0,0,32,United-States,1
56,Self-emp-not-inc,53366,11th,7,Married-civ-spouse,Craft-repair,Husband,White,Male,0,0,20,United-States,0
25,Private,111243,HS-grad,9,Never-married,Sales,Other-relative,White,Female,0,0,50,United-States,0
50,Private,154728,Some-college,10,Married-civ-spouse,Tech-support,Husband,White,Male,0,0,40,United-States,1
49,Private,166809,Bachelors,13,Divorced,Exec-managerial,Unmarried,White,Female,0,0,40,United-States,1
24,Private,229826,HS-grad,9,Never-married,Sales,Not-in-family,White,Male,0,0,30,United-States,0
63,Local-gov,214143,Bachelors,13,Married-civ-spouse,Transport-moving,Husband,White,Male,0,0,40,Other,0
40,Private,236021,Some-college,10,Never-married,Exec-managerial,Not-in-family,White,Male,0,0,50,United-States,0
33,Self-emp-not-inc,218164,HS-grad,9,Married-civ-spouse,Craft-repair,Husband,White,Male,0,0,40,United-States,0
43,Self-emp-not-inc,101534,Some-college,10,Married-civ-spouse,Exec-managerial,Husband,White,Male,0,1902,15,United-States,1
50,Self-emp-not-inc,156606,Some-college,10,Married-civ-spouse,Exec-managerial,Wife,White,Female,0,0,30,United-States,0
33,Private,547886,Bachelors,13,Separated,Exec-managerial,Unmarried,Black,Female,0,0,40,United-States,0
48,Private,232145,HS-grad,9,Divorced,Machine-op-inspct,Not-in-family,White,Male,0,0,40,United-States,0
38,Self-emp-not-inc,261382,Some-college,10,Married-civ-spouse,Transport-moving,Husband,White,Male,0,0,40,United-States,0
40,State-gov,175304,Some-college,10,Divorced,Sales,Not-in-family,White,Female,0,0,40,United-States,0
37,State-gov,74163,Bachelors,13,Never-married,Prof-specialty,Not-in-family,White,Female,0,0,40,United-States,0
49,Private,163229,HS-grad,9,Divorced,Craft-repair,Not-in-family,White,Male,0,0,50,United-States,0
35,Private,204163,Some-college,10,Divorced,Machine-op-inspct,Unmarried,Black,Female,0,0,55,United-States,0
23,Private,140414,HS-grad,9,Married-civ-spouse,Craft-repair,Husband,White,Male,0,0,40,United-States,0
43,State-gov,24763,Masters,14,Married-civ-spouse,Prof-specialty,Husband,White,Male,0,1887,45,United-States,1
24,Private,214542,Some-college,10,Never-married,Craft-repair,Own-child,White,Male,0,0,60,Other,0
28,Private,115677,Assoc-acdm,12,Never-married,Adm-clerical,Own-child,White,Male,0,0,32,United-States,0
55,Private,209535,HS-grad,9,Divorced,Transport-moving,Not-in-family,White,Male,0,0,40,United-States,0
36,Private,297847,HS-grad,9,Never-married,Other-service,Not-in-family,Black,Female,0,2001,40,United-States,0
20,Private,190273,12th,8,Never-married,Other-service,Own-child,White,Male,0,0,35,United-States,0
28,Private,584790,Assoc-voc,11,Married-civ-spouse,Other-service,Husband,White,Male,0,0,40,United-States,1
30,Federal-gov,48458,Some-college,10,Never-married,Adm-clerical,Own-child,Black,Female,0,0,40,United-States,0
57,Private,49893,Masters,14,Married-civ-spouse,Prof-specialty,Husband,White,Male,0,0,60,United-States,1
34,Private,338416,10th,6,Divorced,Machine-op-inspct,Not-in-family,Black,Male,0,0,60,United-States,0
41,Federal-gov,219155,Prof-school,15,Married-civ-spouse,Prof-specialty,Husband,White,Male,0,0,50,Other,1
26,Private,152035,HS-grad,9,Never-married,Adm-clerical,Not-in-family,White,Female,0,0,40,United-States,0
38,State-gov,255191,HS-grad,9,Never-married,Other-service,Not-in-family,White,Male,0,0,40,United-States,0
50,Private,41890,HS-grad,9,Married-civ-spouse,Craft-repair,Husband,White,Male,0,0,40,United-States,0
22,Private,193586,HS-grad,9,Never-married,Sales,Not-in-family,White,Female,0,0,25,United-States,0
20,Private,39803,Some-college,10,Never-married,Other-service,Own-child,White,Male,0,1719,36,United-States,0
64,Local-gov,116620,Masters,14,Married-civ-spouse,Prof-specialty,Husband,White,Male,0,0,25,United-States,0
74,Self-emp-not-inc,109101,Some-college,10,Married-civ-spouse,Exec-managerial,Husband,White,Male,0,0,4,United-States,0
34,Private,106761,Bachelors,13,Married-civ-spouse,Sales,Husband,White,Male,0,0,45,United-States,1
18,Private,189924,HS-grad,9,Never-married,Sales,Own-child,White,Female,0,0,24,United-States,0
50,Self-emp-not-inc,89737,Some-college,10,Married-civ-spouse,Craft-repair,Husband,White,Male,0,0,48,United-States,0
34,Private,180284,Some-college,10,Married-civ-spouse,Handlers-cleaners,Husband,White,Male,0,0,50,United-States,0
56,State-gov,68658,Some-college,10,Married-civ-spouse,Exec-managerial,Husband,White,Male,0,0,40,United-States,1
64,Private,203783,HS-grad,9,Widowed,Adm-clerical,Unmarried,White,Female,0,0,8,United-States,0
22,Private,194630,Bachelors,13,Never-married,Sales,Not-in-family,White,Male,0,0,45,United-States,0
54,Private,35576,Some-college,10,Married-civ-spouse,Sales,Husband,White,Male,0,2415,50,United-States,1
56,Self-emp-not-inc,170217,HS-grad,9,Married-civ-spouse,Farming-fishing,Husband,White,Male,0,0,45,United-States,0
34,Private,193285,HS-grad,9,Married-civ-spouse,Handlers-cleaners,Husband,White,Male,0,0,40,United-States,0
29,Private,201022,Bachelors,13,Married-civ-spouse,Exec-managerial,Wife,White,Female,0,0,50,United-States,1
54,Private,142169,HS-grad,9,Never-married,Handlers-cleaners,Own-child,White,Male,0,0,40,United-States,0
46,Private,153254,HS-grad,9,Married-civ-spouse,Machine-op-inspct,Husband,Black,Male,0,0,40,United-States,0
43,Private,48193,Assoc-acdm,12,Married-civ-spouse,Tech-support,Husband,White,Male,0,0,40,United-States,0
21,Private,512828,HS-grad,9,Never-married,Protective-serv,Own-child,Black,Male,0,0,40,United-States,0
37,Local-gov,65291,Assoc-voc,11,Never-married,Protective-serv,Not-in-family,White,Female,0,0,40,United-States,0
26,Private,187248,HS-grad,9,Married-civ-spouse,Prof-specialty,Not-in-family,Black,Male,0,0,40,United-States,0
56,Private,91905,HS-grad,9,Married-civ-spouse,Sales,Wife,White,Female,0,0,4,United-States,0
40,Private,43711,HS-grad,9,Never-married,Machine-op-inspct,Not-in-family,White,Male,0,0,45,United-States,0
57,Private,186386,Bachelors,13,Widowed,Prof-specialty,Unmarried,White,Male,10520,0,40,United-States,1
39,Federal-gov,472166,Some-college,10,Divorced,Exec-managerial,Unmarried,Black,Female,0,0,40,United-States,0
39,Private,294919,HS-grad,9,Divorced,Transport-moving,Own-child,White,Male,0,0,60,United-States,0
34,Private,112139,HS-grad,9,Married-civ-spouse,Craft-repair,Husband,White,Male,0,0,40,United-States,0
35,Self-emp-inc,89622,Some-college,10,Married-civ-spouse,Sales,Husband,White,Male,0,0,50,United-States,1
36,Private,185325,HS-grad,9,Never-married,Transport-moving,Not-in-family,White,Male,0,0,35,United-States,0
28,Private,167336,Some-college,10,Never-married,Exec-managerial,Not-in-family,White,Female,10520,0,40,United-States,1
55,Private,134120,10th,6,Married-civ-spouse,Craft-repair,Husband,White,Male,99999,0,40,United-States,1
23,Private,182812,Some-college,10,Never-married,Other-service,Own-child,White,Female,0,0,40,Other,0
27,State-gov,212232,Some-college,10,Married-civ-spouse,Exec-managerial,Husband,Black,Male,0,0,40,United-States,1
56,Private,230039,7th-8th,4,Never-married,Other-service,Own-child,White,Female,0,0,30,United-States,0
47,Private,102308,Bachelors,13,Married-civ-spouse,Prof-specialty,Husband,White,Male,0,0,50,United-States,1
18,Private,137646,11th,7,Never-married,Other-service,Own-child,White,Female,0,0,15,United-States,0
45,Private,288437,HS-grad,9,Married-civ-spouse,Transport-moving,Husband,Other,Male,4064,0,40,United-States,0
60,Private,132529,HS-grad,9,Married-civ-spouse,Craft-repair,Husband,White,Male,0,0,40,United-States,0
35,Private,231180,HS-grad,9,Divorced,Transport-moving,Not-in-family,White,Male,0,0,60,United-States,0
47,Private,46044,Masters,14,Married-civ-spouse,Exec-managerial,Husband,White,Male,0,0,40,United-States,0
47,Private,104521,Assoc-voc,11,Married-civ-spouse,Prof-specialty,Husband,White,Male,0,0,40,United-States,1
46,Private,269284,Assoc-acdm,12,Widowed,Adm-clerical,Unmarried,White,Female,0,0,40,United-States,0
20,Private,165097,HS-grad,9,Never-married,Craft-repair,Not-in-family,White,Male,0,0,40,United-States,0
43,Private,342567,Bachelors,13,Married-spouse-absent,Adm-clerical,Unmarried,White,Female,0,0,40,United-States,0
24,Federal-gov,210736,HS-grad,9,Never-married,Adm-clerical,Not-in-family,White,Female,0,1974,40,United-States,0
32,Private,316769,11th,7,Never-married,Other-service,Unmarried,Black,Female,0,0,40,Other,0
18,Private,128538,11th,7,Never-married,Sales,Own-child,White,Female,0,0,25,United-States,0
25,State-gov,176077,Masters,14,Never-married,Prof-specialty,Not-in-family,White,Female,0,0,37,United-States,0
29,State-gov,118520,HS-grad,9,Married-civ-spouse,Protective-serv,Husband,White,Male,0,0,42,United-States,0
45,Private,155659,HS-grad,9,Married-civ-spouse,Craft-repair,Husband,White,Male,0,0,40,United-States,1
26,Private,304283,HS-grad,9,Married-civ-spouse,Machine-op-inspct,Husband,White,Male,0,0,40,United-States,0
43,Private,104660,Masters,14,Widowed,Exec-managerial,Unmarried,White,Male,4934,0,40,United-States,1
41,Private,347653,Prof-school,15,Married-civ-spouse,Prof-specialty,Husband,White,Male,0,1977,50,United-States,1
60,Local-gov,212856,Masters,14,Married-civ-spouse,Prof-specialty,Husband,White,Male,0,0,40,Other,1
42,Private,104647,HS-grad,9,Divorced,Other-service,Not-in-family,White,Male,0,0,40,United-States,0
28,State-gov,288731,Bachelors,13,Married-civ-spouse,Prof-specialty,Husband,White,Male,0,0,20,United-States,0
36,Private,231082,Bachelors,13,Divorced,Prof-specialty,Not-in-family,White,Female,0,0,50,United-States,0
21,Private,118023,HS-grad,9,Never-married,Farming-fishing,Own-child,White,Male,0,0,24,United-States,0
19,Local-gov,354104,HS-grad,9,Never-married,Adm-clerical,Own-child,White,Male,0,0,35,United-States,0
41,Local-gov,174491,HS-grad,9,Separated,Other-service,Unmarried,Black,Female,0,0,40,United-States,0
57,Federal-gov,197875,HS-grad,9,Divorced,Adm-clerical,Not-in-family,White,Female,0,0,40,United-States,0
18,Private,39411,11th,7,Never-married,Handlers-cleaners,Own-child,White,Male,0,0,24,United-States,0
36,Private,171676,Bachelors,13,Never-married,Sales,Not-in-family,White,Female,0,1741,40,United-States,0
32,Private,217460,9th,5,Married-civ-spouse,Transport-moving,Husband,White,Male,0,0,50,United-States,0
26,Private,134945,HS-grad,9,Never-married,Machine-op-inspct,Other-relative,White,Male,0,0,40,United-States,0
46,Private,169324,HS-grad,9,Separated,Other-service,Not-in-family,Black,Female,0,0,45,Other,0
30,Private,225231,Some-college,10,Divorced,Exec-managerial,Not-in-family,White,Male,8614,0,50,United-States,1
61,State-gov,379885,Doctorate,16,Married-civ-spouse,Prof-specialty,Husband,White,Male,0,1902,40,United-States,1
26,Private,247025,HS-grad,9,Married-civ-spouse,Transport-moving,Husband,White,Male,0,0,65,United-States,0
57,Self-emp-not-inc,181031,HS-grad,9,Married-civ-spouse,Farming-fishing,Husband,White,Male,0,0,60,United-States,0
22,Private,147397,Bachelors,13,Never-married,Farming-fishing,Not-in-family,White,Male,0,0,20,United-States,0
19,Private,207173,HS-grad,9,Separated,Adm-clerical,Unmarried,White,Female,0,0,30,United-States,0
33,Private,48010,Some-college,10,Divorced,Exec-managerial,Unmarried,White,Female,0,0,40,United-States,0
49,Private,193366,Masters,14,Married-civ-spouse,Exec-managerial,Husband,White,Male,0,0,65,United-States,1
31,Private,57781,HS-grad,9,Divorced,Adm-clerical,Unmarried,White,Female,0,0,50,United-States,0
75,Private,239038,Some-college,10,Married-civ-spouse,Transport-moving,Husband,White,Male,0,0,16,United-States,0
45,Private,179659,Bachelors,13,Married-civ-spouse,Craft-repair,Husband,White,Male,3103,0,40,United-States,1
57,Private,301514,HS-grad,9,Married-civ-spouse,Sales,Husband,White,Male,0,0,40,United-States,0
21,Private,156980,HS-grad,9,Never-married,Machine-op-inspct,Own-child,White,Male,0,0,60,United-States,0
48,Private,49278,Assoc-acdm,12,Divorced,Adm-clerical,Unmarried,White,Female,0,0,40,United-States,0
34,Private,220840,Primary,3,Married-civ-spouse,Farming-fishing,Husband,White,Male,0,0,40,Mexico,0
26,State-gov,130557,Bachelors,13,Never-married,Exec-managerial,Not-in-family,White,Female,0,0,35,United-States,0
48,Federal-gov,328606,HS-grad,9,Divorced,Handlers-cleaners,Not-in-family,White,Male,0,0,40,United-States,0
29,Private,35032,Some-college,10,Married-civ-spouse,Handlers-cleaners,Husband,White,Male,0,0,60,United-States,0
53,Private,142411,Assoc-voc,11,Divorced,Prof-specialty,Unmarried,White,Female,0,0,40,United-States,0
34,Private,42900,Bachelors,13,Married-civ-spouse,Exec-managerial,Husband,White,Male,0,0,50,United-States,1
26,Private,212793,HS-grad,9,Never-married,Machine-op-inspct,Not-in-family,White,Male,0,0,40,United-States,0
53,Private,276369,HS-grad,9,Married-civ-spouse,Exec-managerial,Husband,White,Male,0,0,45,United-States,0
27,Private,363053,9th,5,Never-married,Priv-house-serv,Unmarried,White,Female,0,0,24,Mexico,0
21,Private,54472,HS-grad,9,Never-married,Other-service,Unmarried,White,Female,0,0,40,United-States,0
28,Private,194940,HS-grad,9,Married-civ-spouse,Machine-op-inspct,Husband,White,Male,0,0,40,United-States,0
56,Private,200235,Assoc-voc,11,Married-civ-spouse,Craft-repair,Husband,White,Male,0,0,48,United-States,1
56,Local-gov,268213,Masters,14,Married-civ-spouse,Prof-specialty,Husband,White,Male,0,0,35,Other,1
53,Private,111939,Bachelors,13,Married-civ-spouse,Other-service,Husband,White,Male,0,0,35,United-States,0
29,Self-emp-not-inc,404998,Assoc-voc,11,Married-civ-spouse,Farming-fishing,Husband,White,Male,0,0,90,United-States,0
47,Private,57534,Some-college,10,Married-civ-spouse,Craft-repair,Husband,White,Male,0,0,40,United-States,1
41,Private,170299,Assoc-voc,11,Divorced,Prof-specialty,Unmarried,White,Female,0,0,43,United-States,0
23,Private,60331,HS-grad,9,Never-married,Machine-op-inspct,Own-child,White,Male,0,0,40,United-States,0
38,Private,269318,Bachelors,13,Married-civ-spouse,Adm-clerical,Husband,White,Male,5178,0,50,United-States,1
38,Private,150057,Some-college,10,Never-married,Prof-specialty,Not-in-family,White,Male,0,0,45,United-States,0
59,Self-emp-not-inc,148526,Some-college,10,Married-civ-spouse,Sales,Husband,White,Male,0,0,40,United-States,0
28,Self-emp-inc,37088,Bachelors,13,Never-married,Sales,Not-in-family,White,Male,0,0,50,United-States,0
51,Self-emp-inc,338260,Prof-school,15,Married-civ-spouse,Prof-specialty,Husband,White,Male,15024,0,60,United-States,1
31,Private,109055,HS-grad,9,Married-civ-spouse,Farming-fishing,Husband,White,Male,3137,0,45,United-States,0
29,Local-gov,181282,Bachelors,13,Divorced,Prof-specialty,Not-in-family,White,Male,0,0,50,United-States,0
42,Private,374790,9th,5,Divorced,Craft-repair,Not-in-family,White,Male,0,0,40,United-States,0
18,Private,231562,HS-grad,9,Never-married,Sales,Own-child,White,Female,0,0,33,United-States,0
36,Private,132879,Primary,2,Married-civ-spouse,Handlers-cleaners,Husband,White,Male,0,0,40,Other,0
27,Private,69132,Bachelors,13,Never-married,Tech-support,Not-in-family,White,Male,0,0,37,United-States,0
49,Self-emp-not-inc,47086,Bachelors,13,Widowed,Sales,Unmarried,White,Female,0,0,40,United-States,0
24,Private,222853,Some-college,10,Never-married,Craft-repair,Unmarried,White,Male,0,0,50,United-States,0
18,Private,210311,HS-grad,9,Never-married,Sales,Own-child,White,Female,0,0,20,United-States,0
44,Private,121012,9th,5,Divorced,Craft-repair,Not-in-family,White,Male,0,0,40,United-States,0
46,Private,195023,HS-grad,9,Married-spouse-absent,Machine-op-inspct,Not-in-family,White,Female,0,0,40,Other,0
43,Private,158177,Some-college,10,Divorced,Adm-clerical,Unmarried,Black,Female,0,0,35,United-States,0
24,Private,103064,Bachelors,13,Never-married,Tech-support,Not-in-family,White,Female,3674,0,40,United-States,0
23,Private,149204,Bachelors,13,Never-married,Exec-managerial,Own-child,White,Male,0,0,40,United-States,0
31,Private,59083,HS-grad,9,Married-civ-spouse,Other-service,Husband,White,Male,0,0,35,United-States,0
44,Private,165599,HS-grad,9,Married-civ-spouse,Machine-op-inspct,Husband,White,Male,0,0,48,United-States,0
46,Private,149640,Bachelors,13,Divorced,Prof-specialty,Not-in-family,White,Male,0,0,45,Other,1
30,Private,143526,Bachelors,13,Never-married,Sales,Own-child,White,Male,0,0,40,United-States,0
25,Private,141876,HS-grad,9,Married-spouse-absent,Exec-managerial,Not-in-family,White,Male,0,0,45,United-States,0
27,Private,114967,Bachelors,13,Never-married,Tech-support,Not-in-family,White,Male,0,0,40,United-States,0
50,Local-gov,231725,HS-grad,9,Married-civ-spouse,Handlers-cleaners,Husband,White,Male,0,0,40,United-States,0
40,Private,110622,Prof-school,15,Married-civ-spouse,Adm-clerical,Other-relative,Asian-Pac-Islander,Female,0,0,40,Philippines,0
67,Self-emp-inc,112318,10th,6,Married-civ-spouse,Craft-repair,Husband,White,Male,0,0,40,United-States,0
34,Private,167781,HS-grad,9,Married-civ-spouse,Other-service,Husband,White,Male,0,0,50,United-States,0
30,Private,143766,HS-grad,9,Never-married,Other-service,Not-in-family,White,Male,0,0,30,United-States,0
41,Private,126850,Prof-school,15,Married-civ-spouse,Adm-clerical,Husband,Asian-Pac-Islander,Male,0,0,40,Philippines,0
44,Private,267717,Masters,14,Married-civ-spouse,Prof-specialty,Husband,White,Male,0,0,42,United-States,1
29,Private,200468,10th,6,Never-married,Prof-specialty,Not-in-family,White,Male,0,0,40,United-States,0
39,Private,293291,HS-grad,9,Married-civ-spouse,Machine-op-inspct,Husband,White,Male,0,0,50,United-States,1
22,Private,200374,HS-grad,9,Never-married,Machine-op-inspct,Other-relative,White,Male,0,0,35,United-States,0
44,Federal-gov,243636,Assoc-voc,11,Married-civ-spouse,Craft-repair,Husband,White,Male,0,0,40,United-States,1
38,Private,337130,Primary,2,Married-spouse-absent,Craft-repair,Not-in-family,White,Male,0,0,40,Mexico,0
42,Private,191765,HS-grad,9,Divorced,Other-service,Other-relative,Black,Female,0,0,35,United-States,0
45,Private,232586,Some-college,10,Married-civ-spouse,Craft-repair,Husband,White,Male,0,0,50,United-States,1
51,Self-emp-not-inc,291755,7th-8th,4,Married-civ-spouse,Exec-managerial,Husband,White,Male,0,0,42,United-States,0
33,Private,133503,HS-grad,9,Married-civ-spouse,Protective-serv,Husband,White,Male,7688,0,48,United-States,1
40,Private,196029,HS-grad,9,Divorced,Transport-moving,Unmarried,White,Male,0,0,45,United-States,0
30,Private,147430,HS-grad,9,Married-spouse-absent,Adm-clerical,Not-in-family,White,Female,0,0,40,United-States,0
38,Private,60135,HS-grad,9,Never-married,Transport-moving,Not-in-family,White,Female,0,0,40,United-States,0
29,Private,286634,Bachelors,13,Married-civ-spouse,Prof-specialty,Wife,White,Female,0,0,50,United-States,1
33,Private,117983,HS-grad,9,Never-married,Adm-clerical,Not-in-family,White,Female,0,0,41,United-States,0
30,Private,63910,HS-grad,9,Married-civ-spouse,Sales,Own-child,Asian-Pac-Islander,Female,0,0,40,United-States,0
28,Private,190350,9th,5,Married-civ-spouse,Protective-serv,Wife,Black,Female,0,0,40,United-States,0
25,State-gov,176162,Bachelors,13,Never-married,Protective-serv,Own-child,White,Male,0,0,40,United-States,0
29,Private,261725,Bachelors,13,Never-married,Adm-clerical,Not-in-family,White,Female,0,0,35,United-States,0
31,Local-gov,156464,Bachelors,13,Never-married,Prof-specialty,Other-relative,White,Male,0,0,40,Other,0
18,Self-emp-inc,174202,HS-grad,9,Never-married,Transport-moving,Own-child,White,Male,0,0,60,United-States,0
57,Private,316000,HS-grad,9,Married-civ-spouse,Craft-repair,Husband,White,Male,0,0,40,United-States,0
41,Federal-gov,193882,HS-grad,9,Never-married,Adm-clerical,Own-child,White,Male,0,0,40,United-States,0
43,Self-emp-not-inc,163108,Some-college,10,Married-civ-spouse,Farming-fishing,Husband,White,Male,0,0,99,United-States,0
36,Private,137421,12th,8,Never-married,Transport-moving,Not-in-family,Asian-Pac-Islander,Male,0,0,45,Other,0
43,Private,169628,Bachelors,13,Never-married,Sales,Unmarried,Black,Female,0,0,35,United-States,1
22,State-gov,124942,Some-college,10,Never-married,Other-service,Own-child,White,Male,0,0,45,United-States,0
41,Private,287306,Assoc-acdm,12,Married-civ-spouse,Prof-specialty,Husband,White,Male,15024,0,60,United-States,1
31,Federal-gov,34862,Assoc-acdm,12,Married-civ-spouse,Sales,Husband,Asian-Pac-Islander,Male,0,0,40,United-States,0
44,Private,201723,Bachelors,13,Married-civ-spouse,Exec-managerial,Husband,White,Male,15024,0,45,United-States,1
42,Private,170230,Bachelors,13,Divorced,Exec-managerial,Not-in-family,White,Female,0,0,55,United-States,1
61,Private,181219,Bachelors,13,Married-civ-spouse,Prof-specialty,Husband,White,Male,0,1848,40,United-States,1
47,Private,159389,Assoc-acdm,12,Never-married,Adm-clerical,Not-in-family,White,Female,0,0,40,United-States,0
26,Private,290213,Some-college,10,Separated,Farming-fishing,Own-child,White,Male,0,0,40,United-States,0
41,Private,291965,Some-college,10,Never-married,Tech-support,Unmarried,Asian-Pac-Islander,Female,0,0,40,Philippines,0
36,Self-emp-inc,251730,Some-college,10,Married-civ-spouse,Protective-serv,Husband,White,Male,0,0,60,United-States,1
46,Private,72896,Some-college,10,Married-civ-spouse,Exec-managerial,Husband,White,Male,0,0,50,United-States,0
33,Private,72338,Prof-school,15,Married-civ-spouse,Exec-managerial,Husband,Asian-Pac-Islander,Male,0,0,65,Other,1
51,Private,120270,Assoc-voc,11,Married-civ-spouse,Sales,Husband,White,Male,0,0,40,United-States,1
41,Private,93885,Some-college,10,Divorced,Sales,Unmarried,White,Female,0,0,48,United-States,0
28,Private,95566,Primary,2,Married-spouse-absent,Other-service,Own-child,Other,Female,0,0,35,Other,0
49,Private,94342,Bachelors,13,Married-civ-spouse,Craft-repair,Husband,White,Male,0,0,60,United-States,0
59,Self-emp-inc,187502,Some-college,10,Married-civ-spouse,Craft-repair,Husband,White,Male,0,0,50,United-States,1
34,Private,164280,10th,6,Married-civ-spouse,Handlers-cleaners,Husband,White,Male,0,0,40,Other,0
48,Private,313925,Assoc-acdm,12,Married-civ-spouse,Prof-specialty,Wife,White,Female,0,0,30,United-States,1
17,Private,24090,HS-grad,9,Never-married,Exec-managerial,Own-child,White,Female,0,0,35,United-States,0
43,Local-gov,161240,HS-grad,9,Married-civ-spouse,Protective-serv,Husband,White,Male,0,0,45,United-States,1
29,Private,358124,HS-grad,9,Never-married,Other-service,Other-relative,Black,Female,0,0,52,United-States,0
19,Private,28790,Some-college,10,Never-married,Other-service,Not-in-family,White,Female,0,0,40,United-States,0
50,Private,99476,Masters,14,Divorced,Prof-specialty,Not-in-family,White,Female,0,0,35,United-States,0
21,Private,211968,Some-college,10,Never-married,Sales,Own-child,White,Female,0,1762,28,United-States,0
46,Private,211226,Assoc-acdm,12,Married-civ-spouse,Transport-moving,Husband,Other,Male,0,0,36,United-States,0
53,Private,120839,12th,8,Divorced,Farming-fishing,Own-child,White,Male,0,0,40,United-States,0
52,Private,294991,Bachelors,13,Married-civ-spouse,Prof-specialty,Husband,White,Male,0,0,40,United-States,1
20,Private,184045,Some-college,10,Never-married,Sales,Unmarried,Black,Female,0,0,30,United-States,0
33,Private,60567,HS-grad,9,Married-civ-spouse,Craft-repair,Husband,White,Male,3411,0,40,United-States,0
34,Private,331126,HS-grad,9,Never-married,Other-service,Unmarried,Black,Male,0,0,30,United-States,0
49,Private,93639,Bachelors,13,Married-civ-spouse,Exec-managerial,Wife,White,Female,0,0,43,United-States,0
45,Self-emp-not-inc,111679,Some-college,10,Divorced,Craft-repair,Not-in-family,White,Male,0,0,30,United-States,0
33,Private,263561,HS-grad,9,Divorced,Craft-repair,Not-in-family,White,Male,0,0,60,United-States,0
44,Private,118536,9th,5,Married-civ-spouse,Machine-op-inspct,Husband,Black,Male,0,0,40,United-States,0
32,Self-emp-inc,209691,Bachelors,13,Married-civ-spouse,Craft-repair,Husband,White,Male,0,0,50,Other,0
44,Private,328561,Assoc-voc,11,Married-civ-spouse,Adm-clerical,Other-relative,White,Female,0,0,20,United-States,0
48,Private,109814,Prof-school,15,Married-civ-spouse,Prof-specialty,Husband,White,Male,0,1977,45,United-States,1
63,Private,45912,HS-grad,9,Widowed,Other-service,Other-relative,White,Female,0,0,40,United-States,0
47,Self-emp-not-inc,242391,Prof-school,15,Married-civ-spouse,Prof-specialty,Husband,White,Male,15024,0,40,United-States,1
53,Private,58985,Some-college,10,Married-civ-spouse,Prof-specialty,Wife,White,Female,0,0,24,United-States,0
24,Private,456367,HS-grad,9,Married-civ-spouse,Craft-repair,Husband,White,Male,0,0,40,United-States,0
22,Private,186849,11th,7,Divorced,Sales,Own-child,White,Male,0,0,50,United-States,0
43,Local-gov,163434,Bachelors,13,Married-civ-spouse,Protective-serv,Husband,White,Male,0,0,55,United-States,1
29,Private,153416,Bachelors,13,Never-married,Exec-managerial,Not-in-family,White,Female,0,0,55,United-States,0
68,Private,274096,10th,6,Divorced,Transport-moving,Not-in-family,White,Male,0,0,20,United-States,0
22,Local-gov,164775,Primary,3,Never-married,Handlers-cleaners,Other-relative,White,Male,0,0,40,Other,1
22,Private,254547,Some-college,10,Never-married,Exec-managerial,Unmarried,Black,Female,0,0,40,Other,0
26,Private,323044,Some-college,10,Married-civ-spouse,Exec-managerial,Husband,White,Male,0,0,45,Other,1
58,Self-emp-not-inc,99141,HS-grad,9,Divorced,Farming-fishing,Unmarried,White,Female,0,0,10,United-States,0
35,Private,91839,Bachelors,13,Married-civ-spouse,Other-service,Husband,Amer-Indian-Eskimo,Male,7688,0,20,United-States,1
31,Private,251659,Some-college,10,Married-civ-spouse,Other-service,Husband,Asian-Pac-Islander,Male,0,1485,55,Other,1
19,Private,57145,HS-grad,9,Never-married,Other-service,Own-child,White,Female,0,0,25,United-States,0
50,Private,38795,Bachelors,13,Married-civ-spouse,Prof-specialty,Husband,White,Male,0,0,50,United-States,0
44,Private,297991,Assoc-acdm,12,Never-married,Exec-managerial,Not-in-family,Asian-Pac-Islander,Female,0,0,50,United-States,0
24,Private,34568,Assoc-voc,11,Never-married,Transport-moving,Not-in-family,White,Male,0,0,40,United-States,0
59,Private,207391,HS-grad,9,Divorced,Machine-op-inspct,Not-in-family,White,Male,0,0,40,United-States,0
32,Private,188246,HS-grad,9,Married-civ-spouse,Craft-repair,Husband,White,Male,0,0,40,United-States,0
48,Private,123075,Doctorate,16,Married-civ-spouse,Prof-specialty,Husband,White,Male,0,0,45,United-States,1
34,Private,121966,Bachelors,13,Married-spouse-absent,Adm-clerical,Not-in-family,White,Female,0,0,45,United-States,0
41,Private,122215,Masters,14,Married-civ-spouse,Prof-specialty,Husband,White,Male,15024,0,40,United-States,1
56,Private,135458,HS-grad,9,Divorced,Tech-support,Not-in-family,Black,Female,0,0,40,United-States,0
26,Private,164386,HS-grad,9,Never-married,Craft-repair,Own-child,White,Male,0,0,48,United-States,0
39,Federal-gov,110622,Bachelors,13,Married-civ-spouse,Adm-clerical,Wife,Asian-Pac-Islander,Female,0,0,40,Philippines,0
41,Self-emp-not-inc,168098,Bachelors,13,Married-civ-spouse,Prof-specialty,Husband,White,Male,0,0,50,United-States,0
32,Private,236318,Some-college,10,Married-civ-spouse,Sales,Husband,White,Male,0,0,32,United-States,0
36,Private,237943,Bachelors,13,Married-civ-spouse,Prof-specialty,Husband,White,Male,0,1977,45,United-States,1
58,Local-gov,223214,HS-grad,9,Married-civ-spouse,Other-service,Husband,White,Male,0,0,40,United-States,0
42,Self-emp-not-inc,217597,HS-grad,9,Divorced,Sales,Own-child,White,Male,0,0,50,Other,0
25,Private,403788,HS-grad,9,Never-married,Craft-repair,Other-relative,Black,Male,0,0,40,United-States,0
20,Private,270436,HS-grad,9,Never-married,Machine-op-inspct,Own-child,White,Male,0,0,40,United-States,0
27,Private,177398,HS-grad,9,Never-married,Other-service,Unmarried,White,Female,0,0,64,United-States,0
24,Private,369667,Some-college,10,Never-married,Other-service,Unmarried,White,Female,0,0,40,United-States,0
45,Self-emp-not-inc,432824,HS-grad,9,Married-civ-spouse,Craft-repair,Husband,White,Male,7298,0,90,United-States,1
33,Private,269705,HS-grad,9,Married-civ-spouse,Handlers-cleaners,Husband,White,Male,0,0,40,United-States,0
41,Private,109912,Bachelors,13,Never-married,Other-service,Not-in-family,White,Female,0,0,40,Other,0
55,Private,160631,HS-grad,9,Married-civ-spouse,Sales,Husband,White,Male,0,0,56,United-States,1
25,Private,235218,Bachelors,13,Never-married,Exec-managerial,Own-child,White,Female,0,0,40,United-States,0
40,Private,103541,Some-college,10,Married-civ-spouse,Handlers-cleaners,Husband,White,Male,0,0,40,United-States,0
40,Private,155972,HS-grad,9,Married-civ-spouse,Exec-managerial,Husband,White,Male,7688,0,55,United-States,1
33,Private,177727,HS-grad,9,Married-civ-spouse,Sales,Husband,White,Male,0,0,40,United-States,1
26,Local-gov,102264,HS-grad,9,Never-married,Craft-repair,Not-in-family,White,Male,0,0,40,United-States,0
42,Private,190910,HS-grad,9,Married-civ-spouse,Craft-repair,Husband,White,Male,0,0,45,United-States,0
54,Private,236157,HS-grad,9,Married-civ-spouse,Prof-specialty,Husband,White,Male,0,1887,40,United-States,1
61,Private,21175,12th,8,Married-civ-spouse,Exec-managerial,Husband,White,Male,0,0,60,United-States,0
57,Private,26716,Bachelors,13,Divorced,Craft-repair,Not-in-family,White,Male,0,0,45,United-States,0
50,Private,175029,Assoc-voc,11,Married-civ-spouse,Prof-specialty,Husband,White,Male,0,0,40,United-States,1
45,Private,411273,7th-8th,4,Married-civ-spouse,Craft-repair,Husband,Black,Male,0,0,40,United-States,0
31,Private,236861,Some-college,10,Married-civ-spouse,Sales,Husband,White,Male,0,0,55,United-States,1
38,Federal-gov,213274,Assoc-voc,11,Divorced,Craft-repair,Unmarried,White,Female,6497,0,40,United-States,0
31,Private,220915,Assoc-voc,11,Separated,Craft-repair,Not-in-family,White,Male,0,0,40,United-States,0
41,Private,277256,Some-college,10,Married-civ-spouse,Craft-repair,Husband,White,Male,0,0,40,United-States,0
46,Private,312088,Bachelors,13,Married-civ-spouse,Prof-specialty,Husband,White,Male,15024,0,38,United-States,1
42,Private,227968,HS-grad,9,Never-married,Other-service,Unmarried,Black,Female,0,0,28,Other,0
47,Private,212944,HS-grad,9,Married-civ-spouse,Transport-moving,Husband,White,Male,0,0,70,United-States,1
39,Private,281768,HS-grad,9,Never-married,Other-service,Not-in-family,Black,Female,0,0,40,United-States,0
58,Private,65325,10th,6,Married-civ-spouse,Transport-moving,Husband,White,Male,0,0,40,United-States,1
64,Private,118944,Some-college,10,Married-civ-spouse,Exec-managerial,Wife,White,Female,0,0,40,United-States,1
30,Private,236543,9th,5,Married-civ-spouse,Other-service,Husband,White,Male,0,0,32,Other,1
39,Private,329980,Some-college,10,Married-civ-spouse,Craft-repair,Husband,White,Male,0,0,40,United-States,1
51,Self-emp-not-inc,136708,HS-grad,9,Married-civ-spouse,Sales,Husband,Asian-Pac-Islander,Male,3103,0,84,Other,0
22,Private,197200,Some-college,10,Never-married,Handlers-cleaners,Own-child,White,Male,0,0,40,United-States,0
37,Private,98776,Bachelors,13,Married-civ-spouse,Exec-managerial,Husband,White,Male,0,0,40,United-States,1
56,Self-emp-inc,170287,Bachelors,13,Married-civ-spouse,Exec-managerial,Husband,White,Male,0,0,40,United-States,0
23,Private,197997,HS-grad,9,Never-married,Handlers-cleaners,Own-child,White,Male,0,0,30,United-States,0
29,Local-gov,400074,Some-college,10,Married-civ-spouse,Exec-managerial,Own-child,White,Female,0,0,40,United-States,0
43,Private,52433,Some-college,10,Married-civ-spouse,Sales,Husband,White,Male,0,0,70,United-States,0
45,Self-emp-not-inc,355978,Some-college,10,Married-civ-spouse,Sales,Husband,White,Male,0,0,60,United-States,1
23,Private,278390,Some-college,10,Married-civ-spouse,Sales,Husband,White,Male,0,0,68,United-States,0
24,Private,302195,Bachelors,13,Never-married,Sales,Not-in-family,White,Male,0,0,45,United-States,0
62,Self-emp-not-inc,71467,Masters,14,Married-civ-spouse,Prof-specialty,Husband,White,Male,0,0,40,United-States,0
32,Private,65278,HS-grad,9,Married-civ-spouse,Adm-clerical,Husband,White,Male,2580,0,40,United-States,0
24,Private,102258,Bachelors,13,Married-civ-spouse,Sales,Husband,White,Male,0,0,40,United-States,0
37,Private,20308,Bachelors,13,Married-civ-spouse,Prof-specialty,Husband,White,Male,0,0,65,United-States,1
24,Private,124751,HS-grad,9,Never-married,Adm-clerical,Own-child,White,Female,0,0,35,United-States,0
34,Private,113364,Some-college,10,Married-civ-spouse,Machine-op-inspct,Husband,White,Male,0,0,40,Other,0
46,Private,176026,Bachelors,13,Divorced,Exec-managerial,Not-in-family,White,Male,27828,0,50,United-States,1
19,Private,124464,Some-college,10,Never-married,Machine-op-inspct,Own-child,White,Male,0,0,40,United-States,0
36,Local-gov,237713,Some-college,10,Married-civ-spouse,Tech-support,Husband,White,Male,0,0,40,United-States,0
61,Private,142988,Some-college,10,Married-civ-spouse,Exec-managerial,Husband,White,Male,15024,0,45,United-States,1
54,Private,333301,10th,6,Married-civ-spouse,Other-service,Husband,Black,Male,0,0,40,United-States,0
45,Private,177536,Bachelors,13,Married-civ-spouse,Exec-managerial,Husband,White,Male,0,0,45,Other,1
73,Private,113446,Primary,3,Married-civ-spouse,Exec-managerial,Husband,White,Male,0,0,54,United-States,1
32,Private,247328,Primary,3,Never-married,Other-service,Not-in-family,White,Male,0,0,40,Mexico,0
51,Self-emp-inc,335902,Some-college,10,Married-civ-spouse,Craft-repair,Husband,White,Male,0,1672,55,United-States,0
54,Private,174806,HS-grad,9,Married-civ-spouse,Machine-op-inspct,Wife,White,Female,0,0,40,United-States,1
31,Private,437200,Some-college,10,Married-civ-spouse,Farming-fishing,Husband,White,Male,0,0,40,Mexico,0
43,Private,315971,Assoc-acdm,12,Never-married,Prof-specialty,Not-in-family,White,Female,0,0,32,Other,1
58,Self-emp-not-inc,237546,Some-college,10,Married-civ-spouse,Exec-managerial,Husband,White,Male,0,0,70,United-States,1
54,Private,387540,Masters,14,Married-civ-spouse,Prof-specialty,Husband,White,Male,0,0,45,United-States,1
44,Private,211517,12th,8,Divorced,Other-service,Not-in-family,White,Male,0,0,40,United-States,0
28,Local-gov,190911,Some-college,10,Married-civ-spouse,Protective-serv,Husband,White,Male,0,0,40,United-States,1
49,Federal-gov,252616,HS-grad,9,Married-civ-spouse,Transport-moving,Husband,Asian-Pac-Islander,Male,0,0,40,Philippines,0
41,Federal-gov,46366,Bachelors,13,Married-civ-spouse,Exec-managerial,Wife,Black,Female,0,0,50,United-States,1
23,Private,32732,Some-college,10,Never-married,Sales,Not-in-family,White,Male,0,0,50,United-States,0
19,Private,192162,HS-grad,9,Never-married,Prof-specialty,Not-in-family,White,Female,0,0,40,United-States,0
57,Private,43290,10th,6,Divorced,Other-service,Not-in-family,Amer-Indian-Eskimo,Female,0,0,20,United-States,0
34,Local-gov,191957,Bachelors,13,Married-civ-spouse,Craft-repair,Husband,Black,Male,0,0,45,United-States,1
21,State-gov,204034,Some-college,10,Never-married,Other-service,Not-in-family,White,Female,0,0,16,United-States,0
56,Private,249751,HS-grad,9,Married-civ-spouse,Tech-support,Husband,White,Male,0,0,40,United-States,0
30,Private,97306,Some-college,10,Never-married,Sales,Not-in-family,White,Female,0,0,40,United-States,0
47,Private,275967,10th,6,Married-civ-spouse,Craft-repair,Husband,White,Male,0,0,35,United-States,0
26,Private,264012,Bachelors,13,Never-married,Adm-clerical,Not-in-family,White,Male,0,0,40,United-States,0
61,Private,93997,Bachelors,13,Divorced,Sales,Unmarried,White,Male,0,0,40,United-States,0
36,Private,312206,HS-grad,9,Married-civ-spouse,Prof-specialty,Husband,White,Male,0,0,60,United-States,1
31,Private,386299,Some-college,10,Never-married,Adm-clerical,Not-in-family,White,Female,0,0,40,United-States,0
56,Private,140136,Some-college,10,Married-civ-spouse,Transport-moving,Husband,Black,Male,0,0,35,United-States,1
73,Self-emp-not-inc,214498,7th-8th,4,Married-civ-spouse,Farming-fishing,Husband,White,Male,0,0,12,United-States,0
38,Private,191137,10th,6,Married-civ-spouse,Other-service,Husband,White,Male,0,0,40,United-States,0
22,Private,152328,Some-college,10,Never-married,Farming-fishing,Not-in-family,White,Male,0,0,40,United-States,0
52,Private,134190,10th,6,Divorced,Transport-moving,Unmarried,White,Male,0,0,40,United-States,0
37,Private,385330,7th-8th,4,Separated,Other-service,Unmarried,Black,Male,0,0,40,United-States,0
53,Federal-gov,36186,Bachelors,13,Married-civ-spouse,Exec-managerial,Husband,White,Male,7298,0,40,United-States,1
67,Private,191437,HS-grad,9,Widowed,Adm-clerical,Not-in-family,White,Female,0,0,40,United-States,0
58,State-gov,299680,Masters,14,Married-civ-spouse,Adm-clerical,Husband,White,Male,15024,0,43,United-States,1
33,Self-emp-not-inc,294434,Assoc-voc,11,Married-civ-spouse,Farming-fishing,Husband,White,Male,0,0,76,United-States,1
60,Private,57371,7th-8th,4,Married-civ-spouse,Craft-repair,Husband,White,Male,0,0,40,United-States,0
34,Private,162544,7th-8th,4,Never-married,Priv-house-serv,Own-child,White,Female,0,0,30,United-States,0
44,State-gov,204361,Masters,14,Never-married,Exec-managerial,Not-in-family,White,Female,0,0,40,United-States,0
23,Private,127876,Some-college,10,Never-married,Other-service,Not-in-family,White,Female,0,0,35,United-States,0
63,Private,180099,10th,6,Separated,Other-service,Unmarried,Black,Female,0,0,40,United-States,0
39,State-gov,42478,Bachelors,13,Divorced,Exec-managerial,Not-in-family,White,Male,0,0,40,United-States,0
34,Private,203814,HS-grad,9,Married-civ-spouse,Other-service,Wife,White,Female,0,0,35,United-States,0
33,Private,292603,Some-college,10,Divorced,Other-service,Not-in-family,Black,Female,0,0,30,Other,0
30,State-gov,157990,HS-grad,9,Married-civ-spouse,Adm-clerical,Husband,White,Male,0,0,40,United-States,0
24,Private,172941,Bachelors,13,Never-married,Prof-specialty,Unmarried,Black,Male,0,0,20,United-States,0
38,Private,166062,HS-grad,9,Divorced,Adm-clerical,Not-in-family,White,Female,0,0,50,United-States,0
34,Local-gov,28568,HS-grad,9,Divorced,Craft-repair,Unmarried,White,Male,0,0,40,United-States,0
29,Private,257992,Assoc-voc,11,Never-married,Sales,Own-child,Black,Male,0,0,23,United-States,0
43,Local-gov,70055,Assoc-voc,11,Married-civ-spouse,Protective-serv,Husband,White,Male,0,0,56,United-States,0
38,Private,183683,10th,6,Married-spouse-absent,Other-service,Not-in-family,White,Male,0,0,45,United-States,0
37,Private,420040,Primary,2,Married-civ-spouse,Farming-fishing,Husband,White,Male,0,0,40,Mexico,0
36,Private,32086,Some-college,10,Married-civ-spouse,Craft-repair,Husband,White,Male,7298,0,40,United-States,1
52,Private,279344,Masters,14,Married-civ-spouse,Exec-managerial,Wife,White,Female,15024,0,60,United-States,1
45,State-gov,259087,Masters,14,Divorced,Prof-specialty,Not-in-family,White,Female,0,0,45,United-States,0
27,Private,312939,11th,7,Never-married,Handlers-cleaners,Own-child,White,Male,0,0,40,United-States,0
37,Private,52870,Bachelors,13,Married-civ-spouse,Exec-managerial,Husband,White,Male,0,0,40,United-States,0
34,Private,209900,10th,6,Never-married,Farming-fishing,Not-in-family,White,Male,0,0,40,United-States,0
35,Private,190297,7th-8th,4,Married-civ-spouse,Craft-repair,Husband,White,Male,0,0,40,United-States,0
36,Private,317434,HS-grad,9,Married-civ-spouse,Machine-op-inspct,Husband,White,Male,0,0,50,United-States,0
46,Private,135339,Assoc-voc,11,Married-civ-spouse,Craft-repair,Husband,Black,Male,0,0,40,United-States,1
28,Private,82910,HS-grad,9,Married-civ-spouse,Transport-moving,Husband,White,Male,0,0,40,United-States,0
41,Self-emp-not-inc,239061,Masters,14,Widowed,Prof-specialty,Not-in-family,White,Female,0,0,20,United-States,0
42,Federal-gov,178074,Masters,14,Married-civ-spouse,Adm-clerical,Wife,White,Female,0,1902,40,United-States,1
30,Private,134639,Bachelors,13,Never-married,Exec-managerial,Not-in-family,White,Male,8614,0,45,United-States,1
25,Private,199545,HS-grad,9,Never-married,Sales,Not-in-family,White,Female,0,0,35,United-States,0
43,Private,151809,HS-grad,9,Married-civ-spouse,Transport-moving,Husband,White,Male,0,0,30,United-States,0
49,Self-emp-not-inc,43479,Doctorate,16,Divorced,Prof-specialty,Unmarried,White,Male,0,0,63,Other,1
40,Private,222504,Assoc-voc,11,Never-married,Prof-specialty,Own-child,White,Female,0,0,36,United-States,0
28,State-gov,132675,Assoc-voc,11,Never-married,Exec-managerial,Not-in-family,Black,Female,0,0,40,Other,0
29,Private,196227,Bachelors,13,Never-married,Prof-specialty,Not-in-family,White,Female,0,0,40,United-States,0
33,State-gov,150688,Doctorate,16,Married-civ-spouse,Prof-specialty,Husband,Asian-Pac-Islander,Male,0,0,50,Other,1
60,Local-gov,129193,Some-college,10,Widowed,Farming-fishing,Not-in-family,White,Male,0,0,40,United-States,0
45,Local-gov,187715,HS-grad,9,Married-civ-spouse,Protective-serv,Husband,White,Male,0,0,40,United-States,1
25,Private,177423,HS-grad,9,Never-married,Other-service,Not-in-family,Asian-Pac-Islander,Male,4416,0,45,Philippines,0
51,State-gov,136060,HS-grad,9,Widowed,Adm-clerical,Unmarried,White,Female,0,0,40,United-States,0
33,Private,208855,Prof-school,15,Married-civ-spouse,Prof-specialty,Husband,White,Male,0,0,60,United-States,1
30,Private,381030,Some-college,10,Never-married,Craft-repair,Not-in-family,Black,Male,0,0,40,United-States,0
39,Private,189382,Some-college,10,Never-married,Adm-clerical,Not-in-family,White,Female,0,0,40,United-States,0
26,Private,121712,HS-grad,9,Never-married,Handlers-cleaners,Unmarried,White,Male,0,0,30,United-States,0
33,Private,191930,HS-grad,9,Never-married,Other-service,Other-relative,Black,Male,0,0,50,United-States,0
65,Private,173483,Bachelors,13,Divorced,Prof-specialty,Not-in-family,White,Female,0,0,35,United-States,0
21,Private,174063,Assoc-voc,11,Never-married,Other-service,Own-child,White,Female,0,0,20,United-States,0
23,Private,187447,Some-college,10,Separated,Other-service,Own-child,White,Male,0,0,40,United-States,0
27,Private,153589,9th,5,Separated,Craft-repair,Not-in-family,White,Male,0,0,40,United-States,0
43,Private,398959,Some-college,10,Married-civ-spouse,Craft-repair,Husband,White,Male,0,0,40,United-States,0
34,Local-gov,303129,HS-grad,9,Divorced,Transport-moving,Not-in-family,Amer-Indian-Eskimo,Male,0,0,40,United-States,0
43,Private,42026,HS-grad,9,Married-civ-spouse,Handlers-cleaners,Husband,White,Male,0,0,40,United-States,0
24,Private,176389,Bachelors,13,Never-married,Craft-repair,Own-child,White,Male,0,0,40,United-States,0
28,Private,236834,9th,5,Never-married,Priv-house-serv,Not-in-family,White,Female,0,0,35,Mexico,0
38,Private,226894,Bachelors,13,Never-married,Exec-managerial,Not-in-family,Black,Male,13550,0,40,United-States,1
66,Self-emp-not-inc,219220,HS-grad,9,Married-civ-spouse,Farming-fishing,Husband,White,Male,2653,0,40,United-States,0
29,Private,74784,HS-grad,9,Married-civ-spouse,Transport-moving,Husband,White,Male,0,0,70,United-States,0
47,Self-emp-inc,54260,Some-college,10,Married-civ-spouse,Sales,Husband,White,Male,0,0,45,United-States,0
38,Private,161141,Some-college,10,Married-civ-spouse,Craft-repair,Husband,White,Male,0,0,55,United-States,0
49,Private,116927,Masters,14,Divorced,Prof-specialty,Not-in-family,White,Male,0,0,60,United-States,0
22,Private,338162,HS-grad,9,Married-civ-spouse,Machine-op-inspct,Wife,Black,Female,0,0,40,United-States,0
47,Self-emp-inc,308241,HS-grad,9,Married-civ-spouse,Sales,Wife,White,Female,0,0,40,United-States,0
36,State-gov,183279,HS-grad,9,Married-civ-spouse,Adm-clerical,Husband,White,Male,0,0,38,United-States,0
48,Private,188610,Assoc-acdm,12,Married-civ-spouse,Craft-repair,Husband,White,Male,0,0,48,United-States,1
20,Private,41356,Some-college,10,Never-married,Adm-clerical,Not-in-family,White,Female,0,0,25,United-States,0
40,Private,136986,Masters,14,Married-civ-spouse,Exec-managerial,Husband,White,Male,99999,0,52,United-States,1
32,Private,80145,HS-grad,9,Married-civ-spouse,Machine-op-inspct,Husband,White,Male,0,0,40,United-States,0
27,Private,181822,HS-grad,9,Never-married,Craft-repair,Not-in-family,White,Male,0,0,40,United-States,0
22,Private,220993,Some-college,10,Never-married,Machine-op-inspct,Own-child,White,Male,0,0,40,United-States,0
38,Private,249720,Assoc-voc,11,Divorced,Prof-specialty,Unmarried,Black,Female,0,0,40,United-States,0
22,Private,266780,HS-grad,9,Never-married,Other-service,Own-child,Black,Female,0,0,24,United-States,0
17,Private,173740,10th,6,Never-married,Sales,Not-in-family,White,Female,0,0,15,United-States,0
22,Private,147397,Some-college,10,Never-married,Sales,Not-in-family,White,Male,0,0,44,United-States,0
35,Private,266645,HS-grad,9,Married-civ-spouse,Craft-repair,Husband,White,Male,0,0,40,United-States,0
45,Federal-gov,110884,Bachelors,13,Married-civ-spouse,Adm-clerical,Husband,Asian-Pac-Islander,Male,0,0,45,Other,1
30,Private,427541,HS-grad,9,Never-married,Handlers-cleaners,Own-child,Black,Female,99999,0,40,United-States,1
75,Private,233362,10th,6,Married-civ-spouse,Transport-moving,Husband,White,Male,0,0,40,United-States,0
29,Private,328981,HS-grad,9,Divorced,Machine-op-inspct,Not-in-family,Black,Male,0,0,40,United-States,0
29,Private,253003,Some-college,10,Never-married,Craft-repair,Not-in-family,White,Male,0,2258,45,United-States,1
57,Private,166107,HS-grad,9,Married-civ-spouse,Adm-clerical,Wife,Asian-Pac-Islander,Female,0,0,40,Other,0
44,Private,402718,Primary,2,Married-civ-spouse,Farming-fishing,Husband,White,Male,0,0,40,Mexico,0
43,Self-emp-inc,405601,Some-college,10,Married-civ-spouse,Exec-managerial,Husband,White,Male,0,0,60,United-States,0
20,Private,24274,HS-grad,9,Never-married,Other-service,Unmarried,Amer-Indian-Eskimo,Female,0,0,35,United-States,0
27,Private,247102,10th,6,Divorced,Handlers-cleaners,Own-child,White,Male,0,0,40,United-States,0
65,Local-gov,200764,HS-grad,9,Divorced,Adm-clerical,Not-in-family,White,Female,0,0,16,United-States,1
24,Private,112137,Bachelors,13,Never-married,Sales,Own-child,Asian-Pac-Islander,Female,0,0,50,Other,0
34,Private,112115,Bachelors,13,Never-married,Exec-managerial,Other-relative,White,Male,0,0,40,United-States,0
48,Private,300851,11th,7,Married-civ-spouse,Machine-op-inspct,Husband,Black,Male,0,0,56,United-States,0
49,Private,47403,Bachelors,13,Never-married,Adm-clerical,Not-in-family,White,Female,0,0,40,United-States,1
26,Private,171636,Bachelors,13,Married-civ-spouse,Exec-managerial,Husband,White,Male,0,0,72,United-States,0
34,Private,608881,HS-grad,9,Never-married,Craft-repair,Not-in-family,Black,Male,0,0,40,United-States,0
27,Local-gov,352797,HS-grad,9,Married-spouse-absent,Sales,Own-child,Black,Female,0,0,40,United-States,0
25,Private,222089,HS-grad,9,Never-married,Other-service,Unmarried,Black,Female,0,0,40,Other,0
19,Local-gov,43921,Some-college,10,Never-married,Machine-op-inspct,Not-in-family,White,Male,0,0,40,United-States,0
65,Private,56924,HS-grad,9,Widowed,Priv-house-serv,Not-in-family,White,Female,0,0,10,United-States,0
32,Private,101345,Masters,14,Never-married,Prof-specialty,Own-child,White,Female,0,1741,40,United-States,0
53,Private,120914,11th,7,Married-civ-spouse,Machine-op-inspct,Husband,White,Male,0,0,40,United-States,0
46,Private,117310,HS-grad,9,Separated,Sales,Not-in-family,White,Female,0,0,36,United-States,0
43,Private,91317,Assoc-acdm,12,Never-married,Craft-repair,Unmarried,White,Female,0,0,40,United-States,0
26,Private,179864,HS-grad,9,Married-civ-spouse,Machine-op-inspct,Husband,White,Male,0,0,40,United-States,0
17,Private,138507,10th,6,Never-married,Handlers-cleaners,Own-child,White,Male,0,0,12,United-States,0
45,Private,202746,Bachelors,13,Married-civ-spouse,Other-service,Husband,White,Male,0,0,40,United-States,0
47,Self-emp-inc,337825,Some-college,10,Married-civ-spouse,Sales,Husband,White,Male,0,0,45,United-States,1
28,Local-gov,104329,Some-college,10,Married-civ-spouse,Protective-serv,Husband,White,Male,0,0,50,United-States,0
45,Private,123219,Primary,3,Never-married,Machine-op-inspct,Not-in-family,White,Male,0,0,40,United-States,0
28,Private,182509,Some-college,10,Never-married,Handlers-cleaners,Not-in-family,White,Male,0,0,35,United-States,0
57,Self-emp-not-inc,69905,HS-grad,9,Married-civ-spouse,Other-service,Wife,White,Female,15024,0,40,United-States,1
46,Self-emp-not-inc,214627,Bachelors,13,Married-civ-spouse,Sales,Husband,White,Male,0,1977,45,United-States,1
24,Self-emp-inc,197496,Bachelors,13,Never-married,Adm-clerical,Own-child,White,Male,0,0,20,United-States,0
23,Private,365881,Bachelors,13,Never-married,Exec-managerial,Not-in-family,White,Male,0,0,25,United-States,0
37,Private,105044,Bachelors,13,Married-civ-spouse,Prof-specialty,Husband,White,Male,0,0,40,United-States,1
20,Private,107882,Some-college,10,Never-married,Adm-clerical,Own-child,White,Female,0,0,20,United-States,0
37,State-gov,117166,Masters,14,Married-civ-spouse,Exec-managerial,Husband,White,Male,0,0,40,Other,0
38,Private,189922,Assoc-voc,11,Married-civ-spouse,Sales,Husband,White,Male,0,0,50,United-States,1
40,Private,132222,Masters,14,Married-civ-spouse,Prof-specialty,Husband,White,Male,0,0,50,United-States,0
26,Self-emp-not-inc,389856,Bachelors,13,Never-married,Sales,Not-in-family,White,Male,0,0,60,United-States,0
17,Private,162205,10th,6,Never-married,Handlers-cleaners,Own-child,White,Female,0,0,15,United-States,0
48,Private,97470,Some-college,10,Married-civ-spouse,Exec-managerial,Husband,White,Male,0,0,40,United-States,1
41,Private,210591,HS-grad,9,Married-civ-spouse,Machine-op-inspct,Husband,White,Male,0,0,40,United-States,0
66,Self-emp-not-inc,37170,HS-grad,9,Married-civ-spouse,Adm-clerical,Husband,White,Male,0,0,42,United-States,1
33,Private,180624,HS-grad,9,Divorced,Machine-op-inspct,Unmarried,Black,Female,0,0,40,United-States,0
57,Self-emp-not-inc,110199,HS-grad,9,Married-civ-spouse,Farming-fishing,Husband,White,Male,0,0,20,United-States,0
32,Private,178691,Bachelors,13,Never-married,Exec-managerial,Own-child,White,Female,0,0,45,United-States,0
34,Private,27565,Assoc-voc,11,Married-civ-spouse,Craft-repair,Wife,Amer-Indian-Eskimo,Female,0,0,27,United-States,1
22,Local-gov,326283,Some-college,10,Never-married,Exec-managerial,Own-child,Asian-Pac-Islander,Male,0,0,20,United-States,0
40,Private,61287,Some-college,10,Married-civ-spouse,Tech-support,Husband,White,Male,0,0,40,United-States,0
51,Federal-gov,914061,Some-college,10,Married-civ-spouse,Adm-clerical,Husband,White,Male,0,0,44,United-States,1
26,Private,104257,HS-grad,9,Never-married,Other-service,Not-in-family,White,Female,0,0,50,United-States,0
36,Private,219546,Some-college,10,Married-civ-spouse,Exec-managerial,Husband,White,Male,0,0,60,United-States,1
32,Private,358655,Masters,14,Divorced,Sales,Not-in-family,White,Female,0,0,50,United-States,1
29,State-gov,103389,Prof-school,15,Never-married,Prof-specialty,Not-in-family,White,Female,4787,0,40,United-States,1
45,Self-emp-not-inc,44671,Some-college,10,Married-civ-spouse,Handlers-cleaners,Husband,White,Male,0,0,40,United-States,0
50,State-gov,76728,Some-college,10,Divorced,Adm-clerical,Not-in-family,White,Female,0,0,39,United-States,0
45,Self-emp-inc,81534,HS-grad,9,Never-married,Sales,Unmarried,Asian-Pac-Islander,Male,0,0,40,United-States,0
56,Private,229116,Some-college,10,Never-married,Other-service,Not-in-family,White,Male,0,0,32,United-States,0
24,Private,236601,Some-college,10,Divorced,Machine-op-inspct,Not-in-family,White,Male,0,2339,43,United-States,0
51,State-gov,48358,HS-grad,9,Married-civ-spouse,Craft-repair,Husband,White,Male,3103,0,52,United-States,1
36,Private,238802,HS-grad,9,Married-civ-spouse,Machine-op-inspct,Husband,White,Male,0,0,48,United-States,1
33,State-gov,237903,Some-college,10,Divorced,Prof-specialty,Not-in-family,White,Female,0,0,40,United-States,0
44,Private,179666,Assoc-acdm,12,Never-married,Tech-support,Not-in-family,White,Male,0,0,40,United-States,0
72,Self-emp-not-inc,104090,Bachelors,13,Married-civ-spouse,Exec-managerial,Husband,White,Male,0,0,40,Other,0
37,Self-emp-inc,593246,Bachelors,13,Never-married,Other-service,Not-in-family,White,Female,0,0,50,United-States,1
53,Private,184176,Some-college,10,Married-civ-spouse,Exec-managerial,Husband,White,Male,0,0,50,United-States,1
46,Local-gov,232220,Masters,14,Divorced,Exec-managerial,Not-in-family,White,Male,0,0,50,United-States,1
46,Private,272792,Bachelors,13,Divorced,Craft-repair,Not-in-family,Black,Female,0,0,40,United-States,0
54,Self-emp-not-inc,207841,HS-grad,9,Divorced,Prof-specialty,Not-in-family,White,Male,0,0,20,United-States,0
50,Private,155433,Bachelors,13,Divorced,Exec-managerial,Not-in-family,White,Female,0,0,50,United-States,0
45,State-gov,164593,Bachelors,13,Never-married,Exec-managerial,Not-in-family,White,Male,0,0,40,Other,0
24,Self-emp-not-inc,162688,HS-grad,9,Married-civ-spouse,Craft-repair,Husband,White,Male,0,0,40,United-States,0
32,Self-emp-inc,233727,Bachelors,13,Married-civ-spouse,Sales,Husband,White,Male,7688,0,60,United-States,1
55,Private,180497,Assoc-acdm,12,Divorced,Other-service,Not-in-family,White,Female,0,0,52,United-States,0
32,Self-emp-not-inc,295010,Some-college,10,Separated,Other-service,Unmarried,White,Female,0,0,40,United-States,0
39,Local-gov,170263,Masters,14,Divorced,Prof-specialty,Unmarried,White,Female,0,0,30,United-States,1
38,Self-emp-inc,186845,Bachelors,13,Married-civ-spouse,Craft-repair,Husband,White,Male,0,0,40,United-States,0
53,Private,418901,HS-grad,9,Married-civ-spouse,Craft-repair,Husband,Other,Male,0,0,40,Mexico,0
20,Self-emp-inc,154782,HS-grad,9,Never-married,Farming-fishing,Own-child,White,Male,0,0,20,United-States,0
31,Private,104729,Primary,2,Married-civ-spouse,Handlers-cleaners,Husband,White,Male,0,0,35,Mexico,0
47,Private,85109,Some-college,10,Never-married,Sales,Not-in-family,White,Male,13550,0,45,United-States,1
71,Private,169114,Some-college,10,Widowed,Prof-specialty,Not-in-family,White,Male,0,1429,40,United-States,0
19,Private,165977,Some-college,10,Never-married,Sales,Own-child,White,Female,0,0,25,United-States,0
27,Private,191515,Masters,14,Never-married,Prof-specialty,Not-in-family,White,Male,0,0,45,United-States,0
47,Self-emp-not-inc,149218,HS-grad,9,Married-civ-spouse,Craft-repair,Husband,White,Male,0,0,35,United-States,0
39,Private,186934,HS-grad,9,Married-civ-spouse,Craft-repair,Husband,White,Male,0,0,38,United-States,0
40,Private,110862,Bachelors,13,Married-civ-spouse,Sales,Husband,White,Male,0,0,50,United-States,1
70,Private,227515,10th,6,Widowed,Transport-moving,Unmarried,White,Female,0,0,40,Other,0
23,Private,196678,Some-college,10,Never-married,Sales,Own-child,White,Female,0,0,20,United-States,0
52,Private,48947,Assoc-voc,11,Widowed,Other-service,Unmarried,White,Female,0,0,13,United-States,0
65,Private,192309,HS-grad,9,Widowed,Other-service,Not-in-family,White,Female,0,0,15,United-States,0
37,Private,175185,Assoc-voc,11,Never-married,Handlers-cleaners,Not-in-family,White,Male,0,0,40,United-States,0
19,Private,377405,Some-college,10,Never-married,Exec-managerial,Not-in-family,White,Female,0,0,20,United-States,0
34,Private,425622,Primary,3,Married-civ-spouse,Handlers-cleaners,Husband,White,Male,0,0,40,Mexico,0
25,Private,120268,HS-grad,9,Never-married,Sales,Own-child,White,Male,0,1741,40,United-States,0
22,Private,228724,Assoc-voc,11,Never-married,Handlers-cleaners,Not-in-family,White,Male,0,0,40,United-States,0
68,Private,322025,HS-grad,9,Married-civ-spouse,Transport-moving,Husband,Black,Male,0,0,5,United-States,0
41,Private,192225,Bachelors,13,Married-civ-spouse,Exec-managerial,Husband,White,Male,0,0,40,United-States,1
42,Federal-gov,230438,Some-college,10,Married-civ-spouse,Adm-clerical,Husband,White,Male,0,1887,40,United-States,1
47,Local-gov,115304,Masters,14,Divorced,Prof-specialty,Not-in-family,White,Female,0,0,40,United-States,0
33,Self-emp-not-inc,238186,Some-college,10,Never-married,Farming-fishing,Own-child,White,Male,0,0,98,United-States,0
24,Private,234663,HS-grad,9,Never-married,Handlers-cleaners,Own-child,White,Male,0,0,60,United-States,0
35,Private,420040,HS-grad,9,Divorced,Adm-clerical,Not-in-family,White,Male,0,0,40,United-States,0
53,State-gov,21412,Some-college,10,Married-civ-spouse,Other-service,Husband,White,Male,0,0,40,United-States,0
42,Private,301080,HS-grad,9,Divorced,Adm-clerical,Unmarried,White,Female,0,0,40,United-States,0
18,Private,164134,HS-grad,9,Never-married,Tech-support,Own-child,White,Female,0,0,10,United-States,0
24,Private,493732,Primary,2,Never-married,Farming-fishing,Own-child,White,Female,0,0,40,Mexico,0
52,Private,148509,10th,6,Married-spouse-absent,Prof-specialty,Other-relative,Asian-Pac-Islander,Male,0,0,45,Other,0
70,Private,50468,HS-grad,9,Divorced,Handlers-cleaners,Not-in-family,White,Male,0,3175,15,United-States,0
39,Private,185084,Some-college,10,Married-civ-spouse,Machine-op-inspct,Husband,White,Male,0,0,55,United-States,0
31,Private,339738,HS-grad,9,Married-civ-spouse,Transport-moving,Other-relative,Black,Male,0,0,40,United-States,0
45,Private,205816,HS-grad,9,Married-civ-spouse,Other-service,Wife,White,Female,0,0,40,United-States,1
53,Local-gov,294547,Some-college,10,Divorced,Protective-serv,Not-in-family,White,Male,0,0,48,United-States,0
50,Private,77521,11th,7,Never-married,Priv-house-serv,Unmarried,White,Female,0,0,40,United-States,0
21,Private,33016,10th,6,Never-married,Machine-op-inspct,Own-child,White,Male,0,0,25,United-States,0
42,Private,388725,Masters,14,Divorced,Sales,Not-in-family,White,Male,0,0,50,United-States,1
37,Local-gov,347136,Some-college,10,Divorced,Adm-clerical,Not-in-family,White,Female,0,0,44,United-States,0
70,Private,176940,Some-college,10,Never-married,Adm-clerical,Not-in-family,White,Female,0,0,16,United-States,0
28,Local-gov,312372,HS-grad,9,Never-married,Handlers-cleaners,Other-relative,Black,Male,0,0,40,United-States,0
49,Private,198126,7th-8th,4,Never-married,Farming-fishing,Not-in-family,White,Male,0,0,40,United-States,0
24,Private,216853,HS-grad,9,Married-civ-spouse,Exec-managerial,Husband,White,Male,0,0,37,United-States,0
45,State-gov,86618,Masters,14,Never-married,Exec-managerial,Not-in-family,White,Female,0,0,50,United-States,1
69,Private,137109,10th,6,Divorced,Other-service,Not-in-family,White,Female,0,0,16,United-States,0
31,Private,128065,HS-grad,9,Married-civ-spouse,Sales,Husband,White,Male,0,0,50,United-States,0
54,Private,191072,Bachelors,13,Divorced,Handlers-cleaners,Not-in-family,White,Male,0,0,35,United-States,0
19,Private,382688,10th,6,Never-married,Handlers-cleaners,Not-in-family,White,Male,0,0,20,United-States,0
18,Private,122988,HS-grad,9,Never-married,Handlers-cleaners,Own-child,White,Male,0,0,20,United-States,0
21,Private,256278,HS-grad,9,Never-married,Other-service,Other-relative,Other,Female,0,0,35,Other,0
56,Private,36990,HS-grad,9,Married-civ-spouse,Craft-repair,Husband,Black,Male,0,0,52,United-States,1
39,Self-emp-inc,285890,Some-college,10,Married-civ-spouse,Prof-specialty,Husband,Black,Male,0,0,40,Other,1
17,Private,150471,10th,6,Never-married,Other-service,Own-child,White,Female,0,0,25,United-States,0
43,Self-emp-not-inc,153109,Assoc-acdm,12,Divorced,Exec-managerial,Unmarried,White,Female,0,0,60,United-States,0
22,State-gov,181096,Bachelors,13,Never-married,Prof-specialty,Own-child,Black,Male,0,0,20,United-States,0
41,Private,106501,Assoc-acdm,12,Married-civ-spouse,Exec-managerial,Husband,White,Male,7688,0,50,United-States,1
23,Private,32732,Some-college,10,Never-married,Machine-op-inspct,Not-in-family,White,Male,0,0,40,United-States,0
24,Private,93977,HS-grad,9,Married-civ-spouse,Machine-op-inspct,Husband,White,Male,0,0,40,United-States,0
23,Private,65225,Some-college,10,Never-married,Other-service,Own-child,White,Female,0,0,15,United-States,0
52,Self-emp-not-inc,27539,Some-college,10,Married-civ-spouse,Farming-fishing,Husband,White,Male,7688,0,72,United-States,1
30,Private,133250,Some-college,10,Married-civ-spouse,Craft-repair,Husband,White,Male,0,0,50,United-States,0
50,Private,123374,Bachelors,13,Married-civ-spouse,Prof-specialty,Husband,White,Male,0,0,50,United-States,1
23,Private,202373,HS-grad,9,Never-married,Sales,Own-child,Black,Male,0,0,20,United-States,0
50,Private,136898,Assoc-voc,11,Widowed,Exec-managerial,Unmarried,White,Female,0,0,55,Other,0
29,Private,140927,Bachelors,13,Married-civ-spouse,Adm-clerical,Husband,White,Male,0,0,40,United-States,0
50,Private,44942,HS-grad,9,Married-civ-spouse,Machine-op-inspct,Husband,White,Male,0,1848,48,United-States,1
47,Federal-gov,198223,HS-grad,9,Married-civ-spouse,Adm-clerical,Husband,White,Male,0,0,40,United-States,1
48,Self-emp-inc,196689,Bachelors,13,Married-civ-spouse,Sales,Husband,White,Male,0,0,40,United-States,1
41,Private,63105,HS-grad,9,Never-married,Craft-repair,Not-in-family,White,Male,0,0,42,United-States,1
41,Private,123306,Some-college,10,Married-civ-spouse,Farming-fishing,Husband,White,Male,0,0,40,United-States,0
40,Private,32533,7th-8th,4,Married-civ-spouse,Machine-op-inspct,Husband,White,Male,0,0,30,United-States,0
61,Local-gov,205711,HS-grad,9,Married-civ-spouse,Prof-specialty,Husband,White,Male,0,0,30,United-States,1
45,Private,203785,9th,5,Married-civ-spouse,Handlers-cleaners,Husband,White,Male,0,0,40,United-States,0
22,Private,33272,HS-grad,9,Never-married,Other-service,Not-in-family,White,Male,0,0,25,United-States,0
74,Private,175945,HS-grad,9,Widowed,Adm-clerical,Not-in-family,White,Female,0,0,28,United-States,0
34,Self-emp-not-inc,180607,HS-grad,9,Married-spouse-absent,Other-service,Unmarried,White,Female,0,0,45,United-States,0
25,Private,205337,Bachelors,13,Married-civ-spouse,Sales,Husband,White,Male,0,0,50,United-States,1
19,Private,132717,HS-grad,9,Married-civ-spouse,Other-service,Own-child,White,Female,0,0,15,United-States,0
42,Private,91585,Some-college,10,Widowed,Tech-support,Unmarried,White,Female,0,0,40,United-States,0
37,Private,426350,Bachelors,13,Married-civ-spouse,Sales,Husband,White,Male,15024,0,40,United-States,1
23,Private,345577,Some-college,10,Divorced,Priv-house-serv,Not-in-family,White,Female,0,0,26,United-States,0
48,Private,41411,Some-college,10,Divorced,Prof-specialty,Not-in-family,White,Female,0,0,50,United-States,0
29,Private,266583,HS-grad,9,Married-civ-spouse,Sales,Husband,Black,Male,2829,0,38,United-States,0
45,Private,176341,HS-grad,9,Divorced,Other-service,Unmarried,White,Female,0,0,32,United-States,0
24,Private,117210,Bachelors,13,Never-married,Exec-managerial,Own-child,White,Male,0,0,36,United-States,0
31,Local-gov,253456,Some-college,10,Married-civ-spouse,Protective-serv,Husband,White,Male,0,0,40,United-States,1
25,Private,97952,Bachelors,13,Never-married,Prof-specialty,Not-in-family,White,Male,0,0,40,Other,0
17,Private,98209,11th,7,Never-married,Sales,Own-child,White,Female,0,0,10,United-States,0
25,Private,152165,Bachelors,13,Never-married,Sales,Not-in-family,White,Female,0,0,40,United-States,0
34,Private,176244,HS-grad,9,Married-civ-spouse,Machine-op-inspct,Other-relative,White,Female,0,0,40,Mexico,0
23,Self-emp-inc,304871,Some-college,10,Never-married,Exec-managerial,Own-child,White,Male,0,0,40,United-States,0
18,Private,245199,10th,6,Never-married,Transport-moving,Own-child,White,Male,0,0,40,United-States,0
64,Federal-gov,113570,Assoc-acdm,12,Married-civ-spouse,Protective-serv,Husband,Black,Male,0,0,40,United-States,0
27,Private,187450,Bachelors,13,Married-civ-spouse,Exec-managerial,Husband,White,Male,0,0,50,United-States,0
32,Private,64658,HS-grad,9,Divorced,Craft-repair,Not-in-family,White,Male,0,0,40,United-States,0
19,Private,81961,Some-college,10,Never-married,Other-service,Own-child,White,Female,0,0,20,United-States,0
29,Private,53147,HS-grad,9,Never-married,Adm-clerical,Not-in-family,Black,Male,0,0,37,United-States,0
54,State-gov,180881,Masters,14,Married-civ-spouse,Exec-managerial,Husband,White,Male,0,0,50,United-States,1
43,Self-emp-inc,215458,Doctorate,16,Never-married,Prof-specialty,Not-in-family,White,Male,99999,0,45,United-States,1
27,Private,225746,Bachelors,13,Never-married,Adm-clerical,Own-child,Black,Male,0,0,35,United-States,0
39,Private,52870,HS-grad,9,Married-civ-spouse,Exec-managerial,Husband,White,Male,0,0,30,United-States,0
52,Self-emp-not-inc,149508,Assoc-voc,11,Married-civ-spouse,Farming-fishing,Husband,White,Male,0,0,48,United-States,1
40,Private,218653,Some-college,10,Married-civ-spouse,Prof-specialty,Husband,White,Male,0,0,40,United-States,0
62,Private,77884,Primary,2,Married-civ-spouse,Other-service,Husband,Asian-Pac-Islander,Male,0,0,40,Philippines,0
42,Private,238384,HS-grad,9,Divorced,Tech-support,Unmarried,White,Female,0,0,36,United-States,0
37,State-gov,195843,HS-grad,9,Married-civ-spouse,Craft-repair,Husband,White,Male,5013,0,40,United-States,0
61,Self-emp-not-inc,227119,HS-grad,9,Married-civ-spouse,Exec-managerial,Husband,White,Male,0,0,40,United-States,1
42,Self-emp-inc,173628,Bachelors,13,Married-civ-spouse,Sales,Husband,White,Male,0,0,45,United-States,0
36,Private,77953,HS-grad,9,Married-civ-spouse,Craft-repair,Husband,Amer-Indian-Eskimo,Male,0,0,40,United-States,0
17,Private,154078,12th,8,Never-married,Other-service,Own-child,White,Female,0,0,16,United-States,0
23,Private,335067,Bachelors,13,Never-married,Prof-specialty,Not-in-family,White,Male,0,0,30,United-States,0
50,Private,245356,Some-college,10,Married-civ-spouse,Exec-managerial,Husband,White,Male,0,0,50,United-States,1
64,Private,159715,HS-grad,9,Married-civ-spouse,Transport-moving,Husband,White,Male,10566,0,40,United-States,0
23,Private,227943,Bachelors,13,Never-married,Exec-managerial,Own-child,White,Male,0,0,40,United-States,0
34,Federal-gov,121093,Bachelors,13,Married-civ-spouse,Exec-managerial,Husband,White,Male,0,0,53,United-States,1
38,Private,166416,HS-grad,9,Married-civ-spouse,Machine-op-inspct,Husband,White,Male,0,0,40,United-States,0
42,Private,350550,Some-college,10,Married-civ-spouse,Machine-op-inspct,Husband,White,Male,0,0,45,United-States,0
46,Private,102852,7th-8th,4,Divorced,Other-service,Not-in-family,White,Female,0,0,40,United-States,0
50,Private,165001,Masters,14,Married-civ-spouse,Exec-managerial,Husband,White,Male,0,0,40,United-States,1
48,Private,65584,Some-college,10,Separated,Adm-clerical,Unmarried,White,Female,0,0,40,United-States,0
64,State-gov,143880,Bachelors,13,Married-civ-spouse,Prof-specialty,Husband,White,Male,0,0,40,United-States,1
19,Private,210509,Some-college,10,Never-married,Adm-clerical,Own-child,White,Female,0,0,30,United-States,0
52,Private,264129,Some-college,10,Divorced,Sales,Not-in-family,White,Female,0,0,40,United-States,0
43,Federal-gov,79529,HS-grad,9,Married-civ-spouse,Adm-clerical,Wife,White,Female,0,0,35,United-States,0
59,Self-emp-not-inc,172618,10th,6,Married-civ-spouse,Craft-repair,Husband,White,Male,0,0,50,United-States,0
40,Private,114157,HS-grad,9,Married-civ-spouse,Machine-op-inspct,Husband,White,Male,0,0,40,United-States,0
42,Private,165815,Assoc-voc,11,Married-civ-spouse,Craft-repair,Husband,White,Male,0,0,40,United-States,0
57,Self-emp-not-inc,258121,Bachelors,13,Married-civ-spouse,Exec-managerial,Husband,White,Male,0,0,50,United-States,0
31,Private,112115,HS-grad,9,Married-civ-spouse,Craft-repair,Husband,White,Male,0,0,40,United-States,1
61,Private,163729,HS-grad,9,Divorced,Machine-op-inspct,Not-in-family,White,Female,0,0,40,United-States,0
22,Private,310197,7th-8th,4,Married-civ-spouse,Handlers-cleaners,Husband,White,Male,0,0,40,United-States,0
45,Federal-gov,230685,Doctorate,16,Married-civ-spouse,Prof-specialty,Husband,White,Male,0,0,40,United-States,1
37,Local-gov,116736,HS-grad,9,Married-civ-spouse,Craft-repair,Husband,White,Male,0,0,40,United-States,0
22,Private,119742,HS-grad,9,Never-married,Sales,Not-in-family,White,Female,0,0,40,United-States,0
30,State-gov,127610,Assoc-voc,11,Never-married,Prof-specialty,Not-in-family,White,Female,0,0,40,United-States,0
46,Private,132919,HS-grad,9,Married-civ-spouse,Adm-clerical,Wife,White,Female,0,0,12,United-States,1
33,Private,100294,HS-grad,9,Separated,Craft-repair,Not-in-family,White,Male,0,0,50,United-States,0
38,Private,33046,Assoc-voc,11,Divorced,Other-service,Unmarried,White,Female,0,0,36,United-States,0
44,Private,374423,Masters,14,Married-civ-spouse,Exec-managerial,Husband,Black,Male,0,1902,40,United-States,1
64,Private,213391,9th,5,Married-civ-spouse,Other-service,Wife,Black,Female,0,0,40,United-States,0
49,Private,169760,Bachelors,13,Married-civ-spouse,Prof-specialty,Wife,White,Female,0,0,50,United-States,1
35,Private,57640,7th-8th,4,Married-civ-spouse,Sales,Husband,White,Male,0,0,40,United-States,0
38,Private,302604,11th,7,Divorced,Adm-clerical,Not-in-family,White,Female,0,0,44,United-States,0
62,Private,161802,Primary,2,Married-civ-spouse,Priv-house-serv,Wife,Black,Female,0,0,30,United-States,0
46,Self-emp-not-inc,149337,Some-college,10,Married-civ-spouse,Craft-repair,Husband,White,Male,0,0,55,United-States,0
23,Private,97054,HS-grad,9,Married-civ-spouse,Exec-managerial,Husband,White,Male,0,0,55,United-States,0
59,Private,70857,HS-grad,9,Married-civ-spouse,Machine-op-inspct,Husband,White,Male,0,0,40,United-States,1
22,Private,238917,11th,7,Never-married,Craft-repair,Unmarried,White,Male,0,0,40,Other,0
38,Private,259972,HS-grad,9,Married-civ-spouse,Machine-op-inspct,Husband,White,Male,0,0,40,United-States,0
59,Private,318450,Bachelors,13,Married-civ-spouse,Exec-managerial,Husband,White,Male,0,0,50,United-States,1
43,Private,215624,Some-college,10,Married-civ-spouse,Handlers-cleaners,Husband,Asian-Pac-Islander,Male,0,0,40,Other,0
33,Private,48520,HS-grad,9,Married-civ-spouse,Adm-clerical,Husband,White,Male,0,0,40,United-States,0
35,Private,139770,HS-grad,9,Never-married,Sales,Own-child,White,Female,0,0,29,United-States,0
42,Private,169948,Some-college,10,Never-married,Sales,Not-in-family,White,Male,0,0,80,United-States,1
24,Private,201680,Some-college,10,Never-married,Machine-op-inspct,Own-child,White,Male,0,0,40,United-States,0
29,Private,359155,HS-grad,9,Separated,Transport-moving,Unmarried,White,Female,0,0,30,United-States,0
59,Local-gov,53612,Masters,14,Separated,Prof-specialty,Own-child,Black,Female,0,0,35,United-States,0
18,Private,230215,Some-college,10,Never-married,Other-service,Own-child,White,Male,0,0,30,United-States,0
31,Private,408208,HS-grad,9,Never-married,Craft-repair,Other-relative,Black,Male,0,0,40,United-States,0
29,Private,125791,Assoc-acdm,12,Never-married,Exec-managerial,Other-relative,White,Female,0,0,38,United-States,0
42,Private,244668,HS-grad,9,Divorced,Tech-support,Not-in-family,White,Male,8614,0,40,Mexico,1
89,Private,152839,Bachelors,13,Married-civ-spouse,Sales,Husband,White,Male,0,0,40,United-States,0
57,State-gov,222792,Some-college,10,Married-civ-spouse,Adm-clerical,Wife,White,Female,0,0,40,United-States,1
59,Local-gov,251890,10th,6,Widowed,Other-service,Not-in-family,White,Female,0,0,25,Other,0
52,Self-emp-not-inc,92469,Some-college,10,Divorced,Prof-specialty,Not-in-family,White,Female,0,0,32,United-States,0
31,Private,32406,Some-college,10,Married-civ-spouse,Exec-managerial,Wife,White,Female,0,0,40,United-States,0
24,Private,452640,HS-grad,9,Married-civ-spouse,Other-service,Husband,White,Male,0,0,40,United-States,0
20,Private,197767,Some-college,10,Never-married,Sales,Not-in-family,Black,Female,0,0,36,United-States,0
43,Private,336042,HS-grad,9,Separated,Craft-repair,Not-in-family,White,Male,0,0,35,United-States,0
32,Private,265190,Bachelors,13,Married-civ-spouse,Sales,Husband,White,Male,0,0,40,United-States,0
29,Private,359155,Bachelors,13,Divorced,Tech-support,Unmarried,White,Female,0,0,20,United-States,0
21,Self-emp-not-inc,87169,HS-grad,9,Never-married,Farming-fishing,Own-child,Asian-Pac-Islander,Male,0,0,35,United-States,0
30,Private,124569,Masters,14,Never-married,Prof-specialty,Not-in-family,White,Female,0,0,16,United-States,0
23,Private,129121,HS-grad,9,Divorced,Sales,Not-in-family,White,Female,0,0,30,United-States,0
26,Private,37650,Some-college,10,Divorced,Prof-specialty,Not-in-family,White,Female,5060,0,40,United-States,0
50,Private,83311,Masters,14,Married-civ-spouse,Exec-managerial,Husband,White,Male,0,0,40,United-States,1
37,Private,207066,Masters,14,Married-civ-spouse,Prof-specialty,Husband,White,Male,0,0,70,United-States,0
31,Self-emp-inc,243165,HS-grad,9,Married-civ-spouse,Sales,Husband,White,Male,0,0,50,United-States,1
22,Private,197050,HS-grad,9,Never-married,Other-service,Own-child,White,Female,0,0,20,United-States,0
34,Private,83800,Some-college,10,Married-civ-spouse,Other-service,Wife,White,Female,0,0,30,United-States,0
38,Private,194809,Some-college,10,Divorced,Prof-specialty,Own-child,White,Female,0,0,40,United-States,0
36,Private,228652,Some-college,10,Divorced,Machine-op-inspct,Own-child,Other,Male,0,0,40,Mexico,0
42,Self-emp-inc,201495,Some-college,10,Married-civ-spouse,Exec-managerial,Husband,White,Male,0,0,40,United-States,1
38,Private,175268,Bachelors,13,Married-civ-spouse,Adm-clerical,Husband,White,Male,0,0,50,United-States,0
44,Private,221172,Primary,3,Married-spouse-absent,Craft-repair,Not-in-family,White,Male,0,0,45,United-States,0
64,Private,207658,Assoc-acdm,12,Married-civ-spouse,Craft-repair,Husband,White,Male,0,0,40,United-States,1
22,Private,188300,HS-grad,9,Never-married,Sales,Not-in-family,White,Female,0,0,28,United-States,0
23,Private,283092,HS-grad,9,Never-married,Sales,Other-relative,Black,Male,0,0,40,Other,0
43,Private,150519,Some-college,10,Married-civ-spouse,Prof-specialty,Husband,White,Male,0,0,40,United-States,1
22,Private,191878,HS-grad,9,Never-married,Other-service,Not-in-family,Black,Female,0,0,35,United-States,0
27,Private,183148,HS-grad,9,Never-married,Other-service,Not-in-family,Black,Male,0,0,40,United-States,0
23,Private,48343,HS-grad,9,Never-married,Sales,Not-in-family,Black,Female,0,0,27,Other,0
54,Self-emp-not-inc,72257,HS-grad,9,Married-civ-spouse,Sales,Husband,White,Male,0,0,50,United-States,1
34,Private,113129,Assoc-acdm,12,Married-civ-spouse,Sales,Husband,White,Male,0,0,38,United-States,1
49,Local-gov,175958,11th,7,Married-civ-spouse,Handlers-cleaners,Husband,White,Male,0,0,40,Other,0
26,Private,544319,Some-college,10,Married-civ-spouse,Other-service,Husband,White,Male,0,0,40,United-States,0
39,Private,107038,HS-grad,9,Never-married,Craft-repair,Own-child,White,Male,0,0,40,United-States,0
62,Private,143746,HS-grad,9,Divorced,Other-service,Not-in-family,White,Female,0,0,40,United-States,0
20,Private,200421,HS-grad,9,Never-married,Craft-repair,Not-in-family,White,Male,0,0,35,United-States,0
45,Private,256866,HS-grad,9,Married-civ-spouse,Prof-specialty,Husband,White,Male,0,0,45,United-States,1
22,Private,124483,Bachelors,13,Never-married,Tech-support,Not-in-family,Asian-Pac-Islander,Male,0,2339,40,Other,0
24,Private,138152,9th,5,Never-married,Craft-repair,Other-relative,Other,Male,0,0,58,Other,0
40,Self-emp-inc,189941,Bachelors,13,Married-civ-spouse,Prof-specialty,Husband,White,Male,3103,0,60,United-States,1
29,Self-emp-not-inc,267661,Assoc-voc,11,Never-married,Farming-fishing,Not-in-family,White,Male,0,0,75,United-States,0
33,Private,312923,10th,6,Married-civ-spouse,Other-service,Husband,White,Male,0,0,80,Mexico,0
42,Private,173938,Bachelors,13,Married-civ-spouse,Other-service,Husband,White,Male,0,0,40,Other,0
52,Private,204226,Bachelors,13,Divorced,Craft-repair,Not-in-family,White,Male,0,0,40,United-States,0
38,Private,166744,Bachelors,13,Married-civ-spouse,Adm-clerical,Wife,White,Female,0,0,40,United-States,0
44,Private,117936,HS-grad,9,Married-civ-spouse,Craft-repair,Husband,Black,Male,0,0,40,United-States,0
56,Self-emp-inc,142076,Some-college,10,Married-civ-spouse,Farming-fishing,Husband,White,Male,0,0,60,United-States,0
31,Private,106637,Some-college,10,Divorced,Adm-clerical,Unmarried,White,Female,0,0,20,United-States,0
33,Private,214635,HS-grad,9,Never-married,Craft-repair,Not-in-family,Black,Male,0,0,40,Other,0
35,Private,212465,HS-grad,9,Never-married,Other-service,Not-in-family,White,Male,0,0,40,United-States,0
46,Private,141221,Bachelors,13,Married-civ-spouse,Adm-clerical,Husband,Asian-Pac-Islander,Male,0,0,40,Philippines,1
19,Private,237433,HS-grad,9,Never-married,Prof-specialty,Not-in-family,White,Female,4416,0,40,United-States,0
60,Local-gov,168381,Assoc-voc,11,Widowed,Adm-clerical,Not-in-family,Amer-Indian-Eskimo,Female,0,0,40,United-States,0
28,Private,101618,Bachelors,13,Married-civ-spouse,Exec-managerial,Husband,White,Male,0,0,42,United-States,1
44,Private,30424,Assoc-acdm,12,Divorced,Exec-managerial,Not-in-family,White,Female,0,1980,40,United-States,0
24,Private,153078,Bachelors,13,Never-married,Tech-support,Not-in-family,Asian-Pac-Islander,Male,0,0,40,United-States,0
40,Private,339814,Some-college,10,Married-civ-spouse,Exec-managerial,Husband,White,Male,0,0,40,United-States,1
27,Private,167501,Bachelors,13,Married-civ-spouse,Prof-specialty,Wife,White,Female,0,0,40,United-States,0
45,Private,135525,Masters,14,Divorced,Adm-clerical,Unmarried,White,Female,0,0,40,United-States,0
21,Private,223019,HS-grad,9,Never-married,Other-service,Own-child,White,Female,0,0,30,United-States,0
19,Self-emp-not-inc,139278,HS-grad,9,Never-married,Sales,Own-child,White,Male,0,0,20,United-States,0
29,Private,196494,Some-college,10,Divorced,Handlers-cleaners,Unmarried,White,Female,0,0,36,United-States,0
52,Private,83984,Some-college,10,Married-civ-spouse,Sales,Own-child,White,Female,0,0,40,United-States,0
39,Private,145933,Bachelors,13,Married-civ-spouse,Craft-repair,Husband,White,Male,15024,0,55,United-States,1
34,Self-emp-not-inc,208068,9th,5,Married-civ-spouse,Craft-repair,Husband,Other,Male,0,0,40,Other,0
37,State-gov,180667,HS-grad,9,Married-civ-spouse,Protective-serv,Husband,White,Male,0,0,40,United-States,0
46,Private,186172,HS-grad,9,Married-civ-spouse,Craft-repair,Husband,White,Male,0,0,50,United-States,1
40,Private,34178,Some-college,10,Divorced,Craft-repair,Unmarried,White,Male,0,0,40,United-States,1
48,Private,57534,Some-college,10,Married-civ-spouse,Machine-op-inspct,Husband,White,Male,0,0,40,United-States,0
47,Private,363418,Bachelors,13,Married-civ-spouse,Exec-managerial,Husband,White,Male,0,0,45,Other,1
42,Local-gov,150533,Masters,14,Married-civ-spouse,Protective-serv,Husband,White,Male,7688,0,35,United-States,1
19,Private,222866,10th,6,Never-married,Farming-fishing,Other-relative,White,Male,0,0,40,United-States,0
40,Private,379917,Assoc-voc,11,Never-married,Transport-moving,Not-in-family,White,Male,0,0,32,United-States,0
41,Self-emp-inc,153078,HS-grad,9,Married-civ-spouse,Exec-managerial,Husband,Asian-Pac-Islander,Male,0,1887,70,Other,1
52,Private,89041,Bachelors,13,Married-civ-spouse,Sales,Husband,White,Male,0,0,40,United-States,1
32,Self-emp-not-inc,24529,Some-college,10,Never-married,Craft-repair,Not-in-family,White,Male,0,0,50,United-States,1
54,State-gov,276005,Prof-school,15,Married-civ-spouse,Prof-specialty,Husband,White,Male,0,0,40,United-States,1
53,Private,175220,Bachelors,13,Married-civ-spouse,Sales,Husband,Asian-Pac-Islander,Male,7688,0,48,Other,1
47,Private,154117,HS-grad,9,Separated,Craft-repair,Other-relative,White,Female,0,0,40,United-States,0
35,Private,185084,HS-grad,9,Married-civ-spouse,Handlers-cleaners,Husband,White,Male,0,0,48,United-States,1
23,Private,162282,HS-grad,9,Never-married,Machine-op-inspct,Own-child,White,Male,0,0,40,United-States,0
39,Self-emp-not-inc,185366,Assoc-acdm,12,Married-civ-spouse,Craft-repair,Husband,White,Male,0,0,35,United-States,1
43,Private,128578,HS-grad,9,Married-civ-spouse,Sales,Husband,White,Male,7688,0,60,United-States,1
23,Federal-gov,244480,Some-college,10,Never-married,Adm-clerical,Unmarried,White,Female,0,0,15,United-States,0
47,Private,193047,Doctorate,16,Married-civ-spouse,Sales,Husband,White,Male,0,0,60,United-States,0
37,Private,185325,HS-grad,9,Married-civ-spouse,Craft-repair,Husband,White,Male,0,0,44,United-States,0
39,Private,112077,HS-grad,9,Married-civ-spouse,Craft-repair,Husband,White,Male,0,0,40,United-States,0
26,Private,31558,Bachelors,13,Married-civ-spouse,Prof-specialty,Husband,White,Male,0,0,90,United-States,1
59,Private,750972,HS-grad,9,Married-civ-spouse,Machine-op-inspct,Husband,White,Male,0,0,40,United-States,0
51,Private,326005,HS-grad,9,Married-civ-spouse,Exec-managerial,Husband,White,Male,0,0,40,Other,1
25,Private,390537,Some-college,10,Never-married,Sales,Unmarried,White,Female,0,0,25,Other,0
65,Private,182470,Assoc-voc,11,Married-spouse-absent,Craft-repair,Not-in-family,White,Male,0,0,20,United-States,0
58,Private,104476,Some-college,10,Separated,Adm-clerical,Not-in-family,White,Female,0,1092,40,United-States,0
52,Private,197322,Some-college,10,Married-civ-spouse,Craft-repair,Husband,White,Male,0,0,40,United-States,0
39,Private,319052,Bachelors,13,Married-civ-spouse,Handlers-cleaners,Wife,Asian-Pac-Islander,Female,0,0,37,Philippines,0
40,Private,110732,HS-grad,9,Never-married,Adm-clerical,Own-child,White,Female,0,0,50,United-States,0
21,Private,415755,Some-college,10,Never-married,Other-service,Own-child,White,Male,0,0,40,United-States,0
49,Private,151267,Assoc-voc,11,Divorced,Prof-specialty,Unmarried,Black,Female,0,0,40,United-States,0
22,Private,268525,Bachelors,13,Never-married,Prof-specialty,Not-in-family,White,Male,0,0,50,United-States,0
57,Private,106910,HS-grad,9,Divorced,Adm-clerical,Unmarried,Asian-Pac-Islander,Female,0,0,40,United-States,0
39,Self-emp-not-inc,34111,HS-grad,9,Married-civ-spouse,Farming-fishing,Husband,White,Male,0,0,70,United-States,0
27,Private,103524,HS-grad,9,Never-married,Handlers-cleaners,Unmarried,White,Male,0,0,35,United-States,0
21,Private,301694,HS-grad,9,Never-married,Craft-repair,Not-in-family,White,Male,0,0,35,Mexico,0
37,Private,94208,Primary,2,Divorced,Other-service,Unmarried,White,Female,0,0,35,Mexico,0
27,Local-gov,100817,Bachelors,13,Married-civ-spouse,Prof-specialty,Wife,Amer-Indian-Eskimo,Female,0,0,40,United-States,0
40,Private,477345,7th-8th,4,Married-civ-spouse,Handlers-cleaners,Husband,White,Male,0,2057,40,Mexico,0
51,State-gov,200450,HS-grad,9,Married-civ-spouse,Other-service,Husband,White,Male,0,0,40,United-States,1
32,Private,250853,Assoc-voc,11,Divorced,Adm-clerical,Not-in-family,White,Male,0,0,40,United-States,0
27,Private,203697,Masters,14,Never-married,Tech-support,Own-child,White,Male,0,0,50,United-States,0
44,Private,193537,9th,5,Never-married,Priv-house-serv,Unmarried,White,Female,0,0,50,Other,0
43,Private,325461,Some-college,10,Divorced,Tech-support,Not-in-family,White,Male,0,0,45,United-States,0
38,Private,178322,HS-grad,9,Married-civ-spouse,Sales,Husband,White,Male,0,0,70,United-States,1
76,Self-emp-not-inc,42162,HS-grad,9,Widowed,Exec-managerial,Not-in-family,White,Female,0,0,2,United-States,0
31,Private,112115,HS-grad,9,Never-married,Adm-clerical,Own-child,White,Male,0,0,40,United-States,0
45,Private,201080,Some-college,10,Married-civ-spouse,Sales,Husband,White,Male,0,0,60,United-States,1
20,Private,332194,HS-grad,9,Never-married,Handlers-cleaners,Own-child,Black,Male,0,0,20,United-States,0
18,Private,99497,12th,8,Never-married,Other-service,Own-child,Other,Female,0,0,30,United-States,0
36,Private,37238,Bachelors,13,Never-married,Tech-support,Not-in-family,White,Male,0,0,42,United-States,0
37,Private,87757,Assoc-acdm,12,Never-married,Exec-managerial,Not-in-family,White,Male,0,0,45,United-States,0
31,Private,309028,Bachelors,13,Never-married,Prof-specialty,Not-in-family,White,Female,0,0,40,United-States,0
45,State-gov,149640,Bachelors,13,Married-civ-spouse,Adm-clerical,Husband,White,Male,0,0,38,United-States,1
27,State-gov,187327,HS-grad,9,Separated,Protective-serv,Not-in-family,White,Male,0,0,45,United-States,0
27,Local-gov,106179,Bachelors,13,Married-spouse-absent,Prof-specialty,Not-in-family,White,Female,0,0,50,United-States,0
37,Private,285637,HS-grad,9,Never-married,Transport-moving,Not-in-family,Black,Male,0,0,50,United-States,0
24,Private,189924,Assoc-voc,11,Never-married,Exec-managerial,Own-child,White,Female,0,0,60,United-States,0
42,Private,225193,Bachelors,13,Married-civ-spouse,Exec-managerial,Husband,White,Male,0,0,40,United-States,0
21,Private,35603,HS-grad,9,Never-married,Protective-serv,Not-in-family,Black,Male,0,0,11,United-States,0
63,Private,184319,Some-college,10,Married-civ-spouse,Other-service,Husband,White,Male,0,0,24,United-States,0
17,Private,93511,11th,7,Never-married,Sales,Own-child,White,Female,0,0,15,United-States,0
31,Local-gov,275369,Some-college,10,Never-married,Protective-serv,Not-in-family,Black,Male,0,0,40,United-States,0
27,Local-gov,230997,Bachelors,13,Never-married,Prof-specialty,Not-in-family,White,Female,0,0,45,United-States,0
38,Private,127493,Assoc-acdm,12,Widowed,Sales,Unmarried,White,Female,0,0,35,United-States,0
77,Self-emp-not-inc,34761,7th-8th,4,Married-civ-spouse,Farming-fishing,Husband,White,Male,0,0,40,United-States,0
20,Private,221480,Some-college,10,Never-married,Tech-support,Unmarried,White,Female,0,0,8,United-States,0
52,Local-gov,182856,Masters,14,Never-married,Prof-specialty,Not-in-family,White,Male,10520,0,45,United-States,1
42,Private,227065,Bachelors,13,Never-married,Adm-clerical,Not-in-family,White,Male,0,0,60,United-States,0
46,Private,188325,Some-college,10,Married-civ-spouse,Machine-op-inspct,Husband,White,Male,0,0,50,United-States,1
47,Private,219632,Primary,2,Widowed,Machine-op-inspct,Unmarried,White,Male,0,0,40,Mexico,0
49,Private,330535,Doctorate,16,Divorced,Exec-managerial,Unmarried,White,Male,0,0,40,United-States,1
44,Private,142968,HS-grad,9,Widowed,Other-service,Unmarried,White,Female,0,0,40,United-States,0
45,Private,184441,7th-8th,4,Never-married,Machine-op-inspct,Unmarried,White,Female,0,0,42,United-States,0
35,Private,106961,HS-grad,9,Married-civ-spouse,Sales,Husband,White,Male,0,0,60,United-States,0
22,Private,252570,Some-college,10,Married-civ-spouse,Exec-managerial,Wife,White,Female,0,0,40,United-States,0
20,Private,358355,9th,5,Never-married,Machine-op-inspct,Unmarried,White,Female,0,0,40,United-States,0
57,Self-emp-inc,105582,Bachelors,13,Married-civ-spouse,Exec-managerial,Husband,White,Male,0,2415,40,United-States,1
30,Private,209768,Assoc-voc,11,Married-civ-spouse,Machine-op-inspct,Husband,White,Male,0,0,40,United-States,1
29,Local-gov,275110,Some-college,10,Married-civ-spouse,Protective-serv,Own-child,Black,Male,0,0,40,United-States,0
30,Private,201122,Bachelors,13,Married-civ-spouse,Prof-specialty,Husband,White,Male,0,0,40,United-States,1
55,Private,243367,HS-grad,9,Divorced,Sales,Unmarried,White,Female,0,0,37,United-States,0
75,Self-emp-not-inc,343631,HS-grad,9,Married-civ-spouse,Farming-fishing,Husband,Asian-Pac-Islander,Male,0,0,15,United-States,0
40,Self-emp-not-inc,85668,HS-grad,9,Married-civ-spouse,Craft-repair,Husband,White,Male,0,0,40,United-States,0
28,Private,89813,HS-grad,9,Divorced,Handlers-cleaners,Not-in-family,White,Female,0,0,40,United-States,0
44,Private,39581,Bachelors,13,Separated,Tech-support,Unmarried,Black,Female,0,0,40,United-States,0
37,Private,126675,Some-college,10,Widowed,Machine-op-inspct,Other-relative,White,Male,0,0,40,Other,0
20,State-gov,117210,Some-college,10,Never-married,Tech-support,Own-child,White,Male,0,0,40,United-States,0
25,Private,130018,11th,7,Never-married,Machine-op-inspct,Other-relative,White,Male,0,0,40,United-States,0
40,Private,121466,HS-grad,9,Divorced,Adm-clerical,Not-in-family,White,Male,0,0,40,United-States,0
32,Local-gov,32587,HS-grad,9,Divorced,Other-service,Not-in-family,Amer-Indian-Eskimo,Male,0,0,40,United-States,0
47,Private,126441,Some-college,10,Married-spouse-absent,Tech-support,Not-in-family,White,Male,0,0,40,United-States,0
50,Self-emp-not-inc,118058,Bachelors,13,Married-civ-spouse,Exec-managerial,Husband,White,Male,15024,0,55,United-States,1
40,Private,99679,Masters,14,Married-civ-spouse,Sales,Husband,White,Male,3103,0,43,United-States,1
65,Private,266828,Bachelors,13,Married-civ-spouse,Sales,Husband,White,Male,0,0,24,United-States,1
29,Private,309778,HS-grad,9,Married-civ-spouse,Craft-repair,Husband,White,Male,7298,0,40,United-States,1
62,Private,96460,HS-grad,9,Separated,Prof-specialty,Not-in-family,White,Female,0,0,40,United-States,0
33,Private,460408,Bachelors,13,Married-civ-spouse,Prof-specialty,Husband,White,Male,0,0,40,Mexico,0
81,Self-emp-inc,104443,HS-grad,9,Widowed,Sales,Not-in-family,White,Female,0,0,40,Other,0
36,Private,266347,HS-grad,9,Never-married,Craft-repair,Not-in-family,White,Male,0,0,43,United-States,0
27,Private,104017,Some-college,10,Married-civ-spouse,Adm-clerical,Wife,White,Female,0,1902,30,United-States,1
45,Federal-gov,109598,HS-grad,9,Never-married,Other-service,Not-in-family,Black,Female,0,0,40,United-States,0
22,Private,191789,Bachelors,13,Never-married,Adm-clerical,Own-child,White,Female,0,0,40,United-States,0
37,Private,218955,HS-grad,9,Never-married,Farming-fishing,Own-child,White,Male,0,0,35,United-States,0
33,Self-emp-not-inc,656488,Assoc-voc,11,Divorced,Tech-support,Unmarried,Black,Male,0,0,50,United-States,0
38,Private,98776,Some-college,10,Married-civ-spouse,Adm-clerical,Husband,White,Male,0,0,40,United-States,1
30,Private,77143,Some-college,10,Never-married,Adm-clerical,Not-in-family,Black,Male,0,0,25,United-States,0
17,Private,295120,11th,7,Never-married,Adm-clerical,Own-child,White,Male,0,0,20,United-States,0
18,Private,324046,10th,6,Never-married,Other-service,Own-child,White,Female,0,0,12,United-States,0
38,Self-emp-inc,71009,Bachelors,13,Married-civ-spouse,Exec-managerial,Wife,Asian-Pac-Islander,Female,7298,0,40,Other,1
20,Private,41721,Some-college,10,Never-married,Machine-op-inspct,Not-in-family,White,Male,0,0,40,United-States,0
46,Private,266860,Assoc-acdm,12,Married-civ-spouse,Exec-managerial,Husband,White,Male,0,0,60,United-States,1
31,Private,175778,Bachelors,13,Never-married,Prof-specialty,Own-child,White,Female,0,0,40,United-States,0
52,Private,24740,HS-grad,9,Married-civ-spouse,Transport-moving,Husband,White,Male,0,1740,55,United-States,0
17,Private,354493,11th,7,Never-married,Sales,Own-child,White,Male,0,0,6,United-States,0
24,Private,143436,Bachelors,13,Never-married,Prof-specialty,Own-child,Other,Female,0,0,10,Other,0
68,Private,90526,12th,8,Married-civ-spouse,Farming-fishing,Husband,White,Male,0,0,35,United-States,0
24,Private,179423,Bachelors,13,Never-married,Prof-specialty,Other-relative,White,Female,0,0,40,United-States,0
26,Federal-gov,73047,Some-college,10,Married-civ-spouse,Exec-managerial,Husband,White,Male,0,0,32,United-States,0
32,Private,178109,Bachelors,13,Never-married,Craft-repair,Not-in-family,White,Male,0,0,36,United-States,0
64,Private,191477,Primary,3,Widowed,Priv-house-serv,Unmarried,Black,Female,0,0,4,United-States,0
34,Private,163581,HS-grad,9,Never-married,Other-service,Not-in-family,White,Male,10520,0,40,Other,1
48,Private,168462,HS-grad,9,Married-civ-spouse,Transport-moving,Husband,White,Male,0,0,40,United-States,0
44,Self-emp-not-inc,168443,HS-grad,9,Married-civ-spouse,Sales,Husband,White,Male,0,0,60,United-States,0
61,Private,161472,HS-grad,9,Married-civ-spouse,Craft-repair,Husband,White,Male,0,0,40,United-States,1
19,Private,186717,Some-college,10,Never-married,Sales,Own-child,White,Male,0,0,40,United-States,0
53,Private,77927,Primary,3,Never-married,Handlers-cleaners,Other-relative,Asian-Pac-Islander,Female,0,0,50,Philippines,0
37,Self-emp-inc,317580,HS-grad,9,Married-civ-spouse,Craft-repair,Husband,White,Male,0,0,40,United-States,0
31,Private,187215,HS-grad,9,Never-married,Priv-house-serv,Not-in-family,White,Female,0,0,40,Other,0
28,Private,213191,HS-grad,9,Married-civ-spouse,Other-service,Husband,White,Male,0,0,50,United-States,0
20,Self-emp-inc,266400,Some-college,10,Never-married,Handlers-cleaners,Own-child,White,Female,0,0,40,United-States,0
53,Private,287317,HS-grad,9,Divorced,Other-service,Not-in-family,Black,Male,0,0,40,United-States,0
56,Private,225267,Some-college,10,Divorced,Sales,Not-in-family,White,Male,14084,0,60,United-States,1
41,Private,200009,10th,6,Divorced,Handlers-cleaners,Unmarried,White,Female,0,0,40,United-States,0
31,Private,157289,Bachelors,13,Never-married,Prof-specialty,Not-in-family,White,Male,0,0,52,United-States,0
64,Self-emp-not-inc,198186,Masters,14,Never-married,Prof-specialty,Not-in-family,White,Female,0,0,30,Other,0
18,Private,23940,Some-college,10,Never-married,Other-service,Not-in-family,Amer-Indian-Eskimo,Male,0,0,40,United-States,0
35,Private,216068,Assoc-acdm,12,Divorced,Tech-support,Unmarried,White,Female,0,0,40,United-States,0
35,Private,150057,HS-grad,9,Married-civ-spouse,Machine-op-inspct,Husband,White,Male,4386,0,48,United-States,0
57,Private,47178,Primary,3,Divorced,Other-service,Not-in-family,White,Female,0,0,40,United-States,0
30,Private,99928,Bachelors,13,Never-married,Sales,Not-in-family,White,Female,0,0,40,United-States,0
26,Local-gov,176756,HS-grad,9,Married-civ-spouse,Tech-support,Husband,White,Male,0,0,75,United-States,1
21,Private,191789,Some-college,10,Never-married,Adm-clerical,Own-child,White,Female,0,0,10,Other,0
23,Private,496856,Assoc-acdm,12,Never-married,Sales,Own-child,White,Female,0,0,35,United-States,0
61,Federal-gov,294466,Some-college,10,Divorced,Adm-clerical,Not-in-family,Black,Female,0,0,40,United-States,0
23,Private,195016,Some-college,10,Never-married,Prof-specialty,Not-in-family,Other,Female,0,0,35,United-States,0
30,Private,415266,HS-grad,9,Married-civ-spouse,Tech-support,Husband,White,Male,0,0,40,United-States,1
49,Self-emp-not-inc,155862,HS-grad,9,Married-civ-spouse,Farming-fishing,Husband,White,Male,0,0,50,United-States,1
41,Private,125461,Some-college,10,Married-civ-spouse,Exec-managerial,Husband,White,Male,0,0,60,United-States,1
44,Private,322799,HS-grad,9,Separated,Machine-op-inspct,Own-child,Black,Male,0,0,40,United-States,0
51,Private,93690,HS-grad,9,Married-civ-spouse,Exec-managerial,Husband,White,Male,0,0,40,United-States,1
52,Local-gov,178983,HS-grad,9,Married-civ-spouse,Prof-specialty,Husband,White,Male,0,0,40,United-States,0
27,Private,312485,HS-grad,9,Never-married,Handlers-cleaners,Own-child,White,Male,0,0,32,United-States,0
22,State-gov,160369,Some-college,10,Never-married,Other-service,Own-child,Black,Male,0,0,20,United-States,0
36,Self-emp-inc,298624,Some-college,10,Married-civ-spouse,Exec-managerial,Husband,White,Male,0,0,30,United-States,1
45,Private,175925,Bachelors,13,Divorced,Machine-op-inspct,Not-in-family,White,Male,0,0,40,United-States,0
30,Private,180317,Assoc-voc,11,Divorced,Machine-op-inspct,Not-in-family,White,Male,0,0,40,United-States,0
47,Private,182054,HS-grad,9,Never-married,Machine-op-inspct,Not-in-family,White,Male,0,0,40,United-States,0
28,Private,153813,Some-college,10,Never-married,Exec-managerial,Unmarried,White,Female,0,0,38,United-States,0
57,Local-gov,62701,Some-college,10,Widowed,Exec-managerial,Not-in-family,White,Male,6849,0,40,United-States,0
54,Federal-gov,160636,HS-grad,9,Never-married,Adm-clerical,Unmarried,White,Female,0,0,40,Mexico,0
42,Private,201520,Some-college,10,Married-civ-spouse,Craft-repair,Husband,White,Male,0,0,50,United-States,0
49,Private,353824,HS-grad,9,Married-civ-spouse,Craft-repair,Husband,White,Male,0,1887,40,United-States,1
59,Private,187025,HS-grad,9,Divorced,Adm-clerical,Not-in-family,Black,Male,0,0,40,United-States,0
41,Private,118768,Assoc-acdm,12,Never-married,Craft-repair,Not-in-family,White,Male,0,0,48,United-States,0
46,State-gov,179869,HS-grad,9,Married-civ-spouse,Handlers-cleaners,Husband,White,Male,0,0,40,United-States,0
26,Private,181772,Some-college,10,Married-civ-spouse,Tech-support,Husband,White,Male,0,0,40,United-States,0
29,Private,108706,Some-college,10,Married-civ-spouse,Tech-support,Wife,White,Female,0,0,40,United-States,0
26,Private,272865,HS-grad,9,Married-civ-spouse,Craft-repair,Husband,White,Male,0,0,40,United-States,0
22,Private,99199,Some-college,10,Never-married,Adm-clerical,Own-child,White,Male,0,0,50,United-States,0
23,Private,60668,Some-college,10,Never-married,Sales,Own-child,White,Male,0,0,55,United-States,0
51,Private,136080,HS-grad,9,Divorced,Sales,Other-relative,White,Female,0,0,31,United-States,0
19,Private,400356,Some-college,10,Married-spouse-absent,Adm-clerical,Own-child,White,Male,0,0,40,United-States,0
47,Private,189498,HS-grad,9,Married-civ-spouse,Tech-support,Husband,White,Male,0,0,65,United-States,1
21,Private,157595,HS-grad,9,Never-married,Other-service,Not-in-family,White,Male,0,0,35,United-States,0
45,Local-gov,93663,Some-college,10,Divorced,Adm-clerical,Unmarried,White,Female,0,0,35,United-States,0
53,Private,270655,12th,8,Married-civ-spouse,Tech-support,Husband,White,Male,0,0,45,United-States,1
23,Private,120601,Assoc-voc,11,Married-civ-spouse,Craft-repair,Husband,Black,Male,0,0,40,United-States,0
41,Private,144925,Some-college,10,Divorced,Craft-repair,Not-in-family,White,Male,0,0,40,United-States,0
22,Private,278021,HS-grad,9,Never-married,Transport-moving,Not-in-family,White,Male,0,0,40,United-States,0
47,Self-emp-not-inc,159399,Assoc-voc,11,Married-civ-spouse,Other-service,Husband,White,Male,0,0,45,United-States,0
45,Private,168232,HS-grad,9,Married-civ-spouse,Craft-repair,Husband,White,Male,0,0,56,United-States,1
39,Private,31964,HS-grad,9,Married-civ-spouse,Exec-managerial,Husband,White,Male,0,0,80,United-States,1
55,Private,123436,Assoc-voc,11,Married-civ-spouse,Prof-specialty,Husband,White,Male,0,0,40,United-States,1
41,Private,79864,Assoc-voc,11,Never-married,Adm-clerical,Own-child,White,Female,0,0,40,United-States,0
51,Private,299353,Some-college,10,Divorced,Other-service,Unmarried,White,Female,0,0,56,United-States,0
67,Private,283416,Masters,14,Never-married,Prof-specialty,Not-in-family,White,Male,0,0,40,United-States,0
60,Private,224277,Bachelors,13,Divorced,Exec-managerial,Unmarried,White,Female,0,0,40,United-States,1
22,Private,117779,Bachelors,13,Never-married,Exec-managerial,Not-in-family,White,Male,0,0,50,United-States,0
35,Private,351772,Some-college,10,Married-civ-spouse,Sales,Husband,White,Male,0,0,60,United-States,1
18,Private,37315,Some-college,10,Never-married,Adm-clerical,Own-child,White,Male,0,0,50,United-States,0
26,Private,91683,Some-college,10,Married-civ-spouse,Transport-moving,Husband,White,Male,0,0,40,United-States,0
32,Private,307353,HS-grad,9,Divorced,Adm-clerical,Not-in-family,Black,Female,0,0,40,United-States,0
36,Private,157954,HS-grad,9,Divorced,Adm-clerical,Unmarried,White,Female,0,0,40,United-States,0
52,Private,113522,HS-grad,9,Never-married,Machine-op-inspct,Not-in-family,White,Male,0,0,45,United-States,1
48,Private,148995,Some-college,10,Married-civ-spouse,Craft-repair,Husband,White,Male,0,0,60,United-States,0
50,Private,200046,Masters,14,Married-civ-spouse,Exec-managerial,Husband,White,Male,0,0,50,United-States,1
48,Private,240175,11th,7,Separated,Other-service,Unmarried,Black,Male,0,0,22,United-States,0
28,Private,99838,Bachelors,13,Never-married,Exec-managerial,Not-in-family,White,Male,0,0,38,Other,0
62,Private,196891,Bachelors,13,Married-civ-spouse,Exec-managerial,Husband,White,Male,0,0,40,United-States,1
53,Private,172962,Prof-school,15,Married-civ-spouse,Prof-specialty,Husband,White,Male,0,0,40,United-States,1
17,Private,311288,11th,7,Never-married,Exec-managerial,Own-child,White,Female,0,0,24,United-States,0
38,Private,160086,Bachelors,13,Never-married,Prof-specialty,Not-in-family,White,Female,0,0,32,United-States,0
37,Private,216845,Primary,1,Married-civ-spouse,Farming-fishing,Husband,White,Male,0,0,40,Mexico,0
23,Private,437940,HS-grad,9,Married-civ-spouse,Machine-op-inspct,Husband,White,Male,0,0,40,United-States,0
39,Private,114544,Some-college,10,Married-civ-spouse,Exec-managerial,Husband,White,Male,0,0,55,United-States,1
41,Private,196001,HS-grad,9,Married-civ-spouse,Sales,Wife,White,Female,0,0,20,United-States,0
34,Self-emp-not-inc,181091,Some-college,10,Never-married,Farming-fishing,Own-child,White,Male,0,0,50,United-States,0
29,Private,155256,Bachelors,13,Never-married,Tech-support,Not-in-family,Black,Female,0,0,40,United-States,0
56,State-gov,118614,HS-grad,9,Divorced,Adm-clerical,Not-in-family,White,Female,0,0,40,United-States,0
22,Private,324685,9th,5,Never-married,Sales,Not-in-family,White,Female,0,0,32,United-States,0
30,Private,226296,Masters,14,Married-civ-spouse,Prof-specialty,Husband,White,Male,0,0,40,United-States,1
53,Private,108836,9th,5,Married-civ-spouse,Transport-moving,Husband,White,Male,0,0,40,United-States,0
25,State-gov,165457,Bachelors,13,Never-married,Tech-support,Own-child,Asian-Pac-Islander,Male,2463,0,40,United-States,0
47,Local-gov,188537,Masters,14,Married-civ-spouse,Prof-specialty,Wife,White,Female,0,0,60,United-States,1
43,Private,203233,HS-grad,9,Married-civ-spouse,Transport-moving,Husband,White,Male,0,0,50,United-States,1
18,Self-emp-inc,29582,11th,7,Never-married,Farming-fishing,Own-child,White,Male,0,0,50,United-States,0
68,Private,174812,HS-grad,9,Never-married,Other-service,Not-in-family,White,Male,0,0,15,United-States,0
23,Local-gov,250165,Bachelors,13,Never-married,Prof-specialty,Own-child,White,Female,594,0,40,United-States,0
45,Self-emp-not-inc,165267,9th,5,Married-civ-spouse,Transport-moving,Husband,Black,Male,0,0,40,United-States,0
37,Private,130200,HS-grad,9,Married-civ-spouse,Exec-managerial,Husband,White,Male,0,0,70,United-States,1
27,Private,37359,Bachelors,13,Never-married,Prof-specialty,Not-in-family,White,Male,0,0,40,Other,0
72,Self-emp-not-inc,336423,Primary,3,Married-civ-spouse,Farming-fishing,Husband,White,Male,0,0,40,United-States,0
41,Private,222813,Assoc-acdm,12,Married-civ-spouse,Sales,Husband,White,Male,0,0,45,United-States,1
38,Private,87556,Some-college,10,Married-civ-spouse,Craft-repair,Husband,White,Male,0,0,40,United-States,0
29,Private,167336,Some-college,10,Married-civ-spouse,Adm-clerical,Wife,White,Female,0,0,50,United-States,0
49,Private,52184,HS-grad,9,Married-civ-spouse,Machine-op-inspct,Husband,White,Male,0,0,40,United-States,0
56,Private,33115,HS-grad,9,Divorced,Other-service,Unmarried,White,Female,0,0,40,United-States,0
31,Private,271162,11th,7,Never-married,Exec-managerial,Own-child,White,Male,0,0,40,United-States,0
24,Private,99844,Masters,14,Never-married,Prof-specialty,Own-child,White,Male,0,0,60,United-States,0
23,Private,244698,Primary,3,Never-married,Farming-fishing,Other-relative,White,Male,0,0,35,Mexico,0
54,Self-emp-inc,22743,Bachelors,13,Divorced,Exec-managerial,Not-in-family,White,Male,99999,0,70,United-States,1
38,Private,28738,Some-college,10,Never-married,Adm-clerical,Not-in-family,White,Female,0,0,40,United-States,0
23,Private,185948,HS-grad,9,Never-married,Craft-repair,Unmarried,White,Male,0,0,40,United-States,0
28,Private,147560,Some-college,10,Never-married,Sales,Own-child,White,Male,0,0,40,United-States,0
51,Private,90275,HS-grad,9,Divorced,Sales,Unmarried,White,Female,0,0,45,United-States,0
24,Private,376474,HS-grad,9,Married-civ-spouse,Handlers-cleaners,Husband,White,Male,0,0,65,United-States,0
47,Self-emp-not-inc,20946,Bachelors,13,Divorced,Other-service,Not-in-family,White,Female,0,0,40,United-States,0
31,Self-emp-not-inc,213643,Masters,14,Divorced,Prof-specialty,Not-in-family,White,Male,0,1590,60,United-States,0
53,Private,261207,HS-grad,9,Married-civ-spouse,Other-service,Husband,White,Male,0,0,40,Other,0
36,Private,131192,HS-grad,9,Married-civ-spouse,Machine-op-inspct,Husband,White,Male,0,0,40,United-States,1
38,Local-gov,360494,Prof-school,15,Never-married,Prof-specialty,Not-in-family,White,Male,0,0,50,United-States,0
42,Private,32627,HS-grad,9,Married-civ-spouse,Transport-moving,Husband,White,Male,0,0,40,United-States,0
51,Private,173987,HS-grad,9,Married-civ-spouse,Craft-repair,Husband,White,Male,0,0,40,United-States,1
17,Private,284277,11th,7,Never-married,Other-service,Own-child,White,Male,1055,0,20,United-States,0
24,Private,324445,HS-grad,9,Never-married,Machine-op-inspct,Not-in-family,White,Female,0,0,40,United-States,0
33,Private,269605,HS-grad,9,Never-married,Exec-managerial,Not-in-family,White,Male,0,0,32,United-States,0
37,Private,107302,Some-college,10,Married-civ-spouse,Sales,Husband,White,Male,0,0,50,United-States,1
30,Private,94235,Bachelors,13,Married-civ-spouse,Prof-specialty,Husband,White,Male,0,1977,50,United-States,1
45,Private,54260,HS-grad,9,Never-married,Farming-fishing,Not-in-family,White,Male,0,0,60,United-States,0
46,Private,107425,HS-grad,9,Divorced,Sales,Not-in-family,White,Female,0,0,40,United-States,0
20,Private,291979,HS-grad,9,Never-married,Sales,Unmarried,White,Male,0,0,35,United-States,0
22,Self-emp-not-inc,26248,HS-grad,9,Never-married,Other-service,Own-child,White,Female,0,0,50,United-States,0
39,Private,183279,Bachelors,13,Married-civ-spouse,Sales,Husband,White,Male,7298,0,40,United-States,1
63,Private,177063,HS-grad,9,Married-civ-spouse,Transport-moving,Husband,White,Male,0,0,40,United-States,0
47,State-gov,61062,Doctorate,16,Separated,Exec-managerial,Own-child,Asian-Pac-Islander,Male,2354,0,45,United-States,0
33,Private,260782,7th-8th,4,Married-civ-spouse,Craft-repair,Husband,White,Male,0,0,40,Mexico,0
27,Private,1490400,Some-college,10,Married-civ-spouse,Exec-managerial,Husband,White,Male,0,0,40,United-States,0
61,Private,202060,HS-grad,9,Never-married,Adm-clerical,Not-in-family,Black,Female,0,0,34,United-States,0
31,Private,57151,Some-college,10,Never-married,Craft-repair,Not-in-family,White,Male,0,0,40,United-States,0
37,Private,52630,Some-college,10,Married-civ-spouse,Craft-repair,Husband,White,Male,0,0,40,United-States,0
23,Private,304143,Some-college,10,Never-married,Adm-clerical,Own-child,White,Female,0,0,10,United-States,0
47,Private,341814,Bachelors,13,Married-civ-spouse,Prof-specialty,Wife,White,Female,0,0,45,United-States,0
40,Private,131899,Some-college,10,Divorced,Exec-managerial,Not-in-family,White,Male,0,0,40,United-States,0
61,Private,29797,HS-grad,9,Divorced,Sales,Other-relative,White,Female,0,0,40,United-States,0
45,State-gov,185797,Some-college,10,Never-married,Tech-support,Not-in-family,White,Female,3325,0,60,United-States,0
51,Private,192588,Bachelors,13,Never-married,Prof-specialty,Not-in-family,Asian-Pac-Islander,Female,0,0,35,Philippines,0
27,Self-emp-not-inc,132686,HS-grad,9,Married-civ-spouse,Transport-moving,Husband,White,Male,0,0,50,United-States,0
46,State-gov,165852,Some-college,10,Married-civ-spouse,Exec-managerial,Husband,White,Male,0,0,40,United-States,1
58,Private,270131,Primary,3,Widowed,Other-service,Unmarried,White,Female,0,0,70,Mexico,0
45,Private,144086,HS-grad,9,Married-civ-spouse,Craft-repair,Husband,White,Male,0,0,40,United-States,1
36,Private,162029,HS-grad,9,Never-married,Adm-clerical,Not-in-family,White,Female,3325,0,40,United-States,0
50,Local-gov,320510,Some-college,10,Married-civ-spouse,Protective-serv,Husband,White,Male,7298,0,56,United-States,1
30,Private,143078,Prof-school,15,Never-married,Prof-specialty,Not-in-family,White,Male,0,0,40,United-States,0
49,Self-emp-not-inc,164495,Assoc-acdm,12,Married-civ-spouse,Exec-managerial,Husband,White,Male,0,0,35,Other,0
66,Private,48034,HS-grad,9,Married-civ-spouse,Transport-moving,Husband,White,Male,0,0,16,United-States,0
35,Private,170174,Some-college,10,Divorced,Machine-op-inspct,Not-in-family,White,Male,0,0,40,United-States,0
23,Local-gov,265148,Bachelors,13,Never-married,Prof-specialty,Unmarried,White,Male,0,0,40,United-States,0
23,Private,231866,Some-college,10,Never-married,Other-service,Own-child,White,Male,0,0,40,United-States,0
30,Private,140612,HS-grad,9,Married-civ-spouse,Craft-repair,Husband,White,Male,0,2051,40,United-States,0
50,Private,224207,Bachelors,13,Married-civ-spouse,Prof-specialty,Husband,White,Male,0,0,40,United-States,1
36,Private,348960,Some-college,10,Married-civ-spouse,Craft-repair,Husband,White,Male,0,0,40,United-States,0
17,Local-gov,157111,10th,6,Never-married,Farming-fishing,Own-child,White,Male,0,0,40,United-States,0
44,Self-emp-inc,148805,HS-grad,9,Divorced,Other-service,Unmarried,White,Female,0,0,33,United-States,0
24,Private,117222,HS-grad,9,Divorced,Handlers-cleaners,Own-child,White,Male,0,0,40,United-States,0
64,Self-emp-not-inc,198466,HS-grad,9,Widowed,Sales,Not-in-family,White,Female,0,0,70,United-States,0
38,Private,202937,Assoc-acdm,12,Married-civ-spouse,Adm-clerical,Wife,White,Female,0,0,40,United-States,1
51,Private,96062,HS-grad,9,Married-civ-spouse,Transport-moving,Husband,White,Male,0,0,40,United-States,0
54,Private,76268,HS-grad,9,Widowed,Exec-managerial,Not-in-family,White,Female,0,0,80,United-States,0
30,Private,137991,Assoc-voc,11,Never-married,Other-service,Not-in-family,White,Female,0,0,41,United-States,0
30,Private,85374,Some-college,10,Never-married,Handlers-cleaners,Not-in-family,White,Male,0,0,45,United-States,0
38,Private,227615,11th,7,Married-civ-spouse,Craft-repair,Husband,White,Male,0,0,40,Mexico,0
54,Private,155737,Bachelors,13,Divorced,Sales,Not-in-family,White,Female,8614,0,40,United-States,1
22,Federal-gov,316438,HS-grad,9,Never-married,Prof-specialty,Own-child,White,Male,0,0,35,United-States,0
44,Private,107433,Some-college,10,Married-civ-spouse,Sales,Husband,White,Male,0,0,55,United-States,1
31,Private,114691,11th,7,Never-married,Craft-repair,Not-in-family,White,Male,0,0,40,Other,0
36,Private,49794,HS-grad,9,Married-civ-spouse,Craft-repair,Husband,White,Male,0,0,45,United-States,0
42,Private,53956,HS-grad,9,Married-civ-spouse,Handlers-cleaners,Husband,White,Male,0,0,40,United-States,0
44,Federal-gov,151933,Some-college,10,Married-civ-spouse,Adm-clerical,Husband,White,Male,0,1485,40,United-States,1
48,Private,64156,Some-college,10,Married-civ-spouse,Exec-managerial,Husband,White,Male,0,0,45,United-States,0
36,Private,353263,Bachelors,13,Divorced,Adm-clerical,Unmarried,White,Female,0,0,40,United-States,0
17,Private,262031,12th,8,Never-married,Other-service,Other-relative,White,Male,0,0,20,United-States,0
38,Private,30509,Assoc-voc,11,Married-civ-spouse,Prof-specialty,Wife,White,Female,3908,0,50,United-States,0
47,Self-emp-inc,85109,Doctorate,16,Married-civ-spouse,Prof-specialty,Husband,White,Male,0,0,50,United-States,0
20,Private,188923,Some-college,10,Never-married,Other-service,Own-child,White,Female,0,0,37,United-States,0
44,Private,54611,HS-grad,9,Married-civ-spouse,Craft-repair,Husband,White,Male,0,0,40,United-States,0
65,Private,237024,Primary,2,Married-civ-spouse,Other-service,Husband,White,Male,0,0,35,Mexico,0
18,Private,127388,11th,7,Never-married,Other-service,Own-child,White,Female,0,0,20,United-States,0
23,Private,234108,Assoc-acdm,12,Never-married,Machine-op-inspct,Unmarried,White,Male,0,0,40,United-States,0
63,Private,252457,HS-grad,9,Widowed,Exec-managerial,Not-in-family,White,Male,0,0,40,United-States,0
22,Private,169022,HS-grad,9,Never-married,Exec-managerial,Not-in-family,White,Female,0,0,48,United-States,0
33,Private,202046,Bachelors,13,Married-civ-spouse,Exec-managerial,Husband,White,Male,0,0,45,United-States,1
38,Self-emp-inc,179579,Doctorate,16,Married-civ-spouse,Exec-managerial,Husband,White,Male,0,0,60,United-States,1
51,Private,158746,Bachelors,13,Married-civ-spouse,Exec-managerial,Husband,White,Male,0,1902,60,United-States,1
46,Private,193188,Masters,14,Never-married,Exec-managerial,Unmarried,White,Male,0,0,40,United-States,0
62,Private,176839,Doctorate,16,Never-married,Exec-managerial,Not-in-family,White,Male,0,0,50,United-States,1
36,Private,33435,Assoc-voc,11,Divorced,Sales,Unmarried,White,Female,0,0,40,United-States,0
52,Self-emp-not-inc,399008,HS-grad,9,Married-civ-spouse,Transport-moving,Husband,Black,Male,5013,0,40,United-States,0
53,Private,30846,HS-grad,9,Never-married,Handlers-cleaners,Own-child,White,Male,0,0,40,United-States,0
40,Private,108945,HS-grad,9,Divorced,Adm-clerical,Unmarried,White,Female,0,0,32,United-States,0
54,Private,69477,Masters,14,Married-civ-spouse,Prof-specialty,Husband,White,Male,0,1902,60,United-States,1
30,Private,195602,Some-college,10,Married-civ-spouse,Tech-support,Husband,White,Male,0,0,45,Other,0
41,Federal-gov,149102,HS-grad,9,Never-married,Handlers-cleaners,Not-in-family,White,Male,0,1980,40,United-States,0
52,Private,131662,Bachelors,13,Divorced,Adm-clerical,Unmarried,White,Female,0,0,45,United-States,0
20,Private,176262,Assoc-acdm,12,Never-married,Adm-clerical,Own-child,White,Female,0,0,20,United-States,0
49,Self-emp-not-inc,77404,Some-college,10,Married-civ-spouse,Sales,Husband,White,Male,0,0,44,Other,1
35,State-gov,167482,HS-grad,9,Never-married,Protective-serv,Own-child,White,Male,0,1980,40,United-States,0
47,Private,100009,Some-college,10,Divorced,Exec-managerial,Not-in-family,White,Male,0,0,30,United-States,0
21,Private,178363,Some-college,10,Never-married,Adm-clerical,Own-child,Black,Female,0,0,20,United-States,0
35,Private,208358,Bachelors,13,Married-civ-spouse,Exec-managerial,Husband,White,Male,0,0,37,United-States,1
44,Self-emp-not-inc,190290,Some-college,10,Married-spouse-absent,Exec-managerial,Not-in-family,White,Male,0,0,80,Other,0
28,Self-emp-not-inc,169460,Assoc-voc,11,Married-civ-spouse,Farming-fishing,Husband,White,Male,0,0,80,United-States,0
41,Private,362815,Some-college,10,Separated,Exec-managerial,Not-in-family,White,Male,0,0,50,United-States,0
36,Self-emp-inc,116133,HS-grad,9,Never-married,Exec-managerial,Own-child,White,Male,0,0,41,United-States,0
23,Private,215616,HS-grad,9,Never-married,Other-service,Not-in-family,White,Female,0,0,20,United-States,0
50,Private,230858,Masters,14,Married-civ-spouse,Sales,Husband,White,Male,0,0,50,United-States,1
48,Private,218676,HS-grad,9,Married-civ-spouse,Sales,Husband,White,Male,0,0,40,United-States,0
28,Self-emp-not-inc,123983,Masters,14,Divorced,Sales,Not-in-family,Asian-Pac-Islander,Male,0,0,54,Other,0
42,Private,70037,Masters,14,Never-married,Prof-specialty,Not-in-family,White,Male,0,0,50,United-States,0
22,Private,351952,Some-college,10,Never-married,Adm-clerical,Own-child,White,Female,0,0,38,United-States,0
19,Private,281704,Some-college,10,Never-married,Farming-fishing,Other-relative,White,Male,0,0,8,United-States,0
39,Private,113725,Masters,14,Divorced,Exec-managerial,Not-in-family,White,Female,8614,0,40,United-States,1
40,Private,277256,Bachelors,13,Divorced,Exec-managerial,Not-in-family,White,Male,0,2559,55,United-States,1
19,State-gov,176936,HS-grad,9,Never-married,Adm-clerical,Own-child,White,Female,0,0,30,United-States,0
42,Private,49255,Masters,14,Married-civ-spouse,Prof-specialty,Husband,White,Male,4386,0,40,United-States,1
23,Private,109053,HS-grad,9,Never-married,Handlers-cleaners,Other-relative,White,Male,0,0,60,United-States,0
22,Private,361608,HS-grad,9,Never-married,Adm-clerical,Not-in-family,White,Female,0,0,40,United-States,0
34,Private,66561,Bachelors,13,Married-civ-spouse,Adm-clerical,Husband,White,Male,0,0,37,United-States,0
33,Private,66384,HS-grad,9,Married-civ-spouse,Handlers-cleaners,Husband,White,Male,0,0,38,United-States,0
69,Self-emp-not-inc,165017,Prof-school,15,Married-civ-spouse,Prof-specialty,Husband,White,Male,0,0,40,United-States,1
38,Private,278403,Bachelors,13,Married-civ-spouse,Adm-clerical,Husband,White,Male,0,0,48,United-States,0
42,Private,270324,HS-grad,9,Married-civ-spouse,Craft-repair,Husband,Black,Male,0,0,40,Other,0
39,Self-emp-inc,88973,Some-college,10,Married-civ-spouse,Exec-managerial,Husband,White,Male,0,0,84,United-States,1
28,Private,220043,Bachelors,13,Married-civ-spouse,Sales,Husband,White,Male,0,0,40,United-States,1
85,Private,188328,Masters,14,Widowed,Prof-specialty,Not-in-family,White,Female,0,0,5,United-States,0
39,Private,33223,HS-grad,9,Married-civ-spouse,Adm-clerical,Husband,White,Male,0,0,40,United-States,1
45,Private,377622,Some-college,10,Married-civ-spouse,Sales,Husband,White,Male,0,0,40,United-States,0
90,Private,225063,HS-grad,9,Married-civ-spouse,Craft-repair,Husband,Asian-Pac-Islander,Male,0,0,40,Other,0
21,Private,203715,HS-grad,9,Never-married,Transport-moving,Own-child,White,Male,0,0,40,United-States,0
33,Private,154227,Some-college,10,Married-civ-spouse,Machine-op-inspct,Husband,White,Male,0,0,40,United-States,1
35,Private,103925,Masters,14,Never-married,Prof-specialty,Not-in-family,White,Female,0,0,35,United-States,0
46,Private,118633,HS-grad,9,Divorced,Prof-specialty,Not-in-family,White,Female,0,0,80,United-States,0
17,Private,148345,11th,7,Never-married,Protective-serv,Own-child,White,Female,0,0,40,United-States,0
28,Private,204648,HS-grad,9,Separated,Other-service,Unmarried,Black,Female,0,0,20,United-States,0
30,Private,205407,HS-grad,9,Divorced,Handlers-cleaners,Other-relative,White,Male,0,0,40,United-States,0
63,Local-gov,83791,HS-grad,9,Married-civ-spouse,Adm-clerical,Wife,White,Female,0,0,45,United-States,0
71,Private,345339,Assoc-voc,11,Married-civ-spouse,Machine-op-inspct,Husband,White,Male,0,0,28,United-States,0
51,Local-gov,205100,Masters,14,Married-civ-spouse,Prof-specialty,Wife,White,Female,0,0,32,United-States,1
30,Private,100135,Bachelors,13,Never-married,Sales,Other-relative,White,Female,0,0,40,United-States,0
43,Self-emp-not-inc,293809,Prof-school,15,Married-civ-spouse,Prof-specialty,Husband,White,Male,0,0,20,United-States,0
33,Private,156464,10th,6,Never-married,Farming-fishing,Not-in-family,White,Male,0,0,40,United-States,0
24,Private,165107,Bachelors,13,Never-married,Exec-managerial,Own-child,White,Female,0,0,40,United-States,0
29,Private,156266,Assoc-acdm,12,Never-married,Exec-managerial,Own-child,Amer-Indian-Eskimo,Male,0,0,25,United-States,0
19,Private,298435,Some-college,10,Never-married,Adm-clerical,Own-child,White,Female,0,2001,40,Other,0
23,Local-gov,255252,Some-college,10,Never-married,Other-service,Own-child,White,Male,0,0,20,United-States,0
17,Private,52012,11th,7,Never-married,Other-service,Own-child,White,Female,0,0,15,United-States,0
46,State-gov,76075,Assoc-voc,11,Divorced,Adm-clerical,Own-child,White,Female,0,0,20,United-States,0
29,Private,30070,Bachelors,13,Married-civ-spouse,Exec-managerial,Husband,White,Male,0,0,40,United-States,0
39,Private,82699,Prof-school,15,Divorced,Prof-specialty,Not-in-family,Black,Female,13550,0,70,United-States,1
46,Private,114328,Some-college,10,Divorced,Machine-op-inspct,Not-in-family,White,Male,0,0,40,United-States,0
29,Private,394927,10th,6,Married-civ-spouse,Transport-moving,Husband,White,Male,0,0,45,United-States,1
18,Private,191784,HS-grad,9,Never-married,Protective-serv,Not-in-family,White,Male,0,0,40,Other,0
37,Private,361951,Bachelors,13,Never-married,Sales,Not-in-family,Black,Male,0,0,48,Other,0
21,State-gov,311311,HS-grad,9,Never-married,Craft-repair,Own-child,White,Male,0,0,12,United-States,0
63,Private,188999,HS-grad,9,Married-civ-spouse,Craft-repair,Husband,White,Male,0,0,48,United-States,0
38,Private,54953,Bachelors,13,Married-civ-spouse,Exec-managerial,Husband,White,Male,0,0,60,United-States,0
21,Private,229769,HS-grad,9,Never-married,Adm-clerical,Own-child,White,Female,0,0,40,Mexico,0
48,Private,102585,Masters,14,Divorced,Exec-managerial,Unmarried,White,Female,0,0,40,United-States,0
28,Private,198493,Assoc-acdm,12,Never-married,Adm-clerical,Other-relative,White,Male,0,0,35,United-States,0
59,Local-gov,358747,Some-college,10,Married-civ-spouse,Craft-repair,Husband,White,Male,0,0,55,United-States,1
28,Private,212286,Bachelors,13,Never-married,Exec-managerial,Not-in-family,White,Male,0,0,40,United-States,0
19,Private,66619,HS-grad,9,Never-married,Other-service,Own-child,White,Male,0,0,37,United-States,0
23,Private,117779,12th,8,Never-married,Sales,Not-in-family,White,Male,0,0,45,United-States,0
30,Private,173858,HS-grad,9,Never-married,Craft-repair,Not-in-family,Asian-Pac-Islander,Male,2597,0,40,Other,0
18,Private,195318,11th,7,Never-married,Handlers-cleaners,Own-child,White,Male,0,0,23,United-States,0
48,Federal-gov,186256,HS-grad,9,Divorced,Farming-fishing,Other-relative,White,Male,0,0,40,United-States,0
58,Private,315081,Assoc-acdm,12,Married-civ-spouse,Sales,Husband,White,Male,0,0,42,United-States,1
28,Self-emp-inc,173944,Bachelors,13,Married-civ-spouse,Handlers-cleaners,Husband,White,Male,15024,0,65,United-States,1
48,Private,155781,Bachelors,13,Divorced,Prof-specialty,Not-in-family,White,Male,0,2231,30,United-States,1
70,Private,210673,10th,6,Widowed,Adm-clerical,Other-relative,White,Male,0,0,20,United-States,0
42,Private,482211,HS-grad,9,Never-married,Craft-repair,Other-relative,White,Male,0,0,40,United-States,0
31,Private,72887,Bachelors,13,Married-civ-spouse,Prof-specialty,Husband,Asian-Pac-Islander,Male,0,0,47,United-States,1
26,Private,213383,HS-grad,9,Never-married,Handlers-cleaners,Not-in-family,White,Male,0,0,40,United-States,0
40,Private,50524,12th,8,Divorced,Craft-repair,Not-in-family,White,Male,0,0,40,United-States,0
26,Private,130018,HS-grad,9,Never-married,Craft-repair,Unmarried,White,Male,0,0,40,United-States,0
60,Private,119684,Some-college,10,Married-civ-spouse,Machine-op-inspct,Husband,White,Male,3103,0,40,United-States,1
54,Private,259323,Some-college,10,Married-civ-spouse,Prof-specialty,Husband,White,Male,0,0,40,United-States,1
60,Private,156774,HS-grad,9,Married-civ-spouse,Prof-specialty,Husband,White,Male,0,0,45,United-States,1
28,Private,128012,Some-college,10,Married-civ-spouse,Transport-moving,Husband,White,Male,0,0,40,Other,0
24,Self-emp-not-inc,132320,HS-grad,9,Divorced,Machine-op-inspct,Not-in-family,White,Male,0,0,50,United-States,0
47,Private,148549,Bachelors,13,Married-civ-spouse,Prof-specialty,Husband,White,Male,0,0,50,United-States,0
34,Private,247328,HS-grad,9,Never-married,Machine-op-inspct,Other-relative,White,Male,0,0,40,United-States,0
43,Private,180138,HS-grad,9,Separated,Craft-repair,Not-in-family,White,Male,0,0,40,United-States,1
51,Self-emp-not-inc,421132,Some-college,10,Married-civ-spouse,Craft-repair,Husband,White,Male,0,0,40,United-States,0
46,Private,281647,Bachelors,13,Divorced,Transport-moving,Not-in-family,White,Male,0,0,40,United-States,0
46,Private,306993,Primary,3,Married-civ-spouse,Handlers-cleaners,Husband,White,Male,0,0,40,United-States,0
56,Private,246687,Some-college,10,Divorced,Adm-clerical,Not-in-family,White,Female,0,0,40,United-States,0
32,Private,162572,Masters,14,Married-civ-spouse,Exec-managerial,Husband,White,Male,0,1977,48,United-States,1
21,State-gov,155818,Some-college,10,Never-married,Other-service,Own-child,White,Female,0,0,25,United-States,0
51,Private,75235,Bachelors,13,Married-civ-spouse,Sales,Husband,White,Male,0,0,60,United-States,0
46,Private,233802,HS-grad,9,Married-civ-spouse,Tech-support,Husband,Black,Male,0,0,40,United-States,1
22,Private,50610,Some-college,10,Never-married,Other-service,Not-in-family,White,Female,0,0,40,United-States,0
47,Private,63225,Primary,2,Divorced,Other-service,Not-in-family,White,Female,0,0,15,United-States,0
62,Private,394645,HS-grad,9,Never-married,Sales,Not-in-family,White,Female,0,0,40,United-States,0
32,Self-emp-not-inc,292465,Some-college,10,Married-civ-spouse,Exec-managerial,Husband,White,Male,0,0,35,United-States,1
24,Private,79160,HS-grad,9,Never-married,Craft-repair,Own-child,Black,Male,0,0,40,United-States,0
57,Private,186202,HS-grad,9,Married-civ-spouse,Craft-repair,Husband,White,Male,0,0,40,United-States,0
26,Self-emp-inc,177951,Some-college,10,Married-civ-spouse,Sales,Husband,White,Male,0,0,32,United-States,0
22,Private,212780,HS-grad,9,Never-married,Sales,Not-in-family,Black,Female,0,0,30,United-States,0
30,Private,685955,Bachelors,13,Never-married,Sales,Unmarried,Black,Male,0,0,50,United-States,0
45,Self-emp-not-inc,58683,Bachelors,13,Married-civ-spouse,Sales,Husband,White,Male,5178,0,48,United-States,1
58,Self-emp-not-inc,129786,HS-grad,9,Separated,Farming-fishing,Not-in-family,White,Male,0,0,50,United-States,0
23,Private,182117,Some-college,10,Never-married,Other-service,Own-child,White,Male,0,0,40,United-States,0
38,Local-gov,339442,Some-college,10,Married-civ-spouse,Transport-moving,Husband,Black,Male,0,0,40,United-States,0
24,Private,266467,Assoc-voc,11,Never-married,Machine-op-inspct,Own-child,White,Male,0,0,40,United-States,0
39,Private,144169,HS-grad,9,Married-civ-spouse,Exec-managerial,Husband,White,Male,0,0,40,United-States,0
33,Private,119164,Masters,14,Never-married,Prof-specialty,Not-in-family,White,Male,0,0,50,United-States,0
32,Private,242654,Some-college,10,Divorced,Sales,Unmarried,Black,Female,0,1138,40,Other,0
36,Local-gov,321247,11th,7,Married-civ-spouse,Craft-repair,Husband,White,Male,0,0,40,United-States,0
41,Private,222142,Some-college,10,Married-civ-spouse,Craft-repair,Husband,White,Male,3464,0,40,United-States,0
50,Self-emp-inc,82578,Bachelors,13,Married-civ-spouse,Exec-managerial,Husband,White,Male,0,0,40,United-States,1
26,State-gov,158734,Masters,14,Never-married,Prof-specialty,Not-in-family,White,Female,0,0,40,United-States,0
40,Private,359389,Bachelors,13,Divorced,Other-service,Unmarried,Asian-Pac-Islander,Female,0,0,40,Philippines,0
39,Private,247558,Some-college,10,Never-married,Sales,Not-in-family,White,Male,0,0,41,United-States,0
20,Private,376416,HS-grad,9,Never-married,Sales,Own-child,White,Male,0,0,40,United-States,0
36,Private,149419,Some-college,10,Divorced,Adm-clerical,Not-in-family,White,Male,0,0,55,United-States,0
56,Private,359972,Masters,14,Married-civ-spouse,Exec-managerial,Husband,White,Male,0,0,60,Other,1
56,Private,208640,Masters,14,Married-civ-spouse,Exec-managerial,Husband,White,Male,0,0,40,United-States,1
38,Private,248941,Some-college,10,Married-civ-spouse,Tech-support,Husband,White,Male,0,0,40,United-States,1
41,Local-gov,291831,Masters,14,Married-civ-spouse,Prof-specialty,Husband,White,Male,0,0,35,United-States,0
26,Private,152263,HS-grad,9,Never-married,Adm-clerical,Own-child,White,Female,0,0,45,United-States,0
48,Private,136455,Some-college,10,Divorced,Sales,Not-in-family,White,Female,0,0,16,United-States,0
43,Federal-gov,145175,Bachelors,13,Married-civ-spouse,Adm-clerical,Husband,White,Male,0,0,42,United-States,1
31,Private,161153,HS-grad,9,Married-civ-spouse,Machine-op-inspct,Husband,White,Male,0,0,45,United-States,0
49,Private,140826,Masters,14,Married-civ-spouse,Exec-managerial,Husband,Asian-Pac-Islander,Male,99999,0,50,Other,1
34,Private,284629,HS-grad,9,Married-civ-spouse,Machine-op-inspct,Husband,White,Male,0,0,40,United-States,0
23,Private,153643,HS-grad,9,Never-married,Machine-op-inspct,Other-relative,Black,Male,0,0,40,United-States,0
36,Self-emp-inc,173968,Some-college,10,Married-civ-spouse,Exec-managerial,Husband,White,Male,0,0,40,United-States,1
21,Private,131404,HS-grad,9,Never-married,Other-service,Other-relative,White,Male,0,0,25,United-States,0
39,Private,365465,HS-grad,9,Married-civ-spouse,Craft-repair,Husband,White,Male,0,0,40,United-States,0
27,Private,126060,Prof-school,15,Never-married,Prof-specialty,Other-relative,White,Female,0,0,40,United-States,0
30,Private,213714,Some-college,10,Never-married,Exec-managerial,Not-in-family,White,Female,0,0,40,United-States,0
30,Private,277488,HS-grad,9,Married-civ-spouse,Craft-repair,Husband,White,Male,0,0,60,United-States,0
33,Private,222654,HS-grad,9,Divorced,Craft-repair,Other-relative,White,Male,0,0,40,United-States,0
54,Self-emp-not-inc,183668,Primary,3,Married-civ-spouse,Farming-fishing,Husband,White,Male,0,0,55,United-States,0
33,State-gov,295662,Bachelors,13,Never-married,Adm-clerical,Unmarried,White,Female,0,0,40,United-States,0
47,Local-gov,330080,11th,7,Married-spouse-absent,Craft-repair,Not-in-family,Black,Male,0,0,40,United-States,0
42,Self-emp-not-inc,114580,Masters,14,Divorced,Exec-managerial,Unmarried,White,Female,0,0,70,United-States,0
33,Private,152744,Some-college,10,Never-married,Exec-managerial,Own-child,Asian-Pac-Islander,Female,0,0,40,United-States,0
29,Private,209173,Assoc-acdm,12,Never-married,Sales,Not-in-family,White,Male,0,0,40,United-States,0
45,Private,247120,HS-grad,9,Married-civ-spouse,Transport-moving,Other-relative,White,Female,0,0,50,Other,0
32,Private,215912,HS-grad,9,Married-civ-spouse,Other-service,Wife,Black,Female,0,0,40,United-States,0
51,Self-emp-inc,182211,Some-college,10,Divorced,Sales,Own-child,White,Female,0,0,70,United-States,0
38,Private,150057,Bachelors,13,Divorced,Sales,Own-child,White,Male,0,0,50,United-States,0
69,Self-emp-not-inc,118174,Assoc-acdm,12,Married-civ-spouse,Sales,Husband,White,Male,20051,0,15,United-States,1
31,Private,203463,Masters,14,Never-married,Exec-managerial,Not-in-family,White,Female,99999,0,40,United-States,1
29,Private,162298,Bachelors,13,Married-civ-spouse,Sales,Husband,White,Male,0,0,55,United-States,1
59,Private,124137,HS-grad,9,Divorced,Sales,Not-in-family,White,Male,2202,0,40,United-States,0
26,Local-gov,566066,Bachelors,13,Never-married,Protective-serv,Unmarried,Black,Female,0,0,40,United-States,0
59,Self-emp-inc,76860,Primary,3,Married-civ-spouse,Exec-managerial,Husband,Asian-Pac-Islander,Male,99999,0,40,Other,1
48,Private,187715,Assoc-acdm,12,Married-civ-spouse,Craft-repair,Husband,White,Male,0,1848,46,United-States,1
19,Private,206017,Some-college,10,Never-married,Adm-clerical,Own-child,White,Female,0,0,15,United-States,0
64,Private,271559,HS-grad,9,Married-civ-spouse,Machine-op-inspct,Wife,White,Female,0,0,30,Other,0
37,Private,202683,Some-college,10,Never-married,Tech-support,Not-in-family,White,Male,0,0,35,United-States,0
17,Private,25982,12th,8,Never-married,Other-service,Own-child,White,Female,0,0,30,United-States,0
41,Private,328239,Some-college,10,Never-married,Prof-specialty,Not-in-family,White,Male,0,0,40,United-States,0
41,Private,157473,Masters,14,Married-civ-spouse,Adm-clerical,Wife,White,Female,0,0,50,United-States,1
57,Private,335276,Assoc-acdm,12,Never-married,Exec-managerial,Not-in-family,White,Female,0,0,35,United-States,0
45,Private,276839,Some-college,10,Married-spouse-absent,Sales,Not-in-family,White,Male,0,0,40,United-States,0
42,Private,294431,Bachelors,13,Married-civ-spouse,Exec-managerial,Husband,White,Male,0,0,60,United-States,1
44,Private,191196,Some-college,10,Married-civ-spouse,Prof-specialty,Husband,White,Male,0,0,35,United-States,1
43,Private,488706,Primary,2,Married-civ-spouse,Farming-fishing,Husband,White,Male,0,0,45,Mexico,0
54,Private,99185,Masters,14,Married-civ-spouse,Prof-specialty,Husband,White,Male,0,0,40,United-States,1
34,Private,35683,Some-college,10,Divorced,Machine-op-inspct,Not-in-family,White,Female,0,0,40,United-States,0
37,Self-emp-not-inc,168166,Some-college,10,Divorced,Sales,Unmarried,White,Female,0,0,40,United-States,0
33,Private,228931,Bachelors,13,Married-civ-spouse,Prof-specialty,Husband,White,Male,7298,0,40,United-States,1
30,Private,226525,10th,6,Divorced,Transport-moving,Own-child,White,Male,0,0,40,United-States,0
18,Private,178759,Some-college,10,Never-married,Sales,Own-child,White,Female,0,0,15,United-States,0
24,Local-gov,229005,Some-college,10,Never-married,Adm-clerical,Not-in-family,Black,Female,0,0,40,United-States,0
41,Local-gov,207685,Masters,14,Married-civ-spouse,Prof-specialty,Husband,White,Male,0,0,61,United-States,1
33,Self-emp-not-inc,75417,HS-grad,9,Separated,Other-service,Unmarried,White,Female,0,0,8,United-States,0
35,Private,285000,Bachelors,13,Never-married,Prof-specialty,Not-in-family,White,Male,0,0,45,United-States,0
46,Private,165937,HS-grad,9,Married-civ-spouse,Craft-repair,Husband,White,Male,0,0,40,United-States,1
56,Private,243076,Some-college,10,Never-married,Craft-repair,Unmarried,White,Male,0,0,40,United-States,0
27,Private,130492,11th,7,Divorced,Craft-repair,Unmarried,Other,Male,0,0,35,United-States,0
48,Private,59380,Some-college,10,Never-married,Prof-specialty,Unmarried,White,Female,0,0,45,United-States,0
48,Private,83444,Masters,14,Married-civ-spouse,Prof-specialty,Husband,White,Male,7298,0,55,United-States,1
50,Private,57852,Doctorate,16,Married-civ-spouse,Prof-specialty,Husband,White,Male,0,0,55,United-States,1
38,Self-emp-inc,63322,Bachelors,13,Never-married,Exec-managerial,Not-in-family,White,Male,0,0,60,United-States,0
26,Private,152924,Some-college,10,Married-civ-spouse,Adm-clerical,Wife,White,Female,0,0,40,United-States,0
40,Private,249039,HS-grad,9,Divorced,Adm-clerical,Not-in-family,White,Female,0,0,40,United-States,0
43,Private,580591,Primary,2,Married-spouse-absent,Farming-fishing,Not-in-family,White,Male,0,0,28,Mexico,0
55,Private,178353,9th,5,Divorced,Machine-op-inspct,Not-in-family,White,Male,10520,0,60,United-States,1
29,Private,193932,HS-grad,9,Never-married,Transport-moving,Not-in-family,White,Male,0,0,40,United-States,0
18,Private,231335,HS-grad,9,Never-married,Sales,Not-in-family,White,Male,0,0,40,United-States,0
47,Local-gov,150211,Doctorate,16,Married-civ-spouse,Exec-managerial,Husband,White,Male,0,0,40,United-States,1
45,Local-gov,384627,Masters,14,Married-civ-spouse,Prof-specialty,Wife,White,Female,2580,0,18,United-States,0
48,State-gov,98010,Masters,14,Married-civ-spouse,Prof-specialty,Wife,White,Female,0,0,16,United-States,1
31,Private,35985,HS-grad,9,Married-civ-spouse,Craft-repair,Husband,White,Male,0,0,40,United-States,0
44,Private,245317,HS-grad,9,Married-civ-spouse,Transport-moving,Husband,White,Male,0,0,40,United-States,0
35,Private,187589,Assoc-voc,11,Married-civ-spouse,Craft-repair,Husband,White,Male,0,0,40,United-States,0
31,Private,177596,Some-college,10,Never-married,Adm-clerical,Not-in-family,White,Female,0,0,40,Other,0
42,Private,33895,Bachelors,13,Divorced,Adm-clerical,Not-in-family,White,Female,0,0,40,United-States,0
28,Self-emp-not-inc,149141,Some-college,10,Married-civ-spouse,Craft-repair,Husband,White,Male,0,0,45,United-States,1
32,Private,107142,Assoc-voc,11,Married-civ-spouse,Craft-repair,Husband,White,Male,5013,0,50,United-States,0
37,Private,187022,Bachelors,13,Never-married,Adm-clerical,Not-in-family,White,Male,0,0,40,United-States,0
30,Private,194971,HS-grad,9,Married-civ-spouse,Other-service,Husband,Asian-Pac-Islander,Male,0,0,52,Other,0
48,Private,332884,Assoc-acdm,12,Divorced,Craft-repair,Not-in-family,White,Male,0,0,40,United-States,0
51,Private,123780,HS-grad,9,Divorced,Machine-op-inspct,Unmarried,White,Female,0,0,40,United-States,0
23,Private,224217,11th,7,Never-married,Transport-moving,Not-in-family,White,Male,0,0,40,Other,0
39,Private,218490,Prof-school,15,Married-civ-spouse,Prof-specialty,Husband,White,Male,15024,0,60,United-States,1
50,Self-emp-not-inc,107581,HS-grad,9,Married-civ-spouse,Sales,Husband,White,Male,0,0,50,United-States,0
35,Private,177449,Bachelors,13,Married-civ-spouse,Sales,Husband,White,Male,0,1887,52,United-States,1
30,Private,285855,9th,5,Married-civ-spouse,Craft-repair,Husband,White,Male,0,0,40,United-States,0
43,Private,206927,Bachelors,13,Married-civ-spouse,Sales,Husband,White,Male,15024,0,50,United-States,1
28,State-gov,140239,HS-grad,9,Separated,Other-service,Own-child,White,Female,0,0,11,United-States,0
33,State-gov,340899,Doctorate,16,Married-civ-spouse,Tech-support,Husband,White,Male,0,0,45,United-States,1
41,Private,97279,HS-grad,9,Married-civ-spouse,Transport-moving,Husband,White,Male,0,0,50,United-States,0
39,Private,223792,HS-grad,9,Married-civ-spouse,Handlers-cleaners,Husband,White,Male,0,0,72,United-States,0
37,Private,52870,Bachelors,13,Married-civ-spouse,Exec-managerial,Husband,White,Male,0,0,40,United-States,0
47,Private,149218,HS-grad,9,Married-civ-spouse,Exec-managerial,Husband,White,Male,0,0,65,United-States,0
31,Private,83413,HS-grad,9,Never-married,Sales,Own-child,White,Male,0,0,40,United-States,0
36,Local-gov,43712,Assoc-voc,11,Divorced,Exec-managerial,Not-in-family,White,Male,0,0,50,United-States,0
40,Private,195124,HS-grad,9,Married-civ-spouse,Craft-repair,Husband,White,Male,0,0,40,Other,0
38,Private,99783,Assoc-voc,11,Married-civ-spouse,Other-service,Wife,White,Female,0,1902,40,United-States,0
33,Private,226296,HS-grad,9,Married-civ-spouse,Other-service,Husband,White,Male,0,1672,50,United-States,0
45,Self-emp-inc,214690,Some-college,10,Separated,Adm-clerical,Not-in-family,White,Male,0,0,40,United-States,0
33,Private,236013,Assoc-acdm,12,Married-civ-spouse,Exec-managerial,Wife,White,Female,0,0,55,United-States,1
66,Self-emp-inc,107627,HS-grad,9,Married-civ-spouse,Sales,Husband,White,Male,0,0,60,United-States,1
52,Federal-gov,165050,HS-grad,9,Never-married,Adm-clerical,Not-in-family,White,Male,0,0,48,United-States,1
31,Private,137385,Some-college,10,Never-married,Tech-support,Not-in-family,Black,Female,0,0,50,United-States,0
39,Private,140854,HS-grad,9,Married-civ-spouse,Transport-moving,Husband,White,Male,0,1902,60,United-States,1
45,Private,71145,Bachelors,13,Divorced,Exec-managerial,Unmarried,White,Male,0,0,45,United-States,1
30,Private,121775,Bachelors,13,Married-civ-spouse,Farming-fishing,Husband,White,Male,0,0,40,United-States,0
21,Private,191324,Some-college,10,Never-married,Other-service,Own-child,White,Male,0,0,25,United-States,0
50,Local-gov,66544,Masters,14,Divorced,Prof-specialty,Unmarried,White,Female,0,0,65,United-States,0
52,Local-gov,72036,Assoc-voc,11,Married-civ-spouse,Adm-clerical,Husband,White,Male,0,0,25,United-States,0
19,Private,158343,Some-college,10,Never-married,Other-service,Own-child,White,Female,0,0,12,United-States,0
51,Private,914061,HS-grad,9,Divorced,Craft-repair,Not-in-family,White,Male,0,0,50,United-States,0
46,Self-emp-not-inc,246891,Prof-school,15,Never-married,Prof-specialty,Not-in-family,White,Male,0,0,99,United-States,1
50,Private,22418,HS-grad,9,Married-civ-spouse,Craft-repair,Husband,White,Male,0,0,40,United-States,0
43,Private,282678,HS-grad,9,Divorced,Exec-managerial,Not-in-family,White,Female,0,0,60,United-States,0
53,Federal-gov,164195,Some-college,10,Married-civ-spouse,Tech-support,Husband,White,Male,4386,0,40,United-States,1
20,Private,151888,Some-college,10,Never-married,Craft-repair,Own-child,White,Male,0,0,40,United-States,0
32,Private,261319,Some-college,10,Married-civ-spouse,Craft-repair,Husband,White,Male,0,0,50,United-States,1
27,Private,150861,Some-college,10,Never-married,Other-service,Own-child,White,Female,0,0,40,United-States,0
62,Private,116289,Bachelors,13,Married-civ-spouse,Prof-specialty,Husband,White,Male,0,0,45,United-States,0
50,Private,137192,Bachelors,13,Married-civ-spouse,Craft-repair,Husband,Asian-Pac-Islander,Male,0,0,20,Philippines,0
26,Private,181613,HS-grad,9,Married-civ-spouse,Machine-op-inspct,Wife,Black,Female,0,0,40,United-States,0
31,Private,246439,HS-grad,9,Never-married,Farming-fishing,Not-in-family,White,Male,0,0,38,United-States,0
33,Private,158438,Some-college,10,Married-civ-spouse,Craft-repair,Husband,White,Male,0,0,50,United-States,1
42,Private,221947,Masters,14,Married-civ-spouse,Exec-managerial,Husband,White,Male,0,0,45,United-States,1
59,Self-emp-inc,132559,Doctorate,16,Married-civ-spouse,Craft-repair,Husband,White,Male,0,1977,55,United-States,1
25,Private,471768,HS-grad,9,Never-married,Adm-clerical,Own-child,Black,Female,0,0,32,United-States,0
73,Self-emp-not-inc,30958,Some-college,10,Married-civ-spouse,Sales,Husband,White,Male,0,0,25,United-States,0
29,Private,251170,HS-grad,9,Divorced,Adm-clerical,Own-child,White,Female,0,0,40,United-States,0
27,Self-emp-not-inc,229126,Bachelors,13,Never-married,Prof-specialty,Not-in-family,Asian-Pac-Islander,Female,0,0,30,United-States,0
47,Private,235431,Primary,1,Never-married,Sales,Unmarried,Black,Female,0,0,40,Other,0
30,Self-emp-inc,133876,HS-grad,9,Married-civ-spouse,Exec-managerial,Husband,White,Male,0,0,45,United-States,0
31,Local-gov,220669,Bachelors,13,Never-married,Prof-specialty,Own-child,White,Female,6849,0,40,United-States,0
34,Private,111567,Some-college,10,Never-married,Exec-managerial,Not-in-family,White,Male,0,0,40,United-States,1
28,Private,264735,Masters,14,Never-married,Adm-clerical,Not-in-family,Asian-Pac-Islander,Male,0,0,50,Other,0
27,Private,148429,HS-grad,9,Married-civ-spouse,Transport-moving,Husband,White,Male,0,0,60,United-States,0
29,Private,94880,Some-college,10,Married-spouse-absent,Craft-repair,Other-relative,White,Male,0,0,40,Mexico,0
30,Private,156464,HS-grad,9,Never-married,Sales,Own-child,White,Male,0,0,40,Other,0
45,Private,131309,Bachelors,13,Never-married,Craft-repair,Not-in-family,White,Male,0,0,32,United-States,0
46,Local-gov,481258,Bachelors,13,Married-civ-spouse,Adm-clerical,Husband,White,Male,0,0,45,United-States,1
46,Self-emp-inc,222829,Masters,14,Married-civ-spouse,Exec-managerial,Husband,White,Male,0,0,60,United-States,1
25,Private,267594,Some-college,10,Married-civ-spouse,Adm-clerical,Wife,White,Female,0,0,40,United-States,0
31,Federal-gov,148207,HS-grad,9,Married-civ-spouse,Protective-serv,Husband,White,Male,0,0,53,United-States,0
26,Private,211695,HS-grad,9,Married-civ-spouse,Adm-clerical,Husband,White,Male,0,0,40,United-States,0
33,Self-emp-not-inc,196480,HS-grad,9,Married-civ-spouse,Craft-repair,Husband,Black,Male,0,0,40,United-States,0
47,Private,189680,Bachelors,13,Never-married,Sales,Own-child,White,Male,0,0,40,United-States,0
33,Private,342458,HS-grad,9,Never-married,Craft-repair,Not-in-family,White,Male,0,0,40,United-States,0
28,Private,161155,Some-college,10,Never-married,Craft-repair,Unmarried,White,Male,0,0,48,United-States,0
62,Private,134779,Some-college,10,Divorced,Prof-specialty,Not-in-family,White,Female,4650,0,40,United-States,0
29,Private,173113,Bachelors,13,Married-civ-spouse,Tech-support,Husband,White,Male,0,0,40,United-States,0
47,Local-gov,47270,Assoc-acdm,12,Separated,Adm-clerical,Unmarried,Black,Female,0,0,40,United-States,0
35,Private,261646,HS-grad,9,Married-civ-spouse,Machine-op-inspct,Husband,White,Male,0,0,40,United-States,0
27,Private,110663,HS-grad,9,Married-civ-spouse,Sales,Husband,White,Male,0,0,50,United-States,0
64,Self-emp-not-inc,163510,Masters,14,Married-civ-spouse,Prof-specialty,Husband,White,Male,0,2415,50,United-States,1
50,Private,392668,Some-college,10,Married-civ-spouse,Machine-op-inspct,Husband,White,Male,4386,0,40,United-States,0
20,Private,123173,Some-college,10,Never-married,Sales,Own-child,Black,Female,0,0,15,United-States,0
33,Private,241697,Some-college,10,Married-spouse-absent,Sales,Unmarried,Amer-Indian-Eskimo,Male,0,1602,40,United-States,0
35,Private,122747,Bachelors,13,Married-civ-spouse,Prof-specialty,Husband,White,Male,0,0,50,United-States,1
75,State-gov,220618,Some-college,10,Widowed,Adm-clerical,Not-in-family,White,Female,0,0,10,United-States,0
67,Private,127921,HS-grad,9,Married-civ-spouse,Exec-managerial,Husband,White,Male,9386,0,40,United-States,1
25,Private,210794,Some-college,10,Never-married,Machine-op-inspct,Own-child,White,Female,0,0,40,United-States,0
47,Private,158924,Bachelors,13,Married-civ-spouse,Exec-managerial,Wife,White,Female,0,0,40,United-States,1
26,Federal-gov,56419,Prof-school,15,Never-married,Prof-specialty,Not-in-family,Asian-Pac-Islander,Female,0,0,20,Other,0
52,Private,389270,Assoc-voc,11,Divorced,Adm-clerical,Not-in-family,White,Female,0,0,36,United-States,0
27,Private,126349,Some-college,10,Never-married,Sales,Not-in-family,White,Male,0,0,49,United-States,0
22,Private,289448,Assoc-acdm,12,Never-married,Adm-clerical,Own-child,Asian-Pac-Islander,Female,0,2205,30,Philippines,0
30,Private,184542,Some-college,10,Never-married,Adm-clerical,Not-in-family,White,Female,0,0,40,United-States,0
21,Private,133582,Primary,3,Never-married,Farming-fishing,Not-in-family,White,Male,2176,0,36,Mexico,0
81,Private,39895,7th-8th,4,Widowed,Exec-managerial,Not-in-family,White,Female,0,0,2,United-States,0
28,Self-emp-not-inc,183151,HS-grad,9,Married-civ-spouse,Craft-repair,Husband,White,Male,0,0,40,United-States,1
35,Private,168817,HS-grad,9,Never-married,Machine-op-inspct,Own-child,White,Male,0,0,40,United-States,0
47,Private,138069,Some-college,10,Married-civ-spouse,Craft-repair,Husband,White,Male,0,0,40,United-States,0
45,Private,358259,Some-college,10,Never-married,Craft-repair,Not-in-family,White,Male,0,0,50,United-States,0
36,Private,362067,Assoc-voc,11,Separated,Adm-clerical,Unmarried,Black,Female,0,0,40,United-States,0
36,Private,116546,HS-grad,9,Married-civ-spouse,Other-service,Husband,White,Male,0,0,40,United-States,0
27,Private,203776,11th,7,Married-civ-spouse,Machine-op-inspct,Husband,White,Male,0,0,40,United-States,0
34,Private,38223,Assoc-voc,11,Married-civ-spouse,Craft-repair,Husband,White,Male,0,0,40,United-States,0
32,Private,153152,10th,6,Married-civ-spouse,Other-service,Husband,White,Male,0,2051,38,United-States,0
52,Private,279440,HS-grad,9,Married-civ-spouse,Exec-managerial,Husband,White,Male,5178,0,40,United-States,1
44,Private,144925,Some-college,10,Divorced,Machine-op-inspct,Not-in-family,White,Male,3325,0,40,United-States,0
33,Private,251990,HS-grad,9,Separated,Adm-clerical,Not-in-family,Other,Male,0,0,37,United-States,0
54,Federal-gov,28683,HS-grad,9,Married-civ-spouse,Adm-clerical,Husband,White,Male,4386,0,41,United-States,1
76,Private,82628,7th-8th,4,Married-civ-spouse,Other-service,Husband,White,Male,0,0,45,United-States,0
60,Federal-gov,286253,HS-grad,9,Married-spouse-absent,Handlers-cleaners,Not-in-family,White,Male,0,0,40,United-States,0
38,Private,200352,Bachelors,13,Married-civ-spouse,Exec-managerial,Husband,White,Male,0,0,50,United-States,0
30,Private,97723,HS-grad,9,Married-civ-spouse,Craft-repair,Husband,White,Male,0,0,35,United-States,1
43,Private,224998,Bachelors,13,Married-civ-spouse,Exec-managerial,Husband,Black,Male,0,1977,40,United-States,1
31,Private,441949,Some-college,10,Married-civ-spouse,Tech-support,Husband,White,Male,0,0,40,Mexico,1
34,Private,104293,Assoc-acdm,12,Never-married,Tech-support,Unmarried,White,Female,0,0,40,United-States,0
37,Private,506830,Bachelors,13,Never-married,Adm-clerical,Not-in-family,Black,Female,0,0,40,United-States,0
41,Private,223548,HS-grad,9,Never-married,Craft-repair,Unmarried,White,Male,0,0,40,Mexico,0
39,Private,312271,Some-college,10,Married-civ-spouse,Sales,Husband,White,Male,0,0,60,United-States,0
34,Private,61308,HS-grad,9,Married-civ-spouse,Exec-managerial,Husband,White,Male,0,0,45,United-States,0
50,Local-gov,163576,Masters,14,Never-married,Prof-specialty,Not-in-family,White,Female,0,0,50,United-States,1
19,Private,348867,HS-grad,9,Never-married,Sales,Other-relative,Black,Female,0,0,15,United-States,0
56,Private,265518,Some-college,10,Married-civ-spouse,Prof-specialty,Husband,White,Male,0,0,45,United-States,0
41,Private,56651,12th,8,Married-civ-spouse,Craft-repair,Husband,White,Male,0,0,40,United-States,0
32,Private,189265,Bachelors,13,Never-married,Adm-clerical,Not-in-family,White,Female,0,0,40,United-States,0
50,Private,81253,HS-grad,9,Married-civ-spouse,Other-service,Wife,Asian-Pac-Islander,Female,0,0,30,United-States,0
21,Private,152668,Some-college,10,Never-married,Other-service,Not-in-family,White,Male,0,0,35,United-States,0
48,Private,101016,Masters,14,Divorced,Prof-specialty,Unmarried,White,Female,0,0,40,United-States,0
69,Private,108196,Bachelors,13,Married-civ-spouse,Transport-moving,Husband,White,Male,0,0,25,Other,0
62,Private,180418,12th,8,Never-married,Craft-repair,Unmarried,White,Male,0,0,40,United-States,0
55,Private,327406,Some-college,10,Divorced,Sales,Not-in-family,White,Male,0,0,65,United-States,1
39,Private,224466,Some-college,10,Divorced,Craft-repair,Unmarried,Black,Male,0,0,24,United-States,0
27,Private,152951,HS-grad,9,Never-married,Machine-op-inspct,Own-child,White,Male,0,0,40,United-States,0
48,Private,377401,Some-college,10,Divorced,Sales,Not-in-family,White,Male,0,0,40,United-States,1
37,Private,191137,HS-grad,9,Married-civ-spouse,Adm-clerical,Husband,White,Male,0,0,42,United-States,0
53,State-gov,101238,Some-college,10,Married-civ-spouse,Exec-managerial,Husband,White,Male,0,0,40,United-States,1
24,Private,199336,HS-grad,9,Never-married,Craft-repair,Unmarried,White,Male,0,0,45,United-States,0
18,Private,163460,Some-college,10,Never-married,Sales,Own-child,Black,Male,0,0,20,United-States,0
18,Private,200290,HS-grad,9,Never-married,Sales,Own-child,White,Male,0,0,35,United-States,0
45,Local-gov,317846,Assoc-acdm,12,Divorced,Exec-managerial,Unmarried,White,Male,0,0,47,United-States,0
28,State-gov,319027,HS-grad,9,Never-married,Prof-specialty,Not-in-family,Black,Female,0,0,40,United-States,0
26,Private,50053,Bachelors,13,Never-married,Prof-specialty,Not-in-family,White,Male,0,0,37,United-States,0
34,Private,198183,Bachelors,13,Never-married,Sales,Not-in-family,White,Female,0,0,50,United-States,0
66,Private,133884,HS-grad,9,Widowed,Craft-repair,Not-in-family,White,Male,0,0,40,United-States,0
55,Self-emp-inc,114495,Bachelors,13,Married-civ-spouse,Exec-managerial,Husband,White,Male,0,2415,50,United-States,1
42,Private,180096,HS-grad,9,Married-civ-spouse,Handlers-cleaners,Husband,White,Male,0,0,60,United-States,0
47,Local-gov,122206,HS-grad,9,Married-civ-spouse,Transport-moving,Husband,White,Male,0,0,20,United-States,1
31,Federal-gov,158847,Assoc-acdm,12,Never-married,Adm-clerical,Own-child,Black,Female,0,0,40,United-States,0
36,State-gov,89625,HS-grad,9,Never-married,Protective-serv,Other-relative,Asian-Pac-Islander,Female,0,0,40,United-States,0
36,Federal-gov,187089,Bachelors,13,Never-married,Exec-managerial,Not-in-family,White,Female,0,0,40,United-States,0
50,Private,193871,Masters,14,Married-civ-spouse,Prof-specialty,Wife,White,Female,0,0,38,United-States,0
36,Private,23892,Assoc-acdm,12,Divorced,Sales,Not-in-family,White,Female,0,0,40,United-States,1
43,Self-emp-not-inc,134440,HS-grad,9,Married-civ-spouse,Farming-fishing,Husband,White,Male,0,0,99,United-States,0
17,Private,507492,11th,7,Never-married,Sales,Own-child,White,Female,0,0,15,Other,0
42,Private,212894,Bachelors,13,Married-civ-spouse,Sales,Husband,White,Male,0,0,70,United-States,1
56,Private,530099,HS-grad,9,Never-married,Craft-repair,Not-in-family,White,Male,0,0,40,United-States,0
23,State-gov,279243,HS-grad,9,Married-civ-spouse,Protective-serv,Husband,White,Male,0,0,38,United-States,0
25,Private,272167,Bachelors,13,Never-married,Adm-clerical,Not-in-family,White,Male,0,0,30,United-States,0
27,Private,96718,HS-grad,9,Married-civ-spouse,Machine-op-inspct,Husband,White,Male,0,0,39,United-States,0
26,Private,152035,HS-grad,9,Never-married,Exec-managerial,Not-in-family,White,Female,0,0,40,United-States,0
37,Private,96483,Assoc-acdm,12,Married-civ-spouse,Adm-clerical,Other-relative,Asian-Pac-Islander,Female,5178,0,38,United-States,1
33,Private,170540,HS-grad,9,Separated,Adm-clerical,Not-in-family,White,Female,0,0,40,United-States,0
40,Self-emp-not-inc,194360,Assoc-voc,11,Married-civ-spouse,Sales,Husband,White,Male,0,0,72,United-States,1
24,State-gov,334693,HS-grad,9,Married-civ-spouse,Adm-clerical,Wife,White,Female,0,0,40,United-States,0
48,Private,44907,Bachelors,13,Divorced,Tech-support,Not-in-family,White,Female,0,0,45,United-States,0
34,Private,190027,HS-grad,9,Separated,Tech-support,Unmarried,Black,Female,0,0,35,United-States,0
32,Private,233838,HS-grad,9,Married-civ-spouse,Transport-moving,Husband,Black,Male,0,0,50,United-States,0
43,Self-emp-inc,25005,Some-college,10,Married-civ-spouse,Exec-managerial,Husband,White,Male,0,0,40,United-States,0
45,Private,92374,Some-college,10,Never-married,Exec-managerial,Not-in-family,Other,Male,13550,0,60,Other,1
28,Private,179008,Assoc-voc,11,Married-civ-spouse,Prof-specialty,Husband,White,Male,0,0,50,United-States,0
30,Private,279923,Some-college,10,Never-married,Sales,Not-in-family,Black,Male,0,0,40,United-States,0
45,Private,165346,Some-college,10,Divorced,Exec-managerial,Unmarried,White,Female,0,0,64,United-States,0
46,Federal-gov,125892,Masters,14,Married-civ-spouse,Exec-managerial,Other-relative,White,Male,15024,0,40,United-States,1
31,Private,101266,Assoc-acdm,12,Married-civ-spouse,Craft-repair,Husband,White,Male,0,0,40,United-States,0
17,Private,347000,12th,8,Never-married,Farming-fishing,Own-child,White,Male,0,0,12,United-States,0
39,State-gov,25806,Masters,14,Married-civ-spouse,Prof-specialty,Husband,Asian-Pac-Islander,Male,0,0,48,Other,0
20,Private,117767,Some-college,10,Never-married,Prof-specialty,Own-child,White,Male,0,0,40,United-States,0
28,Private,105817,Bachelors,13,Never-married,Adm-clerical,Own-child,White,Male,0,0,40,United-States,0
34,Private,37284,Some-college,10,Married-civ-spouse,Craft-repair,Husband,White,Male,0,0,40,United-States,0
31,Private,32289,HS-grad,9,Never-married,Tech-support,Not-in-family,White,Female,0,0,40,United-States,0
53,State-gov,33795,HS-grad,9,Married-civ-spouse,Handlers-cleaners,Husband,White,Male,0,0,40,United-States,0
25,Private,187577,Assoc-acdm,12,Never-married,Craft-repair,Not-in-family,White,Male,0,0,40,United-States,0
26,Private,282643,HS-grad,9,Never-married,Adm-clerical,Own-child,White,Female,0,0,40,United-States,0
34,Private,207685,Bachelors,13,Separated,Prof-specialty,Unmarried,Black,Female,0,0,39,United-States,0
38,Private,186191,HS-grad,9,Divorced,Sales,Not-in-family,White,Male,0,0,60,United-States,0
68,Private,67791,Masters,14,Married-civ-spouse,Prof-specialty,Husband,White,Male,0,0,45,United-States,0
47,Private,95661,Some-college,10,Widowed,Exec-managerial,Not-in-family,White,Female,0,0,45,Other,0
32,Private,119176,HS-grad,9,Married-civ-spouse,Adm-clerical,Wife,White,Female,0,0,44,United-States,0
44,Self-emp-not-inc,460259,Bachelors,13,Married-civ-spouse,Sales,Husband,White,Male,0,0,50,United-States,1
33,Private,194740,12th,8,Married-civ-spouse,Transport-moving,Husband,White,Male,0,0,40,United-States,0
40,Private,193459,Assoc-acdm,12,Separated,Machine-op-inspct,Not-in-family,White,Male,0,0,40,Other,0
38,Private,324053,Bachelors,13,Married-civ-spouse,Sales,Husband,White,Male,0,0,40,United-States,1
55,State-gov,197399,Masters,14,Married-civ-spouse,Prof-specialty,Husband,White,Male,0,0,40,United-States,0
45,Private,166863,10th,6,Married-civ-spouse,Machine-op-inspct,Husband,White,Male,0,0,40,United-States,0
40,Local-gov,104196,12th,8,Married-civ-spouse,Exec-managerial,Husband,White,Male,0,0,40,United-States,0
33,Private,236304,Bachelors,13,Married-civ-spouse,Exec-managerial,Husband,Black,Male,0,0,60,United-States,1
17,Private,192173,9th,5,Never-married,Craft-repair,Other-relative,White,Male,0,0,40,United-States,0
21,Private,129137,HS-grad,9,Never-married,Other-service,Other-relative,White,Female,1055,0,35,United-States,0
24,Private,219122,HS-grad,9,Married-civ-spouse,Sales,Husband,White,Male,0,0,20,Other,0
52,Private,200783,7th-8th,4,Married-civ-spouse,Machine-op-inspct,Husband,White,Male,0,0,60,United-States,0
36,Private,132563,Prof-school,15,Married-civ-spouse,Adm-clerical,Wife,White,Female,0,0,15,United-States,1
41,Self-emp-not-inc,390369,Prof-school,15,Married-civ-spouse,Prof-specialty,Husband,White,Male,0,0,58,United-States,1
56,Federal-gov,208791,Bachelors,13,Married-civ-spouse,Exec-managerial,Husband,Black,Male,0,0,50,United-States,0
40,Private,356934,HS-grad,9,Married-civ-spouse,Craft-repair,Husband,White,Male,0,1902,45,United-States,1
60,Federal-gov,608441,HS-grad,9,Married-civ-spouse,Transport-moving,Husband,Black,Male,0,0,40,United-States,0
48,Self-emp-not-inc,172034,Bachelors,13,Married-civ-spouse,Exec-managerial,Husband,White,Male,0,0,60,United-States,0
39,Private,269168,Bachelors,13,Married-civ-spouse,Prof-specialty,Husband,Asian-Pac-Islander,Male,0,0,45,Other,1
34,Private,302570,HS-grad,9,Married-civ-spouse,Other-service,Husband,Black,Male,0,0,36,United-States,0
30,Self-emp-not-inc,113364,Some-college,10,Never-married,Craft-repair,Own-child,White,Male,0,0,30,United-States,0
35,Private,416745,Bachelors,13,Married-civ-spouse,Prof-specialty,Husband,White,Male,0,0,40,Other,1
23,Private,167868,Some-college,10,Never-married,Adm-clerical,Own-child,White,Female,0,0,24,United-States,0
25,Private,184303,7th-8th,4,Never-married,Priv-house-serv,Other-relative,White,Female,0,0,40,Other,0
58,Private,128258,HS-grad,9,Divorced,Sales,Not-in-family,White,Female,0,0,24,United-States,0
33,Private,179336,Masters,14,Never-married,Adm-clerical,Not-in-family,White,Female,0,0,40,United-States,0
19,Private,240841,Some-college,10,Never-married,Adm-clerical,Own-child,White,Male,0,0,50,United-States,0
45,Private,68896,HS-grad,9,Married-civ-spouse,Machine-op-inspct,Husband,Black,Male,0,0,48,Other,0
40,Local-gov,50563,Masters,14,Married-civ-spouse,Exec-managerial,Husband,Black,Male,0,0,55,United-States,1
68,Private,115772,HS-grad,9,Married-civ-spouse,Protective-serv,Husband,White,Male,0,0,40,Other,0
21,Private,165107,Some-college,10,Never-married,Other-service,Own-child,White,Female,0,0,20,United-States,0
33,Private,309582,Some-college,10,Married-civ-spouse,Transport-moving,Husband,Black,Male,7298,0,50,United-States,1
37,Private,454024,HS-grad,9,Married-civ-spouse,Other-service,Other-relative,Black,Female,0,0,35,United-States,0
58,Federal-gov,26947,Bachelors,13,Widowed,Prof-specialty,Unmarried,Amer-Indian-Eskimo,Female,0,0,40,United-States,0
19,State-gov,139091,Some-college,10,Never-married,Other-service,Own-child,Black,Male,0,0,35,United-States,0
43,Private,149871,HS-grad,9,Never-married,Adm-clerical,Unmarried,Black,Female,0,0,40,United-States,0
41,Self-emp-not-inc,140108,HS-grad,9,Married-civ-spouse,Adm-clerical,Husband,Black,Male,0,0,30,United-States,0
43,Private,163831,Some-college,10,Never-married,Other-service,Not-in-family,White,Male,0,0,40,United-States,0
31,Private,103772,Some-college,10,Divorced,Adm-clerical,Not-in-family,White,Female,0,0,40,United-States,0
43,Private,173590,Bachelors,13,Married-civ-spouse,Sales,Husband,White,Male,0,0,40,United-States,1
33,Private,358655,Bachelors,13,Never-married,Adm-clerical,Own-child,White,Female,0,0,10,United-States,0
38,Self-emp-not-inc,248919,Bachelors,13,Divorced,Prof-specialty,Not-in-family,White,Male,27828,0,35,United-States,1
47,Private,139268,Bachelors,13,Never-married,Tech-support,Not-in-family,White,Male,27828,0,38,United-States,1
40,Private,84801,Bachelors,13,Married-civ-spouse,Exec-managerial,Husband,White,Male,7688,0,40,United-States,1
33,Private,156602,Bachelors,13,Never-married,Sales,Own-child,White,Male,3325,0,43,United-States,0
31,Private,122116,Assoc-voc,11,Married-civ-spouse,Craft-repair,Husband,White,Male,0,0,40,United-States,0
75,Local-gov,73433,HS-grad,9,Married-civ-spouse,Other-service,Husband,White,Male,0,2467,40,Other,0
27,Private,35204,Some-college,10,Married-civ-spouse,Craft-repair,Husband,White,Male,0,0,46,United-States,0
52,Private,233149,Masters,14,Married-civ-spouse,Sales,Husband,White,Male,15024,0,40,United-States,1
54,Private,182855,7th-8th,4,Divorced,Adm-clerical,Not-in-family,White,Female,0,0,40,United-States,0
20,State-gov,231931,Some-college,10,Never-married,Prof-specialty,Own-child,White,Male,0,0,40,United-States,0
22,Private,254351,HS-grad,9,Never-married,Other-service,Not-in-family,White,Male,0,0,45,United-States,0
32,Private,117028,HS-grad,9,Married-civ-spouse,Craft-repair,Husband,White,Male,0,0,40,United-States,0
39,Private,114605,HS-grad,9,Married-civ-spouse,Machine-op-inspct,Husband,White,Male,0,0,40,United-States,0
34,State-gov,275880,Bachelors,13,Separated,Exec-managerial,Unmarried,Black,Female,0,0,38,United-States,0
27,Private,278736,Primary,3,Married-civ-spouse,Craft-repair,Husband,White,Male,0,0,40,Mexico,0
27,Private,321456,Some-college,10,Married-civ-spouse,Protective-serv,Husband,White,Male,0,0,40,United-States,0
51,Private,161599,Bachelors,13,Divorced,Adm-clerical,Not-in-family,White,Female,0,0,40,Other,0
32,Self-emp-not-inc,114419,Assoc-voc,11,Married-civ-spouse,Craft-repair,Husband,White,Male,0,0,50,United-States,0
49,Private,79436,HS-grad,9,Married-civ-spouse,Handlers-cleaners,Husband,White,Male,0,0,48,United-States,0
54,Private,141272,HS-grad,9,Married-civ-spouse,Adm-clerical,Wife,White,Female,0,0,40,United-States,1
31,Private,177675,Some-college,10,Married-civ-spouse,Sales,Husband,White,Male,0,0,60,United-States,1
38,Private,27408,HS-grad,9,Never-married,Farming-fishing,Not-in-family,White,Male,0,0,60,United-States,0
23,Private,265077,Bachelors,13,Never-married,Adm-clerical,Own-child,White,Female,1055,0,10,United-States,0
46,Local-gov,116906,Masters,14,Never-married,Prof-specialty,Not-in-family,Black,Female,0,2258,35,United-States,0
43,Private,163769,10th,6,Separated,Other-service,Unmarried,White,Female,0,0,40,United-States,0
24,Private,118514,HS-grad,9,Never-married,Craft-repair,Own-child,White,Male,0,0,40,United-States,0
38,State-gov,534775,Some-college,10,Never-married,Tech-support,Unmarried,Black,Female,0,0,50,United-States,0
39,Private,170174,Assoc-voc,11,Never-married,Adm-clerical,Own-child,White,Male,14344,0,40,United-States,1
54,Private,335177,HS-grad,9,Divorced,Craft-repair,Unmarried,White,Male,0,0,45,Other,0
40,State-gov,243664,Bachelors,13,Married-civ-spouse,Prof-specialty,Wife,Black,Female,0,0,40,United-States,0
22,Private,372898,Some-college,10,Never-married,Adm-clerical,Own-child,White,Female,0,0,20,United-States,0
48,Private,43479,Assoc-voc,11,Married-civ-spouse,Handlers-cleaners,Husband,White,Male,5013,0,40,United-States,0
34,Federal-gov,207284,12th,8,Married-civ-spouse,Craft-repair,Husband,White,Male,0,0,40,United-States,0
52,Private,93127,11th,7,Married-civ-spouse,Other-service,Husband,White,Male,0,0,32,United-States,0
43,Self-emp-inc,27444,Bachelors,13,Married-civ-spouse,Sales,Husband,White,Male,99999,0,40,United-States,1
30,Private,131415,Bachelors,13,Never-married,Priv-house-serv,Not-in-family,White,Female,0,0,60,United-States,0
39,Private,124090,10th,6,Married-civ-spouse,Transport-moving,Husband,White,Male,0,0,40,United-States,0
27,Federal-gov,115705,Assoc-voc,11,Married-civ-spouse,Adm-clerical,Husband,White,Male,7298,0,50,United-States,1
24,Private,257621,Bachelors,13,Never-married,Exec-managerial,Not-in-family,White,Female,0,0,40,United-States,0
40,Federal-gov,187164,Bachelors,13,Never-married,Tech-support,Own-child,White,Male,0,0,40,United-States,0
39,State-gov,102729,Assoc-acdm,12,Married-civ-spouse,Tech-support,Husband,White,Male,0,0,40,United-States,0
29,Private,168479,Masters,14,Never-married,Sales,Not-in-family,White,Male,0,0,40,United-States,0
37,Private,293475,Assoc-acdm,12,Never-married,Prof-specialty,Not-in-family,White,Female,0,0,40,United-States,0
60,Local-gov,169015,Some-college,10,Widowed,Exec-managerial,Not-in-family,White,Female,0,0,40,United-States,0
37,Self-emp-not-inc,101561,Assoc-voc,11,Married-civ-spouse,Farming-fishing,Husband,White,Male,0,0,50,United-States,1
73,Self-emp-not-inc,110787,Doctorate,16,Married-civ-spouse,Exec-managerial,Husband,White,Male,1409,0,2,United-States,0
30,Private,175878,HS-grad,9,Married-civ-spouse,Craft-repair,Husband,White,Male,0,0,42,United-States,1
35,Private,211494,Bachelors,13,Never-married,Prof-specialty,Not-in-family,White,Male,8614,0,40,Other,1
42,Private,89003,Bachelors,13,Married-civ-spouse,Handlers-cleaners,Husband,White,Male,0,0,50,United-States,0
45,Self-emp-not-inc,176814,Assoc-voc,11,Married-civ-spouse,Sales,Husband,White,Male,3411,0,40,United-States,0
51,Private,138852,10th,6,Married-civ-spouse,Craft-repair,Husband,White,Male,0,0,50,United-States,0
48,Private,167159,HS-grad,9,Never-married,Adm-clerical,Not-in-family,White,Male,0,0,40,United-States,0
22,Private,209034,Some-college,10,Never-married,Other-service,Not-in-family,White,Female,0,0,35,United-States,0
29,Private,103634,HS-grad,9,Never-married,Protective-serv,Unmarried,White,Male,0,0,35,United-States,0
32,Private,147654,HS-grad,9,Married-civ-spouse,Craft-repair,Husband,White,Male,0,1902,40,United-States,1
58,Local-gov,100054,Masters,14,Married-civ-spouse,Prof-specialty,Husband,White,Male,0,0,40,United-States,1
60,Private,241013,HS-grad,9,Married-civ-spouse,Machine-op-inspct,Husband,Black,Male,0,0,40,United-States,0
33,Private,51543,HS-grad,9,Married-civ-spouse,Handlers-cleaners,Husband,White,Male,0,0,60,United-States,0
60,Private,186000,10th,6,Separated,Other-service,Not-in-family,White,Female,0,0,40,United-States,0
37,Private,123586,Bachelors,13,Married-civ-spouse,Tech-support,Husband,Asian-Pac-Islander,Male,0,1902,73,Other,1
52,Private,335997,Bachelors,13,Married-civ-spouse,Tech-support,Husband,White,Male,7688,0,38,United-States,1
60,State-gov,265201,Doctorate,16,Married-civ-spouse,Prof-specialty,Husband,White,Male,0,0,50,United-States,1
33,Private,304833,Bachelors,13,Married-civ-spouse,Sales,Husband,White,Male,0,0,45,United-States,1
37,State-gov,211286,Bachelors,13,Divorced,Prof-specialty,Not-in-family,White,Female,0,0,50,United-States,0
52,Private,177647,HS-grad,9,Divorced,Craft-repair,Not-in-family,White,Male,0,0,47,United-States,0
18,Private,211683,12th,8,Never-married,Handlers-cleaners,Own-child,White,Male,0,0,20,United-States,0
37,Private,162834,Some-college,10,Never-married,Craft-repair,Not-in-family,White,Male,0,0,40,United-States,0
29,Private,255187,Some-college,10,Never-married,Tech-support,Unmarried,Black,Female,0,0,40,United-States,0
27,Private,189565,Doctorate,16,Married-civ-spouse,Prof-specialty,Husband,White,Male,0,0,40,United-States,1
47,Private,165484,Some-college,10,Married-civ-spouse,Craft-repair,Husband,White,Male,0,0,43,United-States,1
38,Private,246463,HS-grad,9,Married-civ-spouse,Craft-repair,Husband,White,Male,0,0,45,United-States,0
42,Private,27661,Assoc-acdm,12,Married-civ-spouse,Exec-managerial,Husband,White,Male,7298,0,50,United-States,1
37,Private,280549,Bachelors,13,Never-married,Adm-clerical,Other-relative,White,Female,0,0,40,United-States,0
34,Private,75454,12th,8,Divorced,Other-service,Unmarried,Black,Female,0,0,40,United-States,0
30,Private,49795,HS-grad,9,Never-married,Adm-clerical,Not-in-family,White,Male,0,0,40,United-States,0
31,Private,382583,HS-grad,9,Never-married,Machine-op-inspct,Own-child,Black,Male,0,0,40,United-States,0
35,Private,130540,Masters,14,Never-married,Prof-specialty,Own-child,White,Male,0,1564,40,United-States,1
52,Private,228516,Some-college,10,Married-civ-spouse,Other-service,Husband,White,Male,0,0,35,United-States,1
46,State-gov,146305,Some-college,10,Divorced,Tech-support,Not-in-family,Other,Female,0,0,48,United-States,0
40,Private,171234,Assoc-voc,11,Never-married,Prof-specialty,Unmarried,White,Female,0,0,24,United-States,0
52,State-gov,295826,Masters,14,Divorced,Prof-specialty,Unmarried,White,Female,0,1876,50,United-States,0
58,State-gov,312351,Bachelors,13,Married-civ-spouse,Prof-specialty,Husband,White,Male,0,0,40,United-States,1
53,Private,239990,HS-grad,9,Married-civ-spouse,Craft-repair,Husband,White,Male,0,0,40,United-States,1
55,Self-emp-not-inc,204387,Bachelors,13,Married-civ-spouse,Sales,Husband,White,Male,0,0,40,United-States,1
34,Private,159187,HS-grad,9,Married-civ-spouse,Machine-op-inspct,Husband,White,Male,0,0,45,United-States,0
25,Private,308144,Bachelors,13,Never-married,Craft-repair,Not-in-family,White,Male,0,0,40,Mexico,0
24,Private,160968,HS-grad,9,Never-married,Machine-op-inspct,Not-in-family,White,Male,0,0,40,United-States,0
52,Private,176240,Bachelors,13,Married-civ-spouse,Exec-managerial,Husband,White,Male,0,0,40,United-States,1
21,Private,107960,Some-college,10,Never-married,Transport-moving,Own-child,Asian-Pac-Islander,Male,0,0,20,Other,0
17,Private,140117,11th,7,Never-married,Sales,Own-child,White,Female,0,0,14,United-States,0
63,Private,81605,HS-grad,9,Married-civ-spouse,Craft-repair,Husband,White,Male,0,0,45,United-States,0
72,Private,132753,Some-college,10,Married-civ-spouse,Adm-clerical,Husband,White,Male,0,0,15,United-States,0
43,Private,67339,Bachelors,13,Never-married,Machine-op-inspct,Not-in-family,White,Male,0,0,15,United-States,0
30,Private,97723,Bachelors,13,Married-civ-spouse,Craft-repair,Husband,White,Male,0,0,30,United-States,0
40,Local-gov,189189,Bachelors,13,Married-civ-spouse,Prof-specialty,Wife,White,Female,0,0,20,United-States,0
43,Self-emp-inc,153205,Prof-school,15,Married-civ-spouse,Prof-specialty,Husband,Asian-Pac-Islander,Male,0,0,70,Other,1
21,Local-gov,224640,Assoc-acdm,12,Never-married,Exec-managerial,Own-child,White,Female,0,0,40,United-States,0
40,Private,133456,HS-grad,9,Married-civ-spouse,Sales,Other-relative,White,Female,0,0,24,United-States,1
47,Local-gov,284871,Prof-school,15,Married-civ-spouse,Prof-specialty,Husband,White,Male,0,0,35,United-States,1
30,Private,189439,HS-grad,9,Married-spouse-absent,Other-service,Unmarried,Black,Female,0,0,38,United-States,0
49,Self-emp-inc,154174,Bachelors,13,Married-civ-spouse,Exec-managerial,Husband,White,Male,0,0,50,United-States,1
60,Private,124987,HS-grad,9,Married-civ-spouse,Sales,Husband,White,Male,0,0,20,United-States,0
33,Private,169886,12th,8,Separated,Other-service,Unmarried,White,Female,0,0,50,Other,0
65,Private,151287,Masters,14,Separated,Exec-managerial,Not-in-family,Black,Male,0,0,20,United-States,0
60,Private,247483,Some-college,10,Divorced,Exec-managerial,Not-in-family,White,Male,0,0,40,United-States,0
55,Private,426263,HS-grad,9,Married-civ-spouse,Adm-clerical,Husband,White,Male,0,0,40,United-States,0
24,Private,200121,HS-grad,9,Never-married,Craft-repair,Not-in-family,White,Male,0,0,45,United-States,0
57,Self-emp-not-inc,204387,Bachelors,13,Married-civ-spouse,Exec-managerial,Husband,White,Male,0,1977,10,United-States,1
34,Private,107417,HS-grad,9,Married-civ-spouse,Craft-repair,Husband,White,Male,0,0,40,United-States,0
38,Private,152307,Some-college,10,Married-civ-spouse,Exec-managerial,Husband,White,Male,0,0,30,United-States,1
59,Private,192671,11th,7,Married-civ-spouse,Adm-clerical,Husband,White,Male,7298,0,40,United-States,1
22,Private,293136,Some-college,10,Never-married,Other-service,Own-child,White,Female,0,0,30,United-States,0
61,Private,224699,Bachelors,13,Married-civ-spouse,Exec-managerial,Wife,White,Female,0,0,30,United-States,1
47,Federal-gov,187581,Bachelors,13,Married-civ-spouse,Adm-clerical,Husband,White,Male,0,0,48,United-States,1
56,Private,154490,Some-college,10,Never-married,Adm-clerical,Not-in-family,White,Female,0,0,38,United-States,0
42,Local-gov,150533,Masters,14,Married-civ-spouse,Prof-specialty,Husband,White,Male,0,0,46,United-States,0
31,Private,280927,Bachelors,13,Never-married,Exec-managerial,Not-in-family,White,Female,0,0,40,United-States,1
31,Private,234537,Bachelors,13,Married-civ-spouse,Prof-specialty,Husband,White,Male,7298,0,50,United-States,1
54,Private,205337,HS-grad,9,Married-civ-spouse,Machine-op-inspct,Husband,White,Male,0,0,45,United-States,0
24,Private,196280,Assoc-voc,11,Never-married,Tech-support,Own-child,White,Female,0,0,38,United-States,0
38,Private,276552,Some-college,10,Married-civ-spouse,Prof-specialty,Husband,White,Male,0,0,50,United-States,0
43,State-gov,198766,HS-grad,9,Never-married,Other-service,Own-child,White,Female,0,0,40,United-States,0
54,Private,159755,HS-grad,9,Married-civ-spouse,Exec-managerial,Husband,White,Male,7688,0,40,United-States,1
56,Federal-gov,101847,HS-grad,9,Married-civ-spouse,Adm-clerical,Husband,White,Male,4064,0,40,United-States,0
44,Self-emp-not-inc,180096,Masters,14,Divorced,Exec-managerial,Not-in-family,White,Male,0,0,20,United-States,0
21,Private,129232,Some-college,10,Never-married,Adm-clerical,Own-child,White,Male,0,0,40,United-States,0
33,Private,213722,HS-grad,9,Married-civ-spouse,Transport-moving,Husband,White,Male,0,0,35,Other,0
20,Private,374116,11th,7,Never-married,Sales,Own-child,White,Female,0,0,40,United-States,0
37,Private,241153,Bachelors,13,Married-civ-spouse,Prof-specialty,Husband,White,Male,15024,0,50,United-States,1
49,Private,186706,HS-grad,9,Married-civ-spouse,Craft-repair,Wife,White,Female,7688,0,40,United-States,1
53,Private,119170,HS-grad,9,Married-civ-spouse,Transport-moving,Husband,Black,Male,0,1740,40,United-States,0
48,Private,194526,Some-college,10,Married-civ-spouse,Sales,Wife,White,Female,0,0,40,United-States,0
47,Private,195963,7th-8th,4,Never-married,Transport-moving,Not-in-family,Other,Male,0,0,48,Other,0
24,Private,345066,HS-grad,9,Never-married,Handlers-cleaners,Not-in-family,Black,Female,0,0,50,United-States,0
56,Private,78707,9th,5,Married-civ-spouse,Other-service,Wife,White,Female,4508,0,28,United-States,0
33,Local-gov,203051,HS-grad,9,Never-married,Adm-clerical,Own-child,White,Male,0,0,46,United-States,0
41,Private,27305,HS-grad,9,Divorced,Craft-repair,Not-in-family,White,Male,0,0,40,United-States,0
32,Private,341672,Bachelors,13,Never-married,Sales,Not-in-family,Asian-Pac-Islander,Male,2174,0,45,Other,0
34,Self-emp-not-inc,338042,HS-grad,9,Married-civ-spouse,Farming-fishing,Husband,White,Male,0,0,60,United-States,0
51,Private,201062,HS-grad,9,Married-civ-spouse,Other-service,Other-relative,Black,Female,0,0,40,Other,0
41,Private,120277,HS-grad,9,Divorced,Machine-op-inspct,Not-in-family,White,Male,0,0,40,United-States,0
26,Private,209384,Some-college,10,Married-civ-spouse,Handlers-cleaners,Husband,White,Male,0,0,40,United-States,0
64,Private,268965,HS-grad,9,Divorced,Adm-clerical,Not-in-family,White,Female,0,0,22,United-States,0
47,Private,128378,Assoc-voc,11,Married-civ-spouse,Adm-clerical,Husband,Black,Male,0,0,40,United-States,0
45,Private,110243,Masters,14,Married-civ-spouse,Exec-managerial,Husband,White,Male,0,0,50,United-States,1
51,Private,231919,11th,7,Married-civ-spouse,Craft-repair,Husband,White,Male,0,0,45,United-States,0
46,Private,177536,Some-college,10,Divorced,Sales,Unmarried,White,Male,0,0,60,United-States,0
58,Self-emp-not-inc,162970,Some-college,10,Married-civ-spouse,Craft-repair,Husband,White,Male,0,0,40,United-States,0
29,Local-gov,152461,Bachelors,13,Never-married,Tech-support,Not-in-family,White,Female,0,0,40,United-States,0
33,Local-gov,189145,Bachelors,13,Never-married,Prof-specialty,Not-in-family,White,Female,0,0,20,United-States,0
31,Private,198103,HS-grad,9,Never-married,Machine-op-inspct,Own-child,White,Male,0,0,40,United-States,0
39,Self-emp-inc,144154,Bachelors,13,Never-married,Prof-specialty,Unmarried,White,Female,0,0,80,United-States,0
38,State-gov,185180,Prof-school,15,Married-civ-spouse,Prof-specialty,Husband,White,Male,7688,0,40,United-States,1
37,Self-emp-not-inc,50096,Assoc-voc,11,Married-civ-spouse,Craft-repair,Husband,White,Male,0,0,30,United-States,0
52,Private,224198,HS-grad,9,Married-civ-spouse,Exec-managerial,Wife,White,Female,0,0,45,United-States,0
57,Private,111553,9th,5,Married-civ-spouse,Transport-moving,Husband,White,Male,0,0,50,United-States,0
42,Private,152629,Some-college,10,Married-civ-spouse,Sales,Husband,White,Male,0,0,45,United-States,1
50,Private,155434,HS-grad,9,Married-civ-spouse,Handlers-cleaners,Husband,White,Male,0,0,40,United-States,1
53,Private,174655,7th-8th,4,Never-married,Other-service,Own-child,White,Male,0,0,40,United-States,0
58,State-gov,32367,Some-college,10,Married-civ-spouse,Exec-managerial,Husband,White,Male,0,0,40,United-States,0
25,Private,136277,Bachelors,13,Never-married,Adm-clerical,Own-child,Black,Female,0,0,40,United-States,0
29,Private,260346,HS-grad,9,Separated,Other-service,Not-in-family,White,Female,0,0,25,United-States,0
37,Private,54159,HS-grad,9,Never-married,Farming-fishing,Not-in-family,White,Male,0,0,45,United-States,0
35,Private,138441,HS-grad,9,Married-civ-spouse,Adm-clerical,Husband,White,Male,0,0,40,United-States,0
27,Local-gov,190330,Assoc-voc,11,Never-married,Exec-managerial,Own-child,White,Female,0,0,40,United-States,0
38,Federal-gov,236648,HS-grad,9,Married-civ-spouse,Craft-repair,Husband,White,Male,0,0,40,United-States,0
19,Private,135066,Some-college,10,Never-married,Adm-clerical,Not-in-family,White,Female,0,0,20,United-States,0
72,Self-emp-not-inc,379376,Prof-school,15,Married-civ-spouse,Prof-specialty,Husband,White,Male,0,0,35,United-States,0
31,Self-emp-inc,72744,HS-grad,9,Divorced,Other-service,Unmarried,White,Male,0,0,30,United-States,0
36,Private,397877,HS-grad,9,Married-civ-spouse,Craft-repair,Husband,White,Male,5013,0,30,United-States,0
40,Local-gov,108765,HS-grad,9,Married-civ-spouse,Adm-clerical,Wife,Amer-Indian-Eskimo,Female,0,0,40,United-States,0
59,Private,264048,HS-grad,9,Married-civ-spouse,Transport-moving,Husband,White,Male,0,0,35,United-States,1
41,Private,231793,HS-grad,9,Divorced,Other-service,Unmarried,White,Female,0,0,40,United-States,0
43,Local-gov,487770,10th,6,Married-civ-spouse,Other-service,Husband,White,Male,0,0,40,United-States,0
28,Private,182509,Assoc-voc,11,Never-married,Sales,Not-in-family,White,Male,0,0,40,United-States,0
64,Self-emp-inc,119182,HS-grad,9,Married-civ-spouse,Exec-managerial,Husband,White,Male,0,0,40,Other,0
23,Private,362623,10th,6,Married-civ-spouse,Other-service,Husband,White,Male,0,1573,30,Mexico,0
36,Private,143912,HS-grad,9,Divorced,Transport-moving,Not-in-family,White,Male,0,0,45,United-States,0
48,Private,250733,Some-college,10,Married-civ-spouse,Craft-repair,Husband,White,Male,0,0,50,United-States,0
36,Private,372525,Some-college,10,Married-civ-spouse,Sales,Husband,White,Male,0,0,48,United-States,0
21,Private,338162,HS-grad,9,Married-civ-spouse,Machine-op-inspct,Wife,Black,Female,0,0,37,United-States,0
34,Self-emp-not-inc,143078,Assoc-voc,11,Never-married,Other-service,Not-in-family,White,Male,0,0,40,United-States,0
26,Private,102476,HS-grad,9,Never-married,Craft-repair,Own-child,White,Male,0,0,40,United-States,0
17,Private,160029,11th,7,Never-married,Sales,Own-child,White,Female,0,0,14,United-States,0
70,Self-emp-not-inc,152066,HS-grad,9,Married-civ-spouse,Farming-fishing,Husband,White,Male,0,0,50,United-States,0
35,Self-emp-not-inc,368140,HS-grad,9,Married-civ-spouse,Transport-moving,Husband,White,Male,0,0,65,United-States,1
46,Private,220979,Some-college,10,Divorced,Tech-support,Not-in-family,Amer-Indian-Eskimo,Male,13550,0,40,United-States,1
22,Private,40052,Bachelors,13,Never-married,Exec-managerial,Not-in-family,White,Male,0,0,40,United-States,0
32,Private,162160,Some-college,10,Married-civ-spouse,Exec-managerial,Husband,White,Male,0,0,40,United-States,0
29,Private,211331,HS-grad,9,Never-married,Exec-managerial,Not-in-family,White,Male,0,0,50,Mexico,0
38,State-gov,149135,Assoc-acdm,12,Never-married,Adm-clerical,Not-in-family,Black,Male,0,0,40,United-States,0
42,Private,166740,Bachelors,13,Married-civ-spouse,Sales,Husband,White,Male,0,1887,50,United-States,1
55,Self-emp-not-inc,376548,HS-grad,9,Married-civ-spouse,Farming-fishing,Husband,White,Male,0,0,50,United-States,0
30,Private,226535,HS-grad,9,Never-married,Transport-moving,Not-in-family,White,Male,4865,0,40,United-States,0
62,Private,49424,Bachelors,13,Married-civ-spouse,Prof-specialty,Husband,White,Male,5178,0,40,United-States,1
49,Local-gov,181970,Bachelors,13,Married-civ-spouse,Exec-managerial,Husband,White,Male,0,0,40,United-States,0
19,Private,136391,HS-grad,9,Never-married,Tech-support,Own-child,White,Female,0,0,20,United-States,0
40,Private,109800,HS-grad,9,Married-civ-spouse,Handlers-cleaners,Husband,Black,Male,0,0,40,United-States,0
18,Private,414166,12th,8,Never-married,Other-service,Own-child,Black,Female,0,0,32,United-States,0
65,Self-emp-inc,150095,HS-grad,9,Married-civ-spouse,Transport-moving,Husband,White,Male,0,0,40,United-States,0
50,Self-emp-not-inc,165219,Prof-school,15,Married-civ-spouse,Prof-specialty,Wife,White,Female,0,0,35,United-States,1
38,Private,49115,HS-grad,9,Married-civ-spouse,Transport-moving,Husband,White,Male,0,0,55,United-States,0
27,Private,76978,HS-grad,9,Never-married,Other-service,Own-child,Black,Female,0,0,40,United-States,0
30,Private,226696,Bachelors,13,Married-civ-spouse,Sales,Husband,White,Male,0,0,40,United-States,1
26,Private,235520,Bachelors,13,Married-civ-spouse,Adm-clerical,Husband,White,Male,0,0,40,United-States,1
40,Private,95639,HS-grad,9,Separated,Handlers-cleaners,Unmarried,Amer-Indian-Eskimo,Male,0,0,45,United-States,0
49,State-gov,189762,Some-college,10,Divorced,Exec-managerial,Unmarried,White,Male,0,0,40,United-States,0
49,Private,243190,Assoc-voc,11,Divorced,Tech-support,Not-in-family,White,Female,0,0,40,United-States,0
23,Private,244413,12th,8,Married-civ-spouse,Craft-repair,Husband,Black,Male,0,0,30,Other,0
33,Self-emp-not-inc,105229,Bachelors,13,Married-civ-spouse,Exec-managerial,Husband,White,Male,0,0,40,United-States,0
23,State-gov,112137,Bachelors,13,Never-married,Prof-specialty,Not-in-family,Other,Female,0,0,40,Other,0
26,Private,231638,Masters,14,Never-married,Prof-specialty,Not-in-family,White,Female,0,0,40,United-States,0
60,Private,140516,Some-college,10,Widowed,Exec-managerial,Not-in-family,White,Female,0,0,40,United-States,0
52,Private,114674,Bachelors,13,Married-civ-spouse,Prof-specialty,Husband,White,Male,0,0,52,United-States,1
29,Private,194640,HS-grad,9,Never-married,Craft-repair,Own-child,White,Male,0,0,40,United-States,0
32,Private,93699,HS-grad,9,Widowed,Machine-op-inspct,Unmarried,White,Female,0,0,40,United-States,0
51,Private,94819,Masters,14,Married-civ-spouse,Sales,Husband,White,Male,0,0,30,United-States,0
50,Private,155574,Assoc-acdm,12,Married-civ-spouse,Transport-moving,Husband,White,Male,0,0,55,United-States,1
41,Private,76625,Assoc-acdm,12,Married-civ-spouse,Prof-specialty,Husband,White,Male,0,0,40,United-States,1
18,Private,192254,Some-college,10,Never-married,Sales,Other-relative,White,Female,0,0,15,United-States,0
52,Private,618130,HS-grad,9,Divorced,Other-service,Own-child,Black,Female,0,0,40,United-States,0
28,Private,190539,Bachelors,13,Never-married,Prof-specialty,Not-in-family,White,Male,0,0,50,United-States,0
33,Private,92462,Assoc-acdm,12,Never-married,Sales,Unmarried,Black,Male,0,0,32,United-States,0
48,Private,129974,Bachelors,13,Divorced,Exec-managerial,Not-in-family,White,Female,0,0,40,United-States,0
41,Private,381510,Some-college,10,Never-married,Other-service,Own-child,White,Male,0,0,50,United-States,0
25,Private,184120,Bachelors,13,Never-married,Exec-managerial,Not-in-family,White,Male,0,0,45,United-States,0
26,Private,464552,9th,5,Never-married,Handlers-cleaners,Own-child,White,Male,0,0,45,Mexico,0
21,Private,210053,Some-college,10,Never-married,Adm-clerical,Own-child,White,Female,0,0,40,United-States,0
43,Private,435266,Doctorate,16,Separated,Exec-managerial,Not-in-family,White,Female,14084,0,60,United-States,1
49,Private,253973,10th,6,Never-married,Exec-managerial,Not-in-family,White,Female,0,0,40,United-States,0
41,Private,462964,HS-grad,9,Divorced,Exec-managerial,Not-in-family,White,Male,2174,0,50,United-States,0
19,Private,158603,HS-grad,9,Never-married,Handlers-cleaners,Not-in-family,Black,Male,0,0,37,United-States,0
23,Private,399449,11th,7,Never-married,Other-service,Own-child,White,Female,0,0,40,United-States,0
26,Private,121427,Bachelors,13,Never-married,Exec-managerial,Own-child,White,Female,0,0,40,United-States,0
36,Private,174242,Prof-school,15,Married-civ-spouse,Prof-specialty,Husband,White,Male,7298,0,50,United-States,1
36,Private,224531,HS-grad,9,Married-civ-spouse,Craft-repair,Husband,White,Male,0,0,40,Other,1
55,Self-emp-not-inc,225623,Some-college,10,Married-civ-spouse,Farming-fishing,Husband,White,Male,0,0,40,United-States,0
24,Private,56121,Primary,3,Married-civ-spouse,Farming-fishing,Husband,White,Male,0,0,60,Mexico,0
44,Private,143939,Some-college,10,Separated,Adm-clerical,Unmarried,White,Female,0,0,40,United-States,0
52,Private,196504,7th-8th,4,Married-civ-spouse,Handlers-cleaners,Husband,White,Male,0,0,40,United-States,0
29,Private,145182,HS-grad,9,Never-married,Protective-serv,Own-child,Black,Female,0,0,20,United-States,0
49,Private,182541,10th,6,Married-civ-spouse,Handlers-cleaners,Husband,White,Male,0,1485,40,United-States,1
29,Private,67306,HS-grad,9,Never-married,Adm-clerical,Unmarried,Amer-Indian-Eskimo,Female,0,0,40,United-States,0
49,Private,174426,Some-college,10,Married-civ-spouse,Sales,Husband,White,Male,0,1977,50,United-States,1
49,Federal-gov,193998,Some-college,10,Never-married,Craft-repair,Not-in-family,Black,Male,0,0,40,United-States,0
61,Self-emp-not-inc,151369,Masters,14,Married-civ-spouse,Prof-specialty,Husband,White,Male,99999,0,30,United-States,1
40,Local-gov,36296,Bachelors,13,Married-civ-spouse,Prof-specialty,Husband,White,Male,0,0,50,United-States,1
33,Private,172584,HS-grad,9,Never-married,Adm-clerical,Not-in-family,White,Female,0,1590,50,United-States,0
43,Self-emp-not-inc,174295,11th,7,Married-civ-spouse,Other-service,Husband,White,Male,0,0,40,United-States,0
38,Private,220694,Masters,14,Married-civ-spouse,Exec-managerial,Husband,White,Male,0,0,50,United-States,1
32,Private,74501,Masters,14,Never-married,Sales,Own-child,White,Female,0,0,50,United-States,0
34,Local-gov,207668,Masters,14,Married-civ-spouse,Prof-specialty,Husband,White,Male,0,0,41,United-States,1
34,State-gov,103642,HS-grad,9,Married-civ-spouse,Other-service,Husband,White,Male,0,1651,40,United-States,0
43,Private,201723,HS-grad,9,Married-civ-spouse,Other-service,Husband,White,Male,0,0,40,United-States,0
51,Private,176608,HS-grad,9,Married-civ-spouse,Machine-op-inspct,Wife,White,Female,0,0,40,United-States,0
48,Private,156926,Bachelors,13,Married-civ-spouse,Sales,Husband,White,Male,0,0,45,United-States,1
32,Private,196125,HS-grad,9,Married-civ-spouse,Machine-op-inspct,Husband,White,Male,0,0,40,United-States,1
25,Private,157028,Bachelors,13,Never-married,Sales,Not-in-family,White,Male,0,0,60,United-States,0
27,Private,133770,Bachelors,13,Never-married,Prof-specialty,Not-in-family,Asian-Pac-Islander,Male,2202,0,52,Philippines,0
32,Private,24529,Assoc-voc,11,Married-civ-spouse,Sales,Husband,White,Male,5178,0,60,United-States,1
24,Private,374763,11th,7,Separated,Craft-repair,Not-in-family,White,Male,0,0,40,Mexico,0
35,Private,176967,Some-college,10,Married-civ-spouse,Protective-serv,Husband,White,Male,0,0,40,United-States,0
27,Private,430340,Some-college,10,Never-married,Sales,Not-in-family,White,Female,0,0,45,United-States,0
51,Private,82720,HS-grad,9,Married-civ-spouse,Craft-repair,Husband,White,Male,0,0,40,United-States,0
38,Private,247547,Assoc-voc,11,Never-married,Adm-clerical,Unmarried,Black,Female,0,0,40,United-States,0
