age,workclass,fnlwgt,education,education-num,marital-status,occupation,relationship,race,sex,capital-gain,capital-loss,hours-per-week,native-country,income
50,Self-emp-not-inc,83311,Bachelors,13,Married-civ-spouse,Exec-managerial,Husband,White,Male,0,0,13,United-States,0
37,Private,280464,Some-college,10,Married-civ-spouse,Exec-managerial,Husband,Black,Male,0,0,80,United-States,1
32,Private,186824,HS-grad,9,Never-married,Machine-op-inspct,Unmarried,White,Male,0,0,40,United-States,0
43,Self-emp-not-inc,292175,Masters,14,Divorced,Exec-managerial,Unmarried,White,Female,0,0,45,United-States,1
43,Private,117037,11th,7,Married-civ-spouse,Transport-moving,Husband,White,Male,0,2042,40,United-States,0
56,Local-gov,216851,Bachelors,13,Married-civ-spouse,Tech-support,Husband,White,Male,0,0,40,United-States,1
45,Private,386940,Bachelors,13,Divorced,Exec-managerial,Own-child,White,Male,0,1408,40,United-States,0
31,Private,507875,9th,5,Married-civ-spouse,Machine-op-inspct,Husband,White,Male,0,0,43,United-States,0
43,Private,237993,Some-college,10,Married-civ-spouse,Tech-support,Husband,White,Male,0,0,40,United-States,1
30,Private,59496,Bachelors,13,Married-civ-spouse,Sales,Husband,White,Male,2407,0,40,United-States,0
23,Private,211678,Some-college,10,Never-married,Machine-op-inspct,Not-in-family,White,Male,0,0,40,United-States,0
79,Private,124744,Some-college,10,Married-civ-spouse,Prof-specialty,Other-relative,White,Male,0,0,20,United-States,0
57,Private,249977,Assoc-voc,11,Married-civ-spouse,Prof-specialty,Husband,White,Male,0,0,40,United-States,0
30,Private,117747,HS-grad,9,Married-civ-spouse,Sales,Wife,Asian-Pac-Islander,Female,0,1573,35,Other,0
38,Federal-gov,125933,Masters,14,Married-civ-spouse,Prof-specialty,Husband,White,Male,0,0,40,Other,1
48,Private,187715,HS-grad,9,Married-civ-spouse,Craft-repair,Husband,White,Male,0,0,46,United-States,0
71,Self-emp-not-inc,494223,Some-college,10,Separated,Sales,Unmarried,Black,Male,0,1816,2,United-States,0
29,Private,191535,HS-grad,9,Divorced,Craft-repair,Not-in-family,White,Male,0,0,60,United-States,0
42,Private,228456,Bachelors,13,Separated,Other-service,Other-relative,Black,Male,0,0,50,United-States,0
25,Private,252752,HS-grad,9,Never-married,Other-service,Unmarried,White,Female,0,0,40,United-States,0
27,Private,124953,HS-grad,9,Never-married,Other-service,Not-in-family,White,Male,0,1980,40,United-States,0
30,Private,633742,Some-college,10,Never-married,Craft-repair,Not-in-family,Black,Male,0,0,45,United-States,0
26,Private,397317,Masters,14,Never-married,Prof-specialty,Not-in-family,White,Female,0,1876,40,United-States,0
42,Local-gov,254817,Some-college,10,Never-married,Prof-specialty,Not-in-family,White,Female,0,1340,40,United-States,0
28,Private,76714,Prof-school,15,Never-married,Prof-specialty,Not-in-family,White,Male,0,0,55,United-States,1
32,Private,183916,HS-grad,9,Never-married,Other-service,Not-in-family,White,Female,0,0,34,United-States,0
59,Local-gov,171328,10th,6,Widowed,Other-service,Unmarried,Black,Female,0,0,30,United-States,0
19,Local-gov,27382,Some-college,10,Never-married,Adm-clerical,Own-child,White,Male,0,0,40,United-States,0
41,Private,220531,Prof-school,15,Married-civ-spouse,Prof-specialty,Husband,White,Male,0,0,60,United-States,1
21,Private,231931,Some-college,10,Never-married,Sales,Own-child,White,Male,0,0,45,United-States,0
27,Private,248402,Bachelors,13,Never-married,Tech-support,Unmarried,Black,Female,0,0,40,United-States,0
65,Private,111095,HS-grad,9,Married-civ-spouse,Transport-moving,Husband,White,Male,0,0,16,United-States,0
37,Self-emp-inc,57424,Bachelors,13,Divorced,Sales,Not-in-family,White,Female,0,0,60,United-States,0
21,Private,153718,Some-college,10,Never-married,Other-service,Not-in-family,Asian-Pac-Islander,Female,0,0,25,United-States,0
43,Private,173321,HS-grad,9,Divorced,Adm-clerical,Not-in-family,White,Female,0,0,40,United-States,0
26,Private,193945,Assoc-acdm,12,Never-married,Tech-support,Not-in-family,White,Male,0,0,45,United-States,0
41,Self-emp-inc,34987,Some-college,10,Married-civ-spouse,Farming-fishing,Husband,White,Male,0,0,54,United-States,1
26,Private,59306,Bachelors,13,Never-married,Sales,Not-in-family,White,Male,0,0,40,United-States,0
29,Private,423158,Some-college,10,Never-married,Tech-support,Not-in-family,White,Female,0,0,40,United-States,0
45,Private,261192,HS-grad,9,Married-civ-spouse,Other-service,Husband,Black,Male,0,0,40,United-States,0
56,Private,101128,Assoc-acdm,12,Married-spouse-absent,Other-service,Not-in-family,White,Male,0,0,25,Other,0
65,Private,161400,11th,7,Widowed,Other-service,Unmarried,Other,Male,0,0,40,United-States,0
22,Private,410439,HS-grad,9,Married-spouse-absent,Sales,Not-in-family,White,Male,0,0,55,United-States,0
28,Private,92262,HS-grad,9,Married-civ-spouse,Craft-repair,Husband,White,Male,0,0,40,United-States,0
33,Private,267404,HS-grad,9,Married-civ-spouse,Craft-repair,Wife,White,Female,0,0,40,United-States,0
27,Private,301302,Bachelors,13,Never-married,Craft-repair,Not-in-family,White,Male,0,0,50,United-States,0
52,Self-emp-inc,132178,Bachelors,13,Married-civ-spouse,Exec-managerial,Husband,White,Male,0,0,50,United-States,1
33,Private,118500,Some-college,10,Divorced,Exec-managerial,Unmarried,White,Female,0,0,40,United-States,0
32,State-gov,92003,Bachelors,13,Married-civ-spouse,Exec-managerial,Wife,White,Female,0,0,40,United-States,1
33,Private,208405,Masters,14,Married-civ-spouse,Prof-specialty,Husband,White,Male,0,0,50,United-States,1
34,Local-gov,284843,HS-grad,9,Never-married,Farming-fishing,Not-in-family,Black,Male,594,0,60,United-States,0
29,Private,363425,Bachelors,13,Never-married,Prof-specialty,Not-in-family,White,Male,0,0,40,United-States,0
35,Private,285020,HS-grad,9,Never-married,Craft-repair,Not-in-family,White,Male,0,0,40,United-States,0
23,Private,197904,HS-grad,9,Never-married,Other-service,Unmarried,White,Female,0,0,35,United-States,0
59,Local-gov,286967,HS-grad,9,Married-civ-spouse,Transport-moving,Husband,White,Male,0,0,45,United-States,0
38,Private,91039,Bachelors,13,Married-civ-spouse,Sales,Husband,White,Male,15024,0,60,United-States,1
35,Private,32220,Assoc-acdm,12,Never-married,Exec-managerial,Not-in-family,White,Female,0,0,60,United-States,0
34,Private,187251,HS-grad,9,Divorced,Prof-specialty,Unmarried,White,Female,0,0,25,United-States,0
24,Private,388093,Bachelors,13,Never-married,Exec-managerial,Not-in-family,Black,Male,0,0,40,United-States,0
29,Private,133937,Doctorate,16,Never-married,Prof-specialty,Own-child,White,Male,0,0,40,United-States,0
27,Private,201872,Some-college,10,Married-civ-spouse,Sales,Husband,White,Male,0,0,50,United-States,0
35,Local-gov,233327,Some-college,10,Married-civ-spouse,Protective-serv,Husband,White,Male,0,0,40,United-States,0
31,Private,323069,HS-grad,9,Separated,Adm-clerical,Unmarried,White,Female,0,0,20,Other,0
30,Private,152453,11th,7,Married-civ-spouse,Other-service,Husband,White,Male,0,0,40,Mexico,0
28,Private,114053,Bachelors,13,Never-married,Transport-moving,Not-in-family,White,Male,0,0,55,United-States,0
43,Self-emp-inc,188436,Masters,14,Married-civ-spouse,Exec-managerial,Husband,White,Male,5013,0,45,United-States,0
45,Private,433665,7th-8th,4,Separated,Other-service,Unmarried,White,Female,0,0,40,Mexico,0
51,Private,95469,HS-grad,9,Married-civ-spouse,Prof-specialty,Husband,White,Male,0,0,40,United-States,0
29,Private,350162,Bachelors,13,Married-civ-spouse,Exec-managerial,Wife,White,Male,0,0,40,United-States,1
31,Self-emp-not-inc,340939,Bachelors,13,Never-married,Tech-support,Not-in-family,White,Male,0,0,40,United-States,0
21,Private,197747,Some-college,10,Never-married,Sales,Own-child,White,Female,0,0,24,United-States,0
18,Private,156764,11th,7,Never-married,Other-service,Own-child,White,Male,0,0,40,United-States,0
46,Private,102388,Prof-school,15,Married-civ-spouse,Prof-specialty,Husband,White,Male,15024,0,45,United-States,1
21,Private,226181,Bachelors,13,Never-married,Handlers-cleaners,Not-in-family,White,Male,0,0,40,United-States,0
36,Private,188563,Some-college,10,Married-civ-spouse,Sales,Husband,White,Male,5178,0,50,United-States,1
30,State-gov,169496,Bachelors,13,Married-civ-spouse,Tech-support,Husband,White,Male,0,0,40,United-States,1
40,Private,229148,12th,8,Married-civ-spouse,Other-service,Husband,Black,Male,0,0,40,Other,0
18,Private,208103,11th,7,Never-married,Other-service,Other-relative,White,Male,0,0,25,United-States,0
40,Private,144995,Assoc-voc,11,Married-civ-spouse,Tech-support,Husband,White,Male,4386,0,40,United-States,0
31,Private,295697,HS-grad,9,Separated,Other-service,Unmarried,Black,Female,0,0,40,United-States,0
65,Self-emp-not-inc,118474,11th,7,Married-civ-spouse,Exec-managerial,Husband,White,Male,9386,0,59,Other,1
42,Local-gov,126319,Bachelors,13,Married-civ-spouse,Prof-specialty,Wife,White,Female,0,0,40,United-States,1
32,Private,267736,Some-college,10,Never-married,Adm-clerical,Own-child,Black,Female,0,0,40,United-States,0
32,Private,283268,10th,6,Separated,Other-service,Unmarried,White,Female,0,0,42,United-States,0
23,Local-gov,282579,Assoc-voc,11,Divorced,Tech-support,Not-in-family,White,Male,0,0,56,United-States,0
41,Self-emp-inc,32185,Bachelors,13,Married-civ-spouse,Tech-support,Husband,White,Male,0,0,40,United-States,0
60,Private,31577,HS-grad,9,Married-civ-spouse,Transport-moving,Husband,White,Male,0,0,60,United-States,1
25,Private,316688,HS-grad,9,Never-married,Machine-op-inspct,Not-in-family,Black,Male,0,0,40,United-States,0
24,Private,106085,HS-grad,9,Never-married,Other-service,Own-child,Black,Male,0,1721,30,United-States,0
17,Private,193830,11th,7,Never-married,Sales,Own-child,White,Female,0,0,20,United-States,0
39,Private,680390,HS-grad,9,Separated,Machine-op-inspct,Unmarried,White,Female,0,0,24,United-States,0
26,Private,280093,Some-college,10,Never-married,Handlers-cleaners,Own-child,White,Male,0,0,40,United-States,0
24,Private,321435,Bachelors,13,Never-married,Exec-managerial,Not-in-family,White,Male,0,0,50,United-States,0
63,Private,86108,HS-grad,9,Widowed,Farming-fishing,Not-in-family,White,Male,0,0,6,United-States,0
40,Local-gov,33274,HS-grad,9,Divorced,Other-service,Not-in-family,White,Female,0,0,50,United-States,0
46,Self-emp-not-inc,177407,HS-grad,9,Married-civ-spouse,Sales,Husband,White,Male,0,0,50,United-States,0
48,State-gov,327886,Doctorate,16,Divorced,Prof-specialty,Own-child,White,Male,0,0,50,United-States,1
43,Private,191547,HS-grad,9,Married-civ-spouse,Farming-fishing,Husband,White,Male,0,0,40,Mexico,0
48,Private,285335,11th,7,Married-civ-spouse,Exec-managerial,Husband,White,Male,0,0,50,United-States,0
71,Self-emp-not-inc,143437,Masters,14,Married-civ-spouse,Sales,Husband,White,Male,10605,0,40,United-States,1
41,Private,194636,Bachelors,13,Married-civ-spouse,Exec-managerial,Husband,White,Male,0,0,60,United-States,1
27,Private,96226,HS-grad,9,Married-civ-spouse,Craft-repair,Husband,White,Male,0,0,70,United-States,0
53,Self-emp-not-inc,311020,10th,6,Married-civ-spouse,Farming-fishing,Husband,White,Male,0,0,60,United-States,0
38,Private,97083,Some-college,10,Married-civ-spouse,Adm-clerical,Wife,Black,Female,0,0,40,United-States,0
40,State-gov,188693,Masters,14,Married-civ-spouse,Prof-specialty,Husband,White,Male,0,0,35,United-States,1
44,Private,126701,HS-grad,9,Divorced,Craft-repair,Unmarried,White,Male,0,0,40,United-States,0
50,Self-emp-not-inc,124793,HS-grad,9,Married-civ-spouse,Craft-repair,Husband,White,Male,0,0,30,United-States,0
45,Private,89325,Masters,14,Divorced,Prof-specialty,Not-in-family,White,Male,0,0,45,United-States,0
48,Federal-gov,33109,Bachelors,13,Divorced,Exec-managerial,Unmarried,White,Male,0,0,58,United-States,1
66,Private,271567,HS-grad,9,Separated,Machine-op-inspct,Not-in-family,Black,Male,0,0,40,United-States,0
39,Self-emp-inc,180804,HS-grad,9,Married-civ-spouse,Exec-managerial,Husband,White,Male,0,0,40,United-States,1
51,Private,220537,HS-grad,9,Divorced,Machine-op-inspct,Not-in-family,White,Female,0,0,40,United-States,0
50,Private,767403,HS-grad,9,Married-civ-spouse,Machine-op-inspct,Husband,White,Male,3103,0,40,United-States,1
38,Private,173208,Masters,14,Married-civ-spouse,Prof-specialty,Husband,White,Male,0,0,25,United-States,0
48,Private,107373,7th-8th,4,Married-civ-spouse,Handlers-cleaners,Husband,White,Male,0,0,40,United-States,0
31,Private,93106,Assoc-voc,11,Never-married,Adm-clerical,Not-in-family,White,Female,0,0,40,United-States,0
20,State-gov,223515,Assoc-acdm,12,Never-married,Other-service,Own-child,White,Male,0,1719,20,United-States,0
66,Self-emp-inc,150726,9th,5,Married-civ-spouse,Exec-managerial,Husband,White,Male,1409,0,1,Other,0
52,Self-emp-not-inc,44728,Some-college,10,Married-civ-spouse,Sales,Husband,White,Male,0,0,55,United-States,1
38,Private,223004,Some-college,10,Never-married,Other-service,Own-child,White,Male,0,0,40,United-States,0
36,Private,117312,Assoc-acdm,12,Divorced,Tech-support,Not-in-family,White,Female,0,0,60,United-States,0
17,Private,220384,11th,7,Never-married,Adm-clerical,Own-child,White,Male,0,0,15,United-States,0
27,Private,137645,Bachelors,13,Never-married,Sales,Not-in-family,Black,Female,0,1590,40,United-States,0
31,Private,196025,Doctorate,16,Married-spouse-absent,Prof-specialty,Not-in-family,Asian-Pac-Islander,Male,0,0,60,Other,0
33,Private,35378,Bachelors,13,Married-civ-spouse,Sales,Wife,White,Female,0,0,45,United-States,1
37,State-gov,60227,Bachelors,13,Never-married,Adm-clerical,Not-in-family,White,Male,0,0,38,United-States,0
41,Self-emp-not-inc,154374,Some-college,10,Divorced,Other-service,Unmarried,White,Male,0,0,45,United-States,0
35,Federal-gov,250504,HS-grad,9,Married-civ-spouse,Adm-clerical,Husband,Black,Male,0,0,60,United-States,1
50,Self-emp-inc,293196,HS-grad,9,Married-civ-spouse,Exec-managerial,Husband,White,Male,7298,0,40,United-States,1
33,Private,114691,Bachelors,13,Married-civ-spouse,Sales,Husband,White,Male,0,0,60,United-States,1
20,Private,411862,Assoc-voc,11,Never-married,Other-service,Not-in-family,White,Male,0,0,30,United-States,0
51,Private,239155,Assoc-voc,11,Divorced,Other-service,Not-in-family,White,Male,0,0,40,United-States,0
18,Private,240747,HS-grad,9,Never-married,Machine-op-inspct,Own-child,White,Female,0,0,40,Other,0
61,Local-gov,321117,HS-grad,9,Married-civ-spouse,Protective-serv,Husband,White,Male,0,0,40,United-States,0
38,Private,79619,Bachelors,13,Married-civ-spouse,Sales,Husband,White,Male,0,0,42,United-States,1
38,Private,200818,Prof-school,15,Married-civ-spouse,Prof-specialty,Husband,White,Male,0,0,40,United-States,1
38,Private,22245,Masters,14,Married-civ-spouse,Transport-moving,Husband,White,Male,0,0,72,Other,1
50,Private,358740,HS-grad,9,Divorced,Adm-clerical,Unmarried,White,Female,0,0,40,Other,0
43,Private,413297,HS-grad,9,Married-civ-spouse,Craft-repair,Husband,White,Male,0,0,45,United-States,0
42,Private,65372,Some-college,10,Never-married,Adm-clerical,Own-child,White,Female,0,0,40,United-States,0
38,Private,189623,Bachelors,13,Married-civ-spouse,Prof-specialty,Husband,White,Male,0,1887,40,United-States,1
20,Private,114874,Some-college,10,Never-married,Adm-clerical,Own-child,White,Male,0,0,30,United-States,0
55,Private,121912,Some-college,10,Married-civ-spouse,Transport-moving,Husband,White,Male,0,0,24,United-States,1
57,Private,89392,Masters,14,Married-spouse-absent,Prof-specialty,Not-in-family,White,Female,0,0,40,United-States,0
35,Private,184117,Bachelors,13,Never-married,Adm-clerical,Own-child,White,Female,0,0,40,United-States,0
58,Private,132606,Primary,3,Divorced,Machine-op-inspct,Not-in-family,Black,Male,0,0,40,United-States,0
33,Private,105974,HS-grad,9,Never-married,Craft-repair,Not-in-family,White,Male,0,0,41,United-States,0
20,Private,444554,10th,6,Never-married,Handlers-cleaners,Own-child,White,Male,0,0,40,United-States,0
17,Private,46496,11th,7,Never-married,Other-service,Own-child,White,Male,0,0,5,United-States,0
43,Private,238287,10th,6,Never-married,Machine-op-inspct,Not-in-family,Black,Male,0,0,40,United-States,0
39,Local-gov,352628,Assoc-acdm,12,Married-civ-spouse,Craft-repair,Wife,White,Female,0,0,50,United-States,1
32,Private,86723,HS-grad,9,Never-married,Other-service,Not-in-family,White,Male,0,0,52,United-States,0
47,Private,115070,Some-college,10,Never-married,Adm-clerical,Not-in-family,White,Female,0,0,40,United-States,0
51,Private,185283,Some-college,10,Married-civ-spouse,Exec-managerial,Husband,White,Male,0,0,45,United-States,1
46,Private,563883,HS-grad,9,Married-civ-spouse,Craft-repair,Husband,Black,Male,0,0,60,United-States,1
40,Private,100584,10th,6,Divorced,Craft-repair,Not-in-family,Amer-Indian-Eskimo,Male,0,0,40,United-States,0
35,Private,67728,Some-college,10,Married-civ-spouse,Craft-repair,Husband,White,Male,0,2051,45,United-States,0
30,Private,57651,HS-grad,9,Never-married,Adm-clerical,Unmarried,White,Male,0,2001,42,United-States,0
20,Private,431745,Some-college,10,Never-married,Adm-clerical,Not-in-family,Black,Female,0,0,14,United-States,0
42,State-gov,436006,Some-college,10,Married-civ-spouse,Adm-clerical,Husband,Black,Male,0,0,40,United-States,0
37,Self-emp-inc,217054,Bachelors,13,Married-civ-spouse,Prof-specialty,Husband,White,Male,0,0,35,United-States,1
49,Private,245305,10th,6,Married-civ-spouse,Transport-moving,Husband,Black,Male,0,0,42,United-States,1
39,Local-gov,203070,HS-grad,9,Separated,Protective-serv,Not-in-family,White,Male,0,0,40,United-States,0
59,Local-gov,165695,Some-college,10,Married-civ-spouse,Craft-repair,Husband,White,Male,0,0,40,United-States,0
23,Private,200973,HS-grad,9,Never-married,Adm-clerical,Own-child,White,Female,0,0,40,United-States,0
44,Private,139338,12th,8,Divorced,Transport-moving,Unmarried,Black,Male,0,0,40,United-States,0
42,Federal-gov,141459,HS-grad,9,Separated,Other-service,Other-relative,Black,Female,0,0,40,United-States,0
29,Private,200511,Bachelors,13,Married-civ-spouse,Sales,Husband,White,Male,0,0,50,United-States,0
33,Private,149184,HS-grad,9,Never-married,Prof-specialty,Not-in-family,White,Male,0,0,60,United-States,1
36,Private,85272,Assoc-acdm,12,Married-civ-spouse,Prof-specialty,Wife,White,Female,0,0,30,United-States,1
60,Private,53707,HS-grad,9,Married-civ-spouse,Prof-specialty,Husband,White,Male,0,0,40,United-States,1
26,Private,310907,Some-college,10,Married-civ-spouse,Exec-managerial,Wife,White,Female,0,0,35,United-States,0
44,Self-emp-not-inc,179557,HS-grad,9,Married-civ-spouse,Exec-managerial,Husband,White,Male,0,1977,45,United-States,1
31,Private,175548,HS-grad,9,Never-married,Other-service,Not-in-family,Other,Female,0,0,35,United-States,0
51,Private,126010,HS-grad,9,Married-civ-spouse,Craft-repair,Husband,White,Male,0,0,40,United-States,0
33,Private,240763,Some-college,10,Married-civ-spouse,Machine-op-inspct,Husband,Black,Male,0,0,40,United-States,0
59,Private,143372,10th,6,Divorced,Adm-clerical,Not-in-family,Black,Female,0,0,40,United-States,0
19,Private,323421,Some-college,10,Never-married,Handlers-cleaners,Own-child,White,Male,0,0,20,United-States,0
62,Private,273454,7th-8th,4,Married-civ-spouse,Protective-serv,Husband,White,Male,0,0,40,Other,0
37,Private,171150,HS-grad,9,Married-civ-spouse,Exec-managerial,Husband,White,Male,0,1887,50,United-States,1
44,Private,151504,Some-college,10,Married-civ-spouse,Sales,Husband,White,Male,0,0,50,United-States,0
35,Private,123606,Some-college,10,Married-civ-spouse,Handlers-cleaners,Husband,White,Male,0,0,40,United-States,0
44,Private,202565,HS-grad,9,Divorced,Craft-repair,Not-in-family,White,Male,0,0,45,United-States,0
24,Private,266926,Some-college,10,Married-civ-spouse,Handlers-cleaners,Husband,White,Male,0,0,40,United-States,0
29,Private,112031,HS-grad,9,Divorced,Craft-repair,Not-in-family,White,Female,0,0,50,United-States,0
31,Private,148600,HS-grad,9,Married-civ-spouse,Machine-op-inspct,Husband,Black,Male,0,0,40,United-States,0
39,Private,19914,Some-college,10,Divorced,Adm-clerical,Unmarried,Amer-Indian-Eskimo,Female,0,0,40,United-States,0
29,Private,247445,HS-grad,9,Divorced,Sales,Not-in-family,White,Male,0,0,45,United-States,0
27,Private,377680,Assoc-voc,11,Never-married,Sales,Not-in-family,White,Male,0,0,50,United-States,0
30,Private,117963,Bachelors,13,Married-civ-spouse,Adm-clerical,Husband,White,Male,0,0,40,United-States,1
60,Private,106850,10th,6,Divorced,Machine-op-inspct,Not-in-family,White,Female,0,0,40,United-States,0
28,Private,186792,Bachelors,13,Married-civ-spouse,Adm-clerical,Husband,White,Male,0,0,40,United-States,0
38,Private,204640,Some-college,10,Widowed,Adm-clerical,Unmarried,Black,Female,0,0,40,United-States,0
59,Private,183606,11th,7,Married-civ-spouse,Machine-op-inspct,Husband,White,Male,0,0,40,United-States,0
22,Private,267174,HS-grad,9,Never-married,Handlers-cleaners,Own-child,Black,Male,0,0,40,United-States,0
48,Private,199739,HS-grad,9,Divorced,Craft-repair,Unmarried,White,Female,0,0,40,United-States,0
56,Private,261232,HS-grad,9,Never-married,Craft-repair,Not-in-family,White,Male,0,0,40,United-States,0
34,Local-gov,62463,Some-college,10,Married-civ-spouse,Transport-moving,Husband,White,Male,0,1579,40,United-States,0
38,Local-gov,72338,HS-grad,9,Married-civ-spouse,Protective-serv,Husband,Asian-Pac-Islander,Male,0,0,54,United-States,1
24,Private,282202,HS-grad,9,Never-married,Other-service,Unmarried,White,Male,0,0,40,Other,0
27,Local-gov,263431,Some-college,10,Never-married,Exec-managerial,Unmarried,White,Male,0,0,40,United-States,0
41,Self-emp-not-inc,66632,Some-college,10,Divorced,Craft-repair,Not-in-family,White,Male,0,0,40,United-States,0
28,Local-gov,218990,Assoc-voc,11,Married-civ-spouse,Protective-serv,Husband,Black,Male,0,0,46,United-States,0
25,Private,211231,HS-grad,9,Married-civ-spouse,Tech-support,Other-relative,White,Female,0,0,48,United-States,1
25,Private,169990,HS-grad,9,Married-civ-spouse,Sales,Husband,White,Male,0,0,40,United-States,0
26,Local-gov,103148,HS-grad,9,Never-married,Adm-clerical,Not-in-family,White,Female,0,0,40,United-States,0
56,Private,31782,10th,6,Married-civ-spouse,Sales,Husband,White,Male,0,0,40,United-States,0
18,Local-gov,153405,11th,7,Never-married,Adm-clerical,Other-relative,White,Female,0,0,25,United-States,0
21,Private,165475,HS-grad,9,Married-civ-spouse,Machine-op-inspct,Husband,White,Male,0,0,40,United-States,0
30,Private,111415,HS-grad,9,Married-civ-spouse,Other-service,Husband,White,Male,0,0,55,Other,0
48,Self-emp-not-inc,104790,11th,7,Married-civ-spouse,Farming-fishing,Husband,White,Male,0,0,50,United-States,1
60,Self-emp-inc,197553,Some-college,10,Married-civ-spouse,Exec-managerial,Husband,White,Male,7688,0,50,United-States,1
30,Private,204704,Bachelors,13,Never-married,Exec-managerial,Unmarried,White,Female,0,0,45,United-States,1
51,State-gov,196504,HS-grad,9,Divorced,Craft-repair,Unmarried,White,Male,0,0,38,United-States,0
31,Private,170430,Prof-school,15,Never-married,Prof-specialty,Not-in-family,White,Female,0,0,80,Other,0
39,Private,505119,Masters,14,Married-civ-spouse,Exec-managerial,Husband,White,Male,0,0,40,Other,1
18,Private,283342,11th,7,Never-married,Other-service,Other-relative,Black,Male,0,0,20,United-States,0
32,Private,549430,HS-grad,9,Never-married,Priv-house-serv,Unmarried,White,Female,0,0,40,Mexico,0
25,Self-emp-not-inc,305449,Some-college,10,Never-married,Machine-op-inspct,Own-child,White,Male,0,0,40,United-States,0
31,Federal-gov,207301,HS-grad,9,Married-civ-spouse,Adm-clerical,Wife,White,Female,0,0,40,United-States,1
42,Private,33521,Assoc-acdm,12,Married-civ-spouse,Sales,Husband,White,Male,0,0,45,United-States,1
26,Private,211265,Some-college,10,Married-spouse-absent,Craft-repair,Other-relative,Black,Female,0,0,35,Other,0
45,Local-gov,135776,Masters,14,Divorced,Prof-specialty,Not-in-family,White,Female,0,0,30,United-States,0
17,Private,195262,11th,7,Never-married,Craft-repair,Own-child,White,Male,0,0,17,United-States,0
35,Private,47707,HS-grad,9,Never-married,Other-service,Not-in-family,Black,Female,0,0,40,United-States,0
49,Local-gov,52590,HS-grad,9,Widowed,Protective-serv,Not-in-family,Black,Male,0,0,40,United-States,0
34,Private,221324,HS-grad,9,Never-married,Machine-op-inspct,Unmarried,Black,Female,0,0,40,United-States,0
32,Local-gov,222900,Bachelors,13,Separated,Prof-specialty,Not-in-family,White,Female,0,0,50,United-States,1
45,Private,339506,HS-grad,9,Never-married,Sales,Not-in-family,Black,Male,0,0,40,United-States,0
39,Private,34028,Bachelors,13,Divorced,Exec-managerial,Unmarried,White,Female,0,0,48,United-States,0
40,Self-emp-not-inc,209040,Bachelors,13,Married-civ-spouse,Sales,Husband,White,Male,0,0,40,United-States,0
47,Private,275361,Assoc-acdm,12,Widowed,Other-service,Own-child,White,Female,0,0,35,United-States,0
29,Local-gov,107411,Prof-school,15,Never-married,Prof-specialty,Not-in-family,White,Female,0,0,70,United-States,0
21,Private,212619,Assoc-voc,11,Never-married,Machine-op-inspct,Own-child,White,Male,0,0,40,United-States,0
56,Private,128764,7th-8th,4,Widowed,Transport-moving,Not-in-family,White,Male,0,0,20,United-States,0
58,Self-emp-inc,190541,HS-grad,9,Never-married,Sales,Not-in-family,White,Male,0,0,47,United-States,0
36,Self-emp-not-inc,64875,Assoc-voc,11,Married-civ-spouse,Tech-support,Husband,White,Male,0,0,60,United-States,0
28,Private,111900,Assoc-acdm,12,Married-civ-spouse,Sales,Husband,White,Male,0,0,30,United-States,0
34,Private,158420,Bachelors,13,Married-civ-spouse,Exec-managerial,Husband,White,Male,0,0,70,United-States,0
26,Private,256000,Prof-school,15,Married-civ-spouse,Prof-specialty,Husband,White,Male,99999,0,60,United-States,1
22,Private,181773,HS-grad,9,Never-married,Transport-moving,Own-child,Black,Male,0,0,40,United-States,0
53,Private,156843,Masters,14,Never-married,Prof-specialty,Not-in-family,White,Female,0,1564,54,United-States,1
44,Private,326232,Bachelors,13,Divorced,Exec-managerial,Unmarried,White,Male,0,2547,50,United-States,1
61,Private,355645,9th,5,Married-civ-spouse,Machine-op-inspct,Husband,Black,Male,0,0,20,Other,0
20,Private,171398,10th,6,Never-married,Sales,Not-in-family,Other,Male,0,0,40,United-States,0
24,Self-emp-not-inc,174391,HS-grad,9,Married-civ-spouse,Adm-clerical,Wife,White,Female,0,0,40,United-States,0
39,Self-emp-not-inc,237532,HS-grad,9,Married-civ-spouse,Sales,Wife,Black,Female,0,0,54,Other,1
32,Private,123429,10th,6,Separated,Craft-repair,Not-in-family,White,Male,0,0,40,United-States,0
44,Self-emp-inc,153132,Bachelors,13,Married-civ-spouse,Exec-managerial,Husband,White,Male,7688,0,52,United-States,1
32,Private,158438,Some-college,10,Married-civ-spouse,Exec-managerial,Husband,White,Male,0,0,60,United-States,1
65,Private,174056,7th-8th,4,Married-civ-spouse,Machine-op-inspct,Husband,White,Male,0,0,40,United-States,0
18,Local-gov,134935,12th,8,Never-married,Protective-serv,Own-child,White,Male,0,0,40,United-States,0
27,Private,466224,Some-college,10,Never-married,Sales,Not-in-family,Black,Male,0,0,40,United-States,0
34,Private,279015,Some-college,10,Never-married,Sales,Not-in-family,White,Male,0,0,65,United-States,0
47,Private,165937,HS-grad,9,Married-civ-spouse,Machine-op-inspct,Husband,White,Male,0,0,50,United-States,1
27,Federal-gov,188343,HS-grad,9,Separated,Exec-managerial,Unmarried,Black,Female,0,0,40,United-States,0
35,Private,101387,HS-grad,9,Divorced,Sales,Not-in-family,White,Female,0,0,50,United-States,0
43,Private,57600,Doctorate,16,Married-spouse-absent,Prof-specialty,Not-in-family,White,Female,0,0,40,Other,0
51,Private,249741,Some-college,10,Married-civ-spouse,Sales,Husband,White,Male,0,0,40,United-States,0
40,Private,153799,Primary,2,Married-spouse-absent,Machine-op-inspct,Unmarried,White,Female,0,0,40,Other,0
35,Private,325802,Assoc-acdm,12,Divorced,Handlers-cleaners,Unmarried,White,Female,0,0,24,United-States,0
41,Private,304906,Bachelors,13,Married-civ-spouse,Exec-managerial,Husband,White,Male,0,0,40,United-States,1
74,Private,101590,Prof-school,15,Widowed,Adm-clerical,Not-in-family,Black,Female,0,0,20,United-States,0
31,Private,124827,Assoc-voc,11,Married-civ-spouse,Sales,Husband,White,Male,0,0,40,United-States,1
42,Private,245626,HS-grad,9,Married-civ-spouse,Craft-repair,Husband,Amer-Indian-Eskimo,Male,0,0,60,United-States,0
33,Private,118941,Bachelors,13,Married-civ-spouse,Exec-managerial,Wife,White,Female,0,0,40,United-States,1
49,Private,188823,HS-grad,9,Divorced,Prof-specialty,Not-in-family,White,Male,0,0,42,United-States,0
18,Private,57413,Some-college,10,Divorced,Other-service,Own-child,White,Male,0,0,15,United-States,0
23,Private,26248,HS-grad,9,Never-married,Adm-clerical,Own-child,White,Female,0,0,40,United-States,0
49,Self-emp-inc,109705,Some-college,10,Divorced,Exec-managerial,Unmarried,White,Female,0,0,32,United-States,0
37,Private,93717,Some-college,10,Married-civ-spouse,Adm-clerical,Wife,White,Female,7298,0,45,United-States,1
47,State-gov,189123,HS-grad,9,Married-civ-spouse,Other-service,Husband,White,Male,0,0,40,United-States,0
41,Private,255044,Bachelors,13,Divorced,Exec-managerial,Not-in-family,White,Female,0,0,55,United-States,0
49,State-gov,133917,Doctorate,16,Married-civ-spouse,Prof-specialty,Husband,Black,Male,0,1902,60,Other,1
30,Private,255885,Some-college,10,Married-civ-spouse,Sales,Husband,White,Male,0,0,50,United-States,0
27,State-gov,194773,Masters,14,Never-married,Prof-specialty,Not-in-family,White,Female,0,0,50,Other,0
35,Private,25955,11th,7,Never-married,Other-service,Unmarried,Amer-Indian-Eskimo,Male,0,0,40,United-States,0
41,Private,23646,Masters,14,Never-married,Prof-specialty,Not-in-family,White,Female,0,0,40,United-States,0
38,Private,103751,9th,5,Married-civ-spouse,Craft-repair,Husband,White,Male,0,0,40,United-States,0
41,Local-gov,344624,Some-college,10,Married-civ-spouse,Other-service,Husband,White,Male,0,1485,40,United-States,1
40,Self-emp-not-inc,335549,Prof-school,15,Never-married,Prof-specialty,Not-in-family,White,Male,0,2444,45,United-States,1
30,Private,37646,Some-college,10,Married-civ-spouse,Handlers-cleaners,Husband,White,Male,0,0,40,United-States,0
28,Private,335357,HS-grad,9,Never-married,Handlers-cleaners,Own-child,Black,Male,0,0,40,United-States,0
47,Private,573583,HS-grad,9,Married-civ-spouse,Transport-moving,Husband,White,Male,0,0,48,Other,1
24,Private,155818,Some-college,10,Never-married,Sales,Own-child,White,Female,0,0,40,United-States,0
52,Private,91048,HS-grad,9,Divorced,Machine-op-inspct,Own-child,Black,Female,0,0,35,United-States,0
47,Private,239439,11th,7,Married-civ-spouse,Machine-op-inspct,Wife,Black,Female,0,0,40,United-States,0
60,Private,232618,Bachelors,13,Married-civ-spouse,Exec-managerial,Husband,White,Male,0,0,35,United-States,1
49,Local-gov,288548,Masters,14,Separated,Prof-specialty,Unmarried,White,Female,0,0,50,United-States,0
40,Private,220609,Some-college,10,Divorced,Exec-managerial,Not-in-family,White,Female,0,0,40,United-States,0
27,Private,163942,HS-grad,9,Never-married,Craft-repair,Not-in-family,White,Male,0,0,35,Other,0
29,Private,190562,HS-grad,9,Divorced,Machine-op-inspct,Unmarried,White,Male,0,0,56,United-States,0
22,Private,201729,9th,5,Never-married,Handlers-cleaners,Other-relative,White,Male,0,0,30,United-States,0
29,Private,100405,10th,6,Married-civ-spouse,Farming-fishing,Wife,Amer-Indian-Eskimo,Female,0,0,40,United-States,0
35,Private,181382,HS-grad,9,Married-civ-spouse,Craft-repair,Husband,White,Male,0,0,43,United-States,0
45,Self-emp-not-inc,94962,HS-grad,9,Married-civ-spouse,Craft-repair,Husband,White,Male,0,0,40,Other,0
31,Private,327825,HS-grad,9,Separated,Machine-op-inspct,Unmarried,White,Female,0,2238,40,United-States,0
25,Private,195118,HS-grad,9,Never-married,Handlers-cleaners,Other-relative,White,Male,0,0,35,United-States,0
61,Private,123273,Primary,3,Divorced,Transport-moving,Not-in-family,White,Male,0,1876,56,United-States,0
36,Private,140583,HS-grad,9,Divorced,Handlers-cleaners,Not-in-family,White,Male,0,0,40,United-States,0
41,Private,79797,HS-grad,9,Married-spouse-absent,Prof-specialty,Not-in-family,Asian-Pac-Islander,Male,0,0,40,Other,1
35,Private,376455,Some-college,10,Married-civ-spouse,Exec-managerial,Husband,White,Male,15024,0,60,United-States,1
74,Self-emp-inc,162340,Some-college,10,Widowed,Exec-managerial,Unmarried,White,Male,0,0,40,United-States,0
20,Self-emp-not-inc,157145,Some-college,10,Never-married,Farming-fishing,Own-child,White,Male,0,2258,10,United-States,0
45,State-gov,263982,Some-college,10,Divorced,Prof-specialty,Unmarried,White,Female,0,0,40,United-States,0
65,Self-emp-inc,81413,HS-grad,9,Married-civ-spouse,Farming-fishing,Husband,White,Male,0,2352,65,United-States,0
45,Private,178319,Doctorate,16,Married-civ-spouse,Prof-specialty,Husband,White,Male,0,0,56,United-States,1
52,Self-emp-inc,210736,Bachelors,13,Married-civ-spouse,Sales,Husband,White,Male,0,0,60,United-States,0
64,Federal-gov,267546,Assoc-acdm,12,Separated,Prof-specialty,Not-in-family,White,Female,0,0,40,United-States,1
47,Local-gov,328610,HS-grad,9,Married-civ-spouse,Craft-repair,Husband,White,Male,0,0,40,United-States,0
31,Private,111567,Bachelors,13,Married-civ-spouse,Exec-managerial,Husband,White,Male,0,0,70,United-States,1
49,Private,160647,Bachelors,13,Married-civ-spouse,Adm-clerical,Wife,White,Female,0,0,40,United-States,1
71,Private,157909,Some-college,10,Never-married,Other-service,Not-in-family,White,Female,2964,0,60,United-States,0
62,Private,81534,Some-college,10,Married-civ-spouse,Sales,Husband,Asian-Pac-Islander,Male,0,0,40,United-States,1
45,Local-gov,160472,Bachelors,13,Married-civ-spouse,Exec-managerial,Husband,White,Male,0,1977,50,United-States,1
29,Private,406662,HS-grad,9,Never-married,Handlers-cleaners,Not-in-family,White,Male,0,0,40,United-States,0
42,Local-gov,147510,Bachelors,13,Separated,Prof-specialty,Unmarried,White,Male,0,0,40,United-States,0
38,Private,278924,Bachelors,13,Married-civ-spouse,Exec-managerial,Husband,White,Male,0,1887,50,United-States,1
31,Private,170983,Bachelors,13,Married-civ-spouse,Exec-managerial,Husband,White,Male,0,0,60,United-States,1
27,Private,386036,Some-college,10,Never-married,Transport-moving,Not-in-family,White,Male,0,0,48,United-States,0
29,Private,457402,Primary,3,Never-married,Other-service,Not-in-family,White,Male,0,0,25,Mexico,0
34,Self-emp-inc,80249,Some-college,10,Married-civ-spouse,Farming-fishing,Husband,White,Male,0,0,72,United-States,0
45,Private,247869,Bachelors,13,Married-civ-spouse,Prof-specialty,Husband,White,Male,0,0,60,United-States,1
41,Self-emp-inc,139916,Assoc-voc,11,Married-civ-spouse,Sales,Husband,Other,Male,0,2179,84,Mexico,0
45,Private,125194,11th,7,Never-married,Machine-op-inspct,Not-in-family,Black,Female,0,0,40,United-States,0
36,Private,166988,Bachelors,13,Married-civ-spouse,Prof-specialty,Wife,White,Female,0,0,40,United-States,1
36,Private,84306,Bachelors,13,Married-civ-spouse,Exec-managerial,Husband,White,Male,5013,0,50,United-States,0
46,Self-emp-not-inc,28281,Bachelors,13,Married-civ-spouse,Farming-fishing,Husband,White,Male,0,0,40,United-States,1
30,State-gov,295612,HS-grad,9,Separated,Adm-clerical,Not-in-family,White,Female,0,0,40,United-States,0
39,Local-gov,357173,Assoc-acdm,12,Divorced,Prof-specialty,Not-in-family,White,Male,0,0,59,United-States,0
20,Private,179423,Some-college,10,Never-married,Transport-moving,Own-child,White,Female,0,0,40,United-States,0
37,Private,112554,HS-grad,9,Married-civ-spouse,Sales,Husband,White,Male,0,0,45,United-States,0
46,Private,207940,Some-college,10,Married-civ-spouse,Craft-repair,Husband,Black,Male,0,0,40,United-States,1
23,Private,210443,Bachelors,13,Never-married,Prof-specialty,Own-child,White,Female,0,0,40,United-States,0
34,Private,127651,10th,6,Never-married,Farming-fishing,Not-in-family,White,Male,0,0,44,Other,0
58,Private,519006,HS-grad,9,Married-civ-spouse,Craft-repair,Husband,White,Male,0,0,52,United-States,0
68,State-gov,235882,Doctorate,16,Married-civ-spouse,Prof-specialty,Husband,White,Male,0,2377,60,United-States,1
28,Private,50814,HS-grad,9,Never-married,Prof-specialty,Not-in-family,White,Female,0,0,40,United-States,0
54,Private,143865,HS-grad,9,Divorced,Sales,Unmarried,White,Female,0,0,35,United-States,0
19,Private,182355,Some-college,10,Never-married,Adm-clerical,Own-child,Black,Female,0,0,20,United-States,0
17,Private,130125,10th,6,Never-married,Other-service,Own-child,Amer-Indian-Eskimo,Female,1055,0,20,United-States,0
45,Self-emp-inc,177543,HS-grad,9,Married-civ-spouse,Sales,Wife,White,Female,0,0,50,United-States,0
24,Local-gov,117109,Bachelors,13,Never-married,Adm-clerical,Own-child,Black,Female,0,0,27,United-States,0
71,Self-emp-not-inc,130731,HS-grad,9,Widowed,Adm-clerical,Not-in-family,White,Female,0,0,35,United-States,0
41,Private,89226,HS-grad,9,Divorced,Craft-repair,Not-in-family,White,Male,0,0,40,United-States,0
22,Private,361487,HS-grad,9,Never-married,Craft-repair,Not-in-family,White,Male,0,0,40,United-States,0
25,Private,333677,9th,5,Married-civ-spouse,Machine-op-inspct,Husband,White,Male,0,0,45,United-States,0
34,Private,80933,HS-grad,9,Married-civ-spouse,Craft-repair,Husband,White,Male,0,1672,40,United-States,0
21,Private,344891,Some-college,10,Never-married,Adm-clerical,Own-child,Asian-Pac-Islander,Male,0,0,20,United-States,0
64,State-gov,264544,Masters,14,Married-civ-spouse,Prof-specialty,Wife,White,Female,0,0,5,United-States,1
28,Local-gov,154863,HS-grad,9,Never-married,Protective-serv,Other-relative,Black,Male,0,1876,40,United-States,0
37,Local-gov,264503,HS-grad,9,Married-civ-spouse,Protective-serv,Husband,White,Male,0,0,40,United-States,0
40,State-gov,119578,Bachelors,13,Never-married,Prof-specialty,Unmarried,White,Female,0,0,20,United-States,0
80,Private,87518,Some-college,10,Never-married,Prof-specialty,Not-in-family,White,Male,0,1816,60,United-States,0
20,Private,231981,Some-college,10,Never-married,Transport-moving,Not-in-family,White,Male,0,0,32,United-States,0
33,Private,171216,Bachelors,13,Married-civ-spouse,Exec-managerial,Husband,White,Male,0,0,50,United-States,1
47,Private,140664,Bachelors,13,Divorced,Sales,Not-in-family,White,Male,0,0,45,United-States,0
26,Federal-gov,95806,Some-college,10,Never-married,Craft-repair,Not-in-family,White,Male,3325,0,40,United-States,0
26,State-gov,70447,HS-grad,9,Married-civ-spouse,Protective-serv,Husband,Asian-Pac-Islander,Male,0,0,40,United-States,1
57,Private,74156,HS-grad,9,Married-civ-spouse,Other-service,Husband,White,Male,0,0,30,United-States,0
49,Private,117095,HS-grad,9,Separated,Machine-op-inspct,Unmarried,White,Female,0,0,40,United-States,0
60,Private,83861,HS-grad,9,Married-civ-spouse,Handlers-cleaners,Husband,White,Male,0,0,40,United-States,0
54,Private,22743,Some-college,10,Married-civ-spouse,Transport-moving,Husband,White,Male,15024,0,60,United-States,1
68,Private,76371,HS-grad,9,Married-civ-spouse,Handlers-cleaners,Husband,White,Male,0,0,45,United-States,1
51,Self-emp-inc,166459,Assoc-voc,11,Married-civ-spouse,Exec-managerial,Husband,White,Male,0,0,40,United-States,0
54,Federal-gov,127455,Some-college,10,Married-civ-spouse,Protective-serv,Husband,White,Male,0,0,48,United-States,1
63,Private,134699,HS-grad,9,Widowed,Prof-specialty,Not-in-family,White,Female,0,0,25,United-States,0
35,Private,361888,Assoc-acdm,12,Married-civ-spouse,Tech-support,Husband,White,Male,0,0,40,United-States,1
43,Private,160369,HS-grad,9,Never-married,Machine-op-inspct,Own-child,White,Male,0,0,40,United-States,0
28,Private,199566,Bachelors,13,Married-civ-spouse,Other-service,Husband,Black,Male,0,0,40,United-States,0
38,Private,82622,Some-college,10,Divorced,Craft-repair,Unmarried,White,Male,0,0,40,United-States,0
38,Private,29702,Bachelors,13,Married-civ-spouse,Exec-managerial,Husband,White,Male,0,0,45,United-States,1
62,Self-emp-not-inc,82388,HS-grad,9,Married-civ-spouse,Craft-repair,Husband,White,Male,10566,0,40,United-States,0
30,Private,207253,Assoc-voc,11,Married-civ-spouse,Craft-repair,Husband,White,Male,0,0,40,Other,0
39,Private,746786,Bachelors,13,Married-civ-spouse,Prof-specialty,Husband,White,Male,0,0,55,United-States,1
41,Private,86399,Some-college,10,Separated,Adm-clerical,Not-in-family,White,Female,0,0,38,United-States,0
44,Private,178134,Prof-school,15,Never-married,Prof-specialty,Not-in-family,White,Female,0,0,40,United-States,1
64,Private,102103,HS-grad,9,Divorced,Priv-house-serv,Not-in-family,White,Female,0,0,50,United-States,0
28,Private,66473,HS-grad,9,Divorced,Machine-op-inspct,Own-child,White,Male,0,0,40,United-States,0
41,Private,192712,HS-grad,9,Never-married,Adm-clerical,Other-relative,White,Female,0,0,40,United-States,0
44,Self-emp-inc,103643,HS-grad,9,Married-civ-spouse,Exec-managerial,Husband,White,Male,5013,0,60,Other,0
29,Private,57423,Assoc-voc,11,Married-civ-spouse,Machine-op-inspct,Husband,White,Male,0,0,48,United-States,0
23,Private,291248,HS-grad,9,Never-married,Machine-op-inspct,Other-relative,Black,Male,0,0,40,United-States,0
28,Private,25955,Assoc-voc,11,Divorced,Craft-repair,Not-in-family,Amer-Indian-Eskimo,Male,0,0,40,United-States,0
36,Self-emp-not-inc,288585,HS-grad,9,Married-civ-spouse,Other-service,Wife,Asian-Pac-Islander,Female,0,0,20,Other,0
36,Private,347491,Bachelors,13,Married-civ-spouse,Exec-managerial,Husband,White,Male,0,0,50,United-States,1
21,Private,260617,10th,6,Married-civ-spouse,Machine-op-inspct,Husband,White,Male,0,0,36,United-States,0
21,Private,177125,Some-college,10,Never-married,Handlers-cleaners,Not-in-family,White,Male,0,0,20,United-States,0
30,Self-emp-inc,68330,Some-college,10,Married-civ-spouse,Sales,Husband,White,Male,0,0,50,United-States,0
43,Private,188786,Some-college,10,Divorced,Transport-moving,Not-in-family,White,Male,0,0,45,United-States,0
33,Local-gov,161942,Bachelors,13,Never-married,Adm-clerical,Not-in-family,White,Female,1055,0,40,United-States,0
44,Private,242619,Some-college,10,Married-civ-spouse,Machine-op-inspct,Husband,White,Male,0,0,40,United-States,0
38,Private,278253,HS-grad,9,Divorced,Adm-clerical,Unmarried,White,Female,0,0,48,United-States,0
21,Private,237651,Some-college,10,Never-married,Other-service,Own-child,White,Male,0,0,35,United-States,0
46,State-gov,106705,Some-college,10,Divorced,Prof-specialty,Unmarried,White,Female,1506,0,50,United-States,0
37,Private,195148,HS-grad,9,Married-civ-spouse,Craft-repair,Own-child,White,Male,3137,0,40,United-States,0
49,Private,157569,HS-grad,9,Married-civ-spouse,Craft-repair,Husband,White,Male,0,0,40,United-States,0
22,State-gov,22966,Some-college,10,Married-spouse-absent,Tech-support,Unmarried,White,Male,0,0,20,United-States,0
52,Private,379682,Assoc-voc,11,Married-civ-spouse,Other-service,Wife,White,Female,0,0,20,United-States,1
18,Private,41794,11th,7,Never-married,Other-service,Own-child,White,Female,0,0,20,United-States,0
31,Local-gov,90409,Some-college,10,Married-civ-spouse,Exec-managerial,Husband,White,Male,0,0,35,United-States,0
49,Private,166789,HS-grad,9,Married-civ-spouse,Adm-clerical,Husband,White,Male,0,0,40,United-States,0
36,Local-gov,348728,Bachelors,13,Never-married,Prof-specialty,Not-in-family,White,Female,0,0,35,United-States,0
23,Private,348092,HS-grad,9,Never-married,Transport-moving,Own-child,Black,Male,0,0,40,Other,0
22,Private,244366,Bachelors,13,Never-married,Prof-specialty,Own-child,White,Male,0,0,40,United-States,0
67,Self-emp-not-inc,141797,7th-8th,4,Married-civ-spouse,Exec-managerial,Husband,White,Male,0,0,40,United-States,0
41,Self-emp-not-inc,190290,HS-grad,9,Divorced,Craft-repair,Not-in-family,White,Male,0,0,40,United-States,0
38,Private,96330,Assoc-voc,11,Divorced,Adm-clerical,Unmarried,Black,Female,0,0,40,United-States,0
24,Private,116934,Some-college,10,Separated,Sales,Unmarried,White,Female,0,0,45,United-States,0
24,Private,263498,11th,7,Never-married,Craft-repair,Not-in-family,White,Male,0,0,40,United-States,0
26,Private,333541,HS-grad,9,Never-married,Other-service,Not-in-family,White,Male,0,0,24,United-States,0
44,Private,67671,Some-college,10,Married-civ-spouse,Handlers-cleaners,Husband,White,Male,0,0,40,United-States,0
59,Private,656036,Bachelors,13,Separated,Adm-clerical,Unmarried,White,Male,0,0,60,United-States,0
43,Private,161226,Bachelors,13,Married-civ-spouse,Machine-op-inspct,Husband,Amer-Indian-Eskimo,Male,0,0,40,United-States,0
49,Private,176684,Assoc-voc,11,Never-married,Exec-managerial,Unmarried,White,Female,0,0,40,United-States,0
41,Private,221947,Some-college,10,Married-civ-spouse,Craft-repair,Husband,White,Male,0,0,56,United-States,1
22,Self-emp-not-inc,123440,Some-college,10,Never-married,Craft-repair,Not-in-family,White,Male,0,0,48,United-States,0
46,Private,205100,Assoc-voc,11,Married-civ-spouse,Exec-managerial,Husband,White,Male,0,0,48,United-States,1
43,Federal-gov,77370,HS-grad,9,Married-civ-spouse,Transport-moving,Husband,White,Male,0,0,40,United-States,0
33,Private,256211,HS-grad,9,Married-civ-spouse,Machine-op-inspct,Husband,Asian-Pac-Islander,Male,0,0,40,Other,0
29,Private,200515,Some-college,10,Married-civ-spouse,Machine-op-inspct,Husband,White,Male,0,0,38,United-States,0
20,Private,27049,Some-college,10,Never-married,Exec-managerial,Own-child,White,Female,0,0,20,United-States,0
29,Private,209301,Bachelors,13,Married-civ-spouse,Craft-repair,Husband,White,Male,0,0,40,Other,0
45,Private,123681,HS-grad,9,Married-civ-spouse,Sales,Husband,White,Male,0,0,40,United-States,1
31,State-gov,93589,HS-grad,9,Divorced,Protective-serv,Own-child,Other,Male,0,0,40,United-States,0
41,Private,197583,10th,6,Married-civ-spouse,Transport-moving,Husband,Black,Male,0,0,40,United-States,1
25,Private,34541,Assoc-voc,11,Never-married,Prof-specialty,Not-in-family,White,Female,0,0,36,Other,0
40,Private,118001,HS-grad,9,Never-married,Handlers-cleaners,Not-in-family,Black,Male,0,0,40,United-States,0
43,Local-gov,118600,Bachelors,13,Divorced,Prof-specialty,Unmarried,White,Female,0,625,40,United-States,0
35,Private,181020,HS-grad,9,Never-married,Handlers-cleaners,Own-child,White,Male,0,0,60,United-States,0
20,Self-emp-inc,182200,HS-grad,9,Never-married,Machine-op-inspct,Own-child,White,Female,0,0,30,United-States,0
48,Private,377757,10th,6,Married-civ-spouse,Sales,Husband,White,Male,0,0,70,United-States,0
37,Private,31023,HS-grad,9,Married-civ-spouse,Craft-repair,Husband,White,Male,0,0,51,United-States,0
29,Private,370494,HS-grad,9,Never-married,Other-service,Unmarried,White,Female,0,0,40,Mexico,0
34,Private,299635,Masters,14,Married-civ-spouse,Exec-managerial,Husband,White,Male,0,1902,50,United-States,1
21,Private,688355,HS-grad,9,Never-married,Adm-clerical,Unmarried,Black,Female,0,0,40,United-States,0
54,Private,206964,Some-college,10,Married-civ-spouse,Sales,Husband,White,Male,0,0,40,United-States,1
65,Private,143554,Some-college,10,Separated,Adm-clerical,Not-in-family,White,Female,0,0,38,United-States,0
44,Private,129100,11th,7,Separated,Other-service,Unmarried,Black,Female,0,0,60,United-States,0
22,Private,201799,HS-grad,9,Never-married,Sales,Own-child,White,Female,0,0,40,United-States,0
20,Private,120601,HS-grad,9,Never-married,Transport-moving,Own-child,Black,Male,0,0,40,United-States,0
30,Private,142675,12th,8,Married-civ-spouse,Craft-repair,Husband,White,Male,0,0,50,United-States,0
19,Private,299050,Some-college,10,Never-married,Adm-clerical,Own-child,White,Male,0,0,20,United-States,0
18,Private,146378,Some-college,10,Never-married,Other-service,Own-child,White,Female,0,0,40,Other,0
34,Private,34374,Some-college,10,Never-married,Other-service,Not-in-family,White,Male,0,0,50,United-States,0
21,Private,123727,HS-grad,9,Never-married,Exec-managerial,Other-relative,White,Female,0,0,40,United-States,0
28,Private,216178,HS-grad,9,Married-civ-spouse,Sales,Husband,White,Male,0,0,40,United-States,0
23,Private,155919,9th,5,Married-spouse-absent,Craft-repair,Not-in-family,White,Male,0,0,40,Mexico,0
40,Private,273308,HS-grad,9,Divorced,Machine-op-inspct,Unmarried,White,Female,0,0,48,Mexico,0
23,Private,126550,HS-grad,9,Never-married,Craft-repair,Other-relative,White,Male,0,0,40,United-States,0
22,State-gov,64292,Bachelors,13,Never-married,Prof-specialty,Own-child,White,Female,0,0,43,United-States,0
23,Private,260019,7th-8th,4,Never-married,Farming-fishing,Unmarried,Other,Male,0,0,36,Mexico,0
36,Private,192704,12th,8,Never-married,Exec-managerial,Not-in-family,White,Male,4650,0,50,United-States,0
42,Private,107762,Masters,14,Married-civ-spouse,Prof-specialty,Husband,White,Male,0,0,40,United-States,1
50,Self-emp-inc,174855,HS-grad,9,Divorced,Exec-managerial,Unmarried,White,Female,0,0,40,United-States,0
31,Private,315128,Some-college,10,Never-married,Adm-clerical,Not-in-family,White,Female,0,0,52,United-States,0
40,Federal-gov,298635,Masters,14,Married-civ-spouse,Tech-support,Husband,Asian-Pac-Islander,Male,0,1902,40,Philippines,1
49,Private,65087,Masters,14,Married-civ-spouse,Exec-managerial,Husband,White,Male,15024,0,50,United-States,1
19,Private,278870,Some-college,10,Never-married,Handlers-cleaners,Own-child,White,Male,0,0,16,United-States,0
25,Private,228608,Some-college,10,Never-married,Craft-repair,Other-relative,Asian-Pac-Islander,Female,0,0,40,Other,0
46,Self-emp-inc,120121,Bachelors,13,Married-civ-spouse,Sales,Husband,White,Male,0,0,50,United-States,1
36,Local-gov,180805,HS-grad,9,Never-married,Transport-moving,Not-in-family,Asian-Pac-Islander,Male,0,0,40,United-States,0
26,Private,150361,Bachelors,13,Never-married,Prof-specialty,Not-in-family,White,Female,0,0,40,United-States,0
47,Private,216734,Bachelors,13,Divorced,Sales,Unmarried,White,Female,0,0,50,United-States,0
42,Private,200187,Assoc-voc,11,Divorced,Other-service,Unmarried,White,Female,0,0,32,United-States,0
53,Private,29658,HS-grad,9,Married-civ-spouse,Craft-repair,Husband,White,Male,0,0,40,United-States,1
81,Private,364099,Some-college,10,Divorced,Adm-clerical,Not-in-family,White,Female,0,0,20,United-States,0
68,Federal-gov,232151,Some-college,10,Divorced,Adm-clerical,Other-relative,Black,Female,2346,0,40,United-States,0
25,Private,179462,7th-8th,4,Never-married,Handlers-cleaners,Unmarried,White,Male,0,0,40,United-States,0
45,Private,77764,Assoc-acdm,12,Married-civ-spouse,Craft-repair,Husband,White,Male,0,0,40,United-States,0
23,Private,183327,HS-grad,9,Never-married,Craft-repair,Own-child,Black,Female,0,1594,20,United-States,0
17,Private,57324,10th,6,Never-married,Other-service,Own-child,White,Male,0,0,30,United-States,0
38,Private,168680,Some-college,10,Never-married,Adm-clerical,Own-child,Black,Female,0,0,40,United-States,0
23,Private,244408,Some-college,10,Never-married,Adm-clerical,Other-relative,Asian-Pac-Islander,Female,0,0,24,Other,0
30,Local-gov,247328,Some-college,10,Never-married,Adm-clerical,Not-in-family,White,Male,0,0,40,United-States,0
31,State-gov,111843,Assoc-acdm,12,Separated,Other-service,Unmarried,Black,Female,0,0,40,United-States,0
49,Private,164799,HS-grad,9,Married-civ-spouse,Machine-op-inspct,Husband,White,Male,0,0,40,United-States,1
60,Federal-gov,21876,Some-college,10,Divorced,Prof-specialty,Not-in-family,Amer-Indian-Eskimo,Female,0,0,40,United-States,0
40,Private,168538,HS-grad,9,Married-civ-spouse,Sales,Husband,White,Male,0,0,60,United-States,1
31,Private,153078,Assoc-acdm,12,Never-married,Craft-repair,Own-child,Other,Male,0,0,50,United-States,0
37,Private,632613,10th,6,Married-civ-spouse,Farming-fishing,Husband,White,Male,0,0,35,Mexico,0
19,Federal-gov,27433,12th,8,Never-married,Other-service,Own-child,White,Female,0,0,30,United-States,0
47,Self-emp-inc,212120,HS-grad,9,Married-civ-spouse,Craft-repair,Husband,White,Male,0,0,40,United-States,1
26,Private,245880,HS-grad,9,Never-married,Adm-clerical,Not-in-family,White,Male,0,0,60,United-States,0
33,Federal-gov,129707,Some-college,10,Never-married,Exec-managerial,Not-in-family,White,Male,0,0,50,United-States,0
44,Federal-gov,44822,Some-college,10,Married-civ-spouse,Craft-repair,Husband,White,Male,0,0,40,United-States,0
44,State-gov,144125,Bachelors,13,Divorced,Prof-specialty,Not-in-family,White,Female,0,0,40,United-States,0
26,Private,318518,Some-college,10,Never-married,Transport-moving,Not-in-family,White,Male,0,0,40,United-States,0
42,Private,178134,Some-college,10,Divorced,Adm-clerical,Not-in-family,White,Female,0,0,30,United-States,0
22,Private,216181,11th,7,Never-married,Craft-repair,Own-child,White,Male,0,0,45,United-States,0
62,Private,178745,HS-grad,9,Married-civ-spouse,Craft-repair,Husband,White,Male,0,0,45,United-States,1
44,Private,111067,Some-college,10,Married-civ-spouse,Craft-repair,Husband,White,Male,0,0,40,United-States,0
33,Private,170769,HS-grad,9,Married-civ-spouse,Craft-repair,Husband,White,Male,0,0,40,United-States,0
44,Private,275094,Primary,2,Never-married,Other-service,Own-child,White,Male,0,0,10,United-States,0
46,Local-gov,216414,Some-college,10,Married-civ-spouse,Protective-serv,Husband,White,Male,0,0,40,United-States,1
21,Private,118693,Some-college,10,Never-married,Machine-op-inspct,Own-child,White,Male,0,0,40,United-States,0
60,Self-emp-not-inc,143932,Masters,14,Married-civ-spouse,Exec-managerial,Husband,White,Male,0,0,40,United-States,0
47,State-gov,223944,Some-college,10,Married-civ-spouse,Adm-clerical,Wife,White,Female,0,0,30,United-States,0
51,Self-emp-not-inc,218311,Some-college,10,Divorced,Sales,Unmarried,White,Female,0,0,50,United-States,0
32,Private,194987,HS-grad,9,Married-civ-spouse,Adm-clerical,Wife,Black,Female,0,0,40,United-States,0
22,Private,36011,Assoc-voc,11,Never-married,Prof-specialty,Not-in-family,White,Male,0,0,30,United-States,0
67,Private,197865,Some-college,10,Divorced,Adm-clerical,Not-in-family,White,Female,0,0,40,United-States,0
17,Private,156501,12th,8,Never-married,Other-service,Own-child,White,Female,0,0,16,United-States,0
43,Local-gov,115603,Some-college,10,Divorced,Adm-clerical,Unmarried,White,Female,0,0,40,United-States,0
28,Private,33895,Bachelors,13,Never-married,Sales,Not-in-family,White,Male,0,0,45,United-States,0
18,Private,300379,12th,8,Never-married,Adm-clerical,Own-child,White,Male,0,0,12,United-States,0
22,Private,271274,11th,7,Never-married,Sales,Not-in-family,White,Female,0,0,40,United-States,0
23,Private,223231,HS-grad,9,Married-civ-spouse,Machine-op-inspct,Husband,Other,Male,0,0,40,Mexico,0
23,Private,240160,Assoc-acdm,12,Never-married,Prof-specialty,Own-child,White,Male,0,0,40,United-States,0
53,Self-emp-not-inc,34973,Some-college,10,Married-civ-spouse,Farming-fishing,Husband,White,Male,0,0,45,United-States,0
28,Private,60772,Bachelors,13,Never-married,Exec-managerial,Own-child,White,Female,0,0,45,United-States,0
36,Private,228190,HS-grad,9,Married-civ-spouse,Handlers-cleaners,Husband,Black,Male,0,0,20,United-States,0
26,Private,58065,Bachelors,13,Never-married,Adm-clerical,Not-in-family,White,Female,0,0,20,United-States,0
26,Private,205428,Some-college,10,Married-civ-spouse,Sales,Husband,White,Male,0,0,45,United-States,0
43,State-gov,52849,Bachelors,13,Married-civ-spouse,Prof-specialty,Husband,White,Male,0,0,40,United-States,0
32,Private,53260,HS-grad,9,Divorced,Other-service,Unmarried,Other,Female,0,0,28,United-States,0
26,Local-gov,197530,Masters,14,Married-spouse-absent,Prof-specialty,Not-in-family,White,Female,0,0,40,United-States,0
28,Private,183780,HS-grad,9,Married-civ-spouse,Transport-moving,Husband,White,Male,0,1740,40,United-States,0
29,State-gov,95423,Masters,14,Married-civ-spouse,Adm-clerical,Husband,White,Male,0,0,36,United-States,0
56,State-gov,81954,HS-grad,9,Divorced,Adm-clerical,Not-in-family,White,Female,0,0,40,United-States,0
46,Private,267107,Primary,3,Married-civ-spouse,Craft-repair,Wife,White,Female,0,0,45,Other,0
32,Private,128002,Assoc-voc,11,Married-civ-spouse,Adm-clerical,Wife,White,Female,0,0,45,United-States,0
36,Private,154669,Bachelors,13,Never-married,Exec-managerial,Own-child,White,Male,0,0,55,United-States,0
19,State-gov,156294,Some-college,10,Never-married,Prof-specialty,Own-child,White,Male,0,0,25,United-States,0
51,Private,254211,Bachelors,13,Married-civ-spouse,Craft-repair,Husband,White,Male,0,0,20,United-States,1
27,Private,113464,Primary,2,Never-married,Other-service,Own-child,Other,Male,0,0,35,Other,0
20,Private,271379,Some-college,10,Never-married,Sales,Own-child,White,Female,0,0,25,United-States,0
35,Private,165767,Some-college,10,Married-civ-spouse,Machine-op-inspct,Husband,White,Male,0,0,40,United-States,0
37,Private,130277,Primary,3,Separated,Other-service,Unmarried,White,Female,0,0,40,United-States,0
42,State-gov,117583,Doctorate,16,Divorced,Prof-specialty,Not-in-family,White,Female,8614,0,60,United-States,1
51,Local-gov,33863,Masters,14,Married-civ-spouse,Prof-specialty,Husband,White,Male,0,0,45,United-States,0
46,Private,191357,Bachelors,13,Married-civ-spouse,Tech-support,Husband,White,Male,0,0,40,United-States,0
27,Private,61580,Some-college,10,Divorced,Adm-clerical,Other-relative,White,Female,0,0,40,United-States,0
29,Private,168479,Masters,14,Married-civ-spouse,Prof-specialty,Husband,White,Male,0,0,40,United-States,1
66,Private,142501,HS-grad,9,Never-married,Other-service,Other-relative,Black,Female,0,0,3,United-States,0
35,Private,148903,HS-grad,9,Divorced,Sales,Unmarried,White,Female,0,0,40,United-States,0
42,Private,236110,Primary,3,Married-spouse-absent,Craft-repair,Not-in-family,White,Male,0,0,40,Other,0
57,Self-emp-not-inc,138892,11th,7,Married-civ-spouse,Sales,Husband,White,Male,0,0,15,United-States,0
50,Private,96586,Assoc-voc,11,Married-civ-spouse,Other-service,Husband,White,Male,0,0,40,United-States,0
72,Private,284080,Primary,2,Divorced,Other-service,Not-in-family,Black,Male,0,0,40,United-States,0
38,State-gov,352628,Bachelors,13,Divorced,Prof-specialty,Not-in-family,White,Female,0,0,40,United-States,0
19,Private,129620,10th,6,Never-married,Other-service,Other-relative,White,Female,0,0,30,United-States,0
31,Private,79190,HS-grad,9,Never-married,Other-service,Own-child,White,Female,0,0,35,United-States,0
63,Private,339473,Some-college,10,Divorced,Sales,Not-in-family,White,Female,0,0,60,United-States,0
23,Private,149224,HS-grad,9,Never-married,Sales,Not-in-family,White,Male,0,0,40,United-States,0
49,Private,168216,7th-8th,4,Married-civ-spouse,Machine-op-inspct,Husband,White,Male,0,0,48,United-States,0
43,Self-emp-not-inc,240170,Bachelors,13,Married-civ-spouse,Exec-managerial,Husband,White,Male,0,0,50,Other,0
37,Federal-gov,129573,Doctorate,16,Married-civ-spouse,Prof-specialty,Husband,White,Male,0,0,72,Other,1
43,Private,195258,HS-grad,9,Married-civ-spouse,Adm-clerical,Husband,White,Male,0,0,40,United-States,1
30,Private,174704,11th,7,Married-civ-spouse,Machine-op-inspct,Husband,Black,Male,0,0,40,United-States,0
21,Private,117606,Some-college,10,Never-married,Prof-specialty,Not-in-family,White,Female,0,0,40,United-States,0
42,Private,413297,Some-college,10,Married-civ-spouse,Tech-support,Husband,White,Male,0,0,40,United-States,0
24,Private,174461,Some-college,10,Never-married,Exec-managerial,Own-child,White,Female,0,0,45,United-States,0
35,Private,212465,HS-grad,9,Married-civ-spouse,Craft-repair,Husband,White,Male,0,0,40,United-States,1
53,Private,266529,Assoc-voc,11,Married-civ-spouse,Exec-managerial,Husband,White,Male,0,0,40,United-States,1
36,Private,176544,Some-college,10,Never-married,Other-service,Not-in-family,White,Male,0,0,48,United-States,0
17,Private,27032,10th,6,Never-married,Sales,Own-child,White,Female,0,0,12,United-States,0
50,Private,196193,Masters,14,Married-spouse-absent,Prof-specialty,Other-relative,White,Male,0,0,60,Other,0
41,Local-gov,111891,7th-8th,4,Never-married,Other-service,Unmarried,Black,Female,0,0,40,United-States,0
62,Private,224953,10th,6,Married-civ-spouse,Machine-op-inspct,Husband,Black,Male,0,0,40,United-States,0
58,Self-emp-not-inc,231818,10th,6,Never-married,Craft-repair,Not-in-family,White,Male,0,0,40,Other,0
25,Private,76144,HS-grad,9,Never-married,Exec-managerial,Not-in-family,White,Male,0,0,50,United-States,0
42,Private,110028,HS-grad,9,Married-civ-spouse,Craft-repair,Husband,White,Male,0,0,40,United-States,0
22,Private,217961,Some-college,10,Never-married,Transport-moving,Own-child,White,Male,0,1719,30,United-States,0
44,Private,206686,Some-college,10,Divorced,Adm-clerical,Unmarried,White,Female,0,0,40,United-States,0
53,Private,152373,Some-college,10,Divorced,Craft-repair,Not-in-family,White,Male,0,0,48,United-States,1
34,Private,204461,Bachelors,13,Married-civ-spouse,Prof-specialty,Husband,White,Male,0,0,55,United-States,1
20,Private,116375,9th,5,Never-married,Sales,Own-child,White,Female,0,0,40,United-States,0
25,Private,152035,HS-grad,9,Never-married,Adm-clerical,Unmarried,White,Female,0,0,40,United-States,0
42,Self-emp-not-inc,323790,Bachelors,13,Married-civ-spouse,Exec-managerial,Husband,White,Male,0,1977,70,United-States,1
32,Private,162604,HS-grad,9,Never-married,Machine-op-inspct,Other-relative,Black,Male,0,0,40,United-States,0
53,Private,97411,Primary,3,Married-civ-spouse,Machine-op-inspct,Husband,Asian-Pac-Islander,Male,0,0,40,Other,0
32,Private,153471,HS-grad,9,Never-married,Farming-fishing,Not-in-family,White,Male,0,0,35,United-States,0
37,Private,385452,10th,6,Divorced,Craft-repair,Unmarried,White,Female,0,0,40,United-States,0
44,Private,112797,9th,5,Divorced,Other-service,Own-child,White,Female,0,0,50,United-States,0
30,Private,154843,HS-grad,9,Married-civ-spouse,Machine-op-inspct,Husband,White,Male,0,0,40,United-States,0
50,Private,100109,Bachelors,13,Divorced,Exec-managerial,Unmarried,White,Male,0,0,45,United-States,1
65,Private,193216,HS-grad,9,Married-civ-spouse,Sales,Husband,White,Male,9386,0,40,United-States,1
47,Private,80924,Some-college,10,Widowed,Other-service,Not-in-family,White,Female,0,0,35,United-States,0
51,Local-gov,319054,HS-grad,9,Married-civ-spouse,Transport-moving,Husband,Black,Male,0,0,60,United-States,0
61,Private,149981,HS-grad,9,Married-civ-spouse,Adm-clerical,Wife,White,Female,2414,0,5,United-States,0
52,Private,133403,Some-college,10,Married-civ-spouse,Craft-repair,Husband,White,Male,0,0,55,United-States,0
46,Self-emp-not-inc,256014,Assoc-voc,11,Married-civ-spouse,Exec-managerial,Husband,White,Male,0,0,60,United-States,0
19,State-gov,112432,Some-college,10,Never-married,Adm-clerical,Own-child,White,Male,0,0,10,United-States,0
31,Private,213750,Some-college,10,Never-married,Sales,Not-in-family,White,Male,0,0,45,United-States,0
25,Local-gov,90730,Bachelors,13,Married-civ-spouse,Prof-specialty,Husband,White,Male,0,1977,40,United-States,1
41,Private,116391,Some-college,10,Married-civ-spouse,Craft-repair,Husband,White,Male,0,0,40,United-States,0
39,Private,166744,HS-grad,9,Never-married,Other-service,Own-child,White,Female,0,0,38,United-States,0
48,Federal-gov,205707,Masters,14,Married-spouse-absent,Exec-managerial,Not-in-family,White,Female,10520,0,50,United-States,1
21,Private,29810,HS-grad,9,Never-married,Other-service,Not-in-family,White,Female,0,0,50,United-States,0
53,Self-emp-inc,157881,Some-college,10,Divorced,Exec-managerial,Not-in-family,White,Male,0,0,60,United-States,0
46,Local-gov,236827,9th,5,Separated,Other-service,Unmarried,Black,Female,0,0,40,United-States,0
70,Private,642830,HS-grad,9,Divorced,Protective-serv,Not-in-family,White,Female,0,0,32,United-States,0
45,Self-emp-not-inc,242184,7th-8th,4,Married-civ-spouse,Exec-managerial,Husband,White,Male,0,0,55,United-States,1
42,Private,210525,Some-college,10,Married-civ-spouse,Tech-support,Husband,White,Male,0,0,20,United-States,1
28,Private,119793,Bachelors,13,Never-married,Sales,Not-in-family,White,Male,0,0,40,United-States,0
37,Private,181705,Assoc-voc,11,Married-civ-spouse,Craft-repair,Husband,White,Male,0,0,40,United-States,0
49,Private,146268,Some-college,10,Married-civ-spouse,Craft-repair,Husband,White,Male,0,0,40,United-States,0
32,Private,101283,HS-grad,9,Never-married,Handlers-cleaners,Not-in-family,White,Female,0,0,35,United-States,0
27,Private,704108,Bachelors,13,Never-married,Prof-specialty,Not-in-family,White,Male,0,0,50,United-States,0
42,Self-emp-not-inc,206066,Masters,14,Married-civ-spouse,Prof-specialty,Husband,White,Male,0,0,65,United-States,0
50,Local-gov,138358,Some-college,10,Separated,Other-service,Unmarried,Black,Female,0,0,28,United-States,0
77,Self-emp-not-inc,209507,Some-college,10,Never-married,Craft-repair,Not-in-family,White,Male,0,0,40,United-States,0
33,Private,324546,Some-college,10,Married-civ-spouse,Machine-op-inspct,Husband,White,Male,0,0,39,United-States,0
51,Private,337195,Some-college,10,Married-civ-spouse,Sales,Husband,White,Male,0,1902,50,United-States,1
39,Private,207185,Some-college,10,Married-civ-spouse,Exec-managerial,Wife,White,Female,0,0,35,Other,1
66,Private,127139,Bachelors,13,Married-civ-spouse,Prof-specialty,Husband,White,Male,0,0,40,United-States,1
34,Local-gov,167063,HS-grad,9,Never-married,Protective-serv,Own-child,White,Male,0,0,40,United-States,0
44,Federal-gov,280362,Assoc-acdm,12,Married-civ-spouse,Craft-repair,Husband,White,Male,0,0,40,United-States,1
61,Private,230568,Bachelors,13,Divorced,Adm-clerical,Not-in-family,White,Male,0,0,40,United-States,1
46,Self-emp-inc,191978,Masters,14,Married-civ-spouse,Exec-managerial,Husband,White,Male,0,2392,50,United-States,1
55,Private,147653,Bachelors,13,Divorced,Adm-clerical,Unmarried,White,Female,0,0,73,United-States,0
26,Private,174921,Bachelors,13,Never-married,Prof-specialty,Not-in-family,White,Female,0,0,40,United-States,0
33,Private,67072,HS-grad,9,Married-civ-spouse,Sales,Husband,White,Male,0,0,50,United-States,1
24,Private,107882,HS-grad,9,Never-married,Sales,Not-in-family,White,Female,0,0,40,United-States,0
40,Private,222848,10th,6,Married-civ-spouse,Other-service,Wife,Black,Female,0,0,32,United-States,0
58,Private,121111,HS-grad,9,Married-civ-spouse,Sales,Wife,White,Female,0,0,40,Other,0
21,Private,194096,Some-college,10,Never-married,Other-service,Own-child,White,Female,0,0,40,United-States,0
26,Private,124068,Some-college,10,Never-married,Adm-clerical,Not-in-family,White,Female,0,0,20,United-States,0
39,Local-gov,106297,HS-grad,9,Divorced,Adm-clerical,Own-child,White,Male,0,0,42,United-States,0
37,Private,246677,HS-grad,9,Separated,Prof-specialty,Unmarried,White,Female,0,0,38,United-States,0
54,Federal-gov,51048,HS-grad,9,Married-civ-spouse,Prof-specialty,Husband,White,Male,0,0,40,United-States,1
31,Local-gov,356689,Bachelors,13,Married-civ-spouse,Prof-specialty,Husband,White,Male,0,0,40,United-States,0
38,Private,316211,HS-grad,9,Divorced,Craft-repair,Own-child,White,Male,0,0,40,United-States,0
61,Self-emp-inc,134768,Some-college,10,Married-civ-spouse,Sales,Husband,White,Male,0,0,40,United-States,0
34,Private,325658,HS-grad,9,Married-civ-spouse,Transport-moving,Husband,White,Male,0,0,40,United-States,0
33,Private,91811,HS-grad,9,Separated,Transport-moving,Not-in-family,White,Male,0,0,40,United-States,0
53,Private,157947,HS-grad,9,Divorced,Adm-clerical,Not-in-family,White,Female,0,0,40,United-States,0
28,Self-emp-not-inc,123983,Some-college,10,Married-civ-spouse,Sales,Own-child,Asian-Pac-Islander,Male,0,0,63,Other,0
51,Private,125796,11th,7,Separated,Other-service,Not-in-family,Black,Female,0,0,40,Other,0
25,Private,178505,Some-college,10,Never-married,Exec-managerial,Other-relative,White,Female,0,1504,45,United-States,0
77,Self-emp-not-inc,72931,7th-8th,4,Married-spouse-absent,Adm-clerical,Not-in-family,White,Male,0,0,20,Other,1
66,Private,284021,HS-grad,9,Widowed,Sales,Not-in-family,White,Female,0,0,40,United-States,0
33,State-gov,295589,Some-college,10,Separated,Adm-clerical,Own-child,Black,Male,0,0,35,United-States,0
46,Private,214955,Assoc-acdm,12,Divorced,Prof-specialty,Unmarried,White,Female,0,0,40,United-States,0
31,Self-emp-not-inc,114639,Assoc-voc,11,Married-civ-spouse,Craft-repair,Husband,White,Male,0,0,50,United-States,0
43,Self-emp-inc,221172,Prof-school,15,Married-civ-spouse,Prof-specialty,Husband,White,Male,0,1977,40,United-States,1
19,Private,27433,11th,7,Never-married,Handlers-cleaners,Not-in-family,White,Male,0,0,40,United-States,0
36,Private,111128,Some-college,10,Married-civ-spouse,Craft-repair,Husband,White,Male,0,0,45,United-States,0
34,Private,115488,HS-grad,9,Married-civ-spouse,Sales,Husband,White,Male,0,0,40,United-States,0
47,Private,454989,HS-grad,9,Married-civ-spouse,Exec-managerial,Wife,White,Female,0,0,40,United-States,1
42,Private,273230,Bachelors,13,Married-civ-spouse,Prof-specialty,Husband,White,Male,0,0,90,United-States,0
54,Private,48358,HS-grad,9,Married-civ-spouse,Craft-repair,Husband,White,Male,0,0,40,United-States,1
57,Private,375868,Masters,14,Married-civ-spouse,Adm-clerical,Husband,White,Male,0,0,40,United-States,0
51,Local-gov,114508,9th,5,Separated,Other-service,Other-relative,White,Female,0,0,40,United-States,0
61,Private,213321,Some-college,10,Married-civ-spouse,Exec-managerial,Husband,White,Male,0,1672,40,United-States,0
75,Self-emp-not-inc,146576,Bachelors,13,Widowed,Prof-specialty,Unmarried,White,Male,0,0,48,United-States,1
44,Private,104196,Masters,14,Married-civ-spouse,Prof-specialty,Husband,White,Male,0,0,45,United-States,1
28,Private,192591,Bachelors,13,Never-married,Adm-clerical,Not-in-family,White,Female,0,0,45,United-States,0
20,Private,247564,HS-grad,9,Never-married,Handlers-cleaners,Own-child,White,Male,0,0,35,United-States,0
39,Private,250217,HS-grad,9,Divorced,Machine-op-inspct,Not-in-family,Black,Female,0,0,70,United-States,0
22,Private,113062,Bachelors,13,Never-married,Exec-managerial,Own-child,White,Female,0,0,7,United-States,0
20,Private,339588,HS-grad,9,Married-civ-spouse,Other-service,Wife,White,Female,0,0,40,Other,0
35,State-gov,197495,Some-college,10,Divorced,Exec-managerial,Not-in-family,Black,Female,0,0,40,United-States,0
24,Private,51799,HS-grad,9,Married-civ-spouse,Adm-clerical,Wife,Black,Female,0,0,40,United-States,0
40,Private,190621,Some-college,10,Divorced,Exec-managerial,Other-relative,Black,Female,0,0,55,United-States,0
26,Private,292803,Some-college,10,Never-married,Other-service,Own-child,White,Female,0,0,24,United-States,0
73,Self-emp-not-inc,143833,12th,8,Married-civ-spouse,Farming-fishing,Husband,White,Male,0,0,18,United-States,0
17,Private,365613,10th,6,Never-married,Other-service,Own-child,White,Male,0,0,10,Other,0
26,Private,61270,HS-grad,9,Never-married,Machine-op-inspct,Unmarried,Other,Female,0,0,40,Other,0
41,Federal-gov,564135,Masters,14,Married-civ-spouse,Exec-managerial,Husband,White,Male,0,0,40,United-States,1
56,Private,53366,7th-8th,4,Divorced,Transport-moving,Unmarried,White,Male,0,0,40,United-States,0
42,Private,132222,Bachelors,13,Never-married,Sales,Own-child,White,Male,0,0,60,United-States,0
49,Private,31264,HS-grad,9,Divorced,Adm-clerical,Not-in-family,White,Female,0,0,35,United-States,0
39,Private,269722,Bachelors,13,Married-civ-spouse,Exec-managerial,Husband,White,Male,0,0,70,United-States,0
54,State-gov,197184,Bachelors,13,Married-civ-spouse,Exec-managerial,Husband,White,Male,0,0,38,United-States,0
31,Private,236861,HS-grad,9,Married-civ-spouse,Craft-repair,Husband,White,Male,0,0,60,United-States,0
26,Private,53833,Some-college,10,Married-civ-spouse,Exec-managerial,Husband,White,Male,0,0,42,United-States,0
37,Self-emp-inc,27997,HS-grad,9,Never-married,Transport-moving,Not-in-family,White,Male,0,0,50,United-States,0
46,Private,106255,Some-college,10,Married-civ-spouse,Craft-repair,Husband,White,Male,0,0,40,United-States,0
64,Private,92115,Some-college,10,Married-civ-spouse,Adm-clerical,Husband,White,Male,0,0,40,United-States,0
22,Private,227994,Some-college,10,Married-spouse-absent,Adm-clerical,Own-child,Asian-Pac-Islander,Female,0,0,39,United-States,0
24,Private,39615,Bachelors,13,Never-married,Sales,Not-in-family,White,Male,0,0,45,United-States,0
27,Private,151382,7th-8th,4,Divorced,Machine-op-inspct,Unmarried,White,Male,0,974,40,United-States,0
24,Private,117583,Bachelors,13,Never-married,Exec-managerial,Own-child,White,Male,0,0,48,United-States,0
38,Private,227794,Bachelors,13,Never-married,Adm-clerical,Not-in-family,Black,Male,0,0,40,United-States,0
45,Private,281565,HS-grad,9,Widowed,Other-service,Other-relative,Asian-Pac-Islander,Female,0,0,50,Other,0
56,Private,160932,HS-grad,9,Married-civ-spouse,Transport-moving,Husband,White,Male,0,0,44,United-States,1
46,Private,169042,10th,6,Never-married,Other-service,Not-in-family,White,Female,0,0,25,Other,0
19,Private,183041,HS-grad,9,Never-married,Other-service,Own-child,White,Male,0,0,20,United-States,0
45,Private,107682,Masters,14,Divorced,Exec-managerial,Not-in-family,White,Female,0,0,40,United-States,1
41,Self-emp-inc,194636,Bachelors,13,Married-civ-spouse,Sales,Husband,White,Male,99999,0,65,United-States,1
37,Private,32709,Bachelors,13,Married-civ-spouse,Tech-support,Wife,White,Female,0,0,40,United-States,1
45,Self-emp-not-inc,40666,Assoc-voc,11,Married-civ-spouse,Farming-fishing,Husband,White,Male,0,0,60,United-States,0
46,Private,28419,Assoc-voc,11,Never-married,Transport-moving,Not-in-family,White,Male,0,0,50,United-States,0
47,Self-emp-not-inc,107231,Doctorate,16,Married-civ-spouse,Prof-specialty,Husband,White,Male,0,0,35,United-States,1
58,Private,314153,HS-grad,9,Married-civ-spouse,Sales,Husband,White,Male,0,0,40,United-States,1
32,Private,243988,Primary,3,Married-civ-spouse,Other-service,Husband,White,Male,0,0,40,Mexico,0
69,Self-emp-not-inc,128206,HS-grad,9,Married-civ-spouse,Tech-support,Husband,White,Male,0,0,30,United-States,0
29,Private,165360,Assoc-voc,11,Never-married,Adm-clerical,Not-in-family,White,Female,0,0,40,United-States,0
34,Private,213722,HS-grad,9,Never-married,Handlers-cleaners,Own-child,White,Male,0,0,40,United-States,0
52,Private,99736,Masters,14,Divorced,Prof-specialty,Unmarried,White,Male,15020,0,50,United-States,1
20,State-gov,340475,Some-college,10,Never-married,Adm-clerical,Own-child,White,Female,0,0,10,United-States,0
20,Private,317443,Some-college,10,Never-married,Adm-clerical,Own-child,Black,Female,0,0,15,United-States,0
44,Private,239876,Bachelors,13,Divorced,Prof-specialty,Unmarried,Black,Male,0,0,40,United-States,0
39,State-gov,343646,Bachelors,13,Divorced,Protective-serv,Not-in-family,White,Male,0,0,40,Mexico,1
53,Private,185846,HS-grad,9,Married-civ-spouse,Craft-repair,Husband,White,Male,0,0,40,United-States,0
27,Private,135520,HS-grad,9,Married-civ-spouse,Machine-op-inspct,Wife,White,Female,0,0,40,Other,0
40,Private,204046,10th,6,Divorced,Transport-moving,Own-child,White,Male,0,0,40,United-States,0
26,Private,49092,HS-grad,9,Married-civ-spouse,Craft-repair,Husband,White,Male,0,0,40,United-States,0
32,Private,199963,11th,7,Married-civ-spouse,Machine-op-inspct,Wife,White,Female,0,0,40,United-States,0
29,Private,405177,10th,6,Separated,Sales,Unmarried,White,Female,0,0,40,United-States,0
47,Self-emp-inc,116927,HS-grad,9,Married-civ-spouse,Exec-managerial,Husband,White,Male,0,0,42,United-States,1
25,Private,36984,Bachelors,13,Never-married,Prof-specialty,Not-in-family,White,Female,0,0,50,United-States,0
26,Private,303973,HS-grad,9,Never-married,Priv-house-serv,Other-relative,White,Female,0,1602,15,Mexico,0
21,Private,68358,Some-college,10,Never-married,Sales,Own-child,White,Female,0,0,20,United-States,0
38,Private,174571,10th,6,Married-civ-spouse,Craft-repair,Husband,Black,Male,0,0,45,United-States,0
42,Private,383493,Masters,14,Married-civ-spouse,Prof-specialty,Husband,White,Male,0,0,50,United-States,1
42,Local-gov,238188,Masters,14,Married-civ-spouse,Prof-specialty,Husband,White,Male,0,0,35,United-States,1
41,Private,82319,12th,8,Married-civ-spouse,Other-service,Wife,White,Female,0,0,10,United-States,0
34,Private,182274,Some-college,10,Married-civ-spouse,Exec-managerial,Wife,White,Female,0,1887,40,United-States,1
50,Private,144361,HS-grad,9,Married-civ-spouse,Machine-op-inspct,Husband,White,Male,0,0,50,United-States,1
50,Private,378747,HS-grad,9,Married-civ-spouse,Transport-moving,Husband,Black,Male,0,0,40,United-States,0
50,Self-emp-not-inc,36480,10th,6,Divorced,Craft-repair,Not-in-family,White,Male,0,0,45,United-States,0
49,Private,84013,HS-grad,9,Divorced,Other-service,Unmarried,White,Female,0,0,35,United-States,0
34,Private,27409,9th,5,Married-civ-spouse,Craft-repair,Husband,White,Male,0,0,50,United-States,0
28,Self-emp-not-inc,240172,Masters,14,Never-married,Prof-specialty,Own-child,White,Male,0,0,40,United-States,0
29,Local-gov,30069,HS-grad,9,Married-civ-spouse,Other-service,Wife,White,Female,2635,0,40,United-States,0
19,Private,331556,10th,6,Never-married,Other-service,Not-in-family,White,Female,0,0,40,United-States,0
43,Private,208277,Masters,14,Married-civ-spouse,Prof-specialty,Wife,White,Female,0,0,45,United-States,1
47,Self-emp-inc,173783,Bachelors,13,Married-civ-spouse,Sales,Husband,White,Male,15024,0,60,United-States,1
26,Private,515025,10th,6,Married-civ-spouse,Handlers-cleaners,Wife,White,Female,0,0,40,United-States,0
42,Private,211860,HS-grad,9,Separated,Adm-clerical,Not-in-family,White,Male,0,0,40,United-States,0
22,Private,102684,Some-college,10,Never-married,Transport-moving,Not-in-family,White,Male,0,0,32,United-States,0
25,Private,252187,11th,7,Never-married,Handlers-cleaners,Not-in-family,White,Male,0,0,40,United-States,0
50,Private,200618,Assoc-acdm,12,Divorced,Craft-repair,Not-in-family,White,Male,0,0,40,United-States,0
40,Private,212760,HS-grad,9,Divorced,Craft-repair,Not-in-family,White,Male,0,0,40,United-States,0
36,Private,75826,Bachelors,13,Divorced,Adm-clerical,Unmarried,White,Female,0,0,40,United-States,0
43,Private,120277,HS-grad,9,Married-civ-spouse,Craft-repair,Husband,White,Male,0,0,40,United-States,1
24,Private,200819,12th,8,Never-married,Sales,Not-in-family,White,Male,0,0,40,United-States,0
30,Private,80933,HS-grad,9,Married-civ-spouse,Craft-repair,Husband,White,Male,0,0,40,United-States,0
35,Private,26999,Bachelors,13,Separated,Exec-managerial,Unmarried,White,Female,0,0,42,United-States,0
35,Private,163237,Bachelors,13,Married-civ-spouse,Sales,Husband,White,Male,0,0,52,United-States,1
36,Private,112271,HS-grad,9,Married-civ-spouse,Transport-moving,Husband,White,Male,0,0,40,United-States,0
51,Private,92463,HS-grad,9,Married-civ-spouse,Adm-clerical,Husband,White,Male,0,0,40,United-States,0
38,Private,100295,7th-8th,4,Married-civ-spouse,Machine-op-inspct,Wife,White,Female,0,0,50,Other,1
22,Private,333910,Some-college,10,Never-married,Tech-support,Not-in-family,White,Female,0,0,43,United-States,0
48,State-gov,130561,Some-college,10,Never-married,Prof-specialty,Not-in-family,Black,Female,0,0,24,United-States,0
55,Private,84231,HS-grad,9,Married-civ-spouse,Transport-moving,Husband,White,Male,0,0,50,United-States,0
43,Private,244172,HS-grad,9,Separated,Transport-moving,Unmarried,White,Male,0,0,40,Mexico,0
34,Private,77271,HS-grad,9,Never-married,Exec-managerial,Unmarried,White,Female,0,0,20,Other,0
47,Private,116279,HS-grad,9,Divorced,Craft-repair,Unmarried,White,Female,0,0,43,United-States,0
57,Self-emp-inc,61885,HS-grad,9,Married-civ-spouse,Prof-specialty,Husband,Black,Male,0,0,60,United-States,1
30,Self-emp-inc,109282,Bachelors,13,Married-civ-spouse,Sales,Husband,White,Male,0,0,52,United-States,1
31,Private,248178,Some-college,10,Married-civ-spouse,Other-service,Husband,Black,Male,0,0,35,United-States,0
33,Self-emp-not-inc,38223,HS-grad,9,Never-married,Farming-fishing,Own-child,White,Male,0,0,70,United-States,0
70,Private,77219,HS-grad,9,Married-civ-spouse,Craft-repair,Husband,White,Male,0,0,37,United-States,0
41,Private,225193,HS-grad,9,Married-civ-spouse,Sales,Husband,White,Male,0,0,40,United-States,0
18,Private,301762,HS-grad,9,Never-married,Adm-clerical,Own-child,White,Female,0,0,25,United-States,0
36,Self-emp-not-inc,111957,Some-college,10,Married-civ-spouse,Exec-managerial,Husband,White,Male,0,0,52,United-States,0
28,Private,82531,Some-college,10,Never-married,Other-service,Not-in-family,Black,Male,0,0,40,United-States,0
41,Private,49654,HS-grad,9,Divorced,Adm-clerical,Unmarried,White,Female,0,0,52,United-States,0
44,Private,336513,Some-college,10,Married-civ-spouse,Prof-specialty,Husband,White,Male,0,0,45,United-States,0
43,Private,208613,Bachelors,13,Separated,Tech-support,Not-in-family,White,Male,0,0,40,United-States,0
38,Private,215917,Some-college,10,Married-civ-spouse,Sales,Husband,Asian-Pac-Islander,Male,0,0,40,Philippines,0
42,Local-gov,19700,Bachelors,13,Married-civ-spouse,Prof-specialty,Wife,White,Female,0,0,50,United-States,1
45,Private,106113,Some-college,10,Married-civ-spouse,Exec-managerial,Husband,White,Male,0,0,40,United-States,1
38,Private,120074,Bachelors,13,Married-civ-spouse,Machine-op-inspct,Husband,White,Male,0,0,50,United-States,1
30,Private,175856,Masters,14,Married-civ-spouse,Prof-specialty,Husband,White,Male,0,0,38,United-States,0
24,Private,112854,Some-college,10,Never-married,Tech-support,Not-in-family,White,Female,0,0,16,United-States,0
37,Private,188069,HS-grad,9,Married-civ-spouse,Machine-op-inspct,Husband,White,Male,0,0,40,United-States,0
30,Private,284395,HS-grad,9,Married-civ-spouse,Craft-repair,Husband,White,Male,0,0,50,United-States,0
36,State-gov,112074,Doctorate,16,Never-married,Prof-specialty,Not-in-family,White,Male,0,0,45,United-States,0
40,Private,136244,Some-college,10,Married-civ-spouse,Adm-clerical,Wife,White,Female,0,0,40,United-States,0
19,Private,118352,Some-college,10,Never-married,Other-service,Own-child,White,Female,0,0,16,United-States,0
20,Private,182661,Some-college,10,Never-married,Sales,Own-child,Black,Male,0,0,20,United-States,0
26,Private,274724,Some-college,10,Never-married,Other-service,Other-relative,White,Male,0,0,40,Other,0
31,Self-emp-not-inc,286282,Bachelors,13,Married-civ-spouse,Adm-clerical,Wife,White,Female,0,0,20,United-States,0
35,Private,498216,Bachelors,13,Divorced,Exec-managerial,Unmarried,White,Female,0,0,40,United-States,0
40,Private,173858,7th-8th,4,Married-civ-spouse,Other-service,Husband,Asian-Pac-Islander,Male,0,0,42,Other,0
47,Private,114770,HS-grad,9,Divorced,Other-service,Own-child,White,Female,0,0,32,United-States,0
46,Self-emp-inc,182655,Assoc-voc,11,Married-civ-spouse,Exec-managerial,Husband,White,Male,0,0,60,United-States,1
51,Private,142717,Doctorate,16,Divorced,Craft-repair,Not-in-family,White,Female,4787,0,60,United-States,1
61,Self-emp-not-inc,133969,HS-grad,9,Married-civ-spouse,Sales,Husband,Asian-Pac-Islander,Male,0,0,63,Other,0
35,State-gov,177974,HS-grad,9,Married-civ-spouse,Protective-serv,Husband,White,Male,0,0,40,United-States,1
30,Private,220939,Assoc-voc,11,Divorced,Exec-managerial,Not-in-family,White,Male,0,0,40,United-States,0
39,Private,165215,Masters,14,Married-civ-spouse,Prof-specialty,Wife,White,Female,0,1902,18,United-States,1
32,Private,259719,Some-college,10,Divorced,Handlers-cleaners,Unmarried,Black,Male,0,0,40,Other,0
37,Local-gov,128054,Some-college,10,Divorced,Adm-clerical,Unmarried,White,Female,0,0,40,United-States,0
21,Private,34918,HS-grad,9,Never-married,Sales,Own-child,White,Female,0,0,30,United-States,0
31,State-gov,255830,Assoc-acdm,12,Never-married,Adm-clerical,Own-child,Black,Female,0,0,45,United-States,0
22,Private,214134,10th,6,Never-married,Transport-moving,Not-in-family,Amer-Indian-Eskimo,Male,0,0,84,United-States,0
43,Private,242488,Some-college,10,Married-civ-spouse,Adm-clerical,Husband,White,Male,5013,0,40,United-States,0
24,Private,300584,HS-grad,9,Never-married,Handlers-cleaners,Unmarried,White,Male,0,0,40,United-States,0
43,Local-gov,311914,Some-college,10,Divorced,Adm-clerical,Not-in-family,White,Female,0,0,40,United-States,0
19,Private,351040,Some-college,10,Never-married,Adm-clerical,Own-child,White,Female,0,0,40,Other,0
46,Private,328216,Bachelors,13,Married-civ-spouse,Exec-managerial,Husband,White,Male,15024,0,40,United-States,1
48,Private,273828,Primary,3,Never-married,Handlers-cleaners,Not-in-family,White,Male,0,0,40,Mexico,0
48,State-gov,99086,Bachelors,13,Never-married,Exec-managerial,Not-in-family,White,Female,0,0,50,United-States,0
18,Private,181755,HS-grad,9,Never-married,Sales,Not-in-family,White,Male,0,0,30,United-States,0
69,Private,106595,HS-grad,9,Widowed,Adm-clerical,Not-in-family,White,Female,1848,0,40,United-States,0
28,Private,144521,HS-grad,9,Never-married,Other-service,Own-child,Black,Female,0,0,40,United-States,0
64,Local-gov,237379,HS-grad,9,Married-civ-spouse,Handlers-cleaners,Husband,White,Male,3471,0,40,United-States,0
47,Private,197702,Some-college,10,Married-civ-spouse,Craft-repair,Husband,White,Male,0,0,40,United-States,0
72,Private,192732,HS-grad,9,Married-civ-spouse,Handlers-cleaners,Husband,White,Male,0,0,20,United-States,0
46,Local-gov,192323,Some-college,10,Married-civ-spouse,Protective-serv,Husband,White,Male,0,0,38,United-States,1
27,Private,106758,HS-grad,9,Divorced,Adm-clerical,Unmarried,White,Female,0,0,45,United-States,0
28,Private,203710,Bachelors,13,Never-married,Machine-op-inspct,Not-in-family,White,Male,0,0,40,United-States,0
45,Local-gov,203322,Some-college,10,Divorced,Adm-clerical,Not-in-family,White,Female,0,0,38,United-States,0
61,Private,230292,Some-college,10,Married-civ-spouse,Adm-clerical,Husband,White,Male,7688,0,40,United-States,1
26,Private,120238,Bachelors,13,Never-married,Craft-repair,Not-in-family,White,Male,3325,0,40,United-States,0
34,Private,192002,Bachelors,13,Married-civ-spouse,Exec-managerial,Husband,White,Male,0,0,40,United-States,1
28,Private,499001,HS-grad,9,Never-married,Craft-repair,Unmarried,White,Male,0,0,40,Mexico,0
20,Private,216436,Bachelors,13,Never-married,Sales,Other-relative,Black,Female,0,0,30,United-States,0
25,Private,213412,Bachelors,13,Never-married,Tech-support,Unmarried,White,Male,0,0,40,United-States,0
40,Self-emp-inc,37869,HS-grad,9,Married-civ-spouse,Exec-managerial,Husband,White,Male,0,0,50,United-States,0
32,Private,302845,HS-grad,9,Married-civ-spouse,Exec-managerial,Wife,White,Female,0,0,48,United-States,0
66,Private,101607,HS-grad,9,Divorced,Machine-op-inspct,Not-in-family,White,Male,0,0,10,United-States,0
52,Private,122109,HS-grad,9,Never-married,Prof-specialty,Unmarried,White,Female,0,323,40,United-States,0
59,Self-emp-inc,255822,HS-grad,9,Divorced,Exec-managerial,Not-in-family,White,Male,0,0,60,United-States,0
38,State-gov,149455,HS-grad,9,Never-married,Other-service,Unmarried,Black,Female,0,0,40,United-States,0
47,Private,44216,HS-grad,9,Divorced,Exec-managerial,Unmarried,White,Female,0,0,45,United-States,0
25,Private,430084,Some-college,10,Never-married,Transport-moving,Not-in-family,Black,Male,0,0,40,United-States,0
45,Private,360393,Masters,14,Married-civ-spouse,Exec-managerial,Husband,White,Male,0,1902,50,United-States,1
23,Private,31606,HS-grad,9,Never-married,Adm-clerical,Unmarried,White,Female,0,0,40,United-States,0
29,Private,207064,HS-grad,9,Married-civ-spouse,Machine-op-inspct,Husband,White,Male,0,0,40,United-States,0
32,Private,292592,HS-grad,9,Never-married,Other-service,Own-child,White,Female,0,0,35,United-States,0
19,Private,240468,Some-college,10,Married-spouse-absent,Sales,Own-child,White,Female,0,1602,40,United-States,0
20,Private,211968,Assoc-voc,11,Never-married,Other-service,Own-child,White,Female,0,0,20,United-States,0
29,Self-emp-not-inc,151476,Assoc-voc,11,Never-married,Adm-clerical,Not-in-family,White,Female,2174,0,40,United-States,0
20,Private,270517,HS-grad,9,Never-married,Other-service,Own-child,White,Female,0,0,40,Mexico,0
40,Local-gov,33155,HS-grad,9,Never-married,Other-service,Own-child,White,Male,0,0,40,United-States,0
32,Private,282611,Bachelors,13,Never-married,Exec-managerial,Not-in-family,White,Female,0,0,40,United-States,0
57,Private,120302,HS-grad,9,Married-civ-spouse,Machine-op-inspct,Husband,White,Male,0,0,40,United-States,0
19,Private,427862,Some-college,10,Never-married,Other-service,Own-child,White,Male,0,0,35,United-States,0
44,Private,138077,Bachelors,13,Divorced,Adm-clerical,Unmarried,White,Female,0,0,32,United-States,0
46,Private,220269,Some-college,10,Married-civ-spouse,Tech-support,Husband,White,Male,0,0,40,United-States,1
50,Private,24013,Some-college,10,Married-civ-spouse,Exec-managerial,Husband,White,Male,0,0,84,United-States,1
38,Private,354739,Assoc-voc,11,Married-civ-spouse,Prof-specialty,Husband,Asian-Pac-Islander,Male,0,0,36,Philippines,1
23,Private,38251,HS-grad,9,Never-married,Other-service,Own-child,White,Female,0,0,40,United-States,0
67,Self-emp-not-inc,127543,10th,6,Married-civ-spouse,Farming-fishing,Husband,White,Male,2414,0,80,United-States,0
62,Private,135480,HS-grad,9,Married-civ-spouse,Sales,Husband,White,Male,0,0,16,United-States,0
36,Private,103323,Assoc-acdm,12,Married-civ-spouse,Machine-op-inspct,Husband,White,Male,2829,0,40,United-States,0
50,Private,108435,Masters,14,Married-civ-spouse,Exec-managerial,Husband,White,Male,99999,0,60,United-States,1
31,Local-gov,158092,Some-college,10,Never-married,Adm-clerical,Own-child,White,Female,0,0,35,United-States,0
31,Private,374833,Primary,2,Married-civ-spouse,Handlers-cleaners,Husband,White,Male,0,0,40,Mexico,0
29,Private,243660,HS-grad,9,Married-civ-spouse,Machine-op-inspct,Husband,White,Male,0,0,50,United-States,1
23,State-gov,101094,Some-college,10,Never-married,Protective-serv,Own-child,White,Male,0,0,60,United-States,0
42,Local-gov,176716,Masters,14,Divorced,Prof-specialty,Not-in-family,White,Male,0,0,40,United-States,0
36,Private,79649,Some-college,10,Married-civ-spouse,Sales,Husband,White,Male,0,0,40,United-States,0
57,Private,200453,HS-grad,9,Married-civ-spouse,Craft-repair,Husband,White,Male,15024,0,40,United-States,1
37,Federal-gov,408229,HS-grad,9,Divorced,Tech-support,Unmarried,White,Female,0,0,40,United-States,0
35,State-gov,150488,Bachelors,13,Never-married,Prof-specialty,Not-in-family,White,Female,0,0,40,United-States,0
23,Private,363219,Some-college,10,Never-married,Priv-house-serv,Not-in-family,White,Female,0,0,6,United-States,0
38,Self-emp-not-inc,100316,Bachelors,13,Married-civ-spouse,Craft-repair,Husband,White,Male,0,0,35,United-States,0
45,Self-emp-not-inc,188694,HS-grad,9,Married-civ-spouse,Exec-managerial,Husband,White,Male,0,0,40,United-States,0
37,Private,186934,HS-grad,9,Married-civ-spouse,Sales,Husband,White,Male,15024,0,60,United-States,1
30,Private,242460,HS-grad,9,Separated,Craft-repair,Not-in-family,White,Male,0,0,50,United-States,0
57,Self-emp-not-inc,174760,Assoc-acdm,12,Married-spouse-absent,Farming-fishing,Unmarried,Amer-Indian-Eskimo,Male,0,0,40,United-States,0
18,Self-emp-not-inc,212207,HS-grad,9,Never-married,Farming-fishing,Own-child,White,Male,0,0,11,United-States,0
41,Self-emp-not-inc,200574,Prof-school,15,Married-civ-spouse,Prof-specialty,Husband,White,Male,0,1977,60,United-States,1
47,State-gov,123219,Masters,14,Married-civ-spouse,Prof-specialty,Husband,White,Male,0,0,38,United-States,1
20,Private,167787,Some-college,10,Never-married,Sales,Own-child,White,Female,0,0,20,United-States,0
38,Federal-gov,307404,Some-college,10,Divorced,Adm-clerical,Unmarried,White,Female,0,0,40,United-States,0
46,Self-emp-not-inc,182541,HS-grad,9,Married-civ-spouse,Farming-fishing,Husband,White,Male,0,1672,50,United-States,0
57,Private,173832,Bachelors,13,Married-civ-spouse,Sales,Husband,White,Male,0,1902,40,United-States,1
47,Private,285200,HS-grad,9,Married-civ-spouse,Craft-repair,Husband,White,Male,0,0,40,United-States,0
29,Private,159479,HS-grad,9,Married-civ-spouse,Transport-moving,Husband,Other,Male,0,0,55,United-States,0
54,Self-emp-not-inc,42924,Some-college,10,Married-civ-spouse,Sales,Husband,White,Male,0,0,50,United-States,0
30,Private,167476,Some-college,10,Divorced,Machine-op-inspct,Not-in-family,White,Male,0,0,50,United-States,0
30,Private,313038,HS-grad,9,Never-married,Craft-repair,Not-in-family,White,Male,0,0,40,United-States,0
56,Private,247119,7th-8th,4,Widowed,Machine-op-inspct,Unmarried,Other,Female,0,0,40,Other,0
30,Self-emp-not-inc,250499,Some-college,10,Married-civ-spouse,Adm-clerical,Wife,White,Female,0,0,55,United-States,1
24,Private,72310,Some-college,10,Never-married,Sales,Own-child,White,Male,0,0,43,United-States,0
23,Private,211049,Some-college,10,Never-married,Tech-support,Not-in-family,White,Female,4101,0,40,United-States,0
32,Private,204374,Prof-school,15,Married-civ-spouse,Prof-specialty,Husband,White,Male,0,1977,60,United-States,1
51,Self-emp-not-inc,311569,HS-grad,9,Divorced,Sales,Not-in-family,White,Male,0,0,40,United-States,0
40,Local-gov,269168,HS-grad,9,Married-civ-spouse,Other-service,Husband,Other,Male,0,0,40,Other,0
56,Private,132026,Bachelors,13,Married-civ-spouse,Sales,Husband,Black,Male,7688,0,45,United-States,1
43,Private,152629,HS-grad,9,Married-civ-spouse,Craft-repair,Husband,White,Male,0,0,40,United-States,1
50,Private,34832,Bachelors,13,Married-civ-spouse,Tech-support,Husband,White,Male,15024,0,40,United-States,1
23,Private,522881,Primary,3,Married-civ-spouse,Other-service,Husband,White,Male,0,0,35,Mexico,0
55,Private,201112,HS-grad,9,Divorced,Prof-specialty,Unmarried,Black,Female,0,0,40,United-States,0
44,Private,174283,HS-grad,9,Married-civ-spouse,Craft-repair,Husband,White,Male,0,0,40,United-States,1
18,Private,395567,HS-grad,9,Never-married,Handlers-cleaners,Own-child,White,Male,0,0,40,United-States,0
27,Private,160731,Bachelors,13,Married-civ-spouse,Prof-specialty,Husband,White,Male,0,0,40,United-States,0
58,Private,197319,Bachelors,13,Married-civ-spouse,Exec-managerial,Husband,White,Male,0,0,45,United-States,1
37,Self-emp-not-inc,268598,Bachelors,13,Married-civ-spouse,Exec-managerial,Husband,Other,Male,7298,0,50,Other,1
36,Private,185360,HS-grad,9,Married-civ-spouse,Sales,Husband,White,Male,0,0,60,United-States,0
37,Private,108913,HS-grad,9,Never-married,Other-service,Not-in-family,White,Male,0,0,40,United-States,0
37,Private,342768,HS-grad,9,Married-civ-spouse,Craft-repair,Husband,White,Male,0,0,40,United-States,0
40,Private,259307,Masters,14,Married-civ-spouse,Exec-managerial,Husband,White,Male,0,0,50,United-States,1
51,Self-emp-not-inc,74160,Masters,14,Divorced,Prof-specialty,Unmarried,White,Male,0,0,60,United-States,1
66,Private,166461,11th,7,Married-civ-spouse,Sales,Husband,White,Male,0,0,26,United-States,0
32,Private,164197,Bachelors,13,Married-civ-spouse,Exec-managerial,Husband,White,Male,0,0,60,United-States,1
33,Private,295649,HS-grad,9,Separated,Other-service,Unmarried,White,Female,0,0,40,Other,0
21,Private,198431,HS-grad,9,Never-married,Handlers-cleaners,Not-in-family,White,Female,0,0,40,United-States,0
34,Private,224358,10th,6,Never-married,Other-service,Unmarried,Black,Female,0,0,40,United-States,0
38,Private,233194,HS-grad,9,Married-civ-spouse,Sales,Husband,Black,Male,0,0,40,United-States,1
41,Private,290660,Bachelors,13,Married-civ-spouse,Craft-repair,Husband,White,Male,7688,0,55,United-States,1
22,Private,151105,Some-college,10,Never-married,Sales,Other-relative,White,Female,0,0,18,United-States,0
19,Private,69927,HS-grad,9,Married-civ-spouse,Other-service,Wife,Black,Female,0,0,16,United-States,0
58,Federal-gov,175873,Some-college,10,Married-civ-spouse,Adm-clerical,Husband,White,Male,0,0,40,United-States,1
26,Federal-gov,211596,Masters,14,Never-married,Prof-specialty,Not-in-family,White,Male,0,0,40,United-States,0
35,Private,115803,11th,7,Divorced,Transport-moving,Not-in-family,White,Male,0,0,40,United-States,0
31,Private,110554,HS-grad,9,Married-civ-spouse,Machine-op-inspct,Wife,White,Female,4386,0,40,United-States,1
42,Private,179524,Bachelors,13,Separated,Other-service,Not-in-family,White,Female,0,0,50,United-States,0
45,Private,347834,HS-grad,9,Divorced,Adm-clerical,Not-in-family,White,Female,0,0,40,United-States,0
52,Private,165681,Some-college,10,Married-civ-spouse,Exec-managerial,Husband,White,Male,0,0,40,United-States,0
40,Private,144594,HS-grad,9,Married-civ-spouse,Adm-clerical,Husband,White,Male,2829,0,40,United-States,0
22,Private,370548,Assoc-voc,11,Never-married,Craft-repair,Not-in-family,White,Male,0,0,30,United-States,0
46,Private,213408,Some-college,10,Divorced,Sales,Unmarried,White,Female,0,0,40,Other,0
34,Federal-gov,198265,Bachelors,13,Married-civ-spouse,Protective-serv,Husband,White,Male,0,0,60,United-States,0
51,Private,508891,HS-grad,9,Divorced,Machine-op-inspct,Own-child,Black,Male,0,0,40,United-States,0
39,Private,358837,Some-college,10,Never-married,Tech-support,Unmarried,Black,Female,0,0,40,United-States,0
42,Private,281209,Some-college,10,Married-civ-spouse,Transport-moving,Husband,White,Male,0,0,50,United-States,0
42,Private,175935,HS-grad,9,Divorced,Transport-moving,Not-in-family,White,Male,0,1980,46,United-States,0
24,Private,177287,Some-college,10,Never-married,Handlers-cleaners,Own-child,White,Female,0,0,30,United-States,0
64,Private,66634,7th-8th,4,Married-civ-spouse,Craft-repair,Husband,White,Male,0,0,40,United-States,0
25,Private,193820,Bachelors,13,Never-married,Sales,Not-in-family,White,Female,0,1876,40,United-States,0
47,Private,217509,HS-grad,9,Widowed,Priv-house-serv,Not-in-family,Asian-Pac-Islander,Female,0,0,45,Other,0
50,Private,120914,11th,7,Married-civ-spouse,Craft-repair,Husband,White,Male,0,0,40,United-States,0
32,Private,97723,Some-college,10,Never-married,Craft-repair,Not-in-family,White,Male,0,0,38,United-States,0
49,State-gov,354529,Some-college,10,Never-married,Adm-clerical,Not-in-family,White,Female,0,0,40,United-States,0
22,Private,249727,Some-college,10,Never-married,Adm-clerical,Own-child,White,Male,0,0,30,United-States,0
55,Self-emp-not-inc,205296,Some-college,10,Married-civ-spouse,Sales,Wife,White,Female,0,0,50,United-States,0
32,Self-emp-not-inc,56328,Bachelors,13,Married-civ-spouse,Prof-specialty,Wife,White,Female,0,0,8,United-States,1
38,Private,129591,Some-college,10,Married-civ-spouse,Craft-repair,Husband,White,Male,0,0,40,United-States,0
46,Private,128796,Bachelors,13,Married-civ-spouse,Exec-managerial,Husband,White,Male,0,0,44,United-States,1
33,Private,184833,HS-grad,9,Never-married,Other-service,Not-in-family,White,Female,0,0,35,United-States,0
33,Private,255334,Bachelors,13,Married-civ-spouse,Prof-specialty,Husband,White,Male,0,0,25,United-States,1
43,State-gov,41834,HS-grad,9,Married-civ-spouse,Transport-moving,Husband,White,Male,0,0,38,United-States,1
46,Private,130364,HS-grad,9,Never-married,Craft-repair,Unmarried,White,Male,0,0,40,United-States,0
27,State-gov,146243,Some-college,10,Separated,Other-service,Not-in-family,White,Female,0,0,30,United-States,0
19,Private,244115,HS-grad,9,Never-married,Other-service,Own-child,Black,Male,0,0,30,United-States,0
27,Private,244315,HS-grad,9,Divorced,Craft-repair,Other-relative,Other,Male,0,0,40,United-States,0
37,Private,277022,HS-grad,9,Never-married,Handlers-cleaners,Unmarried,White,Female,3887,0,40,Other,0
27,Federal-gov,105189,HS-grad,9,Divorced,Adm-clerical,Not-in-family,White,Male,4865,0,50,United-States,0
29,Self-emp-inc,87745,Some-college,10,Never-married,Exec-managerial,Not-in-family,White,Male,0,0,60,United-States,0
22,Private,100345,Bachelors,13,Never-married,Craft-repair,Not-in-family,White,Male,13550,0,55,United-States,1
19,Private,232368,Some-college,10,Never-married,Other-service,Own-child,White,Female,0,0,35,United-States,0
57,Private,361324,10th,6,Married-civ-spouse,Craft-repair,Husband,White,Male,0,0,40,United-States,0
46,Private,330087,Bachelors,13,Married-civ-spouse,Exec-managerial,Husband,White,Male,0,0,55,United-States,1
33,Private,276221,Doctorate,16,Married-civ-spouse,Prof-specialty,Husband,White,Male,0,0,40,United-States,0
42,Private,121055,Some-college,10,Never-married,Sales,Not-in-family,White,Male,0,0,45,United-States,0
34,Private,188900,Bachelors,13,Married-civ-spouse,Exec-managerial,Wife,White,Female,0,0,40,United-States,0
40,Private,210013,HS-grad,9,Married-civ-spouse,Transport-moving,Husband,White,Male,0,0,50,United-States,0
37,Local-gov,144322,Assoc-voc,11,Never-married,Adm-clerical,Not-in-family,White,Female,0,0,43,United-States,0
25,Local-gov,58441,Bachelors,13,Never-married,Prof-specialty,Not-in-family,White,Female,0,0,40,United-States,0
24,Private,585203,Bachelors,13,Married-civ-spouse,Exec-managerial,Wife,White,Female,7688,0,45,United-States,1
49,Self-emp-not-inc,163352,Prof-school,15,Married-civ-spouse,Prof-specialty,Husband,White,Male,0,0,85,United-States,1
48,Self-emp-inc,254291,Bachelors,13,Married-civ-spouse,Exec-managerial,Husband,White,Male,7298,0,50,United-States,1
36,Self-emp-not-inc,160120,Bachelors,13,Married-civ-spouse,Sales,Husband,Other,Male,0,0,45,Other,0
64,Private,265661,HS-grad,9,Married-civ-spouse,Transport-moving,Husband,White,Male,0,0,40,United-States,0
44,Self-emp-not-inc,567788,Primary,3,Married-civ-spouse,Farming-fishing,Husband,White,Male,0,0,40,Mexico,0
27,Private,329426,Bachelors,13,Never-married,Exec-managerial,Not-in-family,White,Male,0,0,45,United-States,0
22,Private,416165,Some-college,10,Never-married,Sales,Unmarried,White,Female,0,0,32,United-States,0
55,Private,249072,HS-grad,9,Married-civ-spouse,Transport-moving,Husband,White,Male,0,0,60,United-States,0
44,Private,721161,Some-college,10,Separated,Machine-op-inspct,Not-in-family,Black,Male,0,0,40,United-States,0
34,Private,347166,Doctorate,16,Never-married,Prof-specialty,Not-in-family,White,Male,0,0,50,United-States,1
63,Private,28334,Masters,14,Divorced,Exec-managerial,Not-in-family,White,Female,0,0,40,United-States,1
50,Self-emp-inc,204447,Some-college,10,Divorced,Protective-serv,Not-in-family,White,Male,0,0,40,United-States,0
18,Private,374969,10th,6,Never-married,Transport-moving,Not-in-family,White,Male,0,0,56,United-States,0
30,Private,103649,Some-college,10,Never-married,Other-service,Own-child,Black,Female,0,0,40,United-States,0
55,Private,223613,Primary,2,Divorced,Priv-house-serv,Unmarried,White,Female,0,0,30,Other,0
40,Local-gov,233891,HS-grad,9,Never-married,Adm-clerical,Unmarried,Black,Female,0,0,35,United-States,0
43,Self-emp-not-inc,355856,Bachelors,13,Married-civ-spouse,Exec-managerial,Husband,Asian-Pac-Islander,Male,0,0,50,Philippines,0
48,Self-emp-not-inc,139212,Some-college,10,Divorced,Craft-repair,Not-in-family,White,Male,0,0,40,United-States,0
34,Private,228881,Some-college,10,Separated,Machine-op-inspct,Not-in-family,Other,Male,0,0,40,United-States,0
31,Local-gov,331126,Bachelors,13,Never-married,Protective-serv,Own-child,Black,Male,0,0,48,United-States,0
27,Private,279872,Some-college,10,Divorced,Other-service,Not-in-family,White,Male,0,0,40,United-States,0
59,Private,271571,Some-college,10,Married-civ-spouse,Craft-repair,Husband,White,Male,15024,0,50,United-States,1
50,Local-gov,199995,Bachelors,13,Divorced,Protective-serv,Not-in-family,White,Male,0,0,40,United-States,1
32,Private,211743,Bachelors,13,Never-married,Sales,Not-in-family,White,Male,0,0,45,United-States,0
37,Private,148581,HS-grad,9,Married-civ-spouse,Transport-moving,Husband,White,Male,0,0,50,United-States,1
47,Self-emp-not-inc,112200,Bachelors,13,Never-married,Exec-managerial,Not-in-family,Black,Male,10520,0,45,United-States,1
51,Private,199995,9th,5,Married-civ-spouse,Craft-repair,Husband,White,Male,0,0,50,United-States,1
37,Self-emp-not-inc,301568,HS-grad,9,Married-civ-spouse,Prof-specialty,Wife,White,Female,0,0,35,United-States,1
48,Private,171807,Bachelors,13,Divorced,Other-service,Unmarried,White,Female,0,0,56,United-States,1
67,Self-emp-not-inc,354405,HS-grad,9,Widowed,Other-service,Not-in-family,White,Female,0,0,20,United-States,0
28,Private,156819,HS-grad,9,Divorced,Handlers-cleaners,Unmarried,White,Female,0,0,36,United-States,0
47,Private,332727,Bachelors,13,Married-civ-spouse,Prof-specialty,Husband,White,Male,0,0,60,United-States,1
40,Private,273425,Bachelors,13,Married-civ-spouse,Exec-managerial,Husband,White,Male,0,0,50,United-States,1
23,Private,268145,Bachelors,13,Never-married,Exec-managerial,Not-in-family,White,Female,0,0,45,United-States,0
25,Private,303431,HS-grad,9,Married-civ-spouse,Adm-clerical,Wife,White,Female,0,0,40,United-States,0
29,Private,158218,HS-grad,9,Never-married,Farming-fishing,Unmarried,White,Male,0,0,35,United-States,0
21,Private,232569,HS-grad,9,Never-married,Handlers-cleaners,Not-in-family,White,Male,0,0,40,United-States,0
49,Private,181717,Assoc-voc,11,Separated,Prof-specialty,Own-child,White,Female,0,0,36,United-States,0
27,Private,72887,HS-grad,9,Never-married,Handlers-cleaners,Other-relative,Asian-Pac-Islander,Male,0,0,40,United-States,0
22,Private,184813,Some-college,10,Never-married,Adm-clerical,Own-child,White,Male,0,0,40,United-States,0
49,Local-gov,102359,9th,5,Widowed,Handlers-cleaners,Unmarried,White,Male,0,2231,40,United-States,1
50,Local-gov,97449,Some-college,10,Married-civ-spouse,Protective-serv,Husband,White,Male,0,0,48,United-States,0
29,Private,199499,Assoc-voc,11,Never-married,Other-service,Not-in-family,Black,Male,0,0,40,United-States,0
50,Private,237729,HS-grad,9,Widowed,Sales,Not-in-family,White,Female,0,2444,72,United-States,1
58,Private,225603,9th,5,Divorced,Farming-fishing,Not-in-family,Black,Male,0,0,40,United-States,0
26,Private,239043,11th,7,Never-married,Other-service,Not-in-family,White,Male,0,0,40,United-States,0
52,Private,49243,HS-grad,9,Married-civ-spouse,Machine-op-inspct,Husband,White,Male,0,0,40,United-States,0
33,Private,229716,HS-grad,9,Divorced,Adm-clerical,Not-in-family,White,Male,0,0,38,United-States,0
43,Private,152420,Some-college,10,Married-civ-spouse,Machine-op-inspct,Husband,Black,Male,0,0,50,United-States,0
41,Private,355918,Some-college,10,Married-civ-spouse,Transport-moving,Husband,White,Male,0,0,65,United-States,1
45,Private,34248,HS-grad,9,Married-civ-spouse,Sales,Husband,White,Male,0,0,50,United-States,0
57,Private,94429,HS-grad,9,Married-civ-spouse,Handlers-cleaners,Husband,White,Male,0,0,40,United-States,0
36,Self-emp-not-inc,151322,Bachelors,13,Married-civ-spouse,Prof-specialty,Husband,White,Male,0,0,45,United-States,1
51,Private,94081,HS-grad,9,Never-married,Craft-repair,Not-in-family,White,Male,0,0,40,United-States,1
27,Private,196044,Some-college,10,Married-civ-spouse,Craft-repair,Husband,White,Male,0,0,60,United-States,0
55,State-gov,136819,HS-grad,9,Married-civ-spouse,Protective-serv,Husband,White,Male,0,0,40,United-States,0
56,Private,295067,Bachelors,13,Never-married,Exec-managerial,Not-in-family,White,Male,14084,0,45,United-States,1
42,Private,113147,Assoc-acdm,12,Married-civ-spouse,Prof-specialty,Husband,Black,Male,0,0,40,United-States,0
34,Self-emp-not-inc,114691,HS-grad,9,Married-civ-spouse,Prof-specialty,Husband,White,Male,0,0,40,United-States,1
24,Private,119156,HS-grad,9,Never-married,Handlers-cleaners,Own-child,White,Male,0,0,40,United-States,0
44,Private,355728,Some-college,10,Separated,Exec-managerial,Not-in-family,White,Male,0,1980,45,Other,0
38,Private,179579,HS-grad,9,Never-married,Prof-specialty,Not-in-family,White,Male,0,0,40,United-States,0
55,Private,202559,Bachelors,13,Married-civ-spouse,Other-service,Other-relative,Asian-Pac-Islander,Male,0,0,35,Philippines,0
28,Private,75695,Some-college,10,Separated,Other-service,Not-in-family,White,Female,0,0,60,United-States,0
54,Private,421561,Masters,14,Married-civ-spouse,Exec-managerial,Husband,White,Male,0,0,45,United-States,1
19,Private,187570,HS-grad,9,Never-married,Craft-repair,Own-child,White,Male,0,0,20,United-States,0
25,Private,182866,HS-grad,9,Never-married,Handlers-cleaners,Own-child,White,Male,0,0,40,United-States,0
37,Private,204145,Assoc-voc,11,Married-civ-spouse,Craft-repair,Husband,White,Male,0,0,45,United-States,1
48,Private,280422,Some-college,10,Separated,Other-service,Not-in-family,White,Female,0,0,25,Other,0
36,Private,116608,HS-grad,9,Divorced,Machine-op-inspct,Unmarried,White,Female,0,0,38,United-States,0
23,Private,154210,Some-college,10,Never-married,Adm-clerical,Other-relative,Asian-Pac-Islander,Male,0,0,14,Other,0
33,Private,287878,Some-college,10,Married-civ-spouse,Other-service,Wife,White,Female,0,0,26,United-States,0
42,State-gov,211915,Some-college,10,Separated,Tech-support,Unmarried,White,Female,0,0,40,United-States,0
44,Self-emp-inc,165815,HS-grad,9,Married-civ-spouse,Transport-moving,Husband,White,Male,0,0,96,United-States,0
38,Private,222450,Some-college,10,Separated,Exec-managerial,Unmarried,White,Male,0,0,40,United-States,0
42,Private,77373,Some-college,10,Married-civ-spouse,Handlers-cleaners,Husband,White,Male,0,0,38,United-States,0
56,Private,285730,Masters,14,Never-married,Prof-specialty,Not-in-family,White,Male,0,0,66,United-States,0
39,Private,137522,HS-grad,9,Married-civ-spouse,Machine-op-inspct,Husband,Asian-Pac-Islander,Male,0,0,40,Other,1
31,Private,219318,HS-grad,9,Never-married,Adm-clerical,Unmarried,White,Female,0,0,35,Other,0
51,Private,200576,Bachelors,13,Divorced,Adm-clerical,Not-in-family,White,Female,0,0,40,United-States,0
24,Self-emp-inc,142404,Bachelors,13,Married-civ-spouse,Exec-managerial,Husband,White,Male,0,0,40,United-States,1
28,Local-gov,180271,Bachelors,13,Married-civ-spouse,Handlers-cleaners,Husband,White,Male,0,0,65,United-States,1
41,Private,210259,Some-college,10,Divorced,Adm-clerical,Unmarried,Black,Female,0,0,37,United-States,0
50,State-gov,242517,Bachelors,13,Divorced,Exec-managerial,Not-in-family,White,Female,0,0,40,United-States,0
44,Self-emp-not-inc,277783,Masters,14,Never-married,Farming-fishing,Own-child,White,Male,0,0,99,United-States,0
56,Local-gov,305767,HS-grad,9,Married-civ-spouse,Other-service,Husband,Asian-Pac-Islander,Male,0,0,40,Other,0
56,Self-emp-not-inc,162130,Primary,3,Married-civ-spouse,Exec-managerial,Husband,White,Male,0,1887,67,United-States,1
21,Private,306850,HS-grad,9,Never-married,Transport-moving,Own-child,White,Male,0,0,40,United-States,0
48,Federal-gov,147397,HS-grad,9,Married-civ-spouse,Adm-clerical,Husband,White,Male,0,0,36,United-States,0
41,State-gov,26892,Bachelors,13,Never-married,Adm-clerical,Not-in-family,White,Male,0,0,40,United-States,0
24,Private,283613,Bachelors,13,Married-civ-spouse,Prof-specialty,Husband,White,Male,0,0,40,United-States,0
49,Private,298130,7th-8th,4,Married-civ-spouse,Machine-op-inspct,Husband,White,Male,0,0,40,United-States,0
46,Private,102308,HS-grad,9,Married-civ-spouse,Handlers-cleaners,Husband,White,Male,0,0,56,United-States,1
29,Self-emp-not-inc,178551,HS-grad,9,Married-civ-spouse,Craft-repair,Husband,White,Male,0,0,40,United-States,0
38,Private,372559,Some-college,10,Married-civ-spouse,Craft-repair,Husband,Black,Male,0,0,40,United-States,0
36,Federal-gov,184556,Bachelors,13,Married-civ-spouse,Exec-managerial,Wife,White,Female,0,0,40,United-States,0
40,Private,176602,HS-grad,9,Divorced,Other-service,Not-in-family,Black,Male,0,0,40,United-States,0
22,Private,215546,Assoc-acdm,12,Never-married,Exec-managerial,Not-in-family,White,Male,0,0,55,United-States,0
20,Private,194504,Some-college,10,Separated,Sales,Unmarried,Black,Female,0,0,40,United-States,0
61,Private,28291,HS-grad,9,Divorced,Farming-fishing,Not-in-family,White,Female,0,0,82,United-States,0
42,Federal-gov,31621,Assoc-acdm,12,Divorced,Adm-clerical,Not-in-family,White,Female,0,0,40,United-States,0
56,Local-gov,370045,Bachelors,13,Married-civ-spouse,Prof-specialty,Husband,White,Male,0,0,40,United-States,1
37,Private,231180,HS-grad,9,Married-civ-spouse,Machine-op-inspct,Husband,White,Male,0,0,40,United-States,0
39,Local-gov,256997,Bachelors,13,Married-civ-spouse,Craft-repair,Husband,White,Male,0,0,40,United-States,0
26,Federal-gov,218782,HS-grad,9,Married-civ-spouse,Adm-clerical,Husband,Other,Male,0,0,40,United-States,0
30,Private,196385,Some-college,10,Married-civ-spouse,Craft-repair,Husband,White,Male,0,0,45,United-States,1
76,Private,116202,HS-grad,9,Widowed,Other-service,Unmarried,White,Female,0,0,33,United-States,0
38,Private,107302,Some-college,10,Married-civ-spouse,Sales,Husband,White,Male,0,0,60,United-States,1
48,Private,219565,HS-grad,9,Married-civ-spouse,Craft-repair,Husband,White,Male,0,0,40,United-States,0
27,Private,280758,11th,7,Never-married,Craft-repair,Other-relative,White,Male,0,0,60,United-States,0
20,Private,236592,12th,8,Never-married,Prof-specialty,Not-in-family,White,Female,0,0,35,Other,0
29,Private,135296,Assoc-voc,11,Never-married,Adm-clerical,Own-child,White,Female,0,0,40,United-States,0
38,Private,224584,Some-college,10,Divorced,Sales,Unmarried,Black,Female,0,0,40,United-States,0
52,Local-gov,152795,Some-college,10,Married-civ-spouse,Craft-repair,Husband,White,Male,0,0,40,United-States,0
24,Private,182276,HS-grad,9,Married-civ-spouse,Other-service,Wife,White,Female,0,0,25,United-States,0
19,Private,198668,7th-8th,4,Never-married,Other-service,Not-in-family,White,Female,0,0,40,United-States,0
45,Private,190115,Assoc-acdm,12,Divorced,Exec-managerial,Unmarried,White,Male,0,0,40,United-States,0
54,Private,139703,Some-college,10,Married-civ-spouse,Craft-repair,Husband,White,Male,3103,0,40,Other,1
30,Private,288566,Bachelors,13,Never-married,Other-service,Not-in-family,White,Male,0,0,40,United-States,0
19,Private,344414,Some-college,10,Never-married,Transport-moving,Own-child,White,Male,0,0,40,United-States,0
49,Private,102583,Some-college,10,Married-civ-spouse,Prof-specialty,Husband,White,Male,0,1848,44,United-States,1
27,Private,174419,Bachelors,13,Never-married,Prof-specialty,Not-in-family,White,Female,0,0,40,United-States,0
46,Private,383384,HS-grad,9,Married-civ-spouse,Prof-specialty,Husband,White,Male,0,0,40,United-States,0
47,Local-gov,29819,Masters,14,Married-civ-spouse,Exec-managerial,Husband,Black,Male,0,1977,50,United-States,1
31,Private,185480,HS-grad,9,Married-civ-spouse,Adm-clerical,Wife,White,Female,0,0,40,Other,1
42,Private,94600,HS-grad,9,Married-civ-spouse,Craft-repair,Husband,White,Male,5178,0,40,United-States,1
25,Private,40512,Bachelors,13,Never-married,Prof-specialty,Not-in-family,White,Male,3674,0,30,United-States,0
24,Private,198259,HS-grad,9,Never-married,Sales,Own-child,White,Female,0,0,30,United-States,0
48,Private,180446,10th,6,Married-civ-spouse,Machine-op-inspct,Husband,Black,Male,0,0,40,United-States,0
46,Self-emp-inc,116338,Masters,14,Married-civ-spouse,Exec-managerial,Wife,White,Female,0,0,50,United-States,1
35,Self-emp-not-inc,308874,HS-grad,9,Never-married,Craft-repair,Not-in-family,Black,Male,0,0,40,United-States,0
31,Private,34503,Assoc-voc,11,Married-civ-spouse,Craft-repair,Husband,White,Male,0,0,40,United-States,1
37,Private,105803,HS-grad,9,Married-civ-spouse,Handlers-cleaners,Husband,White,Male,0,0,40,United-States,0
40,Private,136986,Some-college,10,Married-civ-spouse,Machine-op-inspct,Husband,White,Male,0,0,50,United-States,1
58,Private,102509,10th,6,Divorced,Transport-moving,Not-in-family,Black,Male,0,0,50,United-States,0
59,Self-emp-not-inc,241297,Some-college,10,Widowed,Farming-fishing,Not-in-family,White,Female,6849,0,40,United-States,0
22,Private,315524,Some-college,10,Never-married,Adm-clerical,Own-child,Black,Male,0,0,30,Other,0
23,Private,126945,Bachelors,13,Married-civ-spouse,Exec-managerial,Husband,White,Male,0,0,40,United-States,0
51,Private,29580,11th,7,Married-civ-spouse,Sales,Husband,White,Male,4386,0,30,United-States,1
44,Private,56483,Bachelors,13,Never-married,Adm-clerical,Own-child,White,Female,0,0,37,United-States,0
26,Private,259505,Some-college,10,Never-married,Other-service,Own-child,White,Male,0,0,40,United-States,0
37,State-gov,186934,Some-college,10,Married-civ-spouse,Other-service,Husband,White,Male,0,0,40,United-States,0
56,State-gov,175057,Bachelors,13,Married-civ-spouse,Exec-managerial,Husband,White,Male,0,0,40,United-States,0
34,Private,98283,Prof-school,15,Never-married,Tech-support,Not-in-family,Asian-Pac-Islander,Male,0,1564,40,Other,1
29,Private,152503,Some-college,10,Never-married,Handlers-cleaners,Not-in-family,Black,Male,0,0,45,United-States,0
30,Self-emp-not-inc,123397,Some-college,10,Divorced,Other-service,Unmarried,White,Female,0,0,30,United-States,0
41,Self-emp-inc,60949,HS-grad,9,Divorced,Craft-repair,Not-in-family,White,Male,0,0,55,United-States,0
37,Private,84306,Some-college,10,Married-civ-spouse,Other-service,Husband,White,Male,0,0,40,United-States,0
33,Private,98995,10th,6,Divorced,Handlers-cleaners,Not-in-family,White,Female,0,0,36,United-States,0
17,Private,226717,12th,8,Never-married,Handlers-cleaners,Own-child,White,Male,0,0,20,United-States,0
23,Private,188409,11th,7,Married-civ-spouse,Transport-moving,Husband,White,Male,4508,0,25,United-States,0
56,Local-gov,238582,Some-college,10,Married-civ-spouse,Craft-repair,Husband,White,Male,0,0,41,United-States,1
34,Local-gov,230420,Bachelors,13,Married-civ-spouse,Prof-specialty,Husband,White,Male,0,0,40,United-States,1
28,Private,141957,Bachelors,13,Married-civ-spouse,Prof-specialty,Husband,White,Male,0,0,50,United-States,0
54,State-gov,187686,Some-college,10,Divorced,Adm-clerical,Not-in-family,White,Female,0,0,38,United-States,0
33,Private,54782,Bachelors,13,Married-civ-spouse,Adm-clerical,Husband,White,Male,0,1579,42,United-States,0
28,Private,175343,Bachelors,13,Married-civ-spouse,Sales,Husband,White,Male,0,0,40,United-States,0
43,Private,115806,Masters,14,Divorced,Exec-managerial,Unmarried,White,Female,0,2547,40,United-States,1
45,Local-gov,255559,HS-grad,9,Never-married,Adm-clerical,Not-in-family,White,Female,0,0,40,United-States,0
65,Private,205309,HS-grad,9,Married-civ-spouse,Adm-clerical,Husband,White,Male,0,0,20,United-States,0
32,Private,188245,11th,7,Never-married,Priv-house-serv,Unmarried,Black,Female,0,0,40,United-States,0
55,Private,130957,HS-grad,9,Married-civ-spouse,Craft-repair,Husband,White,Male,0,0,45,United-States,0
54,Private,147863,Assoc-voc,11,Married-civ-spouse,Craft-repair,Husband,Asian-Pac-Islander,Male,5013,0,40,Other,0
30,Private,381153,Some-college,10,Married-civ-spouse,Craft-repair,Husband,White,Male,0,0,40,United-States,0
26,Private,158333,Primary,3,Never-married,Transport-moving,Not-in-family,White,Male,0,0,40,Other,0
46,Private,358533,Some-college,10,Married-civ-spouse,Protective-serv,Husband,Black,Male,0,0,40,United-States,1
30,Private,164190,Assoc-voc,11,Married-civ-spouse,Prof-specialty,Husband,White,Male,5178,0,52,United-States,1
59,Private,91384,Doctorate,16,Married-civ-spouse,Prof-specialty,Husband,White,Male,0,0,60,United-States,1
52,Private,82285,Bachelors,13,Married-spouse-absent,Other-service,Other-relative,Black,Female,0,0,40,Other,0
24,Private,201680,HS-grad,9,Never-married,Adm-clerical,Unmarried,White,Male,0,0,60,United-States,0
25,Private,167031,10th,6,Never-married,Machine-op-inspct,Not-in-family,White,Female,0,0,40,Other,0
34,Private,405577,Some-college,10,Never-married,Adm-clerical,Not-in-family,White,Male,0,0,40,United-States,0
28,Federal-gov,526528,Some-college,10,Never-married,Adm-clerical,Unmarried,Black,Female,3887,0,40,United-States,0
44,Private,222434,HS-grad,9,Divorced,Machine-op-inspct,Own-child,White,Male,0,0,40,United-States,0
61,Self-emp-inc,61040,Some-college,10,Married-civ-spouse,Sales,Husband,White,Male,7688,0,36,United-States,1
41,Private,66118,Bachelors,13,Divorced,Prof-specialty,Own-child,White,Female,0,0,40,United-States,0
45,Private,170092,Some-college,10,Divorced,Other-service,Not-in-family,White,Female,0,0,50,United-States,0
50,Private,140741,11th,7,Never-married,Machine-op-inspct,Other-relative,White,Female,0,0,40,United-States,0
25,Private,197651,Some-college,10,Never-married,Tech-support,Own-child,White,Female,0,0,43,United-States,0
44,Private,204235,HS-grad,9,Married-civ-spouse,Transport-moving,Husband,White,Male,0,0,40,United-States,0
33,Private,79303,HS-grad,9,Married-civ-spouse,Farming-fishing,Husband,White,Male,0,0,45,United-States,0
49,Local-gov,174981,Masters,14,Married-civ-spouse,Exec-managerial,Husband,Black,Male,0,0,47,United-States,1
48,Local-gov,328610,Prof-school,15,Married-civ-spouse,Prof-specialty,Husband,White,Male,0,0,45,United-States,1
38,State-gov,134069,Masters,14,Married-civ-spouse,Exec-managerial,Husband,White,Male,7298,0,60,United-States,1
53,Self-emp-not-inc,302847,HS-grad,9,Married-civ-spouse,Sales,Husband,White,Male,0,0,35,United-States,0
23,Private,227594,HS-grad,9,Never-married,Adm-clerical,Not-in-family,White,Female,0,0,30,United-States,0
36,State-gov,108320,Masters,14,Divorced,Prof-specialty,Unmarried,White,Male,5455,0,30,United-States,0
52,Private,321959,Some-college,10,Married-civ-spouse,Tech-support,Husband,Black,Male,0,0,40,United-States,1
19,Private,214935,Some-college,10,Never-married,Handlers-cleaners,Own-child,White,Male,0,0,40,United-States,0
60,Private,82388,Some-college,10,Married-civ-spouse,Protective-serv,Husband,White,Male,0,0,38,United-States,0
34,Private,581071,HS-grad,9,Separated,Adm-clerical,Not-in-family,White,Male,0,0,48,United-States,1
58,Self-emp-inc,229498,Some-college,10,Widowed,Sales,Not-in-family,White,Female,0,0,20,United-States,1
45,State-gov,81853,Some-college,10,Married-civ-spouse,Adm-clerical,Wife,Asian-Pac-Islander,Female,0,0,40,United-States,1
23,Private,150683,Some-college,10,Never-married,Exec-managerial,Own-child,White,Male,0,0,40,United-States,0
25,Private,361307,Bachelors,13,Never-married,Sales,Own-child,White,Female,0,0,40,United-States,0
43,Self-emp-not-inc,174090,HS-grad,9,Married-civ-spouse,Adm-clerical,Wife,White,Female,0,0,20,United-States,1
51,Private,192182,Some-college,10,Married-civ-spouse,Machine-op-inspct,Husband,White,Male,7298,0,40,United-States,1
33,Private,143540,HS-grad,9,Married-civ-spouse,Craft-repair,Husband,White,Male,0,0,40,United-States,0
33,Local-gov,183923,Masters,14,Married-civ-spouse,Prof-specialty,Wife,White,Female,7688,0,35,United-States,1
31,Private,225507,Assoc-voc,11,Never-married,Other-service,Unmarried,White,Female,0,0,40,United-States,0
43,Local-gov,35824,Masters,14,Married-civ-spouse,Prof-specialty,Wife,White,Female,0,0,40,United-States,1
50,Self-emp-not-inc,95577,HS-grad,9,Married-civ-spouse,Other-service,Wife,White,Female,0,0,12,Other,0
37,Self-emp-not-inc,75050,Assoc-voc,11,Married-civ-spouse,Craft-repair,Husband,White,Male,0,0,55,United-States,0
47,Local-gov,172246,Masters,14,Married-civ-spouse,Prof-specialty,Husband,White,Male,0,0,60,United-States,1
55,Private,144084,10th,6,Married-civ-spouse,Other-service,Husband,White,Male,0,0,40,United-States,0
31,State-gov,263000,Assoc-voc,11,Married-civ-spouse,Protective-serv,Husband,White,Male,0,0,38,United-States,0
23,Federal-gov,41432,Bachelors,13,Never-married,Prof-specialty,Not-in-family,White,Female,0,0,15,United-States,0
31,Self-emp-not-inc,30290,HS-grad,9,Never-married,Other-service,Unmarried,White,Female,0,0,40,United-States,0
39,Private,188540,HS-grad,9,Divorced,Exec-managerial,Not-in-family,White,Male,0,0,45,United-States,0
37,Private,171090,9th,5,Married-civ-spouse,Machine-op-inspct,Wife,Black,Female,0,0,48,United-States,0
37,Private,131463,10th,6,Divorced,Other-service,Unmarried,White,Female,0,0,33,United-States,0
47,Private,276087,Assoc-voc,11,Married-civ-spouse,Other-service,Husband,White,Male,0,0,26,United-States,0
28,Private,339002,HS-grad,9,Never-married,Transport-moving,Own-child,White,Male,0,0,20,United-States,0
21,Private,104981,Some-college,10,Never-married,Prof-specialty,Own-child,White,Male,0,0,48,United-States,0
27,Private,347513,Some-college,10,Never-married,Adm-clerical,Not-in-family,White,Female,0,0,40,United-States,0
24,Private,29810,Some-college,10,Never-married,Prof-specialty,Own-child,White,Female,0,0,40,United-States,0
45,Self-emp-inc,281911,HS-grad,9,Married-civ-spouse,Craft-repair,Husband,White,Male,0,0,48,United-States,0
53,State-gov,77651,HS-grad,9,Married-civ-spouse,Craft-repair,Husband,White,Male,0,0,40,United-States,0
64,Private,133166,HS-grad,9,Married-civ-spouse,Exec-managerial,Husband,White,Male,0,0,5,United-States,0
61,Self-emp-inc,119986,Bachelors,13,Married-civ-spouse,Sales,Husband,White,Male,0,0,50,United-States,0
25,Private,66622,Some-college,10,Never-married,Other-service,Own-child,White,Female,0,0,25,United-States,0
53,Private,49715,HS-grad,9,Divorced,Transport-moving,Unmarried,White,Male,0,0,40,United-States,0
28,Private,116531,HS-grad,9,Never-married,Adm-clerical,Not-in-family,White,Female,0,0,40,United-States,0
27,Self-emp-not-inc,141795,Some-college,10,Married-civ-spouse,Exec-managerial,Husband,White,Male,0,0,30,United-States,0
57,Self-emp-not-inc,123778,HS-grad,9,Married-civ-spouse,Sales,Husband,White,Male,0,0,48,United-States,0
40,Private,190290,Some-college,10,Divorced,Sales,Not-in-family,White,Male,0,0,40,United-States,0
39,Private,99270,Bachelors,13,Married-civ-spouse,Prof-specialty,Wife,White,Female,0,0,50,Other,1
53,Private,224894,Primary,3,Married-civ-spouse,Priv-house-serv,Wife,Black,Female,0,0,10,Other,0
29,Local-gov,219906,Bachelors,13,Married-civ-spouse,Prof-specialty,Wife,White,Female,0,0,25,United-States,1
24,Private,122234,Some-college,10,Never-married,Adm-clerical,Not-in-family,Black,Female,0,0,20,Other,0
28,Private,253814,HS-grad,9,Divorced,Other-service,Unmarried,White,Female,0,0,35,United-States,0
30,Private,149787,Some-college,10,Married-civ-spouse,Handlers-cleaners,Husband,White,Male,0,0,40,United-States,0
17,Private,127366,11th,7,Never-married,Sales,Own-child,White,Female,0,0,8,United-States,0
33,Private,193285,Bachelors,13,Married-civ-spouse,Prof-specialty,Husband,White,Male,0,0,38,United-States,1
35,Private,142282,Some-college,10,Separated,Other-service,Unmarried,White,Female,0,0,25,United-States,0
64,Private,187601,Some-college,10,Widowed,Adm-clerical,Not-in-family,White,Female,0,0,40,United-States,0
29,Private,199116,HS-grad,9,Married-civ-spouse,Machine-op-inspct,Husband,White,Male,0,0,40,Other,0
19,Private,187161,Some-college,10,Never-married,Sales,Own-child,White,Female,0,0,25,United-States,0
18,Private,36882,HS-grad,9,Never-married,Adm-clerical,Own-child,White,Female,0,0,20,United-States,0
35,Private,267966,11th,7,Never-married,Machine-op-inspct,Not-in-family,White,Male,0,0,50,United-States,0
55,Private,60193,HS-grad,9,Divorced,Adm-clerical,Not-in-family,White,Female,0,0,40,United-States,0
22,Private,347867,HS-grad,9,Married-spouse-absent,Sales,Not-in-family,White,Male,0,1719,40,United-States,0
50,Self-emp-not-inc,114758,Bachelors,13,Never-married,Craft-repair,Not-in-family,White,Male,4416,0,45,United-States,0
28,Private,215014,HS-grad,9,Married-civ-spouse,Transport-moving,Husband,White,Male,0,0,50,United-States,0
35,Private,205338,HS-grad,9,Married-civ-spouse,Craft-repair,Husband,White,Male,0,0,40,United-States,0
32,Private,180799,Some-college,10,Married-civ-spouse,Transport-moving,Husband,White,Male,0,0,60,United-States,1
36,Private,111499,Masters,14,Never-married,Exec-managerial,Not-in-family,White,Female,14084,0,40,United-States,1
59,Private,530099,Some-college,10,Married-civ-spouse,Craft-repair,Husband,White,Male,0,1887,55,United-States,1
42,Private,160893,Some-college,10,Married-civ-spouse,Other-service,Wife,White,Female,0,0,23,United-States,0
39,Private,129764,HS-grad,9,Married-civ-spouse,Craft-repair,Husband,White,Male,0,0,40,United-States,0
48,Private,167967,HS-grad,9,Separated,Machine-op-inspct,Unmarried,Black,Female,0,0,40,United-States,0
60,Private,191446,HS-grad,9,Married-civ-spouse,Exec-managerial,Husband,White,Male,99999,0,40,United-States,1
39,Local-gov,143385,HS-grad,9,Married-civ-spouse,Craft-repair,Husband,White,Male,0,0,40,United-States,0
41,Private,116797,HS-grad,9,Married-civ-spouse,Sales,Husband,White,Male,7298,0,50,United-States,1
53,Local-gov,204447,Masters,14,Married-civ-spouse,Exec-managerial,Husband,White,Male,0,0,43,United-States,1
38,Self-emp-inc,269318,Some-college,10,Married-civ-spouse,Exec-managerial,Husband,White,Male,7298,0,40,United-States,1
31,Private,193285,Bachelors,13,Never-married,Prof-specialty,Not-in-family,White,Male,0,0,40,United-States,0
44,State-gov,154176,Some-college,10,Divorced,Adm-clerical,Not-in-family,Black,Female,0,1590,40,United-States,0
49,Private,232586,Primary,3,Married-civ-spouse,Craft-repair,Husband,White,Male,0,0,40,United-States,0
40,Private,408229,Primary,2,Never-married,Other-service,Not-in-family,White,Male,0,0,45,Other,0
27,Private,126730,HS-grad,9,Never-married,Sales,Not-in-family,White,Female,0,0,40,United-States,0
28,Private,216814,HS-grad,9,Married-civ-spouse,Transport-moving,Husband,Black,Male,0,0,40,United-States,0
38,Private,372484,11th,7,Never-married,Other-service,Own-child,Black,Female,0,0,40,United-States,0
23,Private,181820,Some-college,10,Never-married,Farming-fishing,Unmarried,White,Male,0,0,45,United-States,0
53,Private,177916,Bachelors,13,Married-civ-spouse,Adm-clerical,Husband,White,Male,7298,0,40,United-States,1
19,Private,357059,HS-grad,9,Never-married,Adm-clerical,Own-child,White,Female,0,0,35,United-States,0
21,Private,263641,HS-grad,9,Divorced,Sales,Other-relative,White,Female,0,0,40,United-States,0
45,Self-emp-not-inc,40690,Some-college,10,Never-married,Farming-fishing,Own-child,White,Male,0,0,75,United-States,0
27,Private,214702,Prof-school,15,Married-civ-spouse,Prof-specialty,Husband,White,Male,0,0,42,United-States,1
46,Self-emp-not-inc,103538,Prof-school,15,Married-civ-spouse,Prof-specialty,Husband,White,Male,0,0,65,United-States,1
36,Private,361888,HS-grad,9,Married-civ-spouse,Transport-moving,Husband,White,Male,0,0,45,United-States,1
43,Self-emp-not-inc,315971,Masters,14,Never-married,Exec-managerial,Not-in-family,White,Female,0,0,40,United-States,0
24,Private,112459,Masters,14,Never-married,Prof-specialty,Not-in-family,White,Female,0,0,45,United-States,0
20,Private,369677,10th,6,Separated,Sales,Not-in-family,White,Female,0,0,36,United-States,0
51,Private,136224,Bachelors,13,Divorced,Adm-clerical,Not-in-family,White,Female,0,0,40,United-States,0
48,Private,272778,Some-college,10,Divorced,Other-service,Unmarried,White,Female,0,0,32,United-States,0
36,Private,240323,Some-college,10,Widowed,Adm-clerical,Unmarried,Black,Female,0,0,40,United-States,0
69,State-gov,203072,Doctorate,16,Married-civ-spouse,Prof-specialty,Husband,White,Male,0,0,50,United-States,1
38,Private,31848,Assoc-voc,11,Married-civ-spouse,Craft-repair,Husband,White,Male,0,0,40,United-States,1
26,Private,50103,Some-college,10,Married-civ-spouse,Sales,Wife,White,Female,0,0,40,United-States,0
19,Self-emp-not-inc,227310,Some-college,10,Never-married,Other-service,Own-child,White,Female,0,0,25,United-States,0
32,Private,185480,Assoc-voc,11,Divorced,Other-service,Unmarried,White,Female,0,0,40,United-States,0
56,Private,131608,Some-college,10,Married-civ-spouse,Sales,Husband,White,Male,0,0,40,United-States,1
33,Private,164190,Assoc-voc,11,Married-civ-spouse,Craft-repair,Husband,White,Male,7298,0,40,United-States,1
50,Private,209320,Bachelors,13,Married-civ-spouse,Sales,Husband,White,Male,0,0,40,United-States,1
57,Private,139290,HS-grad,9,Divorced,Other-service,Not-in-family,White,Male,0,0,38,United-States,0
50,Private,175804,HS-grad,9,Married-civ-spouse,Sales,Husband,White,Male,0,0,48,United-States,0
29,Private,202878,HS-grad,9,Never-married,Craft-repair,Not-in-family,White,Male,0,0,50,United-States,0
28,Self-emp-not-inc,191027,HS-grad,9,Divorced,Farming-fishing,Not-in-family,White,Male,0,0,40,United-States,0
19,Private,187724,Some-college,10,Never-married,Other-service,Own-child,White,Female,0,0,25,United-States,0
27,Private,506436,Some-college,10,Divorced,Sales,Unmarried,White,Female,0,0,40,Other,0
49,State-gov,154493,HS-grad,9,Divorced,Exec-managerial,Unmarried,White,Female,0,0,44,United-States,0
32,Private,127895,Some-college,10,Never-married,Adm-clerical,Own-child,Black,Female,0,0,40,United-States,0
28,Private,190060,HS-grad,9,Married-civ-spouse,Sales,Husband,White,Male,0,0,40,United-States,1
45,Private,27332,HS-grad,9,Divorced,Sales,Not-in-family,White,Female,0,0,40,United-States,0
24,State-gov,163480,Masters,14,Never-married,Adm-clerical,Not-in-family,Black,Female,0,0,40,United-States,0
42,Local-gov,174575,Bachelors,13,Married-civ-spouse,Prof-specialty,Husband,White,Male,5178,0,40,United-States,1
39,State-gov,114366,Bachelors,13,Never-married,Prof-specialty,Not-in-family,White,Male,0,0,35,United-States,0
29,Private,31935,HS-grad,9,Divorced,Prof-specialty,Not-in-family,White,Female,0,0,40,United-States,0
43,Private,149909,HS-grad,9,Married-civ-spouse,Craft-repair,Husband,White,Male,0,0,42,United-States,1
36,Private,176050,Some-college,10,Married-civ-spouse,Machine-op-inspct,Husband,White,Male,0,0,40,United-States,0
19,Private,265576,HS-grad,9,Never-married,Handlers-cleaners,Own-child,White,Male,0,0,50,United-States,0
43,Private,347653,Some-college,10,Married-civ-spouse,Prof-specialty,Husband,White,Male,0,0,48,United-States,1
54,Private,76344,Bachelors,13,Never-married,Other-service,Not-in-family,White,Female,0,0,50,United-States,0
20,Private,691830,HS-grad,9,Never-married,Sales,Own-child,Black,Female,0,0,35,United-States,0
23,Private,315065,10th,6,Never-married,Other-service,Unmarried,White,Male,0,0,60,Mexico,0
32,Private,188246,Some-college,10,Married-civ-spouse,Sales,Husband,White,Male,0,0,40,United-States,1
64,Private,231619,HS-grad,9,Married-civ-spouse,Sales,Wife,White,Female,0,0,21,United-States,0
25,Local-gov,84224,Bachelors,13,Never-married,Prof-specialty,Not-in-family,White,Female,0,0,40,United-States,0
55,Private,170287,Some-college,10,Married-civ-spouse,Prof-specialty,Husband,White,Male,0,0,40,Other,1
60,Private,145995,Bachelors,13,Married-civ-spouse,Sales,Husband,White,Male,0,0,40,United-States,1
29,Private,253856,Bachelors,13,Married-civ-spouse,Transport-moving,Husband,White,Male,0,0,20,United-States,0
17,Private,345403,10th,6,Never-married,Other-service,Own-child,White,Male,0,0,40,United-States,0
36,Private,163237,Assoc-acdm,12,Married-civ-spouse,Adm-clerical,Husband,White,Male,0,0,40,United-States,1
20,Private,206681,12th,8,Never-married,Sales,Not-in-family,White,Female,0,0,55,United-States,0
51,Private,34361,Some-college,10,Married-civ-spouse,Exec-managerial,Wife,White,Female,0,0,20,United-States,1
26,Local-gov,211497,Some-college,10,Married-civ-spouse,Prof-specialty,Husband,White,Male,0,0,40,United-States,0
42,Private,222884,Bachelors,13,Never-married,Exec-managerial,Not-in-family,White,Male,0,0,55,United-States,1
29,Private,104256,HS-grad,9,Divorced,Sales,Not-in-family,White,Female,0,0,34,United-States,0
29,Private,224215,Some-college,10,Married-civ-spouse,Craft-repair,Husband,White,Male,0,0,40,United-States,1
18,Private,270502,11th,7,Never-married,Exec-managerial,Own-child,White,Female,0,0,20,United-States,0
41,Private,112763,HS-grad,9,Widowed,Sales,Not-in-family,White,Female,0,0,40,United-States,0
36,Local-gov,109766,Bachelors,13,Never-married,Protective-serv,Not-in-family,White,Male,0,0,60,United-States,0
42,Self-emp-not-inc,336513,Bachelors,13,Married-civ-spouse,Craft-repair,Husband,White,Male,15024,0,60,United-States,1
30,Private,169104,Assoc-acdm,12,Never-married,Other-service,Other-relative,Asian-Pac-Islander,Male,0,0,40,Other,0
75,Local-gov,31195,HS-grad,9,Divorced,Adm-clerical,Not-in-family,White,Female,0,0,20,United-States,0
43,Self-emp-not-inc,176069,HS-grad,9,Married-civ-spouse,Other-service,Wife,White,Female,0,0,16,United-States,0
44,Private,164678,Masters,14,Married-civ-spouse,Prof-specialty,Wife,White,Female,0,0,45,United-States,0
55,Private,272656,Bachelors,13,Married-civ-spouse,Tech-support,Husband,White,Male,0,0,55,United-States,1
29,State-gov,33798,Some-college,10,Divorced,Adm-clerical,Own-child,White,Male,0,0,20,United-States,0
38,Self-emp-not-inc,112158,HS-grad,9,Married-civ-spouse,Exec-managerial,Husband,White,Male,0,0,99,United-States,0
26,Private,98155,HS-grad,9,Married-civ-spouse,Exec-managerial,Husband,White,Male,0,0,40,United-States,0
28,Private,130856,Bachelors,13,Married-civ-spouse,Prof-specialty,Husband,White,Male,0,0,40,United-States,1
22,Private,406978,Bachelors,13,Never-married,Exec-managerial,Other-relative,White,Female,0,0,40,United-States,0
68,Private,217424,HS-grad,9,Married-civ-spouse,Protective-serv,Husband,White,Male,0,0,24,United-States,0
44,Self-emp-not-inc,195486,HS-grad,9,Married-civ-spouse,Sales,Husband,Black,Male,0,0,70,Other,0
62,Private,88579,HS-grad,9,Never-married,Adm-clerical,Not-in-family,White,Female,0,0,38,United-States,0
37,Private,365465,HS-grad,9,Separated,Craft-repair,Unmarried,White,Male,0,0,70,Philippines,0
34,Private,124569,Some-college,10,Divorced,Adm-clerical,Not-in-family,White,Female,0,0,40,United-States,0
47,Self-emp-not-inc,131826,Some-college,10,Married-civ-spouse,Sales,Husband,White,Male,0,0,40,United-States,0
21,Private,63665,Some-college,10,Never-married,Other-service,Own-child,White,Male,0,0,15,United-States,0
46,Private,108699,Some-college,10,Widowed,Adm-clerical,Not-in-family,White,Female,0,0,60,United-States,0
44,Private,171615,HS-grad,9,Married-civ-spouse,Transport-moving,Husband,White,Male,0,0,45,United-States,0
44,Private,277720,Some-college,10,Married-civ-spouse,Adm-clerical,Wife,White,Female,0,0,35,United-States,0
38,Private,154568,Masters,14,Married-civ-spouse,Exec-managerial,Husband,Asian-Pac-Islander,Male,0,0,40,Other,0
30,Private,208068,HS-grad,9,Married-civ-spouse,Craft-repair,Husband,Other,Male,0,0,40,Mexico,0
24,Federal-gov,283918,Some-college,10,Divorced,Adm-clerical,Unmarried,Black,Female,0,0,25,United-States,0
42,Private,107276,Some-college,10,Never-married,Exec-managerial,Not-in-family,White,Female,0,2444,40,United-States,1
18,Private,127827,12th,8,Never-married,Sales,Own-child,White,Female,0,0,25,United-States,0
36,Private,185203,HS-grad,9,Never-married,Sales,Not-in-family,White,Female,0,0,40,United-States,0
37,Federal-gov,81853,HS-grad,9,Divorced,Prof-specialty,Unmarried,Asian-Pac-Islander,Female,0,0,40,Other,0
65,Private,469602,Bachelors,13,Married-civ-spouse,Sales,Husband,White,Male,0,0,15,United-States,0
24,Private,197757,Bachelors,13,Never-married,Prof-specialty,Own-child,Asian-Pac-Islander,Female,0,0,40,Philippines,0
42,Self-emp-not-inc,195897,HS-grad,9,Married-civ-spouse,Craft-repair,Husband,White,Male,0,0,40,United-States,0
22,State-gov,134192,Some-college,10,Never-married,Tech-support,Own-child,White,Female,0,0,10,United-States,0
45,Private,209912,Bachelors,13,Married-civ-spouse,Exec-managerial,Husband,Asian-Pac-Islander,Male,0,0,40,Other,1
49,Self-emp-not-inc,275845,Some-college,10,Married-civ-spouse,Exec-managerial,Husband,White,Male,0,0,60,United-States,0
33,Private,322873,HS-grad,9,Divorced,Sales,Not-in-family,White,Female,0,0,50,United-States,0
64,Self-emp-not-inc,339321,Bachelors,13,Married-civ-spouse,Prof-specialty,Husband,White,Male,0,0,24,United-States,1
34,Private,375680,Assoc-acdm,12,Never-married,Craft-repair,Own-child,Black,Female,0,0,40,United-States,0
54,Private,154728,Assoc-voc,11,Married-civ-spouse,Tech-support,Husband,White,Male,7688,0,40,United-States,1
34,Private,149943,HS-grad,9,Never-married,Other-service,Not-in-family,Asian-Pac-Islander,Male,0,0,40,Other,0
35,Private,42044,HS-grad,9,Married-civ-spouse,Machine-op-inspct,Husband,White,Male,0,0,30,United-States,0
40,Private,163434,Some-college,10,Married-civ-spouse,Handlers-cleaners,Husband,White,Male,0,0,40,United-States,0
54,Private,29909,11th,7,Married-civ-spouse,Other-service,Wife,White,Female,0,0,43,United-States,0
48,Federal-gov,188081,HS-grad,9,Married-civ-spouse,Adm-clerical,Husband,White,Male,0,0,40,United-States,1
36,Local-gov,177858,Bachelors,13,Married-civ-spouse,Prof-specialty,Own-child,White,Male,0,0,40,United-States,0
44,Private,157614,HS-grad,9,Divorced,Sales,Own-child,White,Male,0,0,38,United-States,0
23,Private,227471,HS-grad,9,Never-married,Handlers-cleaners,Own-child,White,Male,0,0,24,United-States,0
25,State-gov,187508,Some-college,10,Never-married,Handlers-cleaners,Own-child,White,Male,0,0,40,United-States,0
47,Private,169549,HS-grad,9,Married-civ-spouse,Craft-repair,Husband,White,Male,0,0,40,United-States,1
40,Self-emp-not-inc,325159,Some-college,10,Married-civ-spouse,Tech-support,Husband,White,Male,0,0,50,United-States,1
31,Private,97453,HS-grad,9,Divorced,Exec-managerial,Unmarried,White,Female,0,0,40,United-States,0
39,Private,59313,12th,8,Married-spouse-absent,Transport-moving,Not-in-family,Black,Male,0,0,45,Other,0
35,Self-emp-not-inc,77146,HS-grad,9,Married-civ-spouse,Craft-repair,Husband,White,Male,2829,0,45,United-States,0
74,Self-emp-not-inc,43599,HS-grad,9,Widowed,Other-service,Not-in-family,White,Male,0,0,20,United-States,0
40,Private,82161,Bachelors,13,Never-married,Adm-clerical,Not-in-family,White,Male,0,0,40,United-States,0
51,Private,84399,HS-grad,9,Married-civ-spouse,Machine-op-inspct,Husband,Black,Male,0,0,40,United-States,0
23,Federal-gov,39603,Some-college,10,Never-married,Craft-repair,Unmarried,Amer-Indian-Eskimo,Male,0,0,40,United-States,0
42,Private,190290,Assoc-acdm,12,Married-civ-spouse,Prof-specialty,Husband,White,Male,0,0,40,United-States,1
32,Private,396745,Bachelors,13,Married-civ-spouse,Prof-specialty,Husband,White,Male,0,2415,48,United-States,1
90,Local-gov,187749,Assoc-acdm,12,Married-civ-spouse,Adm-clerical,Husband,Asian-Pac-Islander,Male,0,0,20,Philippines,0
25,Private,86872,HS-grad,9,Married-civ-spouse,Sales,Husband,White,Male,0,0,40,United-States,0
49,Private,167523,Bachelors,13,Divorced,Protective-serv,Not-in-family,White,Male,0,0,40,United-States,0
18,Private,126142,10th,6,Never-married,Craft-repair,Own-child,White,Male,0,0,30,United-States,0
46,Local-gov,367251,Some-college,10,Married-civ-spouse,Craft-repair,Husband,Black,Male,0,0,40,United-States,1
72,Self-emp-inc,172407,Prof-school,15,Married-civ-spouse,Prof-specialty,Husband,White,Male,99999,0,50,United-States,1
34,Private,101709,HS-grad,9,Separated,Transport-moving,Not-in-family,Asian-Pac-Islander,Male,0,0,40,United-States,0
54,Local-gov,238257,Bachelors,13,Never-married,Prof-specialty,Not-in-family,White,Male,0,0,50,United-States,0
59,Private,95165,Doctorate,16,Married-civ-spouse,Sales,Husband,White,Male,0,0,40,United-States,0
20,Private,115057,Some-college,10,Never-married,Other-service,Not-in-family,White,Male,0,0,40,United-States,0
22,Private,253310,Bachelors,13,Never-married,Exec-managerial,Own-child,White,Female,0,0,7,United-States,0
17,Self-emp-inc,325171,10th,6,Never-married,Other-service,Own-child,Black,Male,0,0,35,United-States,0
54,Self-emp-not-inc,172898,Prof-school,15,Married-civ-spouse,Prof-specialty,Husband,White,Male,5178,0,50,United-States,1
58,Private,105060,Some-college,10,Never-married,Adm-clerical,Not-in-family,Black,Female,0,0,37,United-States,0
39,Private,186191,Masters,14,Married-civ-spouse,Prof-specialty,Husband,White,Male,0,1848,50,United-States,1
36,Private,184456,Prof-school,15,Never-married,Exec-managerial,Not-in-family,White,Male,27828,0,50,United-States,1
38,Private,36989,Bachelors,13,Married-civ-spouse,Other-service,Husband,White,Male,3908,0,70,United-States,0
75,Private,191446,Primary,2,Married-civ-spouse,Other-service,Other-relative,Black,Female,0,0,16,United-States,0
53,Private,158746,Some-college,10,Married-civ-spouse,Tech-support,Husband,White,Male,0,0,40,United-States,0
45,Private,362883,HS-grad,9,Married-civ-spouse,Craft-repair,Husband,White,Male,5013,0,40,United-States,0
43,Federal-gov,101709,Some-college,10,Divorced,Handlers-cleaners,Not-in-family,Asian-Pac-Islander,Male,0,0,40,United-States,0
21,Private,202570,12th,8,Never-married,Adm-clerical,Other-relative,Black,Male,0,0,48,Other,0
38,Private,73471,Some-college,10,Married-civ-spouse,Sales,Husband,White,Male,0,0,50,United-States,0
48,Self-emp-inc,56975,HS-grad,9,Divorced,Sales,Unmarried,Asian-Pac-Islander,Female,0,0,84,Other,0
22,Private,106700,Assoc-acdm,12,Never-married,Adm-clerical,Own-child,White,Female,0,0,27,United-States,0
34,Private,344275,HS-grad,9,Never-married,Transport-moving,Not-in-family,White,Male,0,0,70,United-States,0
21,Private,118712,Assoc-voc,11,Never-married,Craft-repair,Own-child,White,Male,0,1504,40,United-States,0
28,Private,301654,Bachelors,13,Never-married,Prof-specialty,Not-in-family,White,Female,0,0,40,United-States,0
29,Private,126822,HS-grad,9,Married-civ-spouse,Other-service,Husband,White,Male,0,0,35,United-States,0
25,Private,259505,HS-grad,9,Never-married,Tech-support,Not-in-family,White,Male,0,0,40,United-States,0
25,Private,60358,Bachelors,13,Never-married,Exec-managerial,Own-child,White,Male,0,0,40,United-States,0
22,Private,164775,9th,5,Never-married,Machine-op-inspct,Unmarried,White,Male,0,0,40,Other,0
17,Private,222618,11th,7,Never-married,Sales,Own-child,Black,Female,0,0,30,United-States,0
45,Private,380922,HS-grad,9,Married-civ-spouse,Craft-repair,Husband,White,Male,0,0,60,United-States,1
48,Private,181758,Some-college,10,Divorced,Adm-clerical,Unmarried,White,Female,0,0,40,United-States,0
27,Private,139903,HS-grad,9,Never-married,Sales,Unmarried,Black,Female,0,0,30,United-States,0
17,Self-emp-inc,61838,10th,6,Never-married,Craft-repair,Own-child,White,Male,0,0,40,United-States,0
57,Self-emp-inc,146103,Bachelors,13,Married-civ-spouse,Prof-specialty,Husband,White,Male,0,0,45,United-States,1
39,Self-emp-not-inc,93319,HS-grad,9,Never-married,Sales,Other-relative,White,Female,0,0,4,United-States,0
39,Private,101073,Assoc-acdm,12,Married-civ-spouse,Sales,Husband,White,Male,0,0,24,United-States,0
31,Private,200117,HS-grad,9,Divorced,Adm-clerical,Not-in-family,White,Male,0,0,40,United-States,0
46,Local-gov,316205,Bachelors,13,Married-civ-spouse,Exec-managerial,Husband,Black,Male,0,0,40,United-States,1
20,Private,289944,Some-college,10,Never-married,Other-service,Own-child,White,Female,0,0,25,United-States,0
23,Private,62278,HS-grad,9,Never-married,Craft-repair,Unmarried,White,Male,0,0,40,United-States,0
57,Private,200316,Some-college,10,Married-civ-spouse,Craft-repair,Husband,White,Male,0,0,40,United-States,1
31,Local-gov,226494,Bachelors,13,Never-married,Prof-specialty,Not-in-family,White,Male,0,0,45,United-States,0
22,Private,110371,HS-grad,9,Married-civ-spouse,Other-service,Own-child,White,Male,0,0,50,United-States,0
43,Local-gov,174491,HS-grad,9,Divorced,Tech-support,Not-in-family,Black,Female,0,0,40,United-States,0
42,Self-emp-not-inc,101593,Bachelors,13,Married-civ-spouse,Exec-managerial,Husband,White,Male,0,0,60,United-States,1
47,Local-gov,36169,Masters,14,Married-civ-spouse,Prof-specialty,Husband,White,Male,0,0,60,United-States,1
84,Local-gov,135839,Assoc-voc,11,Widowed,Adm-clerical,Not-in-family,White,Female,0,0,14,United-States,0
42,State-gov,404573,Prof-school,15,Divorced,Prof-specialty,Unmarried,White,Female,0,0,40,United-States,0
43,State-gov,345969,Prof-school,15,Married-civ-spouse,Prof-specialty,Husband,White,Male,0,0,50,United-States,1
24,Private,199555,Assoc-voc,11,Never-married,Sales,Unmarried,White,Male,0,0,5,United-States,0
82,Private,132870,HS-grad,9,Widowed,Exec-managerial,Not-in-family,White,Female,0,4356,18,United-States,0
52,Federal-gov,22428,Bachelors,13,Married-civ-spouse,Protective-serv,Husband,White,Male,0,0,60,United-States,1
53,Local-gov,132304,Some-college,10,Divorced,Adm-clerical,Not-in-family,White,Female,0,0,40,United-States,0
25,Private,190916,HS-grad,9,Never-married,Adm-clerical,Not-in-family,White,Male,0,0,40,United-States,0
59,Private,174864,HS-grad,9,Married-civ-spouse,Craft-repair,Husband,White,Male,0,1485,45,United-States,1
33,Private,248584,Some-college,10,Married-civ-spouse,Other-service,Husband,White,Male,0,0,50,United-States,0
29,Private,169544,Assoc-voc,11,Never-married,Tech-support,Not-in-family,White,Male,0,0,40,United-States,0
19,Private,219742,Some-college,10,Never-married,Other-service,Own-child,White,Female,0,0,15,United-States,0
53,Private,96062,Bachelors,13,Married-civ-spouse,Exec-managerial,Husband,White,Male,0,0,40,Other,0
24,Self-emp-not-inc,143062,HS-grad,9,Never-married,Other-service,Own-child,White,Male,0,0,30,United-States,0
31,Private,234500,Bachelors,13,Married-civ-spouse,Adm-clerical,Wife,White,Female,0,0,40,United-States,0
18,Private,242615,Some-college,10,Never-married,Adm-clerical,Own-child,White,Female,0,0,15,United-States,0
41,Private,262038,Primary,3,Married-spouse-absent,Farming-fishing,Not-in-family,White,Male,0,0,35,Mexico,0
24,Private,43387,Bachelors,13,Married-civ-spouse,Exec-managerial,Husband,White,Male,0,0,55,Other,1
35,Self-emp-not-inc,278632,HS-grad,9,Married-civ-spouse,Craft-repair,Husband,White,Male,0,0,40,United-States,0
36,Private,184112,Prof-school,15,Married-civ-spouse,Prof-specialty,Wife,White,Female,15024,0,45,United-States,1
18,Private,395026,11th,7,Never-married,Other-service,Own-child,White,Male,0,0,12,United-States,0
56,Private,121362,Bachelors,13,Divorced,Other-service,Not-in-family,White,Female,0,0,32,United-States,0
23,Private,141323,Some-college,10,Never-married,Other-service,Own-child,White,Male,0,0,40,United-States,0
39,Self-emp-inc,336226,HS-grad,9,Married-civ-spouse,Exec-managerial,Husband,White,Male,3103,0,60,United-States,1
50,State-gov,24185,Bachelors,13,Married-civ-spouse,Exec-managerial,Husband,White,Male,0,0,38,United-States,1
45,Self-emp-inc,120131,7th-8th,4,Married-civ-spouse,Exec-managerial,Husband,White,Male,0,0,52,Other,0
55,Private,158702,Some-college,10,Never-married,Adm-clerical,Not-in-family,Black,Female,0,2339,45,Other,0
48,Private,155664,Bachelors,13,Married-civ-spouse,Adm-clerical,Husband,White,Male,0,0,35,United-States,1
38,Private,278557,Bachelors,13,Married-civ-spouse,Sales,Husband,White,Male,0,0,50,United-States,1
76,Local-gov,169133,Some-college,10,Widowed,Adm-clerical,Not-in-family,White,Female,0,0,30,United-States,0
50,Private,99307,HS-grad,9,Married-civ-spouse,Craft-repair,Husband,White,Male,5013,0,45,United-States,0
43,Local-gov,36924,Masters,14,Married-civ-spouse,Prof-specialty,Husband,White,Male,0,0,40,United-States,1
60,Private,74243,Assoc-voc,11,Widowed,Craft-repair,Not-in-family,White,Female,0,0,30,United-States,0
51,Self-emp-inc,338836,Some-college,10,Married-civ-spouse,Exec-managerial,Husband,White,Male,0,0,40,United-States,1
31,Private,201292,HS-grad,9,Married-civ-spouse,Other-service,Husband,White,Male,0,0,40,United-States,0
43,Private,191196,Some-college,10,Married-civ-spouse,Exec-managerial,Husband,White,Male,0,0,55,United-States,1
42,Private,103932,Assoc-voc,11,Divorced,Prof-specialty,Unmarried,White,Female,0,0,40,United-States,0
28,Private,96219,Bachelors,13,Married-civ-spouse,Other-service,Wife,White,Female,0,0,15,United-States,0
41,Private,282882,HS-grad,9,Never-married,Sales,Unmarried,Black,Female,0,0,40,United-States,0
53,Private,341439,Masters,14,Never-married,Exec-managerial,Not-in-family,White,Female,0,0,60,United-States,1
21,Private,199444,HS-grad,9,Never-married,Adm-clerical,Own-child,White,Female,0,0,44,United-States,0
23,Private,126945,Some-college,10,Never-married,Prof-specialty,Not-in-family,White,Male,0,0,25,United-States,0
44,Private,211531,Some-college,10,Married-civ-spouse,Exec-managerial,Husband,White,Male,0,0,50,United-States,0
18,Private,133055,HS-grad,9,Never-married,Other-service,Own-child,White,Female,0,0,30,United-States,0
62,Private,103344,Bachelors,13,Widowed,Exec-managerial,Not-in-family,White,Male,10520,0,50,United-States,1
42,Private,224203,Some-college,10,Widowed,Sales,Unmarried,Black,Female,0,0,40,United-States,0
48,Federal-gov,483261,Some-college,10,Never-married,Adm-clerical,Not-in-family,Black,Male,0,0,40,United-States,0
22,Private,126945,Assoc-voc,11,Married-civ-spouse,Tech-support,Husband,White,Male,0,0,40,United-States,0
59,Local-gov,223215,Some-college,10,Married-civ-spouse,Protective-serv,Husband,White,Male,0,0,42,United-States,0
44,Private,167005,HS-grad,9,Married-civ-spouse,Adm-clerical,Husband,White,Male,0,0,48,United-States,1
45,Private,220641,Some-college,10,Divorced,Exec-managerial,Unmarried,White,Female,0,0,40,United-States,0
28,Private,395022,Assoc-voc,11,Divorced,Prof-specialty,Unmarried,White,Female,0,0,40,United-States,0
17,Private,142912,10th,6,Never-married,Other-service,Own-child,White,Male,0,0,40,United-States,0
23,Private,122048,HS-grad,9,Never-married,Machine-op-inspct,Other-relative,White,Female,0,0,40,United-States,0
64,Private,119506,HS-grad,9,Divorced,Other-service,Not-in-family,White,Female,0,0,15,United-States,0
22,Private,141040,HS-grad,9,Never-married,Sales,Own-child,Black,Female,0,0,35,United-States,0
34,Private,362787,HS-grad,9,Never-married,Machine-op-inspct,Unmarried,Black,Female,0,0,40,United-States,0
31,Private,204829,HS-grad,9,Divorced,Machine-op-inspct,Not-in-family,White,Male,0,0,40,United-States,0
29,Private,568490,HS-grad,9,Married-civ-spouse,Craft-repair,Husband,White,Male,0,0,40,United-States,0
25,Private,450246,HS-grad,9,Never-married,Craft-repair,Own-child,White,Male,0,0,40,United-States,0
24,Private,225724,Bachelors,13,Never-married,Adm-clerical,Own-child,White,Female,0,0,20,United-States,0
42,Private,195755,HS-grad,9,Separated,Craft-repair,Unmarried,White,Male,0,0,40,United-States,0
28,Private,191088,Bachelors,13,Married-civ-spouse,Exec-managerial,Wife,White,Female,0,0,40,United-States,1
53,Private,202720,9th,5,Married-spouse-absent,Machine-op-inspct,Unmarried,Black,Male,0,0,75,Other,0
34,Private,202822,Masters,14,Never-married,Tech-support,Unmarried,Black,Female,0,0,40,Other,0
31,Private,234387,HS-grad,9,Divorced,Exec-managerial,Unmarried,Black,Female,0,0,40,United-States,0
32,Private,125856,Assoc-acdm,12,Married-civ-spouse,Exec-managerial,Husband,White,Male,0,0,60,United-States,1
38,Self-emp-not-inc,115215,10th,6,Separated,Machine-op-inspct,Not-in-family,White,Male,0,0,40,United-States,0
29,Private,24562,Bachelors,13,Divorced,Other-service,Unmarried,Other,Female,0,0,40,United-States,0
27,Private,132326,Some-college,10,Married-civ-spouse,Craft-repair,Husband,White,Male,0,0,40,United-States,0
68,Self-emp-not-inc,198554,Some-college,10,Divorced,Transport-moving,Not-in-family,White,Female,0,0,20,United-States,0
38,Private,208358,Assoc-voc,11,Married-civ-spouse,Sales,Husband,White,Male,0,0,40,United-States,0
62,Federal-gov,258124,Masters,14,Married-civ-spouse,Adm-clerical,Husband,White,Male,0,0,40,Other,1
50,Private,124094,HS-grad,9,Married-civ-spouse,Craft-repair,Husband,White,Male,0,0,40,Other,0
68,Self-emp-not-inc,195881,HS-grad,9,Married-civ-spouse,Farming-fishing,Husband,White,Male,2414,0,40,United-States,0
39,Private,382802,10th,6,Widowed,Machine-op-inspct,Not-in-family,Black,Male,0,1590,40,United-States,0
35,Private,210945,HS-grad,9,Married-civ-spouse,Handlers-cleaners,Husband,White,Male,0,0,50,United-States,0
20,Private,122166,Some-college,10,Never-married,Adm-clerical,Not-in-family,White,Female,0,0,40,United-States,0
39,Private,314007,Assoc-voc,11,Married-civ-spouse,Tech-support,Husband,White,Male,0,0,40,United-States,0
40,Private,209833,HS-grad,9,Never-married,Craft-repair,Not-in-family,White,Male,0,0,40,United-States,0
59,Self-emp-not-inc,223131,HS-grad,9,Divorced,Exec-managerial,Not-in-family,White,Male,0,0,60,United-States,0
25,Private,135845,Some-college,10,Never-married,Adm-clerical,Own-child,White,Female,0,0,40,United-States,0
47,Private,72896,HS-grad,9,Married-civ-spouse,Transport-moving,Husband,White,Male,0,0,40,United-States,0
22,Federal-gov,274103,Bachelors,13,Never-married,Prof-specialty,Own-child,White,Male,0,0,10,United-States,0
32,Private,48458,HS-grad,9,Never-married,Sales,Own-child,Black,Female,0,1669,45,United-States,0
43,State-gov,222978,Doctorate,16,Separated,Prof-specialty,Unmarried,White,Female,0,0,40,United-States,1
58,Private,244605,Assoc-voc,11,Married-civ-spouse,Exec-managerial,Husband,White,Male,3908,0,40,United-States,0
28,Private,346406,HS-grad,9,Married-civ-spouse,Machine-op-inspct,Husband,White,Male,0,1672,50,United-States,0
23,Private,313573,Bachelors,13,Never-married,Sales,Own-child,Black,Female,0,0,25,United-States,0
48,Private,28497,HS-grad,9,Married-civ-spouse,Craft-repair,Husband,White,Male,0,0,40,United-States,0
44,Private,222978,HS-grad,9,Divorced,Sales,Not-in-family,White,Female,0,1504,40,United-States,0
54,Private,124194,HS-grad,9,Widowed,Other-service,Unmarried,White,Female,0,0,40,United-States,0
28,Private,69847,Bachelors,13,Never-married,Adm-clerical,Own-child,Asian-Pac-Islander,Female,0,0,30,United-States,0
50,Private,166220,Assoc-acdm,12,Married-civ-spouse,Sales,Wife,White,Female,3942,0,40,United-States,0
46,Private,192779,Bachelors,13,Never-married,Sales,Not-in-family,White,Male,0,0,45,United-States,1
40,Private,206066,HS-grad,9,Married-civ-spouse,Craft-repair,Husband,White,Male,0,0,50,United-States,0
35,Private,170092,HS-grad,9,Married-spouse-absent,Other-service,Unmarried,Black,Female,0,0,20,United-States,0
37,Private,287031,Some-college,10,Married-civ-spouse,Craft-repair,Husband,White,Male,5178,0,75,United-States,1
42,Private,59474,HS-grad,9,Divorced,Machine-op-inspct,Not-in-family,White,Male,0,0,40,United-States,0
45,Local-gov,311080,Some-college,10,Married-civ-spouse,Adm-clerical,Husband,White,Male,0,0,40,United-States,1
18,Private,188241,11th,7,Never-married,Other-service,Own-child,White,Male,0,0,16,United-States,0
53,Self-emp-inc,290640,Some-college,10,Married-civ-spouse,Sales,Husband,White,Male,0,0,50,United-States,1
37,Private,40955,Bachelors,13,Never-married,Prof-specialty,Not-in-family,White,Male,0,0,30,United-States,0
37,Self-emp-not-inc,143368,Doctorate,16,Married-civ-spouse,Prof-specialty,Husband,White,Male,0,0,60,United-States,0
41,Private,116391,Bachelors,13,Married-civ-spouse,Handlers-cleaners,Husband,White,Male,0,0,40,Other,0
57,Private,142791,7th-8th,4,Widowed,Sales,Other-relative,White,Female,0,1602,3,United-States,0
56,Private,251836,Primary,3,Married-civ-spouse,Other-service,Husband,White,Male,0,0,40,Other,0
42,Private,313945,Masters,14,Married-civ-spouse,Sales,Husband,White,Male,0,0,40,Other,0
45,Private,132847,HS-grad,9,Never-married,Handlers-cleaners,Not-in-family,White,Female,0,0,40,United-States,0
33,Private,309350,HS-grad,9,Married-civ-spouse,Adm-clerical,Husband,White,Male,0,0,40,United-States,0
57,Self-emp-inc,244605,Some-college,10,Married-civ-spouse,Sales,Husband,White,Male,0,0,50,United-States,1
37,Federal-gov,448337,HS-grad,9,Never-married,Exec-managerial,Unmarried,Black,Female,0,0,40,United-States,0
36,Private,175759,Bachelors,13,Married-civ-spouse,Exec-managerial,Husband,White,Male,7298,0,50,United-States,1
32,Private,166634,HS-grad,9,Married-civ-spouse,Machine-op-inspct,Husband,Black,Male,0,0,40,United-States,0
27,Private,472070,Assoc-voc,11,Never-married,Machine-op-inspct,Not-in-family,White,Male,0,0,40,United-States,0
37,Private,183345,Assoc-voc,11,Never-married,Craft-repair,Not-in-family,White,Male,0,0,45,United-States,0
29,Private,206250,HS-grad,9,Married-civ-spouse,Craft-repair,Husband,White,Male,0,0,45,United-States,0
46,Private,224202,Some-college,10,Married-civ-spouse,Sales,Husband,White,Male,0,0,50,United-States,0
35,Federal-gov,185053,Bachelors,13,Never-married,Prof-specialty,Own-child,White,Female,0,0,40,United-States,0
36,Self-emp-not-inc,408427,Prof-school,15,Married-civ-spouse,Prof-specialty,Husband,White,Male,0,0,60,United-States,1
53,Private,71772,Doctorate,16,Divorced,Prof-specialty,Not-in-family,White,Male,0,0,50,United-States,0
46,State-gov,394860,Bachelors,13,Married-civ-spouse,Prof-specialty,Husband,White,Male,0,0,38,United-States,0
33,Self-emp-not-inc,167476,11th,7,Divorced,Handlers-cleaners,Not-in-family,White,Male,0,0,7,United-States,0
34,Private,118584,Bachelors,13,Never-married,Exec-managerial,Not-in-family,White,Female,0,0,40,United-States,0
40,Private,79531,Bachelors,13,Married-civ-spouse,Exec-managerial,Husband,White,Male,0,0,75,United-States,1
55,Private,176904,10th,6,Married-civ-spouse,Transport-moving,Husband,White,Male,0,0,50,United-States,0
38,Private,48093,HS-grad,9,Married-civ-spouse,Handlers-cleaners,Husband,White,Male,0,0,40,United-States,0
43,Private,195212,Bachelors,13,Married-civ-spouse,Exec-managerial,Wife,Black,Female,0,0,40,Other,0
32,Private,430175,HS-grad,9,Divorced,Craft-repair,Other-relative,Black,Female,0,0,50,United-States,0
18,Private,267965,11th,7,Never-married,Sales,Not-in-family,White,Female,0,0,15,United-States,0
52,Private,172165,10th,6,Divorced,Other-service,Other-relative,White,Female,0,0,25,United-States,0
50,Private,113290,HS-grad,9,Married-civ-spouse,Sales,Wife,White,Female,0,0,15,United-States,0
52,Federal-gov,312500,Assoc-voc,11,Divorced,Farming-fishing,Not-in-family,White,Female,0,0,40,United-States,0
18,Private,184016,11th,7,Never-married,Sales,Own-child,White,Female,0,0,20,United-States,0
51,State-gov,105943,HS-grad,9,Married-civ-spouse,Adm-clerical,Wife,White,Female,3908,0,40,United-States,0
40,Private,101272,HS-grad,9,Divorced,Adm-clerical,Not-in-family,White,Female,0,0,32,United-States,0
25,Private,207875,7th-8th,4,Married-civ-spouse,Handlers-cleaners,Husband,White,Male,0,0,40,Mexico,0
25,Private,212522,HS-grad,9,Never-married,Craft-repair,Other-relative,White,Male,0,0,40,United-States,0
62,Self-emp-not-inc,162347,Prof-school,15,Married-civ-spouse,Prof-specialty,Husband,White,Male,0,0,15,United-States,1
25,Private,176756,Bachelors,13,Never-married,Craft-repair,Own-child,White,Male,0,0,40,United-States,0
35,Private,255635,9th,5,Married-civ-spouse,Craft-repair,Husband,Other,Male,0,0,40,Mexico,0
48,Self-emp-not-inc,177783,7th-8th,4,Never-married,Farming-fishing,Not-in-family,White,Male,0,0,50,United-States,0
35,Private,347491,Assoc-voc,11,Never-married,Craft-repair,Not-in-family,White,Male,0,0,40,United-States,0
22,Private,242912,HS-grad,9,Never-married,Other-service,Unmarried,White,Female,0,0,35,United-States,0
59,Private,114678,HS-grad,9,Never-married,Craft-repair,Not-in-family,Black,Male,0,0,60,United-States,0
39,Private,65382,Some-college,10,Married-civ-spouse,Exec-managerial,Husband,White,Male,0,0,40,United-States,0
39,Private,435638,Some-college,10,Never-married,Machine-op-inspct,Not-in-family,White,Male,0,0,40,United-States,0
27,Local-gov,322208,Some-college,10,Never-married,Transport-moving,Own-child,White,Male,0,0,40,United-States,0
31,Private,123430,11th,7,Married-civ-spouse,Farming-fishing,Husband,White,Male,0,0,65,Mexico,0
45,Self-emp-inc,151584,Prof-school,15,Married-civ-spouse,Prof-specialty,Husband,White,Male,0,0,35,United-States,1
47,Self-emp-inc,201699,Assoc-acdm,12,Married-civ-spouse,Exec-managerial,Husband,White,Male,0,0,50,United-States,1
46,Local-gov,146497,HS-grad,9,Divorced,Prof-specialty,Not-in-family,White,Female,0,0,40,United-States,0
55,Private,213615,HS-grad,9,Married-civ-spouse,Craft-repair,Husband,White,Male,0,0,40,United-States,1
38,State-gov,143517,Bachelors,13,Never-married,Exec-managerial,Own-child,White,Male,0,0,40,United-States,0
41,Private,183850,HS-grad,9,Divorced,Sales,Not-in-family,White,Male,0,0,50,United-States,0
27,Private,116207,9th,5,Married-civ-spouse,Craft-repair,Husband,White,Male,0,0,32,United-States,0
41,Private,185267,Bachelors,13,Married-civ-spouse,Prof-specialty,Husband,White,Male,0,0,40,United-States,0
64,Self-emp-not-inc,178472,9th,5,Separated,Transport-moving,Not-in-family,White,Male,0,0,45,United-States,0
44,Private,128485,Assoc-voc,11,Married-civ-spouse,Craft-repair,Husband,Black,Male,0,0,40,United-States,0
18,Private,362302,12th,8,Never-married,Other-service,Own-child,White,Male,0,0,15,United-States,0
54,Private,87205,HS-grad,9,Widowed,Other-service,Not-in-family,White,Female,0,0,15,United-States,0
49,Local-gov,116163,Bachelors,13,Divorced,Prof-specialty,Unmarried,White,Female,0,0,50,Other,0
27,Private,240809,Some-college,10,Never-married,Adm-clerical,Not-in-family,White,Female,0,0,56,United-States,0
23,Private,434894,HS-grad,9,Married-civ-spouse,Handlers-cleaners,Husband,Black,Male,0,0,40,United-States,0
43,Private,104196,Some-college,10,Married-civ-spouse,Adm-clerical,Husband,White,Male,0,0,40,United-States,0
24,Private,304463,Some-college,10,Married-civ-spouse,Craft-repair,Husband,White,Male,0,0,65,United-States,0
34,Self-emp-not-inc,198664,Bachelors,13,Married-civ-spouse,Craft-repair,Husband,Asian-Pac-Islander,Male,15024,0,70,Other,1
27,Private,133696,Some-college,10,Married-civ-spouse,Prof-specialty,Husband,White,Male,0,0,88,United-States,0
21,Private,195919,10th,6,Never-married,Handlers-cleaners,Not-in-family,Other,Male,0,0,40,Other,0
25,Private,69739,10th,6,Never-married,Machine-op-inspct,Own-child,White,Male,0,0,40,United-States,0
40,Local-gov,163725,Bachelors,13,Married-civ-spouse,Prof-specialty,Husband,White,Male,7688,0,40,United-States,1
36,Private,203482,Assoc-acdm,12,Married-civ-spouse,Prof-specialty,Husband,White,Male,0,0,40,United-States,1
23,Private,217169,Bachelors,13,Never-married,Adm-clerical,Own-child,White,Female,0,0,40,United-States,0
71,Private,217971,9th,5,Widowed,Sales,Unmarried,White,Female,0,0,13,United-States,0
42,Private,145711,Masters,14,Married-civ-spouse,Prof-specialty,Husband,White,Male,0,1902,50,United-States,1
53,Local-gov,205005,Bachelors,13,Married-civ-spouse,Prof-specialty,Wife,White,Female,0,0,60,United-States,1
47,Federal-gov,402975,Some-college,10,Married-civ-spouse,Exec-managerial,Husband,Black,Male,0,0,40,United-States,0
42,Self-emp-inc,27187,Masters,14,Married-civ-spouse,Farming-fishing,Husband,White,Male,0,0,60,United-States,1
24,Private,326334,Bachelors,13,Never-married,Prof-specialty,Own-child,White,Male,0,0,20,United-States,0
43,Private,112181,Assoc-voc,11,Married-civ-spouse,Tech-support,Wife,White,Female,0,1902,32,United-States,1
32,Private,209691,Bachelors,13,Married-civ-spouse,Sales,Husband,White,Male,0,0,42,United-States,1
23,Private,212619,HS-grad,9,Married-civ-spouse,Machine-op-inspct,Husband,White,Male,0,0,50,United-States,0
23,Private,193586,HS-grad,9,Married-civ-spouse,Adm-clerical,Wife,White,Female,3908,0,40,United-States,0
54,Self-emp-inc,108435,Bachelors,13,Married-civ-spouse,Sales,Husband,White,Male,0,0,50,United-States,1
48,Private,245948,HS-grad,9,Never-married,Machine-op-inspct,Not-in-family,Black,Female,2174,0,40,United-States,0
24,Private,440138,HS-grad,9,Never-married,Priv-house-serv,Not-in-family,White,Female,0,0,45,Other,0
34,Private,94413,HS-grad,9,Married-civ-spouse,Transport-moving,Husband,White,Male,0,0,40,United-States,1
53,Private,104879,HS-grad,9,Married-civ-spouse,Tech-support,Husband,White,Male,0,0,40,United-States,1
44,Private,462838,HS-grad,9,Divorced,Handlers-cleaners,Not-in-family,White,Female,0,0,48,United-States,0
27,Private,314240,Assoc-acdm,12,Never-married,Exec-managerial,Not-in-family,White,Male,3325,0,40,United-States,0
49,Private,423222,Masters,14,Married-civ-spouse,Sales,Husband,White,Male,0,0,50,United-States,1
45,Local-gov,125933,Some-college,10,Divorced,Adm-clerical,Unmarried,Black,Female,0,0,40,United-States,0
36,Private,167482,Bachelors,13,Married-civ-spouse,Adm-clerical,Husband,White,Male,0,0,40,United-States,1
32,Private,291147,Some-college,10,Married-civ-spouse,Sales,Husband,White,Male,0,0,50,United-States,0
39,Private,111268,Bachelors,13,Never-married,Adm-clerical,Own-child,White,Female,0,0,40,United-States,0
38,Private,247111,HS-grad,9,Married-civ-spouse,Tech-support,Husband,White,Male,0,0,40,United-States,1
29,Local-gov,132412,Bachelors,13,Never-married,Handlers-cleaners,Own-child,White,Male,0,0,40,United-States,0
44,Private,150011,Bachelors,13,Divorced,Prof-specialty,Unmarried,White,Female,0,0,40,United-States,0
30,Private,96287,Masters,14,Never-married,Prof-specialty,Not-in-family,White,Female,0,0,45,United-States,0
21,Private,257781,Some-college,10,Never-married,Craft-repair,Own-child,White,Male,0,1719,30,United-States,0
50,Private,228057,HS-grad,9,Married-civ-spouse,Transport-moving,Husband,White,Male,0,0,40,United-States,0
50,Private,198681,Some-college,10,Married-civ-spouse,Transport-moving,Husband,White,Male,0,0,70,United-States,1
30,Self-emp-inc,224498,HS-grad,9,Divorced,Adm-clerical,Unmarried,White,Female,0,0,40,United-States,0
54,Local-gov,152540,Some-college,10,Divorced,Craft-repair,Unmarried,White,Male,0,0,42,United-States,0
28,Private,44767,Bachelors,13,Never-married,Exec-managerial,Own-child,White,Male,0,0,50,United-States,1
58,Private,147989,HS-grad,9,Married-civ-spouse,Transport-moving,Husband,White,Male,0,0,40,United-States,1
44,Private,262684,HS-grad,9,Divorced,Adm-clerical,Not-in-family,White,Female,0,1504,45,United-States,0
31,Private,651396,HS-grad,9,Never-married,Sales,Own-child,White,Female,0,1594,30,United-States,0
19,Private,73190,Some-college,10,Never-married,Handlers-cleaners,Own-child,White,Male,0,0,20,United-States,0
40,Private,336707,Assoc-voc,11,Separated,Craft-repair,Not-in-family,White,Female,0,0,60,United-States,0
30,Private,174789,HS-grad,9,Married-civ-spouse,Sales,Husband,White,Male,0,0,40,United-States,0
19,Private,108147,Some-college,10,Never-married,Adm-clerical,Own-child,White,Female,0,0,15,United-States,0
27,Private,292472,Some-college,10,Never-married,Craft-repair,Not-in-family,Asian-Pac-Islander,Male,0,1876,45,Other,0
29,Private,133696,Bachelors,13,Never-married,Prof-specialty,Not-in-family,White,Male,8614,0,45,United-States,1
39,Private,141584,Masters,14,Never-married,Sales,Not-in-family,White,Male,0,2444,45,United-States,1
42,Private,529216,HS-grad,9,Separated,Transport-moving,Other-relative,Black,Male,0,0,40,United-States,0
40,Private,221172,Masters,14,Married-civ-spouse,Exec-managerial,Husband,White,Male,0,0,65,United-States,1
37,Private,256636,HS-grad,9,Married-civ-spouse,Transport-moving,Husband,White,Male,0,0,40,United-States,0
35,Private,224889,Bachelors,13,Married-civ-spouse,Sales,Husband,White,Male,0,0,40,United-States,0
38,Self-emp-not-inc,243484,Bachelors,13,Married-civ-spouse,Adm-clerical,Wife,White,Female,0,0,28,United-States,1
39,Self-emp-inc,543042,HS-grad,9,Married-civ-spouse,Craft-repair,Husband,White,Male,5178,0,50,United-States,1
47,Self-emp-inc,119471,7th-8th,4,Never-married,Craft-repair,Not-in-family,Other,Male,0,0,40,Other,0
39,Private,117683,10th,6,Married-civ-spouse,Handlers-cleaners,Husband,White,Male,0,0,45,United-States,0
24,Private,83783,Bachelors,13,Never-married,Tech-support,Own-child,White,Female,0,0,40,United-States,0
31,Private,213179,HS-grad,9,Married-civ-spouse,Transport-moving,Husband,White,Male,0,0,60,United-States,1
31,Private,309974,Some-college,10,Separated,Tech-support,Unmarried,Black,Female,0,0,40,United-States,0
39,Private,270059,Some-college,10,Divorced,Adm-clerical,Unmarried,White,Female,0,0,35,United-States,0
29,Private,130045,7th-8th,4,Married-civ-spouse,Other-service,Wife,White,Female,0,0,40,United-States,0
17,Private,168203,7th-8th,4,Never-married,Farming-fishing,Other-relative,Other,Male,0,0,40,Mexico,0
18,Private,205894,Some-college,10,Never-married,Sales,Own-child,White,Male,0,0,25,Other,0
38,Private,229700,Masters,14,Married-civ-spouse,Prof-specialty,Husband,Black,Male,0,0,40,United-States,1
17,Private,158704,10th,6,Never-married,Sales,Own-child,White,Male,0,0,20,United-States,0
61,Private,119684,Prof-school,15,Married-civ-spouse,Prof-specialty,Husband,White,Male,15024,0,20,United-States,1
70,Private,216390,9th,5,Married-civ-spouse,Machine-op-inspct,Wife,White,Female,2653,0,40,United-States,0
53,Self-emp-not-inc,100109,Masters,14,Married-civ-spouse,Exec-managerial,Husband,White,Male,0,1977,40,United-States,1
26,Private,292303,HS-grad,9,Never-married,Handlers-cleaners,Own-child,White,Female,0,0,40,United-States,0
26,Federal-gov,52322,Bachelors,13,Never-married,Tech-support,Not-in-family,Other,Male,0,0,60,United-States,0
57,Private,84888,HS-grad,9,Married-civ-spouse,Transport-moving,Husband,White,Male,0,0,50,United-States,0
23,Private,209034,HS-grad,9,Married-civ-spouse,Machine-op-inspct,Wife,White,Female,3942,0,40,United-States,0
35,Private,269300,HS-grad,9,Separated,Other-service,Not-in-family,Black,Female,0,0,40,United-States,0
49,Private,195956,Bachelors,13,Divorced,Tech-support,Unmarried,White,Female,0,0,35,United-States,0
49,Private,169042,HS-grad,9,Separated,Prof-specialty,Unmarried,White,Female,0,625,40,Other,0
40,Local-gov,95639,HS-grad,9,Never-married,Craft-repair,Other-relative,Amer-Indian-Eskimo,Male,0,0,40,United-States,0
55,Private,24694,Some-college,10,Divorced,Prof-specialty,Not-in-family,White,Female,0,0,40,United-States,0
26,Private,244372,HS-grad,9,Married-civ-spouse,Adm-clerical,Wife,White,Female,0,0,52,United-States,1
32,Private,73498,7th-8th,4,Divorced,Other-service,Unmarried,White,Female,0,0,40,United-States,0
33,Private,136331,HS-grad,9,Married-civ-spouse,Handlers-cleaners,Husband,White,Male,0,0,40,United-States,0
50,Federal-gov,98980,Bachelors,13,Married-civ-spouse,Exec-managerial,Husband,White,Male,7298,0,40,United-States,1
40,Private,116632,HS-grad,9,Divorced,Sales,Not-in-family,White,Male,0,0,60,United-States,1
28,Private,125321,HS-grad,9,Never-married,Machine-op-inspct,Not-in-family,White,Female,0,0,40,United-States,0
33,Private,184306,Bachelors,13,Married-civ-spouse,Prof-specialty,Husband,White,Male,0,0,45,United-States,0
36,State-gov,437890,HS-grad,9,Never-married,Exec-managerial,Unmarried,Black,Male,0,0,90,United-States,0
36,Private,222584,HS-grad,9,Divorced,Adm-clerical,Unmarried,Black,Female,0,0,40,United-States,0
56,Private,202220,Some-college,10,Separated,Tech-support,Unmarried,Black,Female,0,0,38,United-States,0
23,Private,32732,Bachelors,13,Never-married,Prof-specialty,Not-in-family,White,Male,0,0,15,United-States,0
51,Self-emp-not-inc,268639,Some-college,10,Married-civ-spouse,Prof-specialty,Wife,White,Female,0,2057,60,Other,0
62,Private,69867,Assoc-voc,11,Married-civ-spouse,Prof-specialty,Husband,White,Male,7298,0,50,United-States,1
51,Private,200618,Bachelors,13,Married-civ-spouse,Prof-specialty,Husband,White,Male,0,0,40,United-States,0
46,Private,282538,Assoc-voc,11,Separated,Machine-op-inspct,Not-in-family,Black,Female,0,0,40,United-States,0
54,Private,93605,HS-grad,9,Married-civ-spouse,Sales,Husband,White,Male,0,1848,40,United-States,1
46,Private,318331,HS-grad,9,Married-civ-spouse,Machine-op-inspct,Husband,White,Male,0,0,40,United-States,0
39,Private,387068,HS-grad,9,Married-civ-spouse,Exec-managerial,Husband,White,Male,0,0,40,United-States,1
41,Private,220531,Doctorate,16,Married-civ-spouse,Prof-specialty,Husband,White,Male,0,0,50,United-States,1
31,Private,203488,HS-grad,9,Married-civ-spouse,Handlers-cleaners,Husband,White,Male,0,0,40,United-States,0
40,Private,195394,Assoc-acdm,12,Married-civ-spouse,Prof-specialty,Husband,White,Male,7688,0,40,United-States,1
38,Local-gov,30509,Masters,14,Never-married,Prof-specialty,Not-in-family,White,Female,0,1669,55,United-States,0
35,Local-gov,387777,Assoc-acdm,12,Married-civ-spouse,Protective-serv,Husband,White,Male,0,0,52,United-States,0
25,Private,114838,Prof-school,15,Never-married,Prof-specialty,Not-in-family,White,Female,0,0,8,Other,0
25,Private,194352,Bachelors,13,Divorced,Prof-specialty,Not-in-family,White,Female,0,0,44,United-States,0
33,Private,392812,Some-college,10,Married-civ-spouse,Handlers-cleaners,Husband,White,Male,0,0,50,United-States,1
46,Private,186078,Some-college,10,Never-married,Machine-op-inspct,Not-in-family,White,Female,0,0,45,United-States,0
40,Private,346847,Assoc-voc,11,Separated,Prof-specialty,Other-relative,White,Female,0,0,40,United-States,0
24,Private,170277,HS-grad,9,Never-married,Other-service,Not-in-family,White,Female,0,0,35,United-States,0
31,Private,223212,7th-8th,4,Never-married,Handlers-cleaners,Own-child,White,Male,0,0,50,United-States,0
21,Private,147655,HS-grad,9,Never-married,Other-service,Own-child,White,Female,0,0,35,United-States,0
68,Private,73773,HS-grad,9,Widowed,Sales,Not-in-family,White,Female,0,0,24,United-States,0
55,Private,139843,HS-grad,9,Divorced,Exec-managerial,Not-in-family,White,Female,0,0,60,United-States,0
18,Private,131180,11th,7,Never-married,Prof-specialty,Own-child,White,Female,0,0,16,United-States,0
50,Private,275181,Primary,3,Divorced,Other-service,Not-in-family,White,Male,0,0,37,Other,0
35,State-gov,237873,HS-grad,9,Never-married,Other-service,Unmarried,Black,Female,0,0,40,United-States,0
26,Private,206600,Bachelors,13,Never-married,Craft-repair,Own-child,White,Male,0,0,40,Mexico,0
29,Self-emp-inc,187450,Bachelors,13,Married-civ-spouse,Sales,Husband,White,Male,0,0,50,United-States,1
27,Private,132963,HS-grad,9,Married-civ-spouse,Handlers-cleaners,Husband,Black,Male,0,0,40,United-States,0
40,Self-emp-not-inc,199303,Bachelors,13,Married-civ-spouse,Prof-specialty,Husband,White,Male,0,0,40,United-States,0
25,Private,67467,HS-grad,9,Married-civ-spouse,Tech-support,Husband,White,Male,0,0,40,United-States,0
46,Private,102569,Masters,14,Married-civ-spouse,Exec-managerial,Husband,White,Male,15024,0,65,United-States,1
53,Self-emp-inc,135643,Bachelors,13,Married-civ-spouse,Adm-clerical,Wife,Asian-Pac-Islander,Female,0,0,50,Other,0
27,Private,137063,Bachelors,13,Married-civ-spouse,Sales,Husband,White,Male,0,0,50,United-States,0
36,Private,178815,Bachelors,13,Never-married,Exec-managerial,Not-in-family,White,Male,8614,0,40,United-States,1
25,Self-emp-not-inc,245369,HS-grad,9,Separated,Craft-repair,Own-child,White,Male,0,0,35,United-States,0
45,Local-gov,148254,Masters,14,Divorced,Prof-specialty,Not-in-family,White,Female,0,0,35,United-States,0
64,Private,143110,Bachelors,13,Widowed,Prof-specialty,Not-in-family,White,Female,0,0,30,United-States,0
44,Self-emp-not-inc,115896,Assoc-voc,11,Widowed,Prof-specialty,Unmarried,White,Female,0,0,40,United-States,0
31,Private,303851,HS-grad,9,Married-civ-spouse,Transport-moving,Husband,White,Male,0,0,50,United-States,0
53,Self-emp-not-inc,30008,10th,6,Married-civ-spouse,Farming-fishing,Husband,White,Male,0,0,35,United-States,0
40,Private,377322,HS-grad,9,Married-civ-spouse,Craft-repair,Husband,Black,Male,0,0,40,United-States,1
40,Private,175674,Bachelors,13,Married-civ-spouse,Sales,Husband,White,Male,0,0,50,United-States,1
31,Private,127610,Bachelors,13,Married-civ-spouse,Exec-managerial,Wife,White,Female,0,0,50,United-States,1
17,Private,193769,9th,5,Never-married,Other-service,Unmarried,White,Male,0,0,20,United-States,0
20,Private,219122,Some-college,10,Never-married,Other-service,Not-in-family,White,Male,0,0,40,United-States,0
68,Private,159191,Some-college,10,Never-married,Adm-clerical,Not-in-family,White,Female,0,0,40,United-States,0
44,Private,344920,Bachelors,13,Never-married,Adm-clerical,Not-in-family,White,Female,0,1617,20,United-States,0
39,Private,280570,Bachelors,13,Married-civ-spouse,Exec-managerial,Husband,White,Male,0,0,45,United-States,0
44,Private,172032,Assoc-voc,11,Married-civ-spouse,Adm-clerical,Husband,White,Male,7298,0,51,United-States,1
25,Private,66935,Bachelors,13,Never-married,Other-service,Other-relative,White,Male,0,0,40,United-States,0
36,Private,659504,Bachelors,13,Married-civ-spouse,Exec-managerial,Husband,Black,Male,0,0,45,United-States,1
44,Private,136986,Some-college,10,Married-civ-spouse,Craft-repair,Husband,White,Male,0,0,60,United-States,1
46,Self-emp-not-inc,131091,Bachelors,13,Married-civ-spouse,Sales,Husband,White,Male,0,1902,40,United-States,1
36,Private,180667,HS-grad,9,Married-civ-spouse,Craft-repair,Husband,White,Male,0,1887,60,United-States,1
41,State-gov,108945,HS-grad,9,Never-married,Transport-moving,Not-in-family,White,Female,14344,0,40,United-States,1
26,Private,40915,Bachelors,13,Never-married,Other-service,Not-in-family,White,Female,0,0,25,United-States,0
24,Private,235894,HS-grad,9,Married-civ-spouse,Craft-repair,Husband,White,Male,0,0,40,United-States,0
30,Private,194141,Some-college,10,Divorced,Machine-op-inspct,Not-in-family,White,Male,0,1617,40,United-States,0
46,Private,292504,Some-college,10,Married-spouse-absent,Sales,Unmarried,White,Female,0,0,40,United-States,0
67,Local-gov,256821,HS-grad,9,Divorced,Protective-serv,Not-in-family,Black,Male,0,0,20,United-States,0
31,Self-emp-not-inc,117346,Some-college,10,Married-civ-spouse,Sales,Husband,White,Male,0,0,48,United-States,0
36,Private,93225,HS-grad,9,Divorced,Craft-repair,Not-in-family,White,Male,0,0,40,United-States,0
30,Private,271710,Bachelors,13,Married-civ-spouse,Sales,Husband,White,Male,7298,0,50,United-States,1
27,Private,91189,HS-grad,9,Never-married,Adm-clerical,Own-child,White,Male,0,0,40,United-States,0
33,Private,229732,Bachelors,13,Never-married,Sales,Not-in-family,White,Male,0,0,45,United-States,1
34,Private,84119,HS-grad,9,Never-married,Craft-repair,Own-child,White,Male,0,0,40,United-States,0
27,Private,247819,Some-college,10,Never-married,Adm-clerical,Not-in-family,White,Female,0,0,15,United-States,0
50,Private,143953,HS-grad,9,Married-civ-spouse,Sales,Husband,White,Male,0,0,65,United-States,1
30,Private,130021,7th-8th,4,Married-civ-spouse,Craft-repair,Husband,White,Male,2829,0,40,United-States,0
50,Private,173630,HS-grad,9,Married-civ-spouse,Farming-fishing,Husband,White,Male,0,0,35,United-States,0
34,Private,399386,Assoc-voc,11,Married-civ-spouse,Craft-repair,Husband,White,Male,0,0,53,United-States,0
43,Private,186144,HS-grad,9,Married-civ-spouse,Craft-repair,Husband,White,Male,0,0,40,United-States,1
33,Local-gov,27959,HS-grad,9,Never-married,Other-service,Unmarried,Amer-Indian-Eskimo,Male,0,0,40,United-States,0
34,Private,193565,11th,7,Married-civ-spouse,Craft-repair,Husband,White,Male,0,0,40,United-States,0
43,State-gov,115005,HS-grad,9,Divorced,Tech-support,Not-in-family,White,Female,0,0,40,United-States,0
21,Private,143604,HS-grad,9,Never-married,Adm-clerical,Own-child,White,Female,0,0,40,United-States,0
70,Self-emp-not-inc,139889,Some-college,10,Married-civ-spouse,Farming-fishing,Husband,White,Male,2653,0,70,United-States,0
39,State-gov,179668,Some-college,10,Married-civ-spouse,Protective-serv,Husband,White,Male,0,0,70,United-States,0
32,Private,205528,HS-grad,9,Divorced,Adm-clerical,Unmarried,White,Female,0,0,40,United-States,0
42,Local-gov,138077,Masters,14,Married-civ-spouse,Prof-specialty,Wife,White,Female,0,0,38,United-States,1
24,Private,155913,Bachelors,13,Married-civ-spouse,Prof-specialty,Husband,White,Male,0,0,44,United-States,0
34,Self-emp-inc,174215,Masters,14,Never-married,Exec-managerial,Not-in-family,White,Female,4787,0,45,Other,1
39,Self-emp-not-inc,83242,Some-college,10,Married-civ-spouse,Farming-fishing,Husband,White,Male,0,0,60,United-States,0
36,Private,143385,HS-grad,9,Never-married,Craft-repair,Not-in-family,White,Male,0,0,40,United-States,0
28,Private,246974,HS-grad,9,Never-married,Other-service,Not-in-family,White,Male,0,0,40,United-States,0
17,Private,104232,10th,6,Never-married,Other-service,Own-child,White,Male,0,0,10,United-States,0
47,Private,195978,HS-grad,9,Married-civ-spouse,Craft-repair,Husband,White,Male,0,0,40,United-States,1
70,Private,236055,7th-8th,4,Widowed,Other-service,Not-in-family,White,Female,0,0,35,United-States,0
59,Self-emp-not-inc,190514,11th,7,Married-civ-spouse,Craft-repair,Husband,White,Male,0,0,20,United-States,0
53,Private,129525,Bachelors,13,Married-civ-spouse,Exec-managerial,Husband,White,Male,0,0,50,United-States,1
38,Private,405284,Bachelors,13,Never-married,Other-service,Own-child,White,Female,0,0,35,United-States,0
23,Private,157951,Some-college,10,Never-married,Exec-managerial,Not-in-family,White,Female,0,0,50,United-States,0
60,Private,31577,Assoc-voc,11,Married-civ-spouse,Tech-support,Husband,White,Male,0,0,40,United-States,0
58,Private,293399,11th,7,Widowed,Machine-op-inspct,Not-in-family,White,Female,0,0,40,United-States,0
47,Private,61885,Bachelors,13,Married-civ-spouse,Prof-specialty,Husband,White,Male,15024,0,50,United-States,1
36,Private,469056,HS-grad,9,Divorced,Sales,Unmarried,Black,Female,0,0,25,United-States,0
66,Local-gov,261062,Masters,14,Widowed,Prof-specialty,Not-in-family,White,Female,0,0,40,United-States,0
35,Private,240389,Some-college,10,Married-civ-spouse,Sales,Husband,White,Male,0,0,43,United-States,1
45,Private,81534,HS-grad,9,Married-civ-spouse,Other-service,Husband,Asian-Pac-Islander,Male,0,0,84,Other,1
64,Local-gov,190660,HS-grad,9,Divorced,Craft-repair,Not-in-family,White,Male,0,0,40,United-States,1
33,Local-gov,33727,Masters,14,Married-civ-spouse,Prof-specialty,Wife,White,Female,0,0,40,United-States,0
47,Private,133969,Bachelors,13,Married-civ-spouse,Exec-managerial,Husband,Asian-Pac-Islander,Male,2885,0,65,Other,0
34,Private,167474,HS-grad,9,Married-civ-spouse,Sales,Husband,White,Male,0,0,50,United-States,0
57,Private,194850,Some-college,10,Married-civ-spouse,Other-service,Husband,Other,Male,0,0,40,Mexico,0
28,Private,375655,Bachelors,13,Never-married,Sales,Unmarried,White,Male,0,0,50,United-States,0
28,Private,105817,11th,7,Married-civ-spouse,Exec-managerial,Husband,White,Male,0,0,50,United-States,1
44,Self-emp-inc,37997,HS-grad,9,Married-civ-spouse,Farming-fishing,Husband,White,Male,0,0,60,United-States,0
25,Private,204536,HS-grad,9,Never-married,Craft-repair,Not-in-family,White,Male,0,0,35,United-States,0
22,Federal-gov,100345,HS-grad,9,Never-married,Handlers-cleaners,Own-child,White,Male,0,0,43,United-States,0
31,Private,121308,11th,7,Never-married,Other-service,Not-in-family,White,Male,0,0,40,United-States,0
34,Private,24529,HS-grad,9,Widowed,Adm-clerical,Unmarried,White,Male,0,0,15,United-States,0
31,Private,342730,Assoc-acdm,12,Separated,Transport-moving,Not-in-family,White,Male,0,0,45,United-States,0
38,Private,52963,Bachelors,13,Never-married,Adm-clerical,Not-in-family,White,Female,0,0,50,United-States,0
33,Private,190511,7th-8th,4,Divorced,Handlers-cleaners,Not-in-family,White,Male,2176,0,35,United-States,0
36,Private,209993,Primary,2,Widowed,Other-service,Other-relative,White,Female,0,0,20,Mexico,0
53,Local-gov,324021,Some-college,10,Divorced,Other-service,Not-in-family,White,Female,0,0,40,United-States,0
44,Private,889965,HS-grad,9,Married-civ-spouse,Handlers-cleaners,Wife,White,Female,3137,0,30,United-States,0
37,Self-emp-not-inc,298444,Masters,14,Married-civ-spouse,Prof-specialty,Husband,White,Male,0,0,40,United-States,0
18,Private,311795,12th,8,Never-married,Sales,Own-child,Black,Female,0,0,20,United-States,0
52,Private,208302,HS-grad,9,Married-civ-spouse,Sales,Husband,White,Male,0,0,36,United-States,0
46,State-gov,314770,Some-college,10,Divorced,Adm-clerical,Unmarried,White,Female,0,0,48,United-States,0
32,Private,257068,Some-college,10,Married-spouse-absent,Transport-moving,Not-in-family,White,Female,0,0,37,United-States,0
50,Private,238959,Some-college,10,Married-civ-spouse,Adm-clerical,Husband,White,Male,0,0,45,United-States,1
37,Self-emp-not-inc,36214,Bachelors,13,Married-civ-spouse,Craft-repair,Husband,White,Male,0,0,65,United-States,1
34,Private,154874,HS-grad,9,Never-married,Machine-op-inspct,Not-in-family,White,Male,4416,0,30,United-States,0
24,Private,90046,Bachelors,13,Separated,Exec-managerial,Not-in-family,White,Female,0,0,40,United-States,0
58,Private,199278,Bachelors,13,Divorced,Exec-managerial,Not-in-family,White,Male,0,0,38,United-States,0
21,Private,267040,10th,6,Never-married,Prof-specialty,Unmarried,Black,Female,0,0,40,United-States,0
39,Private,181661,HS-grad,9,Married-civ-spouse,Handlers-cleaners,Husband,White,Male,0,0,40,United-States,0
44,Private,57233,Some-college,10,Married-civ-spouse,Prof-specialty,Husband,White,Male,0,0,45,United-States,0
38,Private,107302,HS-grad,9,Married-civ-spouse,Exec-managerial,Husband,White,Male,0,0,50,United-States,0
36,Private,280169,Masters,14,Married-civ-spouse,Exec-managerial,Husband,White,Male,0,0,50,United-States,1
30,Private,366065,Some-college,10,Never-married,Craft-repair,Unmarried,Black,Male,0,0,40,United-States,0
27,Private,40295,HS-grad,9,Never-married,Transport-moving,Not-in-family,White,Male,0,0,99,United-States,0
19,Private,238474,Some-college,10,Never-married,Sales,Own-child,White,Male,0,0,25,United-States,0
51,Private,360131,Primary,3,Married-civ-spouse,Craft-repair,Other-relative,White,Female,0,0,40,United-States,0
57,Local-gov,213975,HS-grad,9,Widowed,Other-service,Unmarried,White,Female,0,0,30,United-States,0
76,Private,125784,Bachelors,13,Married-civ-spouse,Exec-managerial,Husband,White,Male,0,0,40,United-States,0
62,Local-gov,167889,Doctorate,16,Widowed,Prof-specialty,Unmarried,White,Female,0,0,40,Other,0
18,Private,203301,HS-grad,9,Never-married,Adm-clerical,Own-child,White,Female,0,0,40,United-States,0
40,Private,175696,Some-college,10,Married-civ-spouse,Exec-managerial,Husband,White,Male,0,0,45,United-States,1
19,Private,278304,Some-college,10,Never-married,Other-service,Own-child,White,Female,0,0,15,United-States,0
41,Private,210844,Some-college,10,Married-spouse-absent,Sales,Unmarried,Black,Female,0,0,40,United-States,0
45,Private,127738,Some-college,10,Married-civ-spouse,Other-service,Husband,White,Male,0,0,40,United-States,0
20,Private,62865,HS-grad,9,Never-married,Priv-house-serv,Not-in-family,White,Female,0,0,45,United-States,0
28,Private,65171,Some-college,10,Married-civ-spouse,Tech-support,Husband,White,Male,0,0,70,United-States,0
25,Private,177147,Some-college,10,Never-married,Handlers-cleaners,Not-in-family,White,Male,0,0,40,United-States,0
40,Private,141537,10th,6,Divorced,Machine-op-inspct,Not-in-family,Black,Female,0,0,40,United-States,0
36,Self-emp-not-inc,48093,Some-college,10,Married-civ-spouse,Sales,Husband,White,Male,0,0,92,United-States,0
44,Private,123572,9th,5,Married-civ-spouse,Machine-op-inspct,Husband,Black,Male,0,0,40,United-States,0
36,Self-emp-not-inc,609935,Bachelors,13,Married-civ-spouse,Transport-moving,Husband,Black,Male,0,0,48,Other,0
35,Self-emp-not-inc,31095,Assoc-voc,11,Never-married,Farming-fishing,Not-in-family,White,Male,0,0,60,United-States,0
29,Private,106179,Bachelors,13,Never-married,Adm-clerical,Not-in-family,White,Female,0,0,35,Other,0
66,Private,196674,Bachelors,13,Married-civ-spouse,Sales,Husband,White,Male,0,0,15,United-States,1
27,Private,130438,HS-grad,9,Never-married,Machine-op-inspct,Not-in-family,White,Male,0,0,40,United-States,0
35,Private,192251,HS-grad,9,Divorced,Adm-clerical,Own-child,White,Female,0,0,40,United-States,0
40,State-gov,390781,HS-grad,9,Divorced,Other-service,Not-in-family,Black,Female,0,0,48,United-States,0
26,Private,213081,HS-grad,9,Never-married,Adm-clerical,Unmarried,Black,Female,0,0,40,Other,0
18,Private,78181,11th,7,Never-married,Other-service,Own-child,White,Female,0,0,30,United-States,0
56,Private,134756,HS-grad,9,Never-married,Other-service,Not-in-family,Black,Female,0,0,40,United-States,0
40,Private,126701,Bachelors,13,Married-spouse-absent,Exec-managerial,Not-in-family,White,Male,0,0,40,United-States,1
30,Private,119164,Bachelors,13,Never-married,Other-service,Unmarried,White,Male,0,0,40,Other,0
56,Private,104842,Bachelors,13,Divorced,Prof-specialty,Unmarried,Black,Female,0,0,50,Other,0
53,Private,133436,7th-8th,4,Divorced,Machine-op-inspct,Not-in-family,White,Female,0,0,40,United-States,0
32,Private,190784,Some-college,10,Divorced,Machine-op-inspct,Unmarried,Amer-Indian-Eskimo,Male,0,0,40,United-States,0
48,Private,149640,Masters,14,Never-married,Exec-managerial,Not-in-family,White,Male,0,0,40,United-States,0
51,Private,280093,HS-grad,9,Separated,Adm-clerical,Other-relative,White,Female,0,0,40,United-States,0
39,Private,258037,Masters,14,Never-married,Adm-clerical,Not-in-family,White,Male,0,0,40,Other,0
64,Federal-gov,316246,Bachelors,13,Divorced,Adm-clerical,Not-in-family,Black,Female,0,0,40,United-States,0
35,Local-gov,195516,HS-grad,9,Divorced,Exec-managerial,Not-in-family,White,Male,0,0,40,United-States,0
29,State-gov,198493,Assoc-voc,11,Married-civ-spouse,Protective-serv,Husband,White,Male,0,0,40,United-States,1
41,Private,327606,12th,8,Separated,Craft-repair,Not-in-family,Black,Male,0,0,40,United-States,0
25,Self-emp-not-inc,72338,HS-grad,9,Never-married,Sales,Unmarried,Asian-Pac-Islander,Female,0,0,40,United-States,0
39,Private,165106,Bachelors,13,Married-spouse-absent,Craft-repair,Not-in-family,White,Male,0,1564,50,Other,1
37,Private,34180,HS-grad,9,Married-civ-spouse,Craft-repair,Husband,White,Male,0,0,40,United-States,0
29,Private,174645,11th,7,Divorced,Craft-repair,Unmarried,White,Female,0,0,52,United-States,0
43,Local-gov,188291,Prof-school,15,Married-civ-spouse,Prof-specialty,Husband,White,Male,15024,0,45,United-States,1
22,Private,107882,Bachelors,13,Never-married,Exec-managerial,Own-child,White,Female,0,0,35,United-States,0
45,Private,194772,Some-college,10,Married-civ-spouse,Transport-moving,Husband,White,Male,0,0,55,United-States,0
44,Local-gov,124924,Assoc-voc,11,Never-married,Craft-repair,Not-in-family,White,Male,0,0,44,United-States,0
30,Private,183284,Bachelors,13,Married-civ-spouse,Exec-managerial,Husband,White,Male,0,0,50,United-States,1
35,Private,406051,Doctorate,16,Never-married,Prof-specialty,Not-in-family,White,Female,0,0,80,United-States,1
38,Local-gov,188612,Some-college,10,Married-civ-spouse,Craft-repair,Husband,White,Male,0,0,45,United-States,0
49,Private,411273,10th,6,Divorced,Machine-op-inspct,Not-in-family,Black,Male,0,0,40,United-States,0
21,State-gov,99199,Some-college,10,Never-married,Exec-managerial,Own-child,White,Male,0,0,10,United-States,0
50,Private,162327,Some-college,10,Married-civ-spouse,Handlers-cleaners,Husband,White,Male,0,0,50,United-States,0
44,Local-gov,100479,Assoc-acdm,12,Married-civ-spouse,Prof-specialty,Husband,White,Male,0,0,48,United-States,0
37,Private,225504,Masters,14,Never-married,Sales,Not-in-family,White,Male,0,0,50,United-States,0
45,Self-emp-inc,32356,Bachelors,13,Married-civ-spouse,Exec-managerial,Husband,White,Male,0,0,51,United-States,0
17,Private,206506,10th,6,Never-married,Handlers-cleaners,Other-relative,White,Male,0,0,10,Other,0
56,Private,247337,Bachelors,13,Married-civ-spouse,Prof-specialty,Husband,White,Male,0,0,50,United-States,1
46,Self-emp-not-inc,231347,Some-college,10,Separated,Prof-specialty,Not-in-family,White,Male,0,0,20,United-States,0
44,Private,225879,Some-college,10,Married-civ-spouse,Adm-clerical,Wife,Other,Female,0,0,30,Mexico,1
50,Private,174102,HS-grad,9,Divorced,Craft-repair,Own-child,White,Male,0,0,40,Other,0
25,Local-gov,244408,Bachelors,13,Never-married,Tech-support,Unmarried,Asian-Pac-Islander,Female,0,0,40,Other,0
39,Self-emp-inc,135500,HS-grad,9,Married-civ-spouse,Exec-managerial,Husband,White,Male,0,1977,40,United-States,1
47,Private,167787,HS-grad,9,Never-married,Adm-clerical,Other-relative,White,Female,0,0,40,United-States,0
51,Private,317396,Some-college,10,Divorced,Adm-clerical,Unmarried,White,Female,0,0,40,United-States,0
34,Private,181091,HS-grad,9,Married-civ-spouse,Craft-repair,Husband,White,Male,7688,0,40,United-States,1
38,Private,309122,10th,6,Divorced,Machine-op-inspct,Not-in-family,White,Female,0,0,40,United-States,0
43,Federal-gov,105936,Assoc-voc,11,Never-married,Prof-specialty,Not-in-family,White,Female,13550,0,40,United-States,1
43,Local-gov,196308,HS-grad,9,Divorced,Exec-managerial,Unmarried,Amer-Indian-Eskimo,Female,0,0,40,United-States,0
41,Local-gov,89172,Some-college,10,Married-civ-spouse,Farming-fishing,Husband,White,Male,0,0,40,United-States,1
19,Private,129151,HS-grad,9,Never-married,Craft-repair,Not-in-family,White,Female,0,0,40,United-States,0
29,Private,197932,Some-college,10,Separated,Priv-house-serv,Not-in-family,White,Female,0,0,30,Other,0
32,Private,27882,Some-college,10,Never-married,Machine-op-inspct,Other-relative,White,Female,0,2205,40,Other,0
63,Private,137843,Some-college,10,Married-civ-spouse,Sales,Husband,White,Male,7298,0,48,United-States,1
36,Private,218490,Assoc-voc,11,Married-civ-spouse,Sales,Husband,White,Male,0,0,60,United-States,0
37,Private,167415,Prof-school,15,Married-civ-spouse,Prof-specialty,Husband,White,Male,0,0,60,United-States,1
50,Private,33304,HS-grad,9,Married-civ-spouse,Craft-repair,Husband,White,Male,0,0,40,United-States,1
21,Private,43475,HS-grad,9,Never-married,Protective-serv,Not-in-family,White,Male,0,0,40,United-States,0
24,Private,183751,11th,7,Married-civ-spouse,Craft-repair,Husband,White,Male,0,0,65,United-States,0
29,Local-gov,195520,Masters,14,Married-civ-spouse,Prof-specialty,Husband,White,Male,0,0,40,United-States,0
41,Private,70092,Some-college,10,Divorced,Adm-clerical,Unmarried,White,Female,0,0,38,United-States,0
17,Private,146268,10th,6,Never-married,Other-service,Own-child,White,Female,0,0,10,United-States,0
80,Self-emp-not-inc,562336,HS-grad,9,Married-civ-spouse,Farming-fishing,Husband,White,Male,0,0,20,United-States,0
38,Self-emp-not-inc,334366,Some-college,10,Married-civ-spouse,Farming-fishing,Wife,White,Female,0,0,15,United-States,0
52,State-gov,142757,HS-grad,9,Married-civ-spouse,Protective-serv,Husband,Black,Male,0,0,40,United-States,1
45,Private,51744,Bachelors,13,Never-married,Exec-managerial,Not-in-family,White,Female,0,0,42,United-States,0
18,Private,338632,11th,7,Never-married,Other-service,Own-child,White,Male,0,0,16,United-States,0
58,Self-emp-not-inc,147653,10th,6,Married-civ-spouse,Craft-repair,Wife,White,Female,0,1977,35,Other,1
61,Private,171429,11th,7,Divorced,Other-service,Unmarried,White,Female,0,0,36,United-States,0
52,Private,404453,HS-grad,9,Never-married,Adm-clerical,Unmarried,Black,Female,0,0,40,United-States,0
38,Self-emp-not-inc,280169,Bachelors,13,Married-civ-spouse,Sales,Husband,White,Male,7298,0,50,United-States,1
41,Private,183105,HS-grad,9,Separated,Machine-op-inspct,Unmarried,White,Female,0,0,44,Other,0
34,Federal-gov,345259,Doctorate,16,Never-married,Prof-specialty,Not-in-family,White,Female,0,0,99,United-States,0
24,Private,190457,Some-college,10,Never-married,Adm-clerical,Own-child,White,Female,0,0,40,United-States,0
43,Private,180138,HS-grad,9,Never-married,Craft-repair,Not-in-family,White,Male,0,0,45,United-States,0
36,Local-gov,137314,Some-college,10,Married-civ-spouse,Protective-serv,Husband,White,Male,0,0,60,United-States,1
32,Self-emp-inc,377836,Assoc-voc,11,Married-civ-spouse,Exec-managerial,Husband,White,Male,0,0,40,United-States,0
27,Self-emp-not-inc,107846,HS-grad,9,Never-married,Protective-serv,Not-in-family,White,Male,0,0,30,United-States,0
52,Private,128378,Bachelors,13,Married-civ-spouse,Prof-specialty,Husband,White,Male,0,0,40,United-States,1
59,Private,176647,HS-grad,9,Married-civ-spouse,Craft-repair,Husband,White,Male,0,0,40,United-States,1
51,Private,147200,HS-grad,9,Never-married,Adm-clerical,Not-in-family,Black,Female,0,0,40,United-States,0
48,Private,108557,Bachelors,13,Married-civ-spouse,Tech-support,Wife,White,Female,99999,0,40,United-States,1
52,Self-emp-inc,260938,Some-college,10,Married-civ-spouse,Exec-managerial,Husband,White,Male,0,0,60,United-States,1
29,Private,389713,Assoc-voc,11,Married-civ-spouse,Craft-repair,Husband,White,Male,0,0,40,United-States,1
60,Private,163729,HS-grad,9,Divorced,Tech-support,Unmarried,White,Female,2597,0,40,United-States,0
37,Private,434097,Assoc-acdm,12,Divorced,Craft-repair,Not-in-family,Black,Male,0,0,40,United-States,0
23,Private,186813,HS-grad,9,Never-married,Protective-serv,Own-child,Amer-Indian-Eskimo,Male,0,0,40,United-States,0
58,Private,183893,Some-college,10,Divorced,Adm-clerical,Unmarried,Black,Female,0,0,40,United-States,0
40,Private,111829,Masters,14,Never-married,Adm-clerical,Own-child,White,Female,0,0,40,United-States,0
25,State-gov,104097,Masters,14,Never-married,Exec-managerial,Not-in-family,White,Male,0,0,40,United-States,0
39,Private,236391,HS-grad,9,Married-civ-spouse,Transport-moving,Husband,White,Male,0,0,50,United-States,1
39,Private,151023,Some-college,10,Divorced,Adm-clerical,Unmarried,White,Female,114,0,45,United-States,0
52,Private,61735,11th,7,Married-civ-spouse,Other-service,Husband,White,Male,0,0,40,United-States,0
24,Private,388885,HS-grad,9,Never-married,Machine-op-inspct,Not-in-family,White,Male,0,0,48,United-States,0
32,Private,182714,HS-grad,9,Never-married,Sales,Not-in-family,White,Female,0,0,45,United-States,0
33,Self-emp-not-inc,520078,Assoc-acdm,12,Divorced,Sales,Unmarried,Black,Male,0,0,60,United-States,0
23,Private,380281,Assoc-acdm,12,Never-married,Other-service,Own-child,White,Male,0,0,25,Other,0
33,Private,55699,HS-grad,9,Married-civ-spouse,Transport-moving,Husband,White,Male,3908,0,40,United-States,0
28,Private,183151,11th,7,Married-civ-spouse,Handlers-cleaners,Husband,White,Male,7688,0,40,United-States,1
50,Private,98215,HS-grad,9,Divorced,Other-service,Not-in-family,White,Male,0,0,40,United-States,0
19,Private,174478,HS-grad,9,Never-married,Other-service,Own-child,White,Female,0,0,40,United-States,0
44,Private,230592,Bachelors,13,Never-married,Tech-support,Not-in-family,White,Male,0,0,35,United-States,0
41,Private,95168,HS-grad,9,Never-married,Machine-op-inspct,Unmarried,Black,Female,0,0,40,United-States,0
41,Private,152529,Bachelors,13,Never-married,Prof-specialty,Not-in-family,White,Male,0,0,40,United-States,1
35,Self-emp-not-inc,185621,Bachelors,13,Never-married,Prof-specialty,Own-child,White,Female,0,0,40,United-States,0
61,Private,101500,Assoc-voc,11,Married-civ-spouse,Adm-clerical,Husband,White,Male,0,0,40,United-States,0
48,Private,176917,HS-grad,9,Married-civ-spouse,Craft-repair,Husband,White,Male,0,0,55,United-States,0
18,Private,90934,Some-college,10,Never-married,Sales,Own-child,White,Male,0,0,28,United-States,0
33,Private,216145,HS-grad,9,Married-civ-spouse,Craft-repair,Husband,White,Male,0,0,40,United-States,0
56,Private,105363,Bachelors,13,Married-civ-spouse,Exec-managerial,Husband,White,Male,4508,0,40,United-States,0
52,Private,38795,HS-grad,9,Divorced,Craft-repair,Not-in-family,White,Male,0,0,40,United-States,1
43,Private,223277,Some-college,10,Divorced,Craft-repair,Not-in-family,White,Male,0,0,40,United-States,0
28,Local-gov,327533,HS-grad,9,Married-civ-spouse,Protective-serv,Husband,White,Male,3908,0,40,United-States,0
44,Private,106900,HS-grad,9,Married-civ-spouse,Sales,Husband,White,Male,0,0,68,United-States,0
36,Local-gov,127772,Bachelors,13,Divorced,Prof-specialty,Unmarried,White,Male,0,0,40,United-States,0
25,Private,170786,9th,5,Never-married,Transport-moving,Other-relative,White,Male,0,0,40,United-States,0
32,Local-gov,250585,Bachelors,13,Never-married,Prof-specialty,Not-in-family,White,Female,0,0,50,United-States,0
36,Private,199439,Masters,14,Married-civ-spouse,Exec-managerial,Husband,White,Male,0,0,45,United-States,1
44,Self-emp-inc,352971,Bachelors,13,Married-civ-spouse,Exec-managerial,Husband,White,Male,0,0,45,United-States,1
60,Self-emp-not-inc,135285,Masters,14,Married-civ-spouse,Prof-specialty,Husband,White,Male,0,0,40,United-States,0
54,Private,97778,7th-8th,4,Married-civ-spouse,Craft-repair,Husband,White,Male,0,0,40,United-States,0
49,Private,133969,Doctorate,16,Married-civ-spouse,Prof-specialty,Husband,Other,Male,0,0,50,United-States,1
41,Private,173858,HS-grad,9,Married-civ-spouse,Other-service,Husband,Asian-Pac-Islander,Male,0,0,40,Other,0
35,Private,193241,Some-college,10,Married-civ-spouse,Adm-clerical,Husband,White,Male,0,0,38,United-States,0
30,Private,178841,Bachelors,13,Never-married,Exec-managerial,Not-in-family,White,Female,0,0,40,United-States,0
52,Private,349502,Some-college,10,Never-married,Adm-clerical,Unmarried,White,Male,0,0,45,United-States,0
26,Private,456618,Some-college,10,Never-married,Adm-clerical,Own-child,White,Male,2597,0,40,United-States,0
37,Private,109133,Masters,14,Separated,Exec-managerial,Not-in-family,White,Male,27828,0,60,Other,1
51,Local-gov,193720,HS-grad,9,Married-spouse-absent,Handlers-cleaners,Unmarried,White,Male,0,0,40,United-States,0
21,Private,231160,Some-college,10,Never-married,Other-service,Own-child,White,Male,0,0,25,United-States,0
39,Private,232854,HS-grad,9,Divorced,Transport-moving,Not-in-family,White,Male,0,0,40,United-States,0
22,Private,137862,Some-college,10,Never-married,Adm-clerical,Other-relative,White,Female,0,0,16,United-States,0
26,Self-emp-not-inc,151626,HS-grad,9,Never-married,Prof-specialty,Own-child,Black,Female,0,0,40,United-States,0
41,Private,41090,HS-grad,9,Married-civ-spouse,Craft-repair,Husband,White,Male,0,2002,60,United-States,0
38,Self-emp-not-inc,282461,7th-8th,4,Married-civ-spouse,Sales,Husband,White,Male,0,0,35,United-States,1
21,Private,225541,Some-college,10,Never-married,Adm-clerical,Not-in-family,White,Female,0,0,40,United-States,0
43,Local-gov,193755,Bachelors,13,Married-civ-spouse,Prof-specialty,Husband,White,Male,0,0,40,United-States,0
19,Private,216647,Some-college,10,Never-married,Other-service,Not-in-family,White,Female,0,0,30,United-States,0
41,Private,287037,Some-college,10,Never-married,Farming-fishing,Not-in-family,White,Male,0,0,40,United-States,0
50,Self-emp-not-inc,64667,HS-grad,9,Divorced,Prof-specialty,Not-in-family,Asian-Pac-Islander,Female,0,0,60,Other,0
41,Private,190591,Assoc-acdm,12,Divorced,Exec-managerial,Not-in-family,Black,Female,0,0,40,Other,0
24,Private,210029,HS-grad,9,Never-married,Adm-clerical,Not-in-family,White,Female,0,2001,37,United-States,0
54,Private,163894,Some-college,10,Married-civ-spouse,Handlers-cleaners,Husband,Black,Male,0,0,40,United-States,0
22,Private,113936,Some-college,10,Never-married,Handlers-cleaners,Own-child,White,Male,0,0,40,United-States,0
37,Private,66686,HS-grad,9,Married-civ-spouse,Handlers-cleaners,Husband,White,Male,0,0,40,United-States,0
57,Self-emp-inc,199768,HS-grad,9,Married-civ-spouse,Sales,Husband,White,Male,0,1902,30,United-States,1
17,Private,93235,12th,8,Never-married,Other-service,Own-child,White,Female,0,1721,25,United-States,0
24,Private,188300,11th,7,Never-married,Machine-op-inspct,Unmarried,White,Female,0,0,40,United-States,0
40,Private,442045,Some-college,10,Married-civ-spouse,Prof-specialty,Husband,White,Male,0,0,40,United-States,1
65,Self-emp-not-inc,145628,10th,6,Married-civ-spouse,Craft-repair,Husband,White,Male,0,0,40,United-States,0
37,Private,245482,HS-grad,9,Married-civ-spouse,Transport-moving,Husband,Asian-Pac-Islander,Male,0,0,40,Other,0
40,Private,134026,11th,7,Never-married,Other-service,Other-relative,White,Male,0,0,40,United-States,0
62,Self-emp-not-inc,215944,Primary,3,Married-civ-spouse,Farming-fishing,Husband,White,Male,0,0,30,United-States,0
57,Federal-gov,140711,Bachelors,13,Married-civ-spouse,Prof-specialty,Husband,White,Male,0,0,40,United-States,1
55,Private,148590,10th,6,Widowed,Craft-repair,Unmarried,Black,Female,0,0,40,United-States,0
30,Private,228406,HS-grad,9,Separated,Adm-clerical,Unmarried,Black,Female,0,0,40,United-States,0
33,Private,121195,HS-grad,9,Never-married,Machine-op-inspct,Not-in-family,Other,Male,0,0,50,United-States,0
35,Private,81280,Bachelors,13,Married-civ-spouse,Farming-fishing,Husband,White,Male,0,0,65,Other,1
21,Private,307371,Some-college,10,Never-married,Protective-serv,Own-child,White,Male,0,0,15,United-States,0
43,Private,154210,HS-grad,9,Married-civ-spouse,Other-service,Husband,Asian-Pac-Islander,Male,2829,0,60,Other,0
32,Private,26803,Some-college,10,Married-civ-spouse,Machine-op-inspct,Husband,White,Male,0,0,84,United-States,1
42,Private,344624,HS-grad,9,Married-civ-spouse,Transport-moving,Husband,White,Male,0,1902,50,United-States,1
67,Self-emp-inc,116517,Bachelors,13,Widowed,Other-service,Unmarried,White,Female,0,0,35,United-States,0
25,Local-gov,227886,Bachelors,13,Married-civ-spouse,Adm-clerical,Husband,White,Male,0,0,40,United-States,0
29,Private,136017,10th,6,Never-married,Craft-repair,Not-in-family,White,Male,0,0,48,United-States,0
42,Private,227397,Bachelors,13,Married-civ-spouse,Adm-clerical,Wife,White,Female,0,0,40,United-States,1
31,Private,86492,Assoc-voc,11,Married-civ-spouse,Transport-moving,Husband,White,Male,0,0,30,United-States,1
28,Private,109001,HS-grad,9,Never-married,Craft-repair,Not-in-family,White,Male,0,0,40,United-States,0
43,Local-gov,216116,Masters,14,Separated,Prof-specialty,Unmarried,Black,Female,0,0,37,United-States,0
41,Private,349703,Assoc-acdm,12,Married-civ-spouse,Farming-fishing,Husband,Asian-Pac-Islander,Male,0,0,40,United-States,0
49,Self-emp-inc,38819,Bachelors,13,Married-civ-spouse,Sales,Husband,White,Male,0,0,50,United-States,1
45,Private,319637,HS-grad,9,Divorced,Other-service,Unmarried,White,Female,0,0,40,United-States,0
38,Private,81965,Assoc-voc,11,Never-married,Tech-support,Not-in-family,White,Female,0,0,40,United-States,0
56,Self-emp-inc,24127,Assoc-voc,11,Married-civ-spouse,Sales,Husband,White,Male,0,0,54,United-States,1
36,Private,218948,9th,5,Separated,Other-service,Unmarried,Black,Female,0,0,40,Other,0
20,Private,38455,10th,6,Never-married,Other-service,Not-in-family,White,Male,0,0,40,United-States,0
58,Private,186385,Doctorate,16,Never-married,Prof-specialty,Not-in-family,White,Male,0,0,8,United-States,0
68,Private,154897,HS-grad,9,Never-married,Sales,Not-in-family,White,Female,0,0,30,United-States,0
45,Private,278151,HS-grad,9,Married-civ-spouse,Protective-serv,Husband,White,Male,0,0,40,United-States,0
36,Private,139364,Bachelors,13,Married-civ-spouse,Sales,Husband,White,Male,0,0,50,United-States,1
33,Private,37232,Some-college,10,Never-married,Craft-repair,Not-in-family,White,Male,0,0,80,United-States,0
19,State-gov,56424,12th,8,Never-married,Transport-moving,Own-child,Black,Male,0,0,20,United-States,0
20,Private,210781,Some-college,10,Never-married,Adm-clerical,Own-child,White,Female,0,0,20,United-States,0
20,Private,105244,Some-college,10,Never-married,Handlers-cleaners,Not-in-family,White,Male,0,0,50,United-States,0
61,Self-emp-not-inc,352448,Bachelors,13,Married-civ-spouse,Transport-moving,Husband,White,Male,0,0,60,United-States,0
37,Private,120074,HS-grad,9,Never-married,Transport-moving,Not-in-family,White,Male,0,0,40,United-States,0
40,Private,309311,HS-grad,9,Married-civ-spouse,Farming-fishing,Husband,White,Male,0,0,40,United-States,0
27,Private,197380,Assoc-acdm,12,Never-married,Prof-specialty,Not-in-family,White,Male,0,0,40,United-States,0
54,Self-emp-inc,129432,Bachelors,13,Married-civ-spouse,Exec-managerial,Husband,White,Male,15024,0,40,United-States,1
21,Private,275291,Some-college,10,Never-married,Sales,Own-child,White,Male,0,0,12,United-States,0
39,Private,101020,12th,8,Married-civ-spouse,Machine-op-inspct,Husband,White,Male,0,0,40,United-States,0
44,Federal-gov,68729,Bachelors,13,Married-civ-spouse,Exec-managerial,Husband,Asian-Pac-Islander,Male,0,0,40,United-States,1
42,Private,45363,Assoc-acdm,12,Married-civ-spouse,Prof-specialty,Husband,White,Male,0,0,50,United-States,0
38,Private,131461,9th,5,Married-civ-spouse,Other-service,Wife,Black,Female,0,0,24,Other,0
55,Self-emp-not-inc,126117,HS-grad,9,Widowed,Sales,Not-in-family,White,Male,0,0,40,United-States,0
42,Private,296749,Some-college,10,Divorced,Machine-op-inspct,Not-in-family,White,Male,0,0,45,United-States,0
54,Private,256916,HS-grad,9,Married-civ-spouse,Exec-managerial,Husband,White,Male,0,0,45,United-States,0
46,Private,91262,Some-college,10,Married-spouse-absent,Craft-repair,Not-in-family,Asian-Pac-Islander,Male,0,0,40,Philippines,0
23,Private,127768,Some-college,10,Never-married,Craft-repair,Not-in-family,White,Male,0,0,40,United-States,0
52,Private,186303,Some-college,10,Married-civ-spouse,Exec-managerial,Husband,White,Male,15024,0,55,Other,1
52,Self-emp-not-inc,189216,HS-grad,9,Divorced,Transport-moving,Not-in-family,White,Male,0,0,65,United-States,0
43,Private,187861,HS-grad,9,Separated,Transport-moving,Unmarried,White,Female,0,0,44,United-States,0
20,Private,224640,Some-college,10,Never-married,Adm-clerical,Own-child,White,Female,0,0,40,United-States,0
25,Private,161007,HS-grad,9,Never-married,Machine-op-inspct,Own-child,White,Male,0,0,40,United-States,0
39,Private,180477,Masters,14,Never-married,Prof-specialty,Not-in-family,White,Male,0,0,60,United-States,1
50,Private,128478,HS-grad,9,Married-civ-spouse,Transport-moving,Husband,White,Male,0,0,70,United-States,0
29,Self-emp-not-inc,104423,Some-college,10,Married-civ-spouse,Exec-managerial,Other-relative,White,Male,4386,0,45,United-States,1
36,Local-gov,305714,HS-grad,9,Never-married,Other-service,Unmarried,Black,Female,0,0,70,United-States,0
63,Private,318763,Some-college,10,Divorced,Craft-repair,Unmarried,White,Male,0,0,22,United-States,0
44,Self-emp-not-inc,172479,HS-grad,9,Married-civ-spouse,Farming-fishing,Husband,White,Male,15024,0,60,United-States,1
41,Local-gov,26669,Some-college,10,Divorced,Exec-managerial,Not-in-family,White,Female,0,0,40,United-States,0
27,Private,214858,HS-grad,9,Married-civ-spouse,Other-service,Own-child,White,Male,0,0,40,United-States,0
43,Private,154076,Some-college,10,Married-civ-spouse,Handlers-cleaners,Husband,White,Male,0,0,40,United-States,1
19,Private,143360,HS-grad,9,Never-married,Machine-op-inspct,Own-child,White,Female,0,0,34,United-States,0
43,Local-gov,114859,Some-college,10,Married-civ-spouse,Transport-moving,Husband,White,Male,0,0,17,United-States,0
74,State-gov,117017,Some-college,10,Separated,Sales,Not-in-family,White,Male,0,0,16,United-States,0
32,State-gov,481096,Primary,3,Never-married,Machine-op-inspct,Own-child,White,Female,0,0,10,United-States,0
24,Local-gov,187397,Some-college,10,Never-married,Protective-serv,Unmarried,Other,Male,1151,0,40,United-States,0
37,Private,360743,Some-college,10,Married-civ-spouse,Craft-repair,Husband,Black,Male,0,0,40,United-States,0
45,Private,207540,Doctorate,16,Separated,Exec-managerial,Unmarried,White,Male,0,0,40,United-States,1
17,Private,25051,10th,6,Never-married,Other-service,Own-child,White,Male,0,0,16,United-States,0
51,Private,99185,Bachelors,13,Married-civ-spouse,Exec-managerial,Husband,White,Male,0,0,60,United-States,1
51,Self-emp-inc,194995,Some-college,10,Married-civ-spouse,Exec-managerial,Husband,White,Male,0,0,45,United-States,1
39,Private,347434,9th,5,Married-civ-spouse,Handlers-cleaners,Husband,White,Male,0,0,43,Mexico,0
52,Local-gov,100226,Bachelors,13,Married-civ-spouse,Adm-clerical,Wife,White,Female,0,0,40,United-States,1
32,Private,272376,Assoc-acdm,12,Never-married,Adm-clerical,Not-in-family,White,Female,0,0,40,United-States,0
32,Self-emp-not-inc,173854,Bachelors,13,Divorced,Prof-specialty,Other-relative,White,Male,0,0,35,United-States,1
28,Private,129460,10th,6,Widowed,Adm-clerical,Unmarried,White,Female,0,2238,35,United-States,0
47,Local-gov,183486,Bachelors,13,Married-civ-spouse,Prof-specialty,Wife,White,Female,0,0,50,United-States,1
29,Private,46987,HS-grad,9,Never-married,Adm-clerical,Not-in-family,White,Female,0,0,55,United-States,0
43,Private,397280,Assoc-acdm,12,Never-married,Prof-specialty,Not-in-family,White,Male,0,0,50,United-States,1
23,Private,322674,Some-college,10,Never-married,Handlers-cleaners,Not-in-family,White,Male,0,0,40,United-States,0
30,Private,207668,Bachelors,13,Never-married,Tech-support,Not-in-family,White,Male,0,0,60,Other,0
22,Private,418405,Some-college,10,Married-civ-spouse,Craft-repair,Husband,White,Male,0,0,40,United-States,0
62,Local-gov,41793,Masters,14,Separated,Prof-specialty,Not-in-family,White,Female,0,0,50,Other,0
47,Federal-gov,202560,Bachelors,13,Married-civ-spouse,Exec-managerial,Wife,White,Female,0,0,40,United-States,1
47,Private,93557,HS-grad,9,Married-civ-spouse,Farming-fishing,Husband,White,Male,0,0,40,United-States,0
33,Private,112820,Assoc-voc,11,Married-civ-spouse,Protective-serv,Husband,White,Male,0,0,40,United-States,0
30,Private,60426,HS-grad,9,Married-civ-spouse,Adm-clerical,Own-child,Amer-Indian-Eskimo,Female,0,0,40,United-States,0
31,Private,325658,HS-grad,9,Divorced,Craft-repair,Unmarried,White,Male,0,0,40,United-States,0
32,Private,210562,HS-grad,9,Married-civ-spouse,Machine-op-inspct,Husband,White,Male,0,0,40,United-States,0
39,Private,243409,HS-grad,9,Married-civ-spouse,Exec-managerial,Husband,White,Male,0,0,60,United-States,1
47,Private,238185,Bachelors,13,Divorced,Adm-clerical,Not-in-family,White,Female,0,0,40,United-States,0
26,Private,112754,Assoc-voc,11,Married-civ-spouse,Craft-repair,Husband,White,Male,0,0,65,United-States,1
55,Self-emp-not-inc,68006,7th-8th,4,Never-married,Other-service,Other-relative,White,Female,0,0,60,United-States,0
56,Self-emp-not-inc,62539,11th,7,Widowed,Other-service,Unmarried,White,Female,0,0,65,Other,1
28,Self-emp-not-inc,282398,HS-grad,9,Divorced,Craft-repair,Not-in-family,White,Male,0,0,35,United-States,0
59,Self-emp-not-inc,188003,Bachelors,13,Widowed,Prof-specialty,Not-in-family,White,Female,0,0,50,United-States,1
61,Private,137733,Some-college,10,Divorced,Other-service,Not-in-family,White,Male,0,0,25,United-States,0
32,Private,199655,Some-college,10,Married-civ-spouse,Adm-clerical,Wife,Other,Female,0,1740,40,Other,0
18,Private,192485,12th,8,Never-married,Handlers-cleaners,Own-child,Black,Male,0,0,20,United-States,0
37,Private,270059,Some-college,10,Divorced,Adm-clerical,Unmarried,White,Female,25236,0,25,United-States,1
23,Private,197552,Some-college,10,Never-married,Sales,Own-child,White,Female,0,0,35,United-States,0
39,Private,219155,HS-grad,9,Married-civ-spouse,Machine-op-inspct,Husband,White,Male,0,0,43,United-States,0
43,Private,281138,HS-grad,9,Separated,Machine-op-inspct,Not-in-family,White,Female,0,0,40,United-States,0
29,Private,276345,HS-grad,9,Never-married,Prof-specialty,Not-in-family,White,Female,0,0,50,United-States,0
36,Private,130589,Some-college,10,Divorced,Exec-managerial,Not-in-family,White,Male,0,0,45,United-States,0
62,Private,94318,Bachelors,13,Married-civ-spouse,Prof-specialty,Husband,White,Male,0,0,50,United-States,1
35,Federal-gov,23892,HS-grad,9,Divorced,Prof-specialty,Unmarried,White,Female,0,0,40,United-States,0
27,Self-emp-not-inc,404998,Assoc-voc,11,Never-married,Craft-repair,Own-child,White,Male,0,0,40,United-States,0
31,Self-emp-not-inc,252752,HS-grad,9,Married-civ-spouse,Other-service,Wife,White,Female,0,2415,40,United-States,1
57,Local-gov,190748,Some-college,10,Divorced,Exec-managerial,Unmarried,White,Female,0,0,35,United-States,0
24,Private,117767,Assoc-acdm,12,Never-married,Sales,Own-child,White,Male,0,0,20,United-States,0
61,Private,95500,HS-grad,9,Married-civ-spouse,Transport-moving,Husband,White,Male,0,0,40,United-States,0
52,Private,168001,Masters,14,Divorced,Prof-specialty,Not-in-family,White,Female,0,0,40,United-States,1
38,Private,97759,12th,8,Never-married,Other-service,Unmarried,White,Female,0,0,17,United-States,0
22,State-gov,157332,Some-college,10,Never-married,Other-service,Own-child,White,Female,0,0,15,United-States,0
30,Private,26543,Bachelors,13,Divorced,Other-service,Not-in-family,White,Male,0,0,40,United-States,0
25,Private,213385,HS-grad,9,Never-married,Adm-clerical,Not-in-family,White,Male,0,0,40,United-States,0
49,State-gov,247378,Some-college,10,Divorced,Prof-specialty,Not-in-family,White,Female,0,0,20,United-States,0
38,Private,229236,HS-grad,9,Married-civ-spouse,Transport-moving,Husband,Other,Male,0,0,40,Other,0
49,Self-emp-inc,191277,Some-college,10,Married-civ-spouse,Exec-managerial,Husband,White,Male,15024,0,50,United-States,1
23,Private,174461,HS-grad,9,Never-married,Other-service,Not-in-family,White,Female,0,0,40,United-States,0
23,Private,242912,Some-college,10,Never-married,Other-service,Own-child,White,Female,4650,0,40,United-States,0
32,Private,248584,HS-grad,9,Never-married,Farming-fishing,Own-child,White,Male,0,0,40,United-States,0
33,Private,217460,HS-grad,9,Married-civ-spouse,Sales,Husband,White,Male,0,0,60,United-States,1
41,Local-gov,160893,Primary,1,Never-married,Handlers-cleaners,Own-child,White,Female,0,0,30,United-States,0
44,Self-emp-not-inc,71269,Bachelors,13,Divorced,Exec-managerial,Not-in-family,White,Male,0,0,40,United-States,0
25,Private,570821,Some-college,10,Married-civ-spouse,Machine-op-inspct,Husband,White,Male,0,0,40,United-States,0
26,Private,63577,Some-college,10,Never-married,Other-service,Not-in-family,White,Female,0,0,30,United-States,0
18,Private,188616,11th,7,Never-married,Sales,Own-child,White,Male,0,0,15,United-States,0
34,Private,110476,HS-grad,9,Married-civ-spouse,Adm-clerical,Husband,White,Male,0,0,40,United-States,0
57,Self-emp-not-inc,35561,HS-grad,9,Married-civ-spouse,Farming-fishing,Husband,White,Male,0,0,60,United-States,1
67,Self-emp-not-inc,107138,Some-college,10,Married-civ-spouse,Sales,Husband,White,Male,0,0,40,United-States,0
25,Private,164488,Some-college,10,Never-married,Handlers-cleaners,Own-child,White,Male,0,0,40,United-States,0
36,Private,181705,11th,7,Married-civ-spouse,Transport-moving,Husband,White,Male,0,0,40,United-States,0
28,Private,250135,Some-college,10,Divorced,Exec-managerial,Not-in-family,White,Female,0,0,40,United-States,0
58,Self-emp-not-inc,61474,HS-grad,9,Married-civ-spouse,Sales,Husband,White,Male,0,0,55,United-States,1
42,Private,336891,Some-college,10,Divorced,Adm-clerical,Not-in-family,Black,Female,0,0,40,United-States,0
42,Private,143342,Some-college,10,Divorced,Machine-op-inspct,Not-in-family,White,Female,0,0,40,United-States,0
40,Private,409922,Some-college,10,Married-civ-spouse,Prof-specialty,Husband,White,Male,7298,0,40,United-States,1
29,Private,157262,Masters,14,Never-married,Exec-managerial,Not-in-family,White,Female,0,0,45,United-States,0
40,Private,193995,HS-grad,9,Married-civ-spouse,Other-service,Husband,White,Male,0,0,30,United-States,0
67,Private,105216,Some-college,10,Widowed,Adm-clerical,Not-in-family,White,Female,0,0,25,United-States,0
30,Private,89625,Some-college,10,Married-civ-spouse,Prof-specialty,Wife,Asian-Pac-Islander,Female,0,0,5,United-States,1
21,Private,202214,HS-grad,9,Never-married,Machine-op-inspct,Not-in-family,White,Female,0,0,40,United-States,0
48,State-gov,122066,HS-grad,9,Married-civ-spouse,Adm-clerical,Husband,White,Male,0,0,35,United-States,1
27,State-gov,346406,Bachelors,13,Never-married,Prof-specialty,Unmarried,White,Male,0,0,50,United-States,0
37,Private,348796,Bachelors,13,Divorced,Other-service,Not-in-family,White,Male,0,0,40,United-States,0
23,Private,233711,HS-grad,9,Married-civ-spouse,Other-service,Husband,White,Male,0,0,50,United-States,0
30,Private,161815,Some-college,10,Divorced,Other-service,Unmarried,White,Female,0,0,35,United-States,0
28,Private,167336,HS-grad,9,Married-civ-spouse,Exec-managerial,Wife,White,Female,0,0,45,United-States,1
20,Private,157541,Some-college,10,Never-married,Other-service,Own-child,White,Male,0,0,27,United-States,0
50,Local-gov,124963,HS-grad,9,Married-civ-spouse,Craft-repair,Husband,White,Male,0,1977,35,United-States,1
42,Local-gov,281315,Bachelors,13,Never-married,Prof-specialty,Not-in-family,White,Male,0,0,50,United-States,0
55,Local-gov,173090,Masters,14,Widowed,Prof-specialty,Unmarried,White,Female,0,0,45,United-States,0
24,Private,241185,HS-grad,9,Never-married,Sales,Not-in-family,White,Female,0,0,48,United-States,0
34,State-gov,278378,HS-grad,9,Married-civ-spouse,Transport-moving,Husband,Black,Male,0,0,40,United-States,0
58,Private,111394,Bachelors,13,Married-civ-spouse,Prof-specialty,Husband,White,Male,0,0,40,United-States,1
28,Private,210945,Assoc-acdm,12,Married-civ-spouse,Adm-clerical,Wife,Black,Female,0,0,35,Other,0
54,Private,53833,Primary,3,Married-civ-spouse,Transport-moving,Husband,White,Male,0,0,40,United-States,1
27,Private,136094,HS-grad,9,Never-married,Handlers-cleaners,Own-child,White,Male,0,0,40,United-States,0
18,Private,137363,HS-grad,9,Never-married,Adm-clerical,Own-child,White,Female,0,0,40,United-States,0
59,Private,135647,11th,7,Married-civ-spouse,Sales,Husband,White,Male,0,0,60,United-States,0
30,Private,97521,Bachelors,13,Married-civ-spouse,Sales,Husband,White,Male,0,0,50,United-States,1
35,State-gov,372130,HS-grad,9,Married-civ-spouse,Protective-serv,Husband,Black,Male,0,0,40,United-States,0
43,Private,27766,Bachelors,13,Separated,Exec-managerial,Unmarried,White,Male,0,0,60,United-States,1
22,Private,137591,Some-college,10,Never-married,Sales,Own-child,White,Male,0,0,35,United-States,0
43,Private,151089,Some-college,10,Married-civ-spouse,Transport-moving,Husband,White,Male,0,0,50,United-States,0
40,Self-emp-inc,144371,Bachelors,13,Married-civ-spouse,Craft-repair,Husband,White,Male,0,0,15,United-States,0
45,Private,172960,Some-college,10,Divorced,Protective-serv,Not-in-family,White,Male,0,0,70,United-States,0
46,Private,167915,HS-grad,9,Married-civ-spouse,Craft-repair,Husband,White,Male,0,0,40,United-States,0
41,Private,45156,HS-grad,9,Never-married,Machine-op-inspct,Not-in-family,White,Male,2174,0,41,United-States,0
37,Private,98776,HS-grad,9,Married-civ-spouse,Farming-fishing,Husband,White,Male,0,0,15,United-States,0
17,Private,350995,12th,8,Never-married,Other-service,Own-child,White,Male,0,0,16,United-States,0
50,Private,172175,Prof-school,15,Married-civ-spouse,Prof-specialty,Husband,White,Male,0,0,50,United-States,1
17,Private,153035,10th,6,Never-married,Sales,Own-child,White,Female,0,0,20,United-States,0
56,Private,83922,Some-college,10,Married-civ-spouse,Craft-repair,Husband,White,Male,0,0,40,United-States,1
19,Private,216937,HS-grad,9,Never-married,Handlers-cleaners,Other-relative,Other,Female,0,0,60,Other,0
40,Self-emp-inc,193524,Some-college,10,Married-civ-spouse,Farming-fishing,Husband,White,Male,0,0,40,United-States,1
53,Private,304353,Some-college,10,Married-civ-spouse,Craft-repair,Husband,White,Male,0,0,36,United-States,1
37,Private,184498,HS-grad,9,Married-civ-spouse,Transport-moving,Husband,White,Male,0,0,40,United-States,0
47,Private,202322,Primary,3,Married-civ-spouse,Handlers-cleaners,Husband,White,Male,0,0,40,Mexico,0
30,Private,251825,Assoc-acdm,12,Never-married,Machine-op-inspct,Unmarried,Black,Female,0,0,40,United-States,0
33,Local-gov,293063,Bachelors,13,Married-spouse-absent,Prof-specialty,Other-relative,Black,Male,0,0,40,Other,0
40,Private,201734,Some-college,10,Never-married,Handlers-cleaners,Not-in-family,White,Male,0,0,48,United-States,0
24,Private,293324,HS-grad,9,Married-civ-spouse,Machine-op-inspct,Husband,White,Male,0,0,40,United-States,0
46,Local-gov,167159,Some-college,10,Married-civ-spouse,Protective-serv,Husband,White,Male,0,0,70,United-States,1
36,Private,187999,HS-grad,9,Married-civ-spouse,Craft-repair,Husband,White,Male,0,0,40,United-States,1
46,Private,165953,Bachelors,13,Married-civ-spouse,Adm-clerical,Husband,White,Male,0,0,45,United-States,1
45,Private,229967,HS-grad,9,Divorced,Exec-managerial,Not-in-family,White,Male,13550,0,50,United-States,1
51,Private,82566,HS-grad,9,Married-civ-spouse,Craft-repair,Husband,White,Male,0,0,50,United-States,0
34,Private,113838,Some-college,10,Married-civ-spouse,Sales,Husband,White,Male,0,0,45,United-States,1
33,Private,112847,HS-grad,9,Married-civ-spouse,Transport-moving,Husband,Asian-Pac-Islander,Male,0,0,40,Other,0
46,Private,180505,HS-grad,9,Married-civ-spouse,Machine-op-inspct,Husband,Black,Male,0,0,40,United-States,0
45,Private,88061,11th,7,Married-spouse-absent,Machine-op-inspct,Unmarried,Asian-Pac-Islander,Female,0,0,40,Other,0
24,Private,379418,Some-college,10,Never-married,Adm-clerical,Not-in-family,White,Female,0,0,40,United-States,0
25,Private,130397,10th,6,Never-married,Farming-fishing,Unmarried,Amer-Indian-Eskimo,Male,0,0,40,United-States,0
35,Private,25803,HS-grad,9,Married-civ-spouse,Craft-repair,Husband,White,Male,0,0,40,United-States,0
60,Local-gov,165982,Masters,14,Married-civ-spouse,Exec-managerial,Husband,White,Male,0,0,50,United-States,1
30,Private,156890,HS-grad,9,Married-civ-spouse,Machine-op-inspct,Husband,White,Male,0,0,45,United-States,0
43,Private,244172,HS-grad,9,Married-civ-spouse,Machine-op-inspct,Husband,White,Male,0,0,35,Other,0
24,Private,215712,Some-college,10,Never-married,Other-service,Not-in-family,White,Male,0,0,35,United-States,0
35,Private,99357,Bachelors,13,Married-civ-spouse,Exec-managerial,Wife,White,Female,0,1977,30,United-States,1
50,Private,55527,Assoc-acdm,12,Divorced,Craft-repair,Not-in-family,Black,Male,0,0,45,United-States,0
41,Private,29762,Some-college,10,Married-civ-spouse,Craft-repair,Husband,White,Male,0,0,60,United-States,0
38,Private,103408,Masters,14,Married-civ-spouse,Exec-managerial,Husband,Black,Male,0,0,40,Other,0
23,State-gov,96748,Some-college,10,Never-married,Prof-specialty,Own-child,White,Male,0,0,10,United-States,0
50,Self-emp-not-inc,197054,Prof-school,15,Divorced,Sales,Not-in-family,White,Male,0,0,50,United-States,1
51,Private,138852,HS-grad,9,Married-civ-spouse,Tech-support,Husband,White,Male,0,0,40,United-States,0
28,Private,141350,Bachelors,13,Married-civ-spouse,Exec-managerial,Husband,White,Male,0,0,45,United-States,0
19,Private,331433,HS-grad,9,Never-married,Protective-serv,Not-in-family,White,Male,0,0,32,United-States,0
49,Private,139268,HS-grad,9,Married-civ-spouse,Craft-repair,Husband,White,Male,7298,0,40,United-States,1
52,Private,104501,Some-college,10,Married-civ-spouse,Prof-specialty,Husband,White,Male,0,0,40,Other,1
40,Private,224658,Bachelors,13,Married-civ-spouse,Sales,Husband,White,Male,0,0,45,United-States,1
39,Private,237713,Prof-school,15,Married-civ-spouse,Sales,Husband,White,Male,0,2415,99,United-States,1
38,Private,112497,HS-grad,9,Never-married,Prof-specialty,Not-in-family,White,Male,0,0,40,United-States,1
30,Private,218551,Assoc-voc,11,Married-civ-spouse,Sales,Husband,White,Male,0,0,45,United-States,1
25,Private,404616,Bachelors,13,Married-civ-spouse,Exec-managerial,Husband,White,Male,0,0,40,United-States,1
25,Private,240081,HS-grad,9,Never-married,Sales,Own-child,Black,Male,0,0,40,United-States,0
39,Private,491000,Bachelors,13,Never-married,Exec-managerial,Other-relative,Black,Male,0,0,45,United-States,0
31,Private,288983,Some-college,10,Never-married,Protective-serv,Not-in-family,White,Male,0,0,40,United-States,0
53,Private,161691,HS-grad,9,Widowed,Sales,Not-in-family,White,Female,0,0,35,United-States,0
30,Private,278502,HS-grad,9,Divorced,Adm-clerical,Unmarried,Black,Female,0,0,62,United-States,0
39,Self-emp-inc,372525,Masters,14,Married-civ-spouse,Exec-managerial,Husband,White,Male,0,0,60,United-States,1
30,Private,75167,Bachelors,13,Married-civ-spouse,Exec-managerial,Husband,White,Male,0,0,55,United-States,0
57,Self-emp-not-inc,25124,HS-grad,9,Married-civ-spouse,Other-service,Husband,White,Male,0,0,60,United-States,0
21,Private,202871,HS-grad,9,Never-married,Machine-op-inspct,Own-child,White,Male,0,0,20,United-States,0
30,Private,79448,Some-college,10,Divorced,Adm-clerical,Unmarried,White,Female,0,0,10,United-States,0
42,Private,412379,HS-grad,9,Married-civ-spouse,Handlers-cleaners,Husband,White,Male,0,0,40,United-States,0
17,Local-gov,340043,12th,8,Never-married,Adm-clerical,Own-child,White,Female,0,0,12,United-States,0
40,Private,77247,12th,8,Married-civ-spouse,Craft-repair,Husband,White,Male,0,0,50,United-States,1
32,Private,198068,11th,7,Never-married,Transport-moving,Own-child,White,Male,0,0,40,United-States,0
36,Private,185099,Prof-school,15,Married-civ-spouse,Prof-specialty,Husband,White,Male,0,0,55,United-States,1
30,Self-emp-inc,84119,Bachelors,13,Never-married,Exec-managerial,Own-child,White,Male,0,0,43,United-States,0
54,Private,294991,10th,6,Married-civ-spouse,Handlers-cleaners,Husband,White,Male,0,0,40,United-States,0
52,Private,143807,HS-grad,9,Divorced,Sales,Not-in-family,White,Female,0,0,40,United-States,0
56,Private,193453,Bachelors,13,Married-civ-spouse,Prof-specialty,Husband,White,Male,0,1902,65,United-States,1
30,Private,247444,Some-college,10,Married-civ-spouse,Machine-op-inspct,Husband,White,Male,0,0,40,Other,0
39,Local-gov,267893,Assoc-acdm,12,Married-civ-spouse,Craft-repair,Husband,Black,Male,7298,0,40,United-States,1
64,Self-emp-inc,307786,Primary,2,Married-civ-spouse,Sales,Husband,White,Male,0,0,20,United-States,0
38,Local-gov,147258,HS-grad,9,Never-married,Transport-moving,Not-in-family,White,Male,0,0,40,United-States,0
42,Private,212894,Bachelors,13,Married-civ-spouse,Sales,Husband,White,Male,0,1887,40,United-States,1
40,Private,34722,Some-college,10,Divorced,Transport-moving,Not-in-family,White,Male,0,0,48,United-States,1
25,Private,390316,9th,5,Married-civ-spouse,Craft-repair,Husband,White,Male,0,0,40,Mexico,0
45,Private,177543,HS-grad,9,Divorced,Adm-clerical,Unmarried,White,Female,0,0,28,United-States,0
45,Private,275995,Bachelors,13,Married-civ-spouse,Tech-support,Husband,White,Male,0,0,50,United-States,1
36,Private,280440,Assoc-acdm,12,Never-married,Tech-support,Unmarried,White,Female,0,0,45,United-States,0
20,Private,124751,Some-college,10,Never-married,Adm-clerical,Own-child,White,Female,0,0,24,United-States,0
27,Private,98769,Bachelors,13,Never-married,Sales,Not-in-family,White,Male,0,0,45,United-States,0
47,Private,22900,HS-grad,9,Divorced,Other-service,Not-in-family,White,Female,0,0,40,United-States,0
20,Private,243178,HS-grad,9,Never-married,Handlers-cleaners,Own-child,White,Male,0,0,28,United-States,0
40,Private,326232,Some-college,10,Divorced,Transport-moving,Unmarried,White,Male,0,0,40,United-States,1
36,Private,89718,HS-grad,9,Married-civ-spouse,Sales,Husband,White,Male,0,0,40,United-States,0
35,Private,190728,HS-grad,9,Divorced,Prof-specialty,Unmarried,White,Female,0,0,40,United-States,0
51,Federal-gov,140516,Masters,14,Married-civ-spouse,Prof-specialty,Husband,White,Male,0,0,40,United-States,1
30,Private,159888,Bachelors,13,Never-married,Sales,Not-in-family,White,Male,0,0,60,United-States,1
23,Private,166371,Some-college,10,Never-married,Tech-support,Own-child,White,Male,0,0,60,United-States,0
50,Local-gov,163921,7th-8th,4,Married-civ-spouse,Transport-moving,Husband,White,Male,0,0,40,United-States,0
24,Private,89347,11th,7,Never-married,Machine-op-inspct,Not-in-family,White,Female,0,0,40,United-States,0
67,Private,236627,Bachelors,13,Married-civ-spouse,Prof-specialty,Husband,White,Male,0,0,2,United-States,0
45,Private,34419,Some-college,10,Married-civ-spouse,Exec-managerial,Husband,White,Male,7298,0,40,United-States,1
44,Private,130126,Prof-school,15,Divorced,Prof-specialty,Not-in-family,White,Male,0,0,45,United-States,1
20,Private,153583,Some-college,10,Never-married,Adm-clerical,Own-child,White,Female,0,0,40,Other,0
56,State-gov,110257,HS-grad,9,Married-civ-spouse,Adm-clerical,Husband,White,Male,0,0,40,United-States,0
29,State-gov,204516,Masters,14,Married-civ-spouse,Prof-specialty,Husband,White,Male,0,0,15,United-States,0
46,Private,345073,HS-grad,9,Divorced,Exec-managerial,Not-in-family,White,Male,0,0,48,United-States,1
30,Private,289458,Bachelors,13,Never-married,Exec-managerial,Not-in-family,White,Female,0,0,40,United-States,0
34,Private,144798,Some-college,10,Never-married,Adm-clerical,Not-in-family,White,Female,0,0,40,United-States,0
19,Private,213024,12th,8,Never-married,Handlers-cleaners,Own-child,White,Male,0,0,40,United-States,0
31,Private,211242,Assoc-acdm,12,Married-civ-spouse,Exec-managerial,Husband,White,Male,0,0,55,United-States,1
53,Local-gov,204397,HS-grad,9,Married-civ-spouse,Exec-managerial,Husband,White,Male,0,0,60,United-States,0
25,Private,29599,HS-grad,9,Never-married,Farming-fishing,Not-in-family,White,Male,0,0,40,United-States,0
43,Private,143583,10th,6,Married-civ-spouse,Handlers-cleaners,Husband,Black,Male,0,0,40,United-States,0
31,State-gov,207505,Doctorate,16,Married-civ-spouse,Prof-specialty,Husband,White,Male,0,1977,70,United-States,1
52,Private,194259,7th-8th,4,Married-civ-spouse,Exec-managerial,Wife,White,Female,0,0,50,United-States,0
30,Private,169152,HS-grad,9,Never-married,Tech-support,Unmarried,White,Female,0,0,40,United-States,0
36,Private,215392,Assoc-voc,11,Married-civ-spouse,Prof-specialty,Wife,White,Female,0,0,40,United-States,1
33,Local-gov,55921,Assoc-voc,11,Never-married,Protective-serv,Not-in-family,White,Male,0,0,70,United-States,0
18,Private,25837,11th,7,Never-married,Prof-specialty,Own-child,White,Male,0,0,15,United-States,0
22,Private,341610,Some-college,10,Never-married,Sales,Not-in-family,White,Male,0,0,35,Other,0
27,Private,271603,7th-8th,4,Never-married,Other-service,Not-in-family,White,Male,0,0,24,Other,0
28,State-gov,277635,Some-college,10,Never-married,Adm-clerical,Not-in-family,White,Female,0,0,50,United-States,0
56,Private,170324,Primary,3,Married-civ-spouse,Craft-repair,Husband,Black,Male,0,0,40,Other,0
60,State-gov,114060,Some-college,10,Married-civ-spouse,Protective-serv,Husband,White,Male,0,0,40,United-States,0
17,Private,198606,11th,7,Never-married,Handlers-cleaners,Own-child,White,Female,0,0,16,United-States,0
28,Private,77009,7th-8th,4,Divorced,Other-service,Unmarried,White,Female,0,0,50,United-States,0
31,Private,1033222,Bachelors,13,Never-married,Adm-clerical,Not-in-family,White,Male,8614,0,40,United-States,1
41,Private,215479,Some-college,10,Never-married,Transport-moving,Not-in-family,Black,Male,0,0,43,United-States,0
25,Private,248851,Bachelors,13,Never-married,Other-service,Own-child,White,Male,0,0,40,United-States,0
45,Self-emp-not-inc,58683,Some-college,10,Married-civ-spouse,Transport-moving,Husband,White,Male,0,0,40,United-States,0
55,Private,32365,Bachelors,13,Married-civ-spouse,Exec-managerial,Husband,White,Male,0,0,45,United-States,1
29,Private,176723,Some-college,10,Never-married,Sales,Unmarried,White,Female,0,0,25,United-States,0
37,Federal-gov,143547,Bachelors,13,Never-married,Prof-specialty,Not-in-family,White,Female,0,0,40,United-States,0
20,Private,127185,Some-college,10,Never-married,Prof-specialty,Own-child,White,Female,0,0,15,United-States,0
23,Private,294701,HS-grad,9,Never-married,Adm-clerical,Unmarried,White,Female,0,0,40,United-States,0
43,Local-gov,301638,12th,8,Married-civ-spouse,Transport-moving,Husband,White,Male,0,1579,40,United-States,0
32,Private,110279,Assoc-acdm,12,Divorced,Prof-specialty,Unmarried,Black,Female,0,0,35,United-States,0
18,Private,132986,12th,8,Never-married,Other-service,Own-child,White,Male,0,0,10,United-States,0
25,Private,109532,12th,8,Never-married,Craft-repair,Own-child,White,Male,0,0,40,United-States,0
43,Private,142682,HS-grad,9,Married-civ-spouse,Transport-moving,Husband,White,Male,0,0,30,Other,0
37,Private,234807,HS-grad,9,Divorced,Adm-clerical,Unmarried,White,Female,0,0,37,United-States,0
41,Private,214242,Bachelors,13,Married-civ-spouse,Prof-specialty,Husband,White,Male,0,1887,40,United-States,1
21,Private,118693,Some-college,10,Never-married,Handlers-cleaners,Own-child,White,Male,0,0,40,United-States,0
29,Private,253593,HS-grad,9,Never-married,Craft-repair,Own-child,Black,Male,0,0,40,United-States,0
42,Private,331651,Masters,14,Never-married,Prof-specialty,Not-in-family,White,Female,8614,0,50,United-States,1
22,Private,204226,HS-grad,9,Never-married,Exec-managerial,Own-child,White,Female,0,0,40,United-States,0
42,Private,29702,10th,6,Married-civ-spouse,Machine-op-inspct,Husband,White,Male,0,0,40,United-States,0
56,Private,65325,Bachelors,13,Married-civ-spouse,Adm-clerical,Husband,White,Male,0,0,50,United-States,0
48,Private,195491,HS-grad,9,Divorced,Sales,Not-in-family,White,Female,0,0,30,United-States,0
18,Private,126125,HS-grad,9,Never-married,Other-service,Own-child,White,Male,0,0,20,United-States,0
59,Private,98361,11th,7,Married-civ-spouse,Machine-op-inspct,Husband,White,Male,0,0,40,United-States,0
30,Private,361742,Some-college,10,Married-civ-spouse,Exec-managerial,Husband,White,Male,0,0,50,United-States,0
40,Local-gov,157240,Bachelors,13,Divorced,Prof-specialty,Unmarried,White,Female,0,0,70,United-States,0
27,Private,381789,12th,8,Married-civ-spouse,Farming-fishing,Own-child,White,Male,0,0,55,United-States,0
49,Private,236913,HS-grad,9,Widowed,Other-service,Not-in-family,White,Female,0,0,45,United-States,0
43,Private,241928,HS-grad,9,Separated,Adm-clerical,Not-in-family,Black,Female,0,0,32,United-States,0
19,Private,316797,7th-8th,4,Married-civ-spouse,Handlers-cleaners,Own-child,White,Male,0,0,45,Mexico,0
58,Private,193568,11th,7,Widowed,Other-service,Not-in-family,White,Female,0,0,40,United-States,0
46,Private,228372,Bachelors,13,Divorced,Sales,Unmarried,White,Male,0,0,40,United-States,1
73,Private,220019,9th,5,Widowed,Other-service,Unmarried,White,Female,0,0,9,United-States,0
42,Private,157425,Bachelors,13,Divorced,Exec-managerial,Unmarried,White,Female,0,0,45,United-States,0
19,Private,235909,Some-college,10,Never-married,Adm-clerical,Own-child,White,Female,0,0,20,United-States,0
44,Private,193524,Some-college,10,Married-civ-spouse,Prof-specialty,Husband,White,Male,0,0,40,United-States,0
59,Private,200700,Bachelors,13,Married-civ-spouse,Craft-repair,Husband,Black,Male,0,0,48,United-States,1
33,Private,296538,HS-grad,9,Married-civ-spouse,Sales,Husband,White,Male,0,0,45,United-States,1
41,Private,152636,HS-grad,9,Divorced,Craft-repair,Unmarried,White,Female,0,0,50,United-States,0
51,Private,134808,HS-grad,9,Separated,Handlers-cleaners,Unmarried,White,Female,0,0,40,United-States,0
44,Self-emp-not-inc,282722,Prof-school,15,Married-civ-spouse,Prof-specialty,Husband,White,Male,99999,0,50,United-States,1
25,Local-gov,182380,HS-grad,9,Never-married,Craft-repair,Own-child,White,Male,0,0,40,United-States,0
36,Private,68273,Bachelors,13,Married-civ-spouse,Sales,Husband,White,Male,0,0,40,United-States,1
42,Private,106679,HS-grad,9,Married-civ-spouse,Craft-repair,Husband,White,Male,0,0,50,United-States,1
28,Private,76313,Some-college,10,Married-civ-spouse,Craft-repair,Husband,Amer-Indian-Eskimo,Male,0,0,60,United-States,0
34,Private,205733,HS-grad,9,Never-married,Adm-clerical,Not-in-family,White,Female,0,0,40,United-States,0
40,Private,341204,Some-college,10,Divorced,Exec-managerial,Unmarried,White,Female,1831,0,30,United-States,0
25,Private,167835,Bachelors,13,Never-married,Exec-managerial,Not-in-family,White,Female,3325,0,40,United-States,0
33,Self-emp-not-inc,127894,Prof-school,15,Married-civ-spouse,Prof-specialty,Husband,White,Male,0,0,60,United-States,1
39,Private,237943,Bachelors,13,Married-civ-spouse,Exec-managerial,Husband,White,Male,99999,0,70,United-States,1
49,Private,195727,Bachelors,13,Married-civ-spouse,Exec-managerial,Husband,White,Male,0,0,40,United-States,0
66,Private,174491,HS-grad,9,Married-civ-spouse,Handlers-cleaners,Husband,White,Male,0,0,40,United-States,0
47,Self-emp-not-inc,218676,Masters,14,Married-civ-spouse,Exec-managerial,Husband,White,Male,0,0,45,United-States,0
46,Private,185291,11th,7,Married-civ-spouse,Handlers-cleaners,Husband,White,Male,0,0,45,United-States,1
35,Self-emp-not-inc,114366,Bachelors,13,Married-civ-spouse,Prof-specialty,Husband,White,Male,0,0,40,United-States,0
58,Self-emp-not-inc,163047,Bachelors,13,Divorced,Prof-specialty,Not-in-family,White,Female,0,0,40,United-States,0
41,State-gov,47902,Bachelors,13,Married-civ-spouse,Adm-clerical,Husband,White,Male,0,0,50,United-States,1
77,Private,154205,HS-grad,9,Widowed,Adm-clerical,Not-in-family,White,Female,0,0,10,United-States,0
24,Local-gov,126613,Bachelors,13,Never-married,Prof-specialty,Own-child,White,Female,0,0,20,United-States,0
56,Self-emp-not-inc,403072,Some-college,10,Married-civ-spouse,Craft-repair,Husband,White,Male,0,0,50,United-States,1
26,Private,197967,HS-grad,9,Married-civ-spouse,Sales,Husband,White,Male,0,0,65,United-States,0
31,Private,202729,HS-grad,9,Married-civ-spouse,Machine-op-inspct,Husband,White,Male,0,0,40,United-States,1
36,Private,189670,HS-grad,9,Married-civ-spouse,Machine-op-inspct,Wife,White,Female,0,0,50,United-States,0
27,Private,56658,HS-grad,9,Married-civ-spouse,Handlers-cleaners,Husband,Amer-Indian-Eskimo,Male,0,0,8,United-States,0
67,Self-emp-not-inc,123393,HS-grad,9,Married-civ-spouse,Transport-moving,Husband,White,Male,6418,0,58,United-States,1
56,Private,105281,HS-grad,9,Widowed,Sales,Not-in-family,White,Female,0,1974,40,United-States,0
20,State-gov,147280,HS-grad,9,Never-married,Other-service,Other-relative,Other,Male,0,0,40,United-States,0
45,Self-emp-not-inc,160724,Bachelors,13,Married-civ-spouse,Exec-managerial,Husband,Asian-Pac-Islander,Male,0,0,45,Other,1
41,Private,207685,Some-college,10,Divorced,Other-service,Not-in-family,White,Male,0,0,21,United-States,0
37,Private,167613,HS-grad,9,Married-civ-spouse,Other-service,Husband,White,Male,0,0,40,United-States,0
49,Self-emp-not-inc,56841,Bachelors,13,Married-civ-spouse,Farming-fishing,Husband,White,Male,0,0,70,United-States,0
22,Private,233955,Bachelors,13,Never-married,Prof-specialty,Not-in-family,Amer-Indian-Eskimo,Female,14344,0,40,United-States,1
39,Private,99452,Bachelors,13,Married-civ-spouse,Prof-specialty,Husband,White,Male,0,0,50,United-States,1
49,State-gov,72619,Some-college,10,Divorced,Adm-clerical,Unmarried,White,Female,0,0,50,United-States,0
48,Private,193553,HS-grad,9,Divorced,Other-service,Not-in-family,Black,Female,0,0,20,United-States,0
63,Local-gov,150079,HS-grad,9,Married-civ-spouse,Adm-clerical,Wife,White,Female,0,0,35,United-States,1
38,Private,193372,Some-college,10,Never-married,Exec-managerial,Own-child,White,Female,0,0,40,United-States,0
40,Federal-gov,196456,Some-college,10,Never-married,Adm-clerical,Own-child,White,Female,0,0,40,United-States,0
27,Private,167501,Bachelors,13,Never-married,Exec-managerial,Own-child,White,Female,0,0,40,United-States,0
54,Self-emp-not-inc,200960,Bachelors,13,Married-civ-spouse,Sales,Husband,White,Male,0,0,50,United-States,1
60,Private,232337,7th-8th,4,Divorced,Machine-op-inspct,Not-in-family,White,Male,0,0,40,United-States,0
39,Private,175390,HS-grad,9,Never-married,Sales,Unmarried,Black,Female,0,0,40,United-States,0
51,Federal-gov,174102,HS-grad,9,Married-civ-spouse,Adm-clerical,Husband,White,Male,0,0,40,United-States,1
42,Self-emp-not-inc,185129,Prof-school,15,Married-civ-spouse,Prof-specialty,Husband,White,Male,0,1887,40,United-States,1
69,Self-emp-not-inc,76968,9th,5,Married-civ-spouse,Farming-fishing,Husband,White,Male,0,0,25,United-States,0
42,Self-emp-not-inc,33795,HS-grad,9,Married-civ-spouse,Craft-repair,Husband,White,Male,0,0,45,United-States,0
56,Private,199713,9th,5,Married-civ-spouse,Craft-repair,Husband,White,Male,0,0,40,United-States,0
60,State-gov,352156,Prof-school,15,Married-civ-spouse,Prof-specialty,Husband,White,Male,0,0,40,United-States,1
21,Private,113106,Some-college,10,Never-married,Other-service,Own-child,White,Female,0,0,30,United-States,0
18,Private,168740,11th,7,Never-married,Handlers-cleaners,Own-child,White,Male,0,0,30,United-States,0
55,Local-gov,253062,Some-college,10,Married-civ-spouse,Prof-specialty,Husband,White,Male,0,0,40,United-States,1
81,Private,98116,Bachelors,13,Widowed,Sales,Not-in-family,White,Male,0,0,50,United-States,1
26,Private,134888,Bachelors,13,Never-married,Tech-support,Own-child,White,Female,0,0,35,United-States,0
29,Local-gov,177398,Masters,14,Married-civ-spouse,Prof-specialty,Wife,White,Female,0,0,40,United-States,1
21,Private,178255,Some-college,10,Never-married,Adm-clerical,Not-in-family,White,Female,0,0,30,Other,0
52,Self-emp-not-inc,129311,Some-college,10,Married-civ-spouse,Exec-managerial,Husband,White,Male,0,0,95,United-States,1
24,Private,127647,Some-college,10,Separated,Adm-clerical,Unmarried,White,Female,0,0,35,United-States,0
33,Private,284531,Bachelors,13,Never-married,Sales,Not-in-family,White,Female,0,0,40,United-States,0
30,Private,251120,7th-8th,4,Never-married,Craft-repair,Not-in-family,White,Male,0,0,38,United-States,0
28,Private,113870,HS-grad,9,Never-married,Adm-clerical,Not-in-family,White,Male,0,0,40,United-States,0
46,Local-gov,121124,Bachelors,13,Married-civ-spouse,Protective-serv,Husband,White,Male,15024,0,40,United-States,1
38,Private,205359,11th,7,Married-civ-spouse,Adm-clerical,Wife,White,Female,0,0,32,United-States,0
37,Private,222450,11th,7,Married-spouse-absent,Other-service,Other-relative,White,Male,0,0,40,Other,0
42,State-gov,190044,Bachelors,13,Married-civ-spouse,Exec-managerial,Husband,White,Male,15024,0,50,United-States,1
23,Private,156513,HS-grad,9,Never-married,Handlers-cleaners,Own-child,Black,Male,0,0,40,United-States,0
47,Private,120781,Masters,14,Married-civ-spouse,Exec-managerial,Husband,Asian-Pac-Islander,Male,15024,0,40,Other,1
19,Private,351802,HS-grad,9,Never-married,Machine-op-inspct,Own-child,White,Male,0,0,35,United-States,0
19,Private,196857,Some-college,10,Never-married,Sales,Own-child,White,Female,0,0,20,United-States,0
22,Private,117363,Some-college,10,Never-married,Adm-clerical,Not-in-family,White,Female,0,0,35,United-States,0
32,Private,171637,Some-college,10,Never-married,Adm-clerical,Own-child,White,Female,0,0,40,United-States,0
34,Private,179877,Some-college,10,Married-civ-spouse,Machine-op-inspct,Husband,White,Male,0,0,40,United-States,1
21,Private,197050,Some-college,10,Never-married,Other-service,Own-child,White,Female,0,0,35,United-States,0
33,Private,55291,Masters,14,Married-civ-spouse,Exec-managerial,Husband,White,Male,0,0,40,United-States,1
39,Private,172538,HS-grad,9,Never-married,Machine-op-inspct,Unmarried,White,Male,0,0,40,United-States,0
34,Private,203463,Some-college,10,Divorced,Sales,Not-in-family,White,Female,0,0,40,United-States,0
29,Local-gov,188909,Bachelors,13,Never-married,Prof-specialty,Own-child,Black,Female,0,0,42,United-States,0
18,Private,111256,HS-grad,9,Never-married,Adm-clerical,Own-child,White,Female,0,0,20,United-States,0
30,Private,175931,HS-grad,9,Married-civ-spouse,Craft-repair,Husband,White,Male,0,0,40,United-States,0
58,Private,322013,HS-grad,9,Married-civ-spouse,Craft-repair,Husband,White,Male,0,0,40,United-States,0
18,Private,173585,11th,7,Never-married,Other-service,Own-child,White,Male,0,0,15,Other,0
27,Private,172009,Bachelors,13,Never-married,Exec-managerial,Not-in-family,White,Female,0,0,40,United-States,0
54,Private,143822,Some-college,10,Married-civ-spouse,Craft-repair,Husband,White,Male,0,0,45,United-States,1
17,Private,239346,10th,6,Never-married,Other-service,Own-child,White,Male,0,0,18,United-States,0
63,Self-emp-not-inc,344128,Bachelors,13,Married-civ-spouse,Sales,Husband,White,Male,0,0,50,United-States,1
28,State-gov,89564,Bachelors,13,Married-civ-spouse,Protective-serv,Husband,White,Male,0,0,50,United-States,0
32,Private,39223,10th,6,Separated,Craft-repair,Unmarried,Black,Female,0,0,40,Other,0
63,Private,207385,Some-college,10,Married-civ-spouse,Sales,Husband,White,Male,0,0,30,United-States,0
46,Local-gov,207677,Bachelors,13,Married-civ-spouse,Protective-serv,Husband,White,Male,0,0,40,United-States,1
51,Private,355551,HS-grad,9,Never-married,Craft-repair,Unmarried,White,Female,0,0,45,Mexico,0
28,Private,130067,Bachelors,13,Married-civ-spouse,Prof-specialty,Wife,White,Female,0,0,40,United-States,1
58,Private,209438,Some-college,10,Divorced,Other-service,Unmarried,Black,Female,0,0,40,United-States,0
56,Private,76142,HS-grad,9,Divorced,Other-service,Unmarried,White,Female,0,0,40,United-States,0
37,Private,103323,HS-grad,9,Never-married,Craft-repair,Not-in-family,White,Male,0,0,40,United-States,0
19,Private,277695,9th,5,Never-married,Farming-fishing,Other-relative,White,Male,0,0,16,Mexico,0
30,Self-emp-not-inc,196342,Some-college,10,Never-married,Sales,Own-child,White,Male,0,0,25,United-States,0
17,Private,160968,11th,7,Never-married,Adm-clerical,Own-child,White,Male,0,0,16,United-States,0
20,Private,197997,Some-college,10,Never-married,Prof-specialty,Own-child,White,Male,0,0,40,United-States,0
34,Private,178615,HS-grad,9,Never-married,Handlers-cleaners,Not-in-family,White,Male,0,0,40,United-States,0
19,Private,228939,HS-grad,9,Never-married,Handlers-cleaners,Own-child,White,Male,0,0,35,United-States,0
27,Private,210498,HS-grad,9,Married-civ-spouse,Craft-repair,Husband,White,Male,5178,0,40,United-States,1
53,Private,123011,Masters,14,Married-civ-spouse,Exec-managerial,Husband,White,Male,0,0,45,United-States,1
66,Private,174788,Some-college,10,Divorced,Adm-clerical,Not-in-family,White,Female,0,0,20,United-States,0
17,Private,122041,11th,7,Never-married,Craft-repair,Own-child,White,Male,0,0,20,United-States,0
30,Private,348618,9th,5,Married-civ-spouse,Craft-repair,Husband,Other,Male,0,0,40,Mexico,0
33,Private,275632,HS-grad,9,Married-civ-spouse,Transport-moving,Husband,White,Male,0,0,40,United-States,0
37,Private,122493,HS-grad,9,Married-civ-spouse,Transport-moving,Husband,White,Male,0,0,45,United-States,0
38,Private,188888,Bachelors,13,Never-married,Exec-managerial,Not-in-family,White,Male,0,1340,40,United-States,0
47,Private,104068,HS-grad,9,Divorced,Prof-specialty,Unmarried,Amer-Indian-Eskimo,Female,0,0,40,United-States,0
45,Private,194698,Some-college,10,Married-civ-spouse,Craft-repair,Husband,White,Male,0,0,40,United-States,1
59,Private,205949,HS-grad,9,Separated,Craft-repair,Unmarried,Amer-Indian-Eskimo,Female,0,0,40,United-States,0
28,Private,221452,HS-grad,9,Never-married,Adm-clerical,Not-in-family,White,Male,0,0,40,United-States,0
35,Private,80479,Assoc-voc,11,Divorced,Sales,Not-in-family,White,Male,0,0,40,United-States,0
29,Self-emp-not-inc,160786,10th,6,Married-civ-spouse,Craft-repair,Husband,White,Male,0,0,35,United-States,1
21,Private,221157,HS-grad,9,Never-married,Other-service,Own-child,Black,Female,0,0,30,United-States,0
44,Private,54310,Masters,14,Married-civ-spouse,Prof-specialty,Husband,White,Male,7298,0,40,United-States,1
57,State-gov,399246,Bachelors,13,Married-civ-spouse,Adm-clerical,Husband,Asian-Pac-Islander,Male,0,1485,40,Other,0
25,State-gov,180884,Some-college,10,Married-civ-spouse,Adm-clerical,Wife,Black,Female,0,0,40,United-States,0
32,Private,388672,Some-college,10,Divorced,Handlers-cleaners,Not-in-family,White,Male,0,0,16,United-States,0
50,Private,185407,Assoc-voc,11,Married-civ-spouse,Tech-support,Husband,White,Male,0,0,38,United-States,1
27,Private,303954,Bachelors,13,Married-civ-spouse,Sales,Husband,White,Male,0,0,45,United-States,0
17,Private,167658,12th,8,Never-married,Sales,Own-child,White,Female,0,0,6,United-States,0
37,Private,206699,HS-grad,9,Divorced,Tech-support,Own-child,White,Male,0,0,45,United-States,0
45,Private,168598,12th,8,Married-civ-spouse,Adm-clerical,Wife,Black,Female,3103,0,40,United-States,1
32,Private,97306,Bachelors,13,Never-married,Adm-clerical,Not-in-family,White,Female,0,0,48,United-States,0
23,Private,33423,Some-college,10,Never-married,Sales,Not-in-family,White,Female,0,0,30,United-States,0
45,Private,75673,Assoc-voc,11,Widowed,Adm-clerical,Not-in-family,Asian-Pac-Islander,Female,0,0,40,United-States,0
36,Private,185744,Some-college,10,Married-civ-spouse,Exec-managerial,Wife,White,Female,0,0,35,United-States,1
24,Private,111450,HS-grad,9,Never-married,Transport-moving,Unmarried,Black,Male,0,0,40,United-States,0
44,Self-emp-inc,220230,HS-grad,9,Married-civ-spouse,Other-service,Husband,Black,Male,0,0,48,United-States,0
52,Self-emp-inc,234286,HS-grad,9,Married-civ-spouse,Exec-managerial,Husband,White,Male,15024,0,40,United-States,1
50,Self-emp-inc,283676,Doctorate,16,Married-civ-spouse,Prof-specialty,Husband,White,Male,15024,0,60,United-States,1
43,Local-gov,94937,Bachelors,13,Married-civ-spouse,Prof-specialty,Wife,White,Female,0,0,28,United-States,0
46,Private,130779,Some-college,10,Married-civ-spouse,Adm-clerical,Husband,White,Male,0,0,40,United-States,0
61,Private,180382,Primary,3,Married-civ-spouse,Handlers-cleaners,Husband,White,Male,3411,0,45,United-States,0
29,Private,126208,HS-grad,9,Married-civ-spouse,Machine-op-inspct,Husband,Black,Male,0,0,40,United-States,0
51,Self-emp-not-inc,124963,Prof-school,15,Divorced,Prof-specialty,Not-in-family,White,Male,0,0,80,United-States,1
37,Self-emp-not-inc,149230,Assoc-voc,11,Never-married,Other-service,Own-child,White,Female,0,0,40,United-States,0
40,Private,388725,Some-college,10,Divorced,Exec-managerial,Not-in-family,White,Male,0,0,40,United-States,0
51,Federal-gov,124076,Bachelors,13,Widowed,Adm-clerical,Not-in-family,White,Female,0,0,40,United-States,0
27,Private,195562,HS-grad,9,Never-married,Craft-repair,Own-child,Black,Male,0,0,20,United-States,0
43,Private,200734,HS-grad,9,Separated,Other-service,Not-in-family,Black,Female,0,0,40,United-States,0
37,Private,175720,10th,6,Never-married,Handlers-cleaners,Not-in-family,White,Male,0,0,40,United-States,0
55,Private,189528,Primary,3,Married-civ-spouse,Craft-repair,Husband,White,Male,0,0,50,United-States,0
35,Private,180686,HS-grad,9,Married-civ-spouse,Craft-repair,Husband,White,Male,3137,0,40,United-States,0
40,Local-gov,153489,HS-grad,9,Married-civ-spouse,Other-service,Other-relative,White,Male,3137,0,40,United-States,0
47,Private,298037,Assoc-voc,11,Divorced,Prof-specialty,Unmarried,White,Female,0,0,44,United-States,0
27,Private,78529,HS-grad,9,Never-married,Transport-moving,Own-child,White,Female,0,0,15,United-States,0
47,Private,316101,HS-grad,9,Divorced,Adm-clerical,Not-in-family,White,Female,0,0,40,United-States,0
49,Self-emp-not-inc,219718,Bachelors,13,Married-civ-spouse,Sales,Husband,White,Male,15024,0,40,United-States,1
59,Private,77884,Assoc-voc,11,Never-married,Craft-repair,Not-in-family,Asian-Pac-Islander,Male,0,0,40,United-States,0
51,Self-emp-inc,100029,Doctorate,16,Married-civ-spouse,Prof-specialty,Husband,White,Male,15024,0,40,United-States,1
52,Local-gov,378045,HS-grad,9,Divorced,Adm-clerical,Not-in-family,White,Female,0,0,45,United-States,0
41,Private,204415,Bachelors,13,Married-civ-spouse,Sales,Husband,White,Male,0,0,48,United-States,1
45,Self-emp-not-inc,118081,Some-college,10,Married-civ-spouse,Other-service,Husband,White,Male,3103,0,42,United-States,0
51,Private,289572,Bachelors,13,Married-civ-spouse,Sales,Husband,White,Male,7688,0,50,United-States,1
25,State-gov,99076,Bachelors,13,Never-married,Other-service,Not-in-family,White,Female,2597,0,50,United-States,0
60,Local-gov,202473,Assoc-voc,11,Married-civ-spouse,Other-service,Husband,White,Male,0,0,40,United-States,0
24,Private,162312,HS-grad,9,Never-married,Sales,Own-child,Asian-Pac-Islander,Male,0,0,40,Other,0
45,Private,72844,HS-grad,9,Divorced,Exec-managerial,Not-in-family,White,Female,0,0,46,United-States,0
59,Self-emp-not-inc,144071,Primary,3,Married-civ-spouse,Other-service,Husband,White,Male,2580,0,15,Other,0
43,Private,334991,Some-college,10,Separated,Transport-moving,Unmarried,White,Male,4934,0,51,United-States,1
44,Private,174283,Bachelors,13,Married-civ-spouse,Sales,Husband,White,Male,0,0,50,United-States,1
34,Private,123270,HS-grad,9,Married-civ-spouse,Craft-repair,Husband,White,Male,0,0,40,United-States,1
22,Private,119592,Assoc-acdm,12,Never-married,Handlers-cleaners,Not-in-family,Black,Male,0,2824,40,Other,1
50,Private,36480,HS-grad,9,Married-civ-spouse,Exec-managerial,Husband,White,Male,0,0,40,United-States,0
59,Private,214865,HS-grad,9,Widowed,Exec-managerial,Unmarried,White,Female,0,0,50,United-States,0
32,Private,183304,Assoc-voc,11,Married-civ-spouse,Transport-moving,Husband,White,Male,0,0,99,United-States,1
64,Private,98586,Doctorate,16,Married-civ-spouse,Prof-specialty,Husband,White,Male,0,0,60,United-States,1
39,Private,209867,Some-college,10,Never-married,Adm-clerical,Not-in-family,White,Female,13550,0,45,United-States,1
32,Private,258406,Some-college,10,Never-married,Craft-repair,Unmarried,White,Male,0,0,72,Mexico,0
20,Private,107746,11th,7,Never-married,Transport-moving,Other-relative,White,Male,0,0,40,Other,0
58,Private,225394,HS-grad,9,Married-civ-spouse,Craft-repair,Husband,White,Male,0,1902,40,United-States,0
20,Private,138352,HS-grad,9,Never-married,Other-service,Other-relative,White,Male,0,0,30,United-States,0
22,Private,305781,HS-grad,9,Never-married,Sales,Not-in-family,White,Male,0,0,45,Other,0
43,Private,212894,Bachelors,13,Married-civ-spouse,Exec-managerial,Husband,White,Male,15024,0,50,United-States,1
28,Private,251905,Prof-school,15,Never-married,Prof-specialty,Not-in-family,White,Male,0,2339,40,Other,0
40,Local-gov,105862,Bachelors,13,Divorced,Prof-specialty,Unmarried,White,Female,5455,0,40,United-States,0
52,Federal-gov,192065,Some-college,10,Separated,Exec-managerial,Not-in-family,White,Female,0,0,40,United-States,0
21,Private,212114,Some-college,10,Never-married,Prof-specialty,Own-child,White,Female,0,0,8,United-States,0
54,Private,146310,HS-grad,9,Married-civ-spouse,Transport-moving,Husband,White,Male,0,0,50,United-States,0
42,Private,93770,HS-grad,9,Married-civ-spouse,Machine-op-inspct,Wife,White,Female,0,0,40,United-States,1
46,Private,117313,9th,5,Separated,Machine-op-inspct,Not-in-family,White,Female,0,0,40,Other,0
30,Private,112383,HS-grad,9,Married-civ-spouse,Transport-moving,Husband,White,Male,0,0,45,United-States,0
55,Private,256953,HS-grad,9,Widowed,Machine-op-inspct,Unmarried,Black,Female,0,0,44,United-States,0
26,Private,100147,Bachelors,13,Married-civ-spouse,Exec-managerial,Wife,White,Female,0,0,45,United-States,1
41,Local-gov,201435,HS-grad,9,Married-civ-spouse,Transport-moving,Husband,Black,Male,0,0,40,United-States,0
31,Private,163003,Assoc-acdm,12,Never-married,Prof-specialty,Other-relative,Asian-Pac-Islander,Female,0,0,40,Philippines,0
66,Private,302072,Assoc-acdm,12,Divorced,Adm-clerical,Unmarried,White,Female,0,0,40,United-States,0
43,Local-gov,413760,Some-college,10,Separated,Craft-repair,Not-in-family,Black,Male,0,0,40,United-States,0
59,Self-emp-not-inc,247552,HS-grad,9,Married-civ-spouse,Exec-managerial,Husband,White,Male,0,0,40,United-States,0
56,Private,220187,Some-college,10,Married-civ-spouse,Tech-support,Husband,White,Male,0,0,45,United-States,1
28,Private,198258,Assoc-voc,11,Married-civ-spouse,Sales,Husband,White,Male,0,0,40,United-States,0
22,Self-emp-not-inc,197387,HS-grad,9,Never-married,Farming-fishing,Own-child,White,Male,0,0,40,United-States,0
18,Private,280603,11th,7,Never-married,Sales,Own-child,White,Female,0,0,30,United-States,0
39,Private,129573,Bachelors,13,Never-married,Exec-managerial,Not-in-family,White,Male,0,0,50,United-States,1
40,Private,83953,Some-college,10,Married-civ-spouse,Transport-moving,Husband,White,Male,0,0,50,United-States,1
49,State-gov,324791,Bachelors,13,Married-civ-spouse,Prof-specialty,Husband,White,Male,0,0,50,United-States,1
25,State-gov,295912,Some-college,10,Never-married,Craft-repair,Not-in-family,White,Male,0,0,20,United-States,0
46,Private,251474,Bachelors,13,Married-civ-spouse,Exec-managerial,Husband,White,Male,0,0,60,United-States,1
53,Private,151411,Bachelors,13,Married-civ-spouse,Prof-specialty,Husband,White,Male,0,0,45,United-States,1
25,Local-gov,276249,Masters,14,Never-married,Prof-specialty,Own-child,White,Female,0,0,40,United-States,0
21,Private,118401,Some-college,10,Never-married,Other-service,Not-in-family,White,Female,0,0,30,United-States,0
66,Private,186324,Bachelors,13,Married-civ-spouse,Sales,Husband,White,Male,0,0,5,United-States,1
39,Self-emp-not-inc,195253,Prof-school,15,Married-civ-spouse,Prof-specialty,Husband,White,Male,0,0,45,United-States,1
49,Private,379779,Bachelors,13,Divorced,Exec-managerial,Not-in-family,White,Female,0,0,40,United-States,0
37,Private,220644,HS-grad,9,Divorced,Other-service,Unmarried,Black,Female,0,0,40,Other,0
24,Private,21154,Some-college,10,Never-married,Adm-clerical,Own-child,White,Female,0,0,30,United-States,0
19,Private,389143,Some-college,10,Never-married,Sales,Own-child,White,Male,0,0,40,United-States,0
30,Private,45781,HS-grad,9,Never-married,Adm-clerical,Unmarried,White,Female,0,0,40,United-States,0
50,Self-emp-not-inc,167728,Doctorate,16,Married-civ-spouse,Prof-specialty,Husband,White,Male,0,0,60,United-States,1
45,Private,206459,Some-college,10,Married-civ-spouse,Adm-clerical,Husband,White,Male,0,0,40,United-States,0
60,Self-emp-not-inc,106118,HS-grad,9,Married-civ-spouse,Sales,Husband,White,Male,0,0,70,United-States,1
26,Private,173593,Masters,14,Married-civ-spouse,Machine-op-inspct,Husband,White,Male,0,0,20,Other,0
35,Private,174503,HS-grad,9,Divorced,Craft-repair,Not-in-family,White,Female,0,0,40,United-States,0
34,Private,381153,HS-grad,9,Married-civ-spouse,Exec-managerial,Husband,White,Male,0,0,40,United-States,1
24,Local-gov,212210,Assoc-acdm,12,Never-married,Adm-clerical,Own-child,White,Female,0,0,20,Other,0
43,Self-emp-not-inc,350387,HS-grad,9,Married-civ-spouse,Craft-repair,Husband,White,Male,0,0,60,United-States,0
36,Private,145576,Masters,14,Married-civ-spouse,Adm-clerical,Husband,White,Male,0,1977,40,Other,1
32,Private,227931,Bachelors,13,Never-married,Exec-managerial,Not-in-family,White,Female,0,0,40,United-States,0
23,Private,69847,Bachelors,13,Never-married,Prof-specialty,Own-child,Asian-Pac-Islander,Female,0,0,20,United-States,0
54,Private,145098,Some-college,10,Married-civ-spouse,Sales,Husband,White,Male,0,0,40,United-States,1
22,Private,306779,Some-college,10,Never-married,Handlers-cleaners,Own-child,White,Male,0,0,50,United-States,0
35,Private,112077,HS-grad,9,Married-civ-spouse,Handlers-cleaners,Husband,White,Male,5013,0,40,United-States,0
23,Private,149704,HS-grad,9,Never-married,Adm-clerical,Own-child,White,Female,0,0,40,United-States,0
24,Private,279041,HS-grad,9,Never-married,Handlers-cleaners,Own-child,Black,Male,0,0,40,United-States,0
42,Private,182302,HS-grad,9,Married-civ-spouse,Exec-managerial,Husband,White,Male,0,0,40,United-States,0
43,Private,240504,HS-grad,9,Married-civ-spouse,Handlers-cleaners,Husband,White,Male,0,0,40,United-States,0
21,Private,154835,Some-college,10,Never-married,Adm-clerical,Own-child,Asian-Pac-Islander,Female,0,0,40,Other,0
21,Private,169699,HS-grad,9,Never-married,Adm-clerical,Not-in-family,White,Female,0,0,40,United-States,0
40,Private,155972,HS-grad,9,Married-civ-spouse,Transport-moving,Husband,White,Male,0,0,60,United-States,1
25,Private,234665,Assoc-voc,11,Married-civ-spouse,Craft-repair,Husband,White,Male,0,0,45,United-States,0
53,Federal-gov,290290,Some-college,10,Divorced,Adm-clerical,Not-in-family,White,Male,0,0,45,United-States,0
21,Private,252024,HS-grad,9,Never-married,Handlers-cleaners,Other-relative,White,Male,0,0,20,Mexico,0
48,Private,249935,HS-grad,9,Married-civ-spouse,Transport-moving,Husband,White,Male,0,0,44,United-States,0
51,Private,206775,Some-college,10,Married-civ-spouse,Handlers-cleaners,Husband,White,Male,0,0,50,United-States,0
35,Self-emp-not-inc,468713,HS-grad,9,Married-civ-spouse,Exec-managerial,Husband,White,Male,0,0,40,United-States,0
29,Private,84560,HS-grad,9,Never-married,Handlers-cleaners,Own-child,White,Male,0,0,40,United-States,0
28,Private,211184,Some-college,10,Never-married,Sales,Not-in-family,White,Female,0,0,50,United-States,0
59,Self-emp-not-inc,148626,10th,6,Married-civ-spouse,Farming-fishing,Husband,White,Male,0,0,40,United-States,0
31,Private,279680,Some-college,10,Married-civ-spouse,Handlers-cleaners,Husband,White,Male,0,0,45,United-States,0
22,Private,385540,10th,6,Never-married,Other-service,Not-in-family,White,Male,0,0,40,Mexico,0
43,Self-emp-not-inc,147099,Some-college,10,Divorced,Adm-clerical,Unmarried,White,Female,0,0,36,United-States,0
49,Local-gov,275074,Bachelors,13,Married-civ-spouse,Prof-specialty,Husband,White,Male,0,0,60,United-States,0
37,Private,209214,Primary,3,Never-married,Machine-op-inspct,Unmarried,White,Female,0,0,40,Mexico,0
42,Private,210525,Masters,14,Never-married,Exec-managerial,Not-in-family,White,Male,0,0,40,United-States,0
23,Private,184400,10th,6,Never-married,Transport-moving,Own-child,Asian-Pac-Islander,Male,0,0,30,Other,0
22,Private,206974,Bachelors,13,Never-married,Sales,Not-in-family,White,Female,0,0,40,United-States,0
24,Private,653574,HS-grad,9,Never-married,Craft-repair,Own-child,White,Male,0,0,40,Other,0
42,Self-emp-inc,78765,Some-college,10,Divorced,Exec-managerial,Unmarried,White,Male,0,0,90,United-States,1
33,Federal-gov,188246,HS-grad,9,Married-civ-spouse,Craft-repair,Husband,White,Male,0,0,40,United-States,0
17,Private,101626,9th,5,Never-married,Machine-op-inspct,Own-child,White,Male,0,0,20,United-States,0
35,Private,117567,HS-grad,9,Divorced,Craft-repair,Not-in-family,White,Male,0,0,40,United-States,0
36,Self-emp-not-inc,90159,Some-college,10,Married-civ-spouse,Other-service,Wife,White,Female,0,0,40,United-States,0
34,Private,226443,HS-grad,9,Divorced,Adm-clerical,Own-child,White,Male,0,0,40,United-States,0
27,Private,36851,Bachelors,13,Never-married,Machine-op-inspct,Not-in-family,White,Male,0,0,41,United-States,0
23,Private,353010,11th,7,Never-married,Craft-repair,Unmarried,White,Male,0,0,35,United-States,0
17,Private,238628,11th,7,Never-married,Other-service,Own-child,White,Female,0,0,5,United-States,0
36,Self-emp-inc,242080,Prof-school,15,Married-civ-spouse,Prof-specialty,Husband,White,Male,0,0,80,United-States,1
38,Self-emp-inc,312232,Some-college,10,Married-civ-spouse,Sales,Husband,White,Male,0,0,50,United-States,1
54,Private,103345,Assoc-voc,11,Married-civ-spouse,Exec-managerial,Husband,White,Male,0,0,40,United-States,1
25,Private,213383,Some-college,10,Never-married,Tech-support,Own-child,White,Male,0,0,40,United-States,0
29,Federal-gov,360527,Masters,14,Married-civ-spouse,Prof-specialty,Husband,White,Male,0,0,40,United-States,1
40,Private,266803,Assoc-acdm,12,Divorced,Exec-managerial,Not-in-family,White,Female,0,0,40,United-States,1
26,Private,120268,HS-grad,9,Married-civ-spouse,Other-service,Husband,White,Male,0,0,50,United-States,0
34,Local-gov,90934,Assoc-voc,11,Divorced,Protective-serv,Own-child,Asian-Pac-Islander,Male,0,0,40,United-States,0
36,Self-emp-not-inc,138940,Bachelors,13,Married-civ-spouse,Exec-managerial,Husband,White,Male,4386,0,50,United-States,1
45,Private,102202,Assoc-voc,11,Divorced,Adm-clerical,Not-in-family,White,Female,0,0,40,United-States,0
40,State-gov,150874,Masters,14,Divorced,Exec-managerial,Unmarried,White,Female,1506,0,40,United-States,0
36,State-gov,196348,HS-grad,9,Married-civ-spouse,Exec-managerial,Husband,White,Male,0,0,60,United-States,1
43,Private,266439,Bachelors,13,Married-civ-spouse,Machine-op-inspct,Husband,White,Male,0,1887,40,United-States,1
60,Self-emp-not-inc,153356,HS-grad,9,Divorced,Sales,Not-in-family,Black,Male,2597,0,55,United-States,0
36,Private,297335,Bachelors,13,Never-married,Sales,Not-in-family,Asian-Pac-Islander,Female,0,0,50,Other,0
38,Self-emp-not-inc,41591,Bachelors,13,Never-married,Craft-repair,Not-in-family,Amer-Indian-Eskimo,Male,0,0,30,United-States,0
35,Federal-gov,182898,HS-grad,9,Married-civ-spouse,Adm-clerical,Husband,White,Male,0,0,40,United-States,0
60,Private,93997,Bachelors,13,Married-civ-spouse,Exec-managerial,Husband,White,Male,15024,0,45,United-States,1
22,Private,167615,HS-grad,9,Never-married,Sales,Unmarried,White,Female,0,0,40,United-States,0
55,Federal-gov,174533,Bachelors,13,Separated,Other-service,Unmarried,White,Female,0,0,72,Other,0
25,Private,108505,HS-grad,9,Never-married,Handlers-cleaners,Not-in-family,White,Male,0,0,45,United-States,0
33,Private,170148,HS-grad,9,Divorced,Adm-clerical,Unmarried,White,Female,0,0,45,United-States,0
50,Private,95435,7th-8th,4,Married-civ-spouse,Transport-moving,Husband,White,Male,0,1579,65,Other,0
32,Private,206541,11th,7,Divorced,Craft-repair,Own-child,White,Male,0,0,50,United-States,0
23,Private,203139,Some-college,10,Never-married,Other-service,Other-relative,White,Female,0,0,40,United-States,0
28,Self-emp-not-inc,294398,Some-college,10,Never-married,Machine-op-inspct,Not-in-family,Black,Male,0,0,40,United-States,0
26,Private,176008,HS-grad,9,Divorced,Adm-clerical,Own-child,White,Female,0,0,40,United-States,0
49,Private,83622,Assoc-acdm,12,Separated,Adm-clerical,Not-in-family,White,Female,2597,0,40,United-States,0
19,State-gov,149528,Some-college,10,Never-married,Farming-fishing,Own-child,White,Male,0,0,12,United-States,0
56,Federal-gov,156229,Bachelors,13,Married-civ-spouse,Exec-managerial,Husband,White,Male,7688,0,40,United-States,1
30,Private,154568,Bachelors,13,Married-civ-spouse,Craft-repair,Husband,Asian-Pac-Islander,Male,0,0,36,Other,1
53,Private,283743,HS-grad,9,Married-civ-spouse,Transport-moving,Husband,White,Male,0,2002,40,United-States,0
23,Private,615367,Bachelors,13,Never-married,Sales,Not-in-family,White,Female,0,0,40,United-States,0
28,Private,242482,HS-grad,9,Married-civ-spouse,Sales,Husband,White,Male,0,0,40,United-States,0
59,State-gov,139616,Masters,14,Married-civ-spouse,Exec-managerial,Husband,White,Male,0,0,50,United-States,1
41,Self-emp-not-inc,170214,HS-grad,9,Married-civ-spouse,Handlers-cleaners,Husband,White,Male,0,2179,40,United-States,0
66,Private,134130,Bachelors,13,Widowed,Other-service,Not-in-family,White,Male,0,0,12,United-States,0
46,Private,192835,Some-college,10,Married-civ-spouse,Transport-moving,Husband,White,Male,0,0,48,United-States,0
47,Private,170850,Bachelors,13,Married-civ-spouse,Tech-support,Husband,White,Male,0,0,48,United-States,0
26,Self-emp-not-inc,31143,HS-grad,9,Married-civ-spouse,Exec-managerial,Husband,White,Male,0,0,45,United-States,0
40,Private,215596,Bachelors,13,Married-spouse-absent,Other-service,Not-in-family,Other,Male,0,0,40,Mexico,0
40,Private,141583,10th,6,Never-married,Other-service,Unmarried,Black,Female,0,0,40,United-States,0
33,Private,169973,Assoc-voc,11,Separated,Protective-serv,Not-in-family,White,Female,0,0,40,United-States,0
21,Private,176486,HS-grad,9,Married-spouse-absent,Exec-managerial,Other-relative,White,Female,0,0,60,United-States,0
30,Private,295010,HS-grad,9,Never-married,Adm-clerical,Not-in-family,White,Female,0,0,40,United-States,0
37,Local-gov,247750,Assoc-voc,11,Married-civ-spouse,Protective-serv,Husband,Black,Male,0,0,40,United-States,0
70,Self-emp-inc,232871,Some-college,10,Married-civ-spouse,Exec-managerial,Husband,White,Male,0,0,30,United-States,0
64,Self-emp-not-inc,31826,HS-grad,9,Married-civ-spouse,Exec-managerial,Husband,White,Male,0,0,45,United-States,1
32,Self-emp-not-inc,261056,Bachelors,13,Never-married,Prof-specialty,Own-child,Black,Female,2174,0,60,Other,0
50,State-gov,97778,HS-grad,9,Married-civ-spouse,Protective-serv,Husband,White,Male,0,0,40,United-States,0
18,Private,170544,11th,7,Never-married,Handlers-cleaners,Own-child,White,Male,0,0,20,United-States,0
59,Private,24384,HS-grad,9,Widowed,Priv-house-serv,Not-in-family,White,Female,0,0,40,United-States,0
38,Private,38312,Bachelors,13,Married-civ-spouse,Exec-managerial,Husband,White,Male,15024,0,65,United-States,1
41,Local-gov,36924,Some-college,10,Married-civ-spouse,Adm-clerical,Husband,White,Male,0,0,40,United-States,1
32,Self-emp-not-inc,205072,HS-grad,9,Married-civ-spouse,Transport-moving,Husband,White,Male,0,0,48,United-States,0
45,Private,262802,Bachelors,13,Divorced,Exec-managerial,Unmarried,White,Female,0,0,40,United-States,0
26,Private,190762,Some-college,10,Married-civ-spouse,Sales,Husband,White,Male,0,0,18,United-States,0
50,Private,135339,12th,8,Married-civ-spouse,Sales,Husband,Asian-Pac-Islander,Male,0,0,40,Other,1
22,Private,308334,HS-grad,9,Never-married,Other-service,Own-child,White,Female,0,0,19,United-States,0
54,Private,291755,Bachelors,13,Married-civ-spouse,Exec-managerial,Husband,White,Male,0,0,45,United-States,1
19,Private,243941,Some-college,10,Never-married,Sales,Own-child,Amer-Indian-Eskimo,Female,0,1721,25,United-States,0
22,Private,187052,11th,7,Never-married,Sales,Unmarried,White,Female,0,0,30,United-States,0
17,Private,277583,11th,7,Never-married,Handlers-cleaners,Own-child,White,Male,0,0,15,United-States,0
51,Local-gov,96190,Some-college,10,Married-civ-spouse,Adm-clerical,Wife,White,Female,0,0,40,United-States,0
34,Self-emp-not-inc,177639,Assoc-acdm,12,Never-married,Craft-repair,Not-in-family,White,Male,0,0,40,United-States,0
26,Private,222248,HS-grad,9,Never-married,Craft-repair,Not-in-family,White,Male,0,0,70,United-States,0
47,Private,110669,Bachelors,13,Separated,Prof-specialty,Unmarried,White,Female,0,0,50,United-States,0
34,Private,161018,Some-college,10,Married-civ-spouse,Sales,Husband,White,Male,0,0,55,United-States,1
67,Private,150516,7th-8th,4,Married-civ-spouse,Craft-repair,Husband,White,Male,0,0,24,United-States,0
51,Private,157043,11th,7,Widowed,Handlers-cleaners,Unmarried,Black,Female,0,0,40,United-States,0
55,Self-emp-not-inc,26683,HS-grad,9,Married-civ-spouse,Farming-fishing,Husband,White,Male,0,0,60,United-States,0
24,Private,186314,Some-college,10,Separated,Prof-specialty,Own-child,White,Male,0,0,54,United-States,0
39,Self-emp-not-inc,50096,Some-college,10,Married-civ-spouse,Farming-fishing,Husband,White,Male,0,0,80,United-States,0
55,Private,256526,HS-grad,9,Separated,Machine-op-inspct,Not-in-family,White,Male,4865,0,45,United-States,0
49,Private,304416,11th,7,Married-civ-spouse,Sales,Wife,White,Female,0,0,40,United-States,0
39,Private,115289,Assoc-acdm,12,Married-civ-spouse,Tech-support,Husband,White,Male,0,0,40,Other,1
44,Private,96249,Some-college,10,Married-civ-spouse,Sales,Husband,White,Male,0,0,60,United-States,1
30,Private,195576,Some-college,10,Never-married,Prof-specialty,Own-child,White,Male,3325,0,50,United-States,0
34,Private,203357,Some-college,10,Never-married,Adm-clerical,Other-relative,White,Female,0,0,40,United-States,0
24,Private,202959,Assoc-voc,11,Never-married,Adm-clerical,Not-in-family,White,Female,0,0,40,United-States,0
18,Private,138917,11th,7,Never-married,Sales,Own-child,Black,Female,0,0,10,United-States,0
56,Federal-gov,67153,Masters,14,Married-civ-spouse,Exec-managerial,Husband,White,Male,0,0,40,Other,1
26,Private,177147,HS-grad,9,Never-married,Handlers-cleaners,Own-child,White,Male,0,0,40,United-States,0
43,Private,187702,Some-college,10,Never-married,Other-service,Not-in-family,White,Male,2174,0,45,United-States,0
38,Private,296212,Bachelors,13,Married-civ-spouse,Craft-repair,Husband,White,Male,0,0,45,United-States,0
31,Private,157640,HS-grad,9,Married-civ-spouse,Prof-specialty,Husband,White,Male,0,0,55,United-States,1
53,Self-emp-not-inc,175456,Some-college,10,Married-civ-spouse,Farming-fishing,Husband,White,Male,0,0,30,United-States,0
23,Private,250630,Masters,14,Never-married,Prof-specialty,Not-in-family,White,Female,0,0,30,United-States,0
46,Self-emp-not-inc,233974,HS-grad,9,Married-civ-spouse,Farming-fishing,Husband,White,Male,0,0,35,United-States,0
37,Private,179468,HS-grad,9,Married-civ-spouse,Craft-repair,Husband,White,Male,0,0,40,United-States,0
61,Self-emp-not-inc,201273,Some-college,10,Widowed,Machine-op-inspct,Not-in-family,White,Female,0,0,40,United-States,0
55,Private,119751,Masters,14,Never-married,Prof-specialty,Other-relative,Asian-Pac-Islander,Female,0,0,40,Other,0
41,Private,216461,Some-college,10,Divorced,Adm-clerical,Own-child,Black,Female,0,0,40,United-States,0
36,Private,179488,Some-college,10,Divorced,Adm-clerical,Unmarried,White,Male,0,0,40,Other,0
23,State-gov,56402,Some-college,10,Married-civ-spouse,Prof-specialty,Husband,White,Male,0,0,30,United-States,0
54,Self-emp-not-inc,109418,Bachelors,13,Married-civ-spouse,Exec-managerial,Wife,White,Female,0,1977,35,United-States,1
56,Private,182062,Bachelors,13,Married-civ-spouse,Tech-support,Husband,White,Male,0,0,48,United-States,1
35,Private,98986,7th-8th,4,Never-married,Machine-op-inspct,Own-child,White,Female,0,0,30,United-States,0
36,Private,282092,Assoc-acdm,12,Never-married,Tech-support,Not-in-family,White,Female,0,0,40,United-States,0
19,Private,41745,Some-college,10,Never-married,Exec-managerial,Own-child,White,Female,0,0,40,United-States,0
35,Private,340428,Assoc-acdm,12,Never-married,Adm-clerical,Not-in-family,White,Female,0,0,35,United-States,0
20,Private,157595,Some-college,10,Never-married,Handlers-cleaners,Not-in-family,White,Male,0,0,40,United-States,0
33,Private,362747,Some-college,10,Never-married,Other-service,Not-in-family,Black,Female,0,0,35,United-States,0
24,Private,395297,Some-college,10,Never-married,Sales,Own-child,White,Female,0,0,35,United-States,0
29,Private,147889,Assoc-acdm,12,Married-civ-spouse,Tech-support,Wife,White,Female,0,0,40,United-States,0
35,Private,341102,9th,5,Never-married,Handlers-cleaners,Not-in-family,Black,Male,0,0,40,United-States,0
47,Local-gov,102628,Some-college,10,Married-civ-spouse,Other-service,Husband,White,Male,0,0,40,United-States,1
18,Private,92864,12th,8,Never-married,Other-service,Own-child,White,Female,0,0,20,United-States,0
33,Private,73054,HS-grad,9,Divorced,Sales,Unmarried,White,Female,0,0,40,United-States,0
21,Private,96844,Some-college,10,Never-married,Adm-clerical,Not-in-family,White,Female,0,0,20,United-States,0
61,Private,130684,Some-college,10,Married-civ-spouse,Prof-specialty,Husband,White,Male,0,0,42,United-States,0
49,Private,247892,Some-college,10,Married-civ-spouse,Craft-repair,Husband,Black,Male,0,0,30,United-States,0
21,Private,518530,Some-college,10,Never-married,Adm-clerical,Own-child,White,Female,0,0,40,United-States,0
20,Private,200450,7th-8th,4,Never-married,Machine-op-inspct,Own-child,White,Female,0,0,52,United-States,0
30,Private,200192,Some-college,10,Married-civ-spouse,Other-service,Wife,White,Female,0,0,45,United-States,0
32,Private,260868,Bachelors,13,Married-civ-spouse,Sales,Husband,Black,Male,0,0,40,United-States,1
36,Private,73023,HS-grad,9,Divorced,Craft-repair,Not-in-family,White,Male,0,0,55,United-States,0
24,Private,417668,Bachelors,13,Never-married,Prof-specialty,Own-child,White,Male,0,0,30,United-States,0
32,Private,209538,Masters,14,Married-civ-spouse,Exec-managerial,Husband,White,Male,0,0,55,United-States,1
18,Private,434430,HS-grad,9,Never-married,Prof-specialty,Not-in-family,White,Male,0,0,30,United-States,0
22,Private,225156,HS-grad,9,Never-married,Adm-clerical,Not-in-family,White,Female,0,0,40,United-States,0
64,Self-emp-inc,80333,HS-grad,9,Married-civ-spouse,Exec-managerial,Husband,White,Male,0,0,40,United-States,1
58,Private,265086,Bachelors,13,Married-civ-spouse,Exec-managerial,Husband,White,Male,0,0,50,United-States,1
29,Private,119052,HS-grad,9,Never-married,Handlers-cleaners,Not-in-family,Black,Female,0,0,40,United-States,0
53,Private,250034,Bachelors,13,Married-civ-spouse,Exec-managerial,Husband,Black,Male,0,0,50,United-States,1
43,Self-emp-inc,64048,9th,5,Never-married,Sales,Own-child,White,Female,0,0,44,Other,0
47,Private,264244,HS-grad,9,Married-spouse-absent,Craft-repair,Not-in-family,Black,Female,0,0,40,United-States,0
43,Private,54611,HS-grad,9,Married-civ-spouse,Machine-op-inspct,Husband,White,Male,0,0,40,United-States,0
21,Private,209955,HS-grad,9,Never-married,Craft-repair,Not-in-family,White,Male,0,0,48,United-States,0
61,Private,229744,Primary,3,Married-civ-spouse,Craft-repair,Husband,White,Male,0,0,40,Other,0
34,Private,192900,Some-college,10,Married-civ-spouse,Craft-repair,Husband,White,Male,0,0,40,United-States,1
39,Private,365739,HS-grad,9,Married-civ-spouse,Craft-repair,Husband,White,Male,0,0,40,United-States,1
54,Private,175594,HS-grad,9,Married-civ-spouse,Craft-repair,Husband,White,Male,0,0,40,United-States,0
73,Private,105886,Bachelors,13,Married-civ-spouse,Prof-specialty,Husband,White,Male,1173,0,75,United-States,0
51,Private,152810,HS-grad,9,Married-civ-spouse,Prof-specialty,Husband,White,Male,0,0,40,United-States,1
25,Private,212304,HS-grad,9,Never-married,Machine-op-inspct,Unmarried,White,Male,0,0,40,United-States,0
35,Private,31269,HS-grad,9,Married-civ-spouse,Exec-managerial,Husband,White,Male,0,0,40,United-States,0
33,Local-gov,246291,Bachelors,13,Never-married,Prof-specialty,Not-in-family,White,Female,0,0,46,United-States,0
35,Local-gov,231180,HS-grad,9,Married-civ-spouse,Transport-moving,Husband,White,Male,0,0,45,United-States,0
25,Self-emp-inc,161007,HS-grad,9,Married-civ-spouse,Exec-managerial,Husband,White,Male,0,0,40,United-States,0
18,Private,761006,11th,7,Never-married,Other-service,Own-child,White,Female,0,0,20,United-States,0
47,Federal-gov,160646,Assoc-voc,11,Married-civ-spouse,Adm-clerical,Wife,White,Female,0,0,35,United-States,0
61,Private,227468,HS-grad,9,Divorced,Adm-clerical,Unmarried,Black,Female,0,0,40,United-States,0
46,Private,98637,Bachelors,13,Married-civ-spouse,Exec-managerial,Husband,White,Male,7298,0,50,United-States,1
30,Private,167832,HS-grad,9,Married-civ-spouse,Machine-op-inspct,Husband,White,Male,0,0,40,United-States,0
31,Self-emp-not-inc,265807,Assoc-voc,11,Married-civ-spouse,Exec-managerial,Husband,White,Male,3137,0,50,United-States,0
38,Private,23892,HS-grad,9,Married-civ-spouse,Machine-op-inspct,Wife,White,Female,0,0,40,United-States,0
50,Private,269095,Bachelors,13,Divorced,Exec-managerial,Unmarried,White,Female,0,0,40,United-States,1
25,Private,154941,Bachelors,13,Married-civ-spouse,Sales,Husband,White,Male,0,0,40,United-States,1
64,Private,180247,7th-8th,4,Married-civ-spouse,Craft-repair,Husband,Black,Male,0,0,40,United-States,0
44,Private,163331,Some-college,10,Widowed,Adm-clerical,Unmarried,White,Female,0,0,32,United-States,0
49,Self-emp-not-inc,192203,9th,5,Married-civ-spouse,Craft-repair,Husband,White,Male,0,0,40,Other,0
32,Private,99646,HS-grad,9,Married-civ-spouse,Transport-moving,Husband,White,Male,0,0,50,United-States,0
44,Private,219591,Some-college,10,Divorced,Handlers-cleaners,Own-child,White,Male,0,0,40,United-States,0
40,Private,121874,Assoc-acdm,12,Married-civ-spouse,Sales,Husband,White,Male,7688,0,50,United-States,1
37,Private,236359,Some-college,10,Divorced,Adm-clerical,Not-in-family,Black,Female,0,0,37,United-States,0
34,Private,210736,Some-college,10,Separated,Adm-clerical,Unmarried,Black,Female,0,0,40,Other,0
40,Private,400061,Some-college,10,Married-civ-spouse,Machine-op-inspct,Husband,Other,Male,0,0,40,United-States,1
36,Private,266461,HS-grad,9,Never-married,Transport-moving,Own-child,Black,Male,0,0,48,United-States,0
47,Private,78529,Bachelors,13,Married-civ-spouse,Sales,Husband,White,Male,0,0,60,United-States,1
24,Private,229773,Some-college,10,Married-civ-spouse,Craft-repair,Husband,White,Male,0,0,35,United-States,0
58,Self-emp-not-inc,105592,7th-8th,4,Married-civ-spouse,Transport-moving,Husband,White,Male,0,0,40,United-States,1
22,Private,141028,HS-grad,9,Never-married,Other-service,Own-child,Black,Male,0,0,30,United-States,0
38,Private,165466,HS-grad,9,Married-civ-spouse,Adm-clerical,Husband,White,Male,0,0,60,United-States,1
55,Private,41108,Some-college,10,Widowed,Farming-fishing,Not-in-family,White,Male,0,2258,62,United-States,1
25,Private,149875,Bachelors,13,Widowed,Exec-managerial,Not-in-family,White,Female,0,0,40,United-States,0
32,Self-emp-not-inc,134737,Bachelors,13,Married-civ-spouse,Machine-op-inspct,Husband,White,Male,0,0,70,United-States,1
41,Local-gov,351350,Some-college,10,Divorced,Protective-serv,Unmarried,White,Female,0,0,40,United-States,0
18,Self-emp-not-inc,42857,Some-college,10,Never-married,Craft-repair,Not-in-family,White,Female,0,0,35,United-States,0
34,Private,226525,Assoc-voc,11,Never-married,Other-service,Own-child,White,Male,0,0,40,United-States,0
49,Self-emp-not-inc,343742,10th,6,Never-married,Craft-repair,Not-in-family,Black,Male,0,0,32,United-States,0
45,Private,184277,Assoc-voc,11,Divorced,Adm-clerical,Unmarried,White,Female,0,0,55,United-States,1
20,Private,142233,HS-grad,9,Never-married,Sales,Not-in-family,White,Female,0,0,35,United-States,0
38,State-gov,200904,Bachelors,13,Married-civ-spouse,Exec-managerial,Wife,Black,Female,0,0,30,United-States,1
41,Private,168324,Some-college,10,Married-civ-spouse,Adm-clerical,Wife,White,Female,0,0,40,United-States,1
19,Private,47577,Some-college,10,Never-married,Transport-moving,Not-in-family,White,Male,0,0,50,United-States,0
47,Private,70754,HS-grad,9,Married-civ-spouse,Craft-repair,Husband,White,Male,0,0,40,United-States,0
50,Private,138852,Some-college,10,Divorced,Craft-repair,Not-in-family,White,Male,4650,0,22,United-States,0
20,Private,227626,HS-grad,9,Married-civ-spouse,Adm-clerical,Husband,White,Male,0,0,60,United-States,0
41,Private,113324,HS-grad,9,Married-civ-spouse,Handlers-cleaners,Husband,White,Male,0,0,40,United-States,0
43,Private,187795,Bachelors,13,Married-civ-spouse,Exec-managerial,Husband,White,Male,0,0,45,United-States,1
45,Private,236040,Some-college,10,Married-civ-spouse,Prof-specialty,Husband,White,Male,0,0,40,United-States,1
37,Private,212465,HS-grad,9,Married-civ-spouse,Craft-repair,Husband,White,Male,0,0,40,United-States,0
33,Private,405913,Some-college,10,Married-civ-spouse,Prof-specialty,Husband,White,Male,0,0,40,Other,1
46,Private,254367,HS-grad,9,Never-married,Transport-moving,Not-in-family,White,Male,0,1590,48,United-States,0
48,Private,148254,HS-grad,9,Married-civ-spouse,Handlers-cleaners,Wife,White,Female,0,0,16,United-States,1
52,Private,206862,HS-grad,9,Married-civ-spouse,Craft-repair,Husband,White,Male,0,0,40,United-States,0
60,Private,252413,Some-college,10,Married-civ-spouse,Craft-repair,Husband,Other,Male,0,0,32,United-States,1
29,Private,122127,Bachelors,13,Never-married,Prof-specialty,Not-in-family,White,Female,8614,0,40,United-States,1
49,Self-emp-inc,306289,HS-grad,9,Married-civ-spouse,Exec-managerial,Husband,White,Male,0,0,40,United-States,1
24,Private,181820,Some-college,10,Never-married,Adm-clerical,Own-child,White,Male,0,0,40,United-States,0
31,Private,54318,Bachelors,13,Married-civ-spouse,Exec-managerial,Husband,White,Male,0,0,50,United-States,1
23,Private,202989,HS-grad,9,Never-married,Prof-specialty,Not-in-family,White,Male,0,0,40,Other,0
48,Private,216734,Some-college,10,Divorced,Exec-managerial,Not-in-family,White,Female,0,0,40,United-States,0
33,Private,79923,Masters,14,Married-civ-spouse,Prof-specialty,Husband,White,Male,0,0,45,United-States,1
28,Private,33798,Assoc-voc,11,Married-civ-spouse,Machine-op-inspct,Husband,White,Male,0,0,40,United-States,0
32,Private,123964,Some-college,10,Married-civ-spouse,Sales,Husband,White,Male,4386,0,50,United-States,0
20,Private,305874,Some-college,10,Never-married,Transport-moving,Own-child,White,Male,0,0,40,United-States,0
39,Private,290922,Masters,14,Never-married,Prof-specialty,Own-child,White,Female,0,0,40,United-States,0
36,Private,247321,HS-grad,9,Married-civ-spouse,Craft-repair,Husband,White,Male,0,0,45,United-States,0
47,Private,186534,HS-grad,9,Married-civ-spouse,Sales,Husband,White,Male,0,0,55,United-States,1
27,Private,97165,Some-college,10,Never-married,Machine-op-inspct,Other-relative,White,Female,0,0,40,United-States,0
31,Self-emp-not-inc,81030,Doctorate,16,Married-civ-spouse,Prof-specialty,Husband,White,Male,0,0,40,United-States,1
18,Private,157131,11th,7,Never-married,Sales,Own-child,White,Female,0,0,30,United-States,0
51,Federal-gov,100653,HS-grad,9,Divorced,Adm-clerical,Not-in-family,White,Female,0,0,8,United-States,0
42,Local-gov,1125613,HS-grad,9,Divorced,Other-service,Not-in-family,Black,Male,0,0,40,United-States,0
55,Private,175071,Some-college,10,Married-civ-spouse,Craft-repair,Husband,Black,Male,15024,0,40,United-States,1
20,Private,237305,Some-college,10,Never-married,Machine-op-inspct,Other-relative,Black,Female,0,0,35,United-States,0
40,Private,56072,Masters,14,Divorced,Prof-specialty,Not-in-family,White,Male,0,0,20,United-States,0
59,Private,96459,11th,7,Never-married,Machine-op-inspct,Not-in-family,White,Male,0,0,40,United-States,0
39,Federal-gov,116608,HS-grad,9,Divorced,Adm-clerical,Unmarried,White,Female,0,0,40,United-States,0
28,Private,180007,Some-college,10,Never-married,Handlers-cleaners,Own-child,White,Male,0,0,40,United-States,0
50,Private,213296,Some-college,10,Married-civ-spouse,Craft-repair,Husband,White,Male,0,0,48,United-States,1
23,Private,32616,Bachelors,13,Never-married,Adm-clerical,Own-child,White,Female,0,0,20,United-States,0
35,Private,186009,HS-grad,9,Married-civ-spouse,Craft-repair,Husband,White,Male,0,0,40,United-States,1
42,Private,240255,Assoc-voc,11,Married-civ-spouse,Prof-specialty,Husband,Black,Male,0,0,40,United-States,1
36,Private,148581,HS-grad,9,Married-civ-spouse,Craft-repair,Husband,White,Male,0,0,55,United-States,1
35,Private,217274,Some-college,10,Married-civ-spouse,Machine-op-inspct,Husband,White,Male,0,0,50,United-States,0
27,Private,177955,Primary,3,Never-married,Priv-house-serv,Other-relative,White,Female,2176,0,40,Other,0
51,Local-gov,153908,Masters,14,Divorced,Exec-managerial,Not-in-family,White,Female,0,0,40,United-States,0
18,Federal-gov,101709,11th,7,Never-married,Other-service,Own-child,Asian-Pac-Islander,Male,0,0,15,Philippines,0
25,Private,410240,HS-grad,9,Never-married,Craft-repair,Own-child,White,Male,0,0,40,United-States,0
69,Private,213249,Assoc-voc,11,Widowed,Sales,Not-in-family,White,Female,0,0,25,United-States,0
33,Federal-gov,94193,HS-grad,9,Divorced,Adm-clerical,Unmarried,White,Female,0,0,40,United-States,0
27,Private,153869,HS-grad,9,Never-married,Handlers-cleaners,Own-child,White,Male,0,0,37,United-States,0
22,Private,150175,Some-college,10,Never-married,Adm-clerical,Own-child,White,Female,0,0,20,United-States,0
18,Private,324011,9th,5,Never-married,Farming-fishing,Own-child,White,Male,0,0,20,United-States,0
30,Self-emp-not-inc,609789,Assoc-voc,11,Never-married,Craft-repair,Not-in-family,White,Male,0,0,40,United-States,0
33,Private,123157,HS-grad,9,Never-married,Other-service,Not-in-family,Black,Male,0,0,38,United-States,0
39,Private,262158,Bachelors,13,Divorced,Exec-managerial,Unmarried,White,Female,0,0,45,United-States,0
19,State-gov,127085,Some-college,10,Never-married,Other-service,Own-child,White,Male,0,0,10,United-States,0
51,Private,138852,HS-grad,9,Married-civ-spouse,Other-service,Husband,White,Male,7298,0,40,Other,1
21,Private,199419,Some-college,10,Never-married,Adm-clerical,Not-in-family,White,Female,0,0,40,United-States,0
20,Private,177287,HS-grad,9,Never-married,Sales,Not-in-family,White,Female,0,0,38,United-States,0
21,Private,276709,Some-college,10,Never-married,Sales,Other-relative,White,Female,0,0,40,United-States,0
28,Private,116613,Some-college,10,Never-married,Tech-support,Own-child,White,Female,0,0,24,United-States,0
41,Private,46870,Some-college,10,Divorced,Exec-managerial,Not-in-family,White,Female,0,0,40,United-States,0
21,Private,241951,HS-grad,9,Never-married,Machine-op-inspct,Not-in-family,White,Male,0,0,45,United-States,0
66,Private,234743,Some-college,10,Married-civ-spouse,Exec-managerial,Husband,White,Male,0,0,24,United-States,0
61,Private,86067,Assoc-acdm,12,Married-civ-spouse,Sales,Husband,White,Male,15024,0,40,United-States,1
33,Self-emp-not-inc,80933,HS-grad,9,Married-civ-spouse,Transport-moving,Husband,White,Male,0,0,60,United-States,0
20,Self-emp-inc,104443,Some-college,10,Never-married,Adm-clerical,Own-child,White,Female,0,0,20,United-States,0
27,Private,207611,Bachelors,13,Never-married,Exec-managerial,Own-child,White,Female,0,0,40,United-States,0
44,Local-gov,58124,Bachelors,13,Divorced,Prof-specialty,Unmarried,White,Male,0,0,45,United-States,0
35,Private,320305,HS-grad,9,Married-civ-spouse,Craft-repair,Husband,White,Male,0,0,32,United-States,0
46,Private,101455,HS-grad,9,Married-civ-spouse,Adm-clerical,Wife,White,Female,0,0,40,United-States,0
28,Private,315287,Some-college,10,Never-married,Prof-specialty,Not-in-family,Black,Male,0,0,40,United-States,0
44,Private,370502,HS-grad,9,Married-civ-spouse,Other-service,Husband,White,Male,0,0,25,Mexico,0
36,Private,30509,Some-college,10,Divorced,Prof-specialty,Unmarried,White,Female,0,0,45,United-States,0
41,Private,199018,Prof-school,15,Married-civ-spouse,Exec-managerial,Husband,White,Male,0,0,40,United-States,1
33,Private,226267,Assoc-acdm,12,Married-civ-spouse,Sales,Husband,White,Male,0,0,40,Mexico,0
44,Private,186916,Some-college,10,Married-civ-spouse,Transport-moving,Husband,White,Male,0,1887,60,United-States,1
34,Private,37646,Assoc-acdm,12,Married-civ-spouse,Craft-repair,Husband,White,Male,0,0,65,United-States,0
26,Private,157028,Masters,14,Never-married,Prof-specialty,Not-in-family,White,Male,0,0,55,United-States,1
25,Private,182656,Assoc-voc,11,Divorced,Adm-clerical,Unmarried,White,Female,0,0,40,United-States,0
35,Private,109351,Bachelors,13,Never-married,Sales,Not-in-family,White,Female,8614,0,45,United-States,1
33,Private,231413,Bachelors,13,Married-civ-spouse,Prof-specialty,Husband,White,Male,0,0,40,United-States,0
35,Self-emp-inc,187053,Bachelors,13,Separated,Prof-specialty,Not-in-family,White,Female,0,0,50,United-States,0
50,Private,46155,Assoc-voc,11,Divorced,Prof-specialty,Unmarried,White,Female,0,0,40,United-States,1
36,State-gov,97136,Bachelors,13,Never-married,Prof-specialty,Unmarried,Black,Female,0,0,40,United-States,0
47,Private,158451,Masters,14,Married-civ-spouse,Prof-specialty,Wife,White,Female,0,0,2,United-States,1
24,Private,229826,HS-grad,9,Never-married,Sales,Not-in-family,White,Male,0,0,30,United-States,0
19,Private,121788,Some-college,10,Never-married,Sales,Not-in-family,White,Female,0,0,30,United-States,0
63,Local-gov,214143,Bachelors,13,Married-civ-spouse,Transport-moving,Husband,White,Male,0,0,40,Other,0
49,Self-emp-not-inc,48495,HS-grad,9,Married-civ-spouse,Exec-managerial,Husband,White,Male,0,0,45,United-States,0
60,Private,142922,HS-grad,9,Married-civ-spouse,Craft-repair,Husband,White,Male,0,0,50,United-States,0
25,Private,180778,HS-grad,9,Never-married,Craft-repair,Not-in-family,White,Male,0,0,75,United-States,0
51,Private,673764,Masters,14,Never-married,Prof-specialty,Not-in-family,White,Male,27828,0,40,United-States,1
40,Private,236021,Some-college,10,Never-married,Exec-managerial,Not-in-family,White,Male,0,0,50,United-States,0
30,Local-gov,164493,Some-college,10,Never-married,Adm-clerical,Own-child,White,Female,0,0,10,United-States,0
66,Self-emp-inc,102663,7th-8th,4,Married-civ-spouse,Exec-managerial,Husband,White,Male,0,0,50,United-States,0
43,Private,69333,HS-grad,9,Married-civ-spouse,Machine-op-inspct,Husband,White,Male,0,0,48,United-States,0
27,State-gov,291196,Bachelors,13,Never-married,Prof-specialty,Not-in-family,Black,Male,0,0,40,United-States,0
17,Private,132680,10th,6,Never-married,Other-service,Own-child,White,Female,0,1602,10,United-States,0
50,Private,155574,HS-grad,9,Married-civ-spouse,Prof-specialty,Husband,White,Male,0,0,40,United-States,1
25,Private,186370,HS-grad,9,Married-civ-spouse,Handlers-cleaners,Husband,White,Male,0,0,40,United-States,0
41,Private,184378,HS-grad,9,Separated,Craft-repair,Not-in-family,White,Male,0,0,40,United-States,0
20,Private,211968,Some-college,10,Never-married,Prof-specialty,Own-child,White,Female,0,0,15,United-States,0
43,State-gov,24763,Masters,14,Married-civ-spouse,Prof-specialty,Husband,White,Male,0,1887,45,United-States,1
46,Private,200734,Some-college,10,Divorced,Adm-clerical,Unmarried,Black,Female,0,0,35,Other,0
20,Private,137618,Some-college,10,Never-married,Transport-moving,Own-child,White,Male,0,0,35,United-States,0
35,Self-emp-inc,185621,Bachelors,13,Never-married,Exec-managerial,Not-in-family,White,Female,0,0,60,United-States,1
56,Federal-gov,187873,Masters,14,Divorced,Adm-clerical,Unmarried,White,Female,0,0,40,United-States,0
36,Private,297847,HS-grad,9,Never-married,Other-service,Not-in-family,Black,Female,0,2001,40,United-States,0
38,Local-gov,287658,Masters,14,Divorced,Prof-specialty,Not-in-family,Black,Male,0,0,40,Other,0
30,Federal-gov,48458,Some-college,10,Never-married,Adm-clerical,Own-child,Black,Female,0,0,40,United-States,0
42,Private,261929,Bachelors,13,Married-civ-spouse,Exec-managerial,Husband,White,Male,7688,0,40,United-States,1
55,Private,359972,Bachelors,13,Married-civ-spouse,Exec-managerial,Husband,White,Male,0,1887,40,United-States,1
46,Private,213140,Bachelors,13,Married-civ-spouse,Prof-specialty,Husband,White,Male,0,0,40,Other,1
37,Federal-gov,45937,Assoc-acdm,12,Married-civ-spouse,Exec-managerial,Wife,White,Female,0,0,40,United-States,1
26,Private,121559,HS-grad,9,Married-civ-spouse,Craft-repair,Husband,White,Male,0,0,40,United-States,0
32,Private,178623,Assoc-acdm,12,Never-married,Sales,Not-in-family,Black,Female,0,0,46,Other,0
62,Self-emp-not-inc,197353,HS-grad,9,Married-civ-spouse,Craft-repair,Husband,White,Male,0,1740,40,United-States,0
25,Private,312157,Some-college,10,Never-married,Prof-specialty,Not-in-family,White,Female,0,0,40,United-States,0
44,Private,147265,Masters,14,Married-civ-spouse,Prof-specialty,Husband,White,Male,0,0,40,United-States,1
50,Self-emp-not-inc,89737,Some-college,10,Married-civ-spouse,Craft-repair,Husband,White,Male,0,0,48,United-States,0
57,State-gov,109015,12th,8,Divorced,Other-service,Unmarried,White,Female,0,0,40,United-States,0
29,Private,375482,Bachelors,13,Never-married,Prof-specialty,Not-in-family,White,Male,0,0,50,Other,0
51,State-gov,341548,Some-college,10,Divorced,Adm-clerical,Not-in-family,White,Female,0,0,40,United-States,0
28,Private,213152,Bachelors,13,Married-civ-spouse,Adm-clerical,Husband,White,Male,0,0,40,Other,1
35,Private,216256,Assoc-voc,11,Never-married,Other-service,Not-in-family,White,Male,0,0,60,United-States,0
24,Private,174043,Bachelors,13,Never-married,Other-service,Not-in-family,White,Male,0,0,40,United-States,0
56,Federal-gov,255386,Some-college,10,Married-civ-spouse,Adm-clerical,Husband,Asian-Pac-Islander,Male,0,0,40,Other,0
18,Local-gov,466325,11th,7,Never-married,Adm-clerical,Own-child,White,Male,0,0,12,United-States,0
50,Private,175804,Bachelors,13,Married-civ-spouse,Sales,Husband,White,Male,0,0,40,United-States,1
41,Private,124692,Some-college,10,Married-civ-spouse,Exec-managerial,Own-child,White,Male,0,0,40,United-States,1
29,Private,250967,Assoc-voc,11,Married-civ-spouse,Machine-op-inspct,Husband,White,Male,0,1887,48,United-States,1
24,Private,220993,HS-grad,9,Never-married,Craft-repair,Not-in-family,White,Male,0,0,50,United-States,0
18,Private,337046,10th,6,Never-married,Other-service,Own-child,White,Male,0,0,40,United-States,0
23,Private,260617,10th,6,Never-married,Craft-repair,Not-in-family,White,Male,0,0,40,United-States,0
36,Private,531055,HS-grad,9,Married-civ-spouse,Craft-repair,Husband,White,Male,0,1902,48,United-States,1
27,Private,113054,HS-grad,9,Separated,Machine-op-inspct,Not-in-family,White,Male,0,0,43,United-States,0
34,Private,152246,HS-grad,9,Married-civ-spouse,Transport-moving,Husband,Amer-Indian-Eskimo,Male,0,0,52,United-States,0
38,Private,108140,Masters,14,Married-civ-spouse,Prof-specialty,Husband,White,Male,0,0,50,United-States,1
55,Local-gov,104917,Masters,14,Married-civ-spouse,Prof-specialty,Husband,Black,Male,0,0,40,United-States,1
28,Private,275116,10th,6,Married-civ-spouse,Transport-moving,Husband,White,Male,0,0,40,United-States,0
23,Private,129767,Some-college,10,Never-married,Adm-clerical,Not-in-family,White,Female,0,1721,40,United-States,0
29,Local-gov,115305,Assoc-voc,11,Married-civ-spouse,Protective-serv,Husband,White,Male,7688,0,40,United-States,1
38,Self-emp-not-inc,163204,HS-grad,9,Married-civ-spouse,Craft-repair,Husband,White,Male,3411,0,25,United-States,0
34,Local-gov,35683,Assoc-acdm,12,Divorced,Adm-clerical,Unmarried,White,Female,0,0,10,United-States,0
36,Private,185325,HS-grad,9,Never-married,Transport-moving,Not-in-family,White,Male,0,0,35,United-States,0
27,Private,150296,HS-grad,9,Never-married,Other-service,Own-child,White,Female,0,0,32,United-States,0
60,Private,198727,HS-grad,9,Married-civ-spouse,Prof-specialty,Husband,White,Male,0,0,30,United-States,0
38,Private,96185,HS-grad,9,Divorced,Other-service,Unmarried,Black,Female,0,0,32,United-States,0
49,Private,175622,Masters,14,Married-civ-spouse,Prof-specialty,Husband,White,Male,0,0,40,United-States,0
38,Self-emp-not-inc,245372,Some-college,10,Married-civ-spouse,Prof-specialty,Husband,White,Male,3137,0,50,United-States,0
40,Private,104892,Bachelors,13,Married-civ-spouse,Tech-support,Husband,White,Male,0,0,40,United-States,0
36,Private,203717,HS-grad,9,Divorced,Craft-repair,Unmarried,White,Male,0,0,40,United-States,0
18,Private,237646,Some-college,10,Never-married,Adm-clerical,Own-child,White,Male,0,0,30,United-States,0
47,Private,104521,Assoc-voc,11,Married-civ-spouse,Prof-specialty,Husband,White,Male,0,0,40,United-States,1
41,State-gov,175537,Some-college,10,Divorced,Machine-op-inspct,Not-in-family,Black,Female,0,0,38,United-States,0
29,Private,444304,Bachelors,13,Married-civ-spouse,Prof-specialty,Husband,White,Male,0,0,40,United-States,1
37,Private,148143,HS-grad,9,Never-married,Machine-op-inspct,Unmarried,Black,Female,0,0,40,United-States,0
66,State-gov,71075,Some-college,10,Divorced,Exec-managerial,Not-in-family,White,Female,0,0,55,United-States,0
51,Local-gov,154891,HS-grad,9,Divorced,Protective-serv,Unmarried,White,Male,0,0,52,United-States,0
43,Private,342567,Bachelors,13,Married-spouse-absent,Adm-clerical,Unmarried,White,Female,0,0,40,United-States,0
44,Self-emp-not-inc,47818,HS-grad,9,Divorced,Exec-managerial,Unmarried,White,Female,0,0,60,United-States,0
46,Self-emp-inc,112320,Bachelors,13,Divorced,Exec-managerial,Not-in-family,White,Female,0,0,50,United-States,0
34,Private,265807,HS-grad,9,Married-civ-spouse,Transport-moving,Husband,White,Male,0,2051,55,United-States,0
41,Private,347653,Prof-school,15,Married-civ-spouse,Prof-specialty,Husband,White,Male,0,1977,50,United-States,1
42,Self-emp-not-inc,215219,11th,7,Separated,Other-service,Unmarried,White,Female,0,0,30,United-States,0
46,Private,148738,HS-grad,9,Married-civ-spouse,Handlers-cleaners,Husband,White,Male,0,1740,35,United-States,0
43,Private,101950,Bachelors,13,Divorced,Other-service,Not-in-family,White,Female,0,0,35,United-States,0
35,Private,187167,HS-grad,9,Divorced,Other-service,Not-in-family,White,Female,0,0,35,United-States,0
31,Private,129775,Bachelors,13,Married-civ-spouse,Sales,Husband,White,Male,0,0,65,United-States,0
38,Private,141550,10th,6,Divorced,Craft-repair,Not-in-family,White,Male,0,0,40,United-States,0
26,Private,147638,Bachelors,13,Never-married,Adm-clerical,Other-relative,Asian-Pac-Islander,Female,0,0,40,Other,0
41,Self-emp-not-inc,111772,Assoc-acdm,12,Married-civ-spouse,Craft-repair,Husband,White,Male,0,1887,40,United-States,1
53,Private,110977,Masters,14,Married-civ-spouse,Exec-managerial,Husband,White,Male,0,1902,50,United-States,1
19,Private,45381,Some-college,10,Never-married,Adm-clerical,Own-child,White,Female,0,0,8,United-States,0
28,Private,715938,Bachelors,13,Never-married,Craft-repair,Own-child,Black,Male,0,0,40,United-States,0
22,Private,172766,Some-college,10,Never-married,Sales,Own-child,White,Female,0,0,40,United-States,0
22,Private,291979,11th,7,Separated,Craft-repair,Not-in-family,White,Male,0,0,40,United-States,0
43,Local-gov,188280,Masters,14,Divorced,Prof-specialty,Unmarried,White,Female,914,0,40,United-States,0
46,Local-gov,172822,HS-grad,9,Married-civ-spouse,Transport-moving,Husband,White,Male,0,0,40,United-States,0
44,State-gov,98989,Bachelors,13,Married-civ-spouse,Prof-specialty,Husband,Amer-Indian-Eskimo,Male,0,0,38,United-States,1
37,Private,199753,Some-college,10,Married-civ-spouse,Craft-repair,Husband,White,Male,0,0,35,United-States,1
17,Private,169155,12th,8,Never-married,Other-service,Own-child,White,Male,0,0,35,United-States,0
30,Federal-gov,127610,Bachelors,13,Never-married,Adm-clerical,Not-in-family,White,Female,0,0,35,United-States,0
38,Private,185848,Masters,14,Married-civ-spouse,Exec-managerial,Husband,White,Male,99999,0,70,United-States,1
61,State-gov,379885,Doctorate,16,Married-civ-spouse,Prof-specialty,Husband,White,Male,0,1902,40,United-States,1
42,Local-gov,569930,Bachelors,13,Married-civ-spouse,Adm-clerical,Husband,White,Male,0,0,45,United-States,1
43,Federal-gov,195385,HS-grad,9,Married-civ-spouse,Exec-managerial,Husband,Amer-Indian-Eskimo,Male,0,0,40,United-States,0
35,Private,191628,Some-college,10,Married-civ-spouse,Prof-specialty,Husband,White,Male,0,0,40,United-States,0
19,Private,207173,HS-grad,9,Separated,Adm-clerical,Unmarried,White,Female,0,0,30,United-States,0
48,Private,49278,Assoc-acdm,12,Divorced,Adm-clerical,Unmarried,White,Female,0,0,40,United-States,0
43,Private,233130,Bachelors,13,Divorced,Sales,Not-in-family,White,Male,0,0,40,United-States,1
51,Private,189511,Assoc-voc,11,Married-civ-spouse,Other-service,Husband,White,Male,0,0,50,Other,1
55,Local-gov,110490,Bachelors,13,Married-civ-spouse,Prof-specialty,Wife,White,Female,0,0,60,United-States,0
30,Private,207172,Bachelors,13,Married-civ-spouse,Adm-clerical,Wife,White,Female,0,0,40,Mexico,0
23,Private,234302,HS-grad,9,Never-married,Handlers-cleaners,Not-in-family,Black,Male,0,0,40,United-States,0
17,Private,160049,10th,6,Never-married,Other-service,Own-child,White,Female,0,0,12,United-States,0
60,Private,152369,Assoc-voc,11,Married-civ-spouse,Craft-repair,Husband,White,Male,0,0,60,United-States,0
50,Private,34067,Assoc-voc,11,Married-civ-spouse,Exec-managerial,Husband,White,Male,0,0,50,United-States,1
33,Private,256062,Some-college,10,Never-married,Adm-clerical,Unmarried,White,Female,0,0,35,Other,0
23,Private,116830,12th,8,Never-married,Craft-repair,Not-in-family,White,Male,0,0,50,United-States,0
27,Private,363053,9th,5,Never-married,Priv-house-serv,Unmarried,White,Female,0,0,24,Mexico,0
27,Private,247978,HS-grad,9,Never-married,Other-service,Own-child,Black,Female,0,0,40,United-States,0
30,Private,91145,HS-grad,9,Married-civ-spouse,Machine-op-inspct,Husband,White,Male,0,0,40,United-States,0
51,State-gov,237141,Masters,14,Married-civ-spouse,Exec-managerial,Husband,White,Male,0,0,40,United-States,1
18,Private,56613,Some-college,10,Never-married,Protective-serv,Own-child,White,Female,0,0,20,United-States,0
29,Private,154017,HS-grad,9,Never-married,Sales,Not-in-family,White,Female,0,0,10,United-States,0
48,State-gov,78529,Masters,14,Separated,Prof-specialty,Not-in-family,White,Male,0,0,60,United-States,0
53,Self-emp-not-inc,187830,Assoc-voc,11,Separated,Craft-repair,Not-in-family,White,Male,0,0,40,Other,0
29,Self-emp-not-inc,404998,Assoc-voc,11,Married-civ-spouse,Farming-fishing,Husband,White,Male,0,0,90,United-States,0
30,Private,224147,HS-grad,9,Never-married,Transport-moving,Own-child,Black,Male,0,0,40,United-States,0
38,Private,269318,Bachelors,13,Married-civ-spouse,Adm-clerical,Husband,White,Male,5178,0,50,United-States,1
67,State-gov,132819,Some-college,10,Married-civ-spouse,Protective-serv,Husband,White,Male,0,0,41,United-States,1
27,Self-emp-not-inc,120126,Some-college,10,Married-civ-spouse,Exec-managerial,Husband,White,Male,0,0,40,United-States,0
34,Private,130369,HS-grad,9,Divorced,Transport-moving,Unmarried,White,Female,1151,0,48,Other,0
47,Private,334039,Bachelors,13,Married-civ-spouse,Exec-managerial,Husband,White,Male,7298,0,44,United-States,1
37,Self-emp-inc,126569,Bachelors,13,Married-civ-spouse,Craft-repair,Husband,White,Male,0,0,60,United-States,0
40,Private,87771,HS-grad,9,Married-civ-spouse,Craft-repair,Wife,White,Female,0,1628,45,United-States,0
41,Private,201981,HS-grad,9,Divorced,Craft-repair,Own-child,White,Male,0,0,40,United-States,0
32,Private,186824,Bachelors,13,Married-civ-spouse,Craft-repair,Husband,White,Male,0,0,40,United-States,1
26,Private,73312,11th,7,Never-married,Machine-op-inspct,Unmarried,White,Female,0,0,15,United-States,0
23,Private,118023,Some-college,10,Never-married,Exec-managerial,Not-in-family,White,Male,0,0,45,Other,0
24,Private,329852,HS-grad,9,Never-married,Machine-op-inspct,Not-in-family,White,Male,0,0,40,United-States,0
39,Federal-gov,314822,Some-college,10,Married-civ-spouse,Adm-clerical,Husband,Black,Male,0,0,40,United-States,0
44,Private,267717,Masters,14,Married-civ-spouse,Prof-specialty,Husband,White,Male,0,0,42,United-States,1
20,Private,163665,Some-college,10,Never-married,Transport-moving,Own-child,White,Female,0,0,17,United-States,0
17,Private,375657,11th,7,Never-married,Handlers-cleaners,Own-child,White,Male,0,0,30,United-States,0
44,Private,168515,Some-college,10,Divorced,Adm-clerical,Not-in-family,White,Female,0,0,40,Other,0
60,Private,163665,Some-college,10,Married-civ-spouse,Protective-serv,Husband,White,Male,0,0,16,United-States,1
39,Private,293291,HS-grad,9,Married-civ-spouse,Machine-op-inspct,Husband,White,Male,0,0,50,United-States,1
40,Private,226608,Some-college,10,Divorced,Tech-support,Not-in-family,White,Male,0,0,30,Other,1
73,Self-emp-not-inc,46514,HS-grad,9,Married-civ-spouse,Sales,Wife,White,Female,0,0,25,United-States,0
35,Private,75855,Masters,14,Married-civ-spouse,Prof-specialty,Husband,Black,Male,7298,0,40,Other,1
41,Self-emp-not-inc,204235,Prof-school,15,Married-civ-spouse,Prof-specialty,Husband,White,Male,0,0,50,United-States,1
24,Private,498349,Bachelors,13,Never-married,Transport-moving,Unmarried,Black,Female,0,0,40,United-States,0
47,Self-emp-not-inc,33300,Assoc-acdm,12,Never-married,Farming-fishing,Other-relative,White,Male,10520,0,45,United-States,1
24,Private,155150,HS-grad,9,Married-civ-spouse,Machine-op-inspct,Husband,White,Male,0,0,40,United-States,0
35,State-gov,216035,HS-grad,9,Married-civ-spouse,Protective-serv,Husband,White,Male,0,0,40,United-States,0
54,Private,146551,HS-grad,9,Married-civ-spouse,Adm-clerical,Husband,White,Male,0,0,54,United-States,1
38,Private,186191,HS-grad,9,Married-civ-spouse,Craft-repair,Husband,White,Male,0,0,55,United-States,0
21,Private,253583,HS-grad,9,Never-married,Handlers-cleaners,Own-child,White,Male,0,0,40,United-States,0
33,Private,188246,Bachelors,13,Married-civ-spouse,Exec-managerial,Husband,White,Male,0,0,40,United-States,0
28,Private,251905,Bachelors,13,Married-civ-spouse,Prof-specialty,Husband,White,Male,0,0,50,United-States,0
57,Self-emp-not-inc,413373,Doctorate,16,Married-civ-spouse,Sales,Husband,White,Male,0,1902,40,United-States,1
46,Self-emp-not-inc,165754,Doctorate,16,Never-married,Prof-specialty,Not-in-family,White,Female,0,0,45,United-States,0
36,Private,418702,Assoc-voc,11,Divorced,Adm-clerical,Unmarried,White,Female,0,0,40,United-States,0
18,Private,261720,HS-grad,9,Never-married,Adm-clerical,Not-in-family,White,Female,0,0,40,United-States,0
29,Private,286634,Bachelors,13,Married-civ-spouse,Prof-specialty,Wife,White,Female,0,0,50,United-States,1
25,State-gov,176162,Bachelors,13,Never-married,Protective-serv,Own-child,White,Male,0,0,40,United-States,0
25,Private,160445,HS-grad,9,Divorced,Craft-repair,Not-in-family,White,Male,0,0,40,United-States,0
61,Self-emp-not-inc,268831,HS-grad,9,Married-civ-spouse,Sales,Husband,White,Male,0,0,53,United-States,0
63,State-gov,216871,Some-college,10,Married-civ-spouse,Adm-clerical,Husband,White,Male,0,1740,40,United-States,0
28,Private,100219,HS-grad,9,Never-married,Machine-op-inspct,Own-child,White,Male,0,0,45,United-States,0
67,State-gov,261203,7th-8th,4,Married-civ-spouse,Transport-moving,Husband,White,Male,0,0,35,United-States,0
41,State-gov,106900,Masters,14,Married-civ-spouse,Prof-specialty,Husband,White,Male,7298,0,60,United-States,1
41,Private,167106,Bachelors,13,Married-civ-spouse,Adm-clerical,Husband,Asian-Pac-Islander,Male,3103,0,35,Philippines,1
36,Private,749636,Some-college,10,Divorced,Adm-clerical,Unmarried,White,Female,0,0,40,United-States,0
47,Private,179955,Some-college,10,Widowed,Transport-moving,Unmarried,White,Female,0,0,25,Other,0
30,Private,345522,HS-grad,9,Married-civ-spouse,Transport-moving,Husband,White,Male,3103,0,70,United-States,1
37,Private,255621,HS-grad,9,Separated,Craft-repair,Not-in-family,White,Male,0,0,50,United-States,0
34,Self-emp-inc,154227,Some-college,10,Never-married,Sales,Not-in-family,White,Male,0,0,75,United-States,0
50,Private,176157,Masters,14,Married-civ-spouse,Exec-managerial,Husband,White,Male,0,0,50,United-States,1
25,Local-gov,176162,Assoc-voc,11,Never-married,Protective-serv,Own-child,White,Male,0,0,30,United-States,0
30,Private,310889,Some-college,10,Never-married,Handlers-cleaners,Not-in-family,White,Male,0,0,55,United-States,0
46,Private,186410,Prof-school,15,Never-married,Exec-managerial,Not-in-family,White,Male,0,0,50,United-States,1
19,Private,183532,Some-college,10,Never-married,Handlers-cleaners,Own-child,White,Male,0,0,25,United-States,0
20,Private,157332,Some-college,10,Never-married,Adm-clerical,Own-child,White,Female,0,0,25,United-States,0
38,Self-emp-not-inc,238980,Some-college,10,Never-married,Sales,Not-in-family,White,Male,0,0,60,United-States,0
48,Self-emp-not-inc,218835,Masters,14,Married-civ-spouse,Sales,Husband,White,Male,0,0,50,Other,0
51,Self-emp-not-inc,170086,Bachelors,13,Married-civ-spouse,Tech-support,Husband,White,Male,0,0,45,United-States,1
54,Federal-gov,75235,HS-grad,9,Married-civ-spouse,Exec-managerial,Husband,White,Male,5178,0,40,United-States,1
39,Local-gov,43702,Assoc-voc,11,Married-civ-spouse,Adm-clerical,Wife,White,Female,0,0,37,United-States,0
35,Private,112264,HS-grad,9,Married-civ-spouse,Sales,Husband,White,Male,0,0,50,United-States,0
28,Private,95566,Primary,2,Married-spouse-absent,Other-service,Own-child,Other,Female,0,0,35,Other,0
55,Private,92215,HS-grad,9,Never-married,Adm-clerical,Not-in-family,White,Female,0,0,45,United-States,0
32,Private,173998,Some-college,10,Never-married,Adm-clerical,Not-in-family,White,Female,0,0,60,United-States,0
43,Self-emp-not-inc,277488,HS-grad,9,Married-civ-spouse,Farming-fishing,Husband,White,Male,0,0,30,United-States,0
24,Private,186495,HS-grad,9,Divorced,Adm-clerical,Not-in-family,White,Female,0,0,32,United-States,0
41,Private,117585,HS-grad,9,Married-civ-spouse,Exec-managerial,Husband,White,Male,0,1485,40,United-States,1
49,Private,123681,Masters,14,Married-civ-spouse,Prof-specialty,Husband,White,Male,0,0,43,United-States,1
47,Federal-gov,197038,Bachelors,13,Married-civ-spouse,Prof-specialty,Husband,White,Male,0,0,50,United-States,0
43,Self-emp-inc,62026,Prof-school,15,Married-civ-spouse,Exec-managerial,Husband,White,Male,99999,0,40,United-States,1
40,Private,259307,Some-college,10,Never-married,Exec-managerial,Not-in-family,White,Male,0,0,50,United-States,0
30,Local-gov,169020,Bachelors,13,Married-civ-spouse,Prof-specialty,Husband,White,Male,0,0,40,United-States,0
42,Self-emp-not-inc,126614,Bachelors,13,Divorced,Exec-managerial,Not-in-family,Other,Male,0,0,30,Other,0
23,Private,162228,Bachelors,13,Never-married,Sales,Not-in-family,White,Male,0,0,48,United-States,0
38,Private,33397,HS-grad,9,Divorced,Sales,Unmarried,White,Female,0,0,40,United-States,0
50,Private,139703,Some-college,10,Married-civ-spouse,Craft-repair,Husband,White,Male,0,0,40,United-States,1
57,Private,226875,7th-8th,4,Married-civ-spouse,Sales,Husband,White,Male,0,0,50,United-States,0
32,Private,268147,Assoc-voc,11,Never-married,Tech-support,Unmarried,White,Female,0,0,60,United-States,0
23,Private,335067,Bachelors,13,Never-married,Sales,Not-in-family,White,Male,0,0,50,United-States,0
53,Private,156612,12th,8,Divorced,Transport-moving,Not-in-family,White,Female,0,0,40,United-States,0
49,Private,93639,Bachelors,13,Married-civ-spouse,Exec-managerial,Wife,White,Female,0,0,43,United-States,0
37,Self-emp-not-inc,126675,HS-grad,9,Married-civ-spouse,Farming-fishing,Husband,White,Male,0,0,60,United-States,1
59,Federal-gov,293971,Some-college,10,Married-civ-spouse,Tech-support,Husband,White,Male,0,0,40,United-States,1
66,Private,115498,Bachelors,13,Married-civ-spouse,Exec-managerial,Husband,White,Male,99999,0,55,Other,1
49,Private,259323,HS-grad,9,Divorced,Craft-repair,Unmarried,White,Male,0,0,40,United-States,0
44,Private,328561,Assoc-voc,11,Married-civ-spouse,Adm-clerical,Other-relative,White,Female,0,0,20,United-States,0
65,Private,174603,Primary,3,Widowed,Machine-op-inspct,Not-in-family,White,Female,0,0,10,Other,0
37,Private,143771,HS-grad,9,Married-civ-spouse,Exec-managerial,Husband,White,Male,0,0,60,United-States,1
35,Private,106967,Masters,14,Never-married,Sales,Not-in-family,White,Female,0,0,40,United-States,0
19,Private,128363,Some-college,10,Never-married,Sales,Own-child,White,Female,0,0,30,United-States,0
44,Self-emp-inc,138991,Some-college,10,Married-civ-spouse,Exec-managerial,Husband,White,Male,0,0,50,United-States,1
52,Self-emp-not-inc,283079,HS-grad,9,Never-married,Prof-specialty,Not-in-family,White,Male,0,0,50,United-States,0
18,Private,180039,12th,8,Never-married,Sales,Own-child,White,Female,0,0,20,United-States,0
41,Private,206139,HS-grad,9,Married-civ-spouse,Sales,Husband,White,Male,0,0,40,United-States,1
42,Self-emp-not-inc,34037,Bachelors,13,Never-married,Farming-fishing,Own-child,White,Male,0,0,35,United-States,0
30,Private,33678,HS-grad,9,Never-married,Sales,Own-child,White,Male,0,0,40,United-States,0
24,Private,206008,Assoc-acdm,12,Never-married,Prof-specialty,Own-child,Black,Male,0,0,20,United-States,0
36,Private,258102,HS-grad,9,Never-married,Handlers-cleaners,Not-in-family,White,Male,0,0,40,United-States,0
50,Private,38795,Bachelors,13,Married-civ-spouse,Prof-specialty,Husband,White,Male,0,0,50,United-States,0
54,Local-gov,34832,Doctorate,16,Married-civ-spouse,Exec-managerial,Husband,White,Male,0,0,60,United-States,1
21,Private,67804,9th,5,Never-married,Machine-op-inspct,Own-child,Black,Male,0,0,20,United-States,0
31,State-gov,110714,Some-college,10,Never-married,Other-service,Own-child,White,Female,0,0,37,United-States,0
24,Private,118657,12th,8,Married-civ-spouse,Machine-op-inspct,Husband,White,Male,0,0,40,United-States,0
33,Private,205950,HS-grad,9,Married-civ-spouse,Craft-repair,Husband,White,Male,0,0,40,United-States,0
34,Private,115066,Some-college,10,Married-civ-spouse,Exec-managerial,Husband,White,Male,0,0,42,United-States,1
42,Private,248356,HS-grad,9,Never-married,Sales,Unmarried,White,Female,0,0,40,United-States,0
49,Self-emp-not-inc,111959,Bachelors,13,Married-civ-spouse,Exec-managerial,Husband,White,Male,0,0,60,Other,1
39,Private,214896,HS-grad,9,Separated,Other-service,Not-in-family,White,Female,0,0,40,Other,0
46,Private,42251,Some-college,10,Married-civ-spouse,Sales,Husband,White,Male,0,0,45,United-States,1
33,Private,139057,Masters,14,Married-civ-spouse,Tech-support,Husband,Asian-Pac-Islander,Male,0,0,50,United-States,1
85,Private,98611,Bachelors,13,Married-civ-spouse,Exec-managerial,Husband,White,Male,0,0,3,Other,0
50,Private,485710,Doctorate,16,Divorced,Prof-specialty,Not-in-family,White,Female,0,0,50,United-States,0
24,Private,381895,11th,7,Divorced,Machine-op-inspct,Unmarried,White,Female,0,0,40,United-States,0
34,Private,60567,11th,7,Divorced,Transport-moving,Unmarried,White,Male,0,880,60,United-States,0
33,Private,182401,10th,6,Never-married,Adm-clerical,Not-in-family,Black,Male,0,0,40,United-States,0
50,Private,302372,Bachelors,13,Married-civ-spouse,Prof-specialty,Husband,White,Male,0,0,40,United-States,0
20,Private,270436,HS-grad,9,Never-married,Machine-op-inspct,Own-child,White,Male,0,0,40,United-States,0
46,Private,42972,Masters,14,Married-civ-spouse,Prof-specialty,Wife,White,Female,0,0,22,United-States,1
40,Private,142657,Assoc-voc,11,Married-civ-spouse,Craft-repair,Husband,Black,Male,0,0,45,United-States,0
54,Private,337992,Bachelors,13,Married-civ-spouse,Exec-managerial,Husband,Asian-Pac-Islander,Male,0,0,50,Other,1
45,Local-gov,119199,Assoc-acdm,12,Divorced,Prof-specialty,Unmarried,White,Female,0,0,48,United-States,0
22,Private,310152,Some-college,10,Never-married,Protective-serv,Not-in-family,White,Male,0,0,40,United-States,0
44,Private,160323,Some-college,10,Married-civ-spouse,Machine-op-inspct,Husband,Black,Male,7688,0,40,United-States,1
34,Private,238588,Some-college,10,Never-married,Other-service,Own-child,Black,Female,0,0,35,United-States,0
21,Private,214399,Some-college,10,Never-married,Other-service,Own-child,White,Female,0,1721,24,United-States,0
41,Local-gov,201520,HS-grad,9,Married-civ-spouse,Protective-serv,Husband,White,Male,0,0,40,United-States,0
41,Private,181020,HS-grad,9,Divorced,Handlers-cleaners,Unmarried,White,Female,0,0,40,United-States,0
40,Private,155972,HS-grad,9,Married-civ-spouse,Exec-managerial,Husband,White,Male,7688,0,55,United-States,1
34,Private,159303,Masters,14,Never-married,Prof-specialty,Own-child,White,Female,0,0,30,United-States,0
37,Private,203079,Bachelors,13,Widowed,Exec-managerial,Not-in-family,White,Female,0,0,55,United-States,0
23,Private,52753,HS-grad,9,Never-married,Machine-op-inspct,Not-in-family,White,Male,0,0,50,United-States,0
39,Private,163205,Bachelors,13,Separated,Prof-specialty,Not-in-family,White,Male,0,0,50,United-States,1
50,Private,175029,Assoc-voc,11,Married-civ-spouse,Prof-specialty,Husband,White,Male,0,0,40,United-States,1
25,Private,29106,Some-college,10,Never-married,Other-service,Own-child,White,Female,0,0,50,United-States,0
38,Federal-gov,213274,Assoc-voc,11,Divorced,Craft-repair,Unmarried,White,Female,6497,0,40,United-States,0
33,Federal-gov,137814,HS-grad,9,Never-married,Other-service,Not-in-family,White,Male,0,0,32,United-States,0
55,Private,119751,Masters,14,Never-married,Exec-managerial,Unmarried,Asian-Pac-Islander,Female,0,0,50,Other,0
22,Federal-gov,104443,Some-college,10,Never-married,Adm-clerical,Own-child,White,Female,0,0,20,United-States,0
21,Private,250939,Some-college,10,Never-married,Machine-op-inspct,Other-relative,White,Male,0,0,35,United-States,0
31,Private,241797,Some-college,10,Divorced,Tech-support,Unmarried,White,Female,0,0,40,United-States,0
41,Private,171234,Some-college,10,Never-married,Machine-op-inspct,Not-in-family,White,Female,0,0,48,United-States,0
56,Local-gov,38573,Assoc-acdm,12,Married-civ-spouse,Tech-support,Husband,White,Male,0,0,45,United-States,1
36,Self-emp-inc,48063,HS-grad,9,Married-civ-spouse,Farming-fishing,Husband,White,Male,0,0,80,United-States,0
39,Private,252445,Masters,14,Married-civ-spouse,Prof-specialty,Husband,White,Male,0,0,45,United-States,1
66,Private,275918,HS-grad,9,Married-civ-spouse,Exec-managerial,Husband,White,Male,10605,0,40,United-States,1
36,Local-gov,173542,HS-grad,9,Divorced,Adm-clerical,Unmarried,White,Female,0,0,40,United-States,0
50,Self-emp-not-inc,165001,Prof-school,15,Married-civ-spouse,Prof-specialty,Husband,White,Male,99999,0,80,United-States,1
35,Private,249456,Bachelors,13,Never-married,Adm-clerical,Own-child,Black,Female,0,0,40,United-States,0
49,Private,220618,HS-grad,9,Divorced,Adm-clerical,Unmarried,Black,Female,0,0,37,United-States,0
49,Private,27898,HS-grad,9,Married-civ-spouse,Exec-managerial,Husband,White,Male,0,1977,55,United-States,1
35,Private,179481,HS-grad,9,Never-married,Transport-moving,Own-child,White,Male,0,0,55,United-States,0
19,Local-gov,223326,Some-college,10,Never-married,Protective-serv,Own-child,White,Male,0,1721,35,United-States,0
28,State-gov,293628,Masters,14,Divorced,Prof-specialty,Not-in-family,White,Male,0,0,10,Other,0
21,Private,457162,Some-college,10,Never-married,Sales,Own-child,Black,Male,0,0,17,United-States,0
24,Private,194630,Bachelors,13,Never-married,Prof-specialty,Not-in-family,White,Male,0,0,35,United-States,0
61,Private,142988,Some-college,10,Married-civ-spouse,Exec-managerial,Husband,White,Male,15024,0,45,United-States,1
63,Private,156120,Primary,3,Never-married,Priv-house-serv,Not-in-family,White,Female,0,0,50,Other,0
31,Private,213339,HS-grad,9,Separated,Tech-support,Not-in-family,White,Female,0,0,40,United-States,0
55,Private,202652,Bachelors,13,Never-married,Exec-managerial,Not-in-family,White,Female,0,0,35,United-States,0
35,Private,116369,HS-grad,9,Never-married,Craft-repair,Not-in-family,White,Male,0,0,40,United-States,0
33,Private,479600,Some-college,10,Never-married,Other-service,Unmarried,Black,Female,0,0,40,United-States,0
21,Private,448026,Some-college,10,Never-married,Protective-serv,Own-child,White,Male,2907,0,30,United-States,0
36,Private,300333,11th,7,Married-civ-spouse,Exec-managerial,Husband,White,Male,0,0,40,Other,0
21,Private,200318,Assoc-acdm,12,Never-married,Sales,Not-in-family,White,Female,0,0,35,United-States,0
33,Private,48520,HS-grad,9,Separated,Handlers-cleaners,Not-in-family,White,Male,0,0,40,United-States,0
32,Private,394708,HS-grad,9,Never-married,Other-service,Unmarried,Black,Male,0,0,40,United-States,0
20,Private,419984,HS-grad,9,Divorced,Other-service,Unmarried,White,Female,0,0,25,United-States,0
35,Federal-gov,104858,Masters,14,Married-civ-spouse,Exec-managerial,Husband,White,Male,0,0,50,United-States,1
52,Private,305090,Some-college,10,Separated,Sales,Other-relative,White,Female,0,0,55,United-States,0
24,Private,314819,Some-college,10,Never-married,Craft-repair,Not-in-family,White,Male,2174,0,40,United-States,0
58,Private,199067,Bachelors,13,Divorced,Exec-managerial,Not-in-family,White,Male,0,0,65,United-States,1
33,Private,54318,HS-grad,9,Married-civ-spouse,Craft-repair,Husband,White,Male,0,0,40,United-States,1
38,State-gov,116975,Some-college,10,Married-civ-spouse,Protective-serv,Husband,White,Male,0,1887,50,United-States,1
28,Local-gov,190911,Some-college,10,Married-civ-spouse,Protective-serv,Husband,White,Male,0,0,40,United-States,1
47,Private,652784,10th,6,Married-civ-spouse,Machine-op-inspct,Husband,White,Male,0,0,40,United-States,0
31,Local-gov,197550,HS-grad,9,Divorced,Prof-specialty,Unmarried,White,Male,0,0,33,United-States,0
67,Private,72776,Some-college,10,Married-civ-spouse,Handlers-cleaners,Husband,White,Male,10566,0,15,United-States,0
28,Local-gov,191088,Bachelors,13,Divorced,Prof-specialty,Not-in-family,White,Female,2354,0,60,United-States,0
32,Private,28984,Some-college,10,Never-married,Other-service,Not-in-family,White,Female,0,2001,25,United-States,0
22,Private,37932,Assoc-acdm,12,Never-married,Exec-managerial,Not-in-family,White,Male,0,0,35,Other,0
26,Private,186463,Some-college,10,Married-civ-spouse,Transport-moving,Husband,White,Male,0,0,40,United-States,0
50,Private,197826,Masters,14,Married-civ-spouse,Tech-support,Husband,White,Male,0,0,40,United-States,0
22,Private,33551,Some-college,10,Never-married,Other-service,Not-in-family,White,Male,0,0,40,United-States,0
47,Private,369438,Some-college,10,Married-civ-spouse,Craft-repair,Husband,Black,Male,0,0,30,United-States,1
24,Private,194630,Bachelors,13,Never-married,Prof-specialty,Not-in-family,White,Male,0,0,35,United-States,0
24,Private,208946,Assoc-voc,11,Never-married,Craft-repair,Not-in-family,White,Male,0,0,40,United-States,0
36,Private,251730,Some-college,10,Never-married,Sales,Not-in-family,White,Male,0,0,50,United-States,0
70,Private,573446,HS-grad,9,Married-civ-spouse,Craft-repair,Husband,White,Male,1455,0,40,United-States,0
21,Local-gov,402230,Some-college,10,Never-married,Adm-clerical,Unmarried,White,Male,0,0,36,United-States,0
41,Self-emp-not-inc,134724,Assoc-voc,11,Married-civ-spouse,Other-service,Wife,White,Female,3103,0,40,United-States,1
50,Private,131819,HS-grad,9,Divorced,Other-service,Not-in-family,White,Female,0,0,40,United-States,0
53,Self-emp-not-inc,174102,Prof-school,15,Divorced,Prof-specialty,Unmarried,White,Male,25236,0,60,United-States,1
38,Local-gov,273457,Some-college,10,Married-civ-spouse,Adm-clerical,Husband,White,Male,0,0,40,United-States,1
23,Private,189203,Some-college,10,Never-married,Other-service,Not-in-family,White,Male,0,0,25,United-States,0
40,Federal-gov,107584,Bachelors,13,Married-civ-spouse,Craft-repair,Husband,White,Male,0,0,40,United-States,1
31,Private,145924,Some-college,10,Divorced,Machine-op-inspct,Unmarried,White,Female,0,0,35,United-States,0
41,Self-emp-not-inc,280005,Some-college,10,Married-civ-spouse,Craft-repair,Husband,White,Male,0,0,50,United-States,0
29,Federal-gov,66893,Bachelors,13,Never-married,Prof-specialty,Not-in-family,White,Male,0,0,40,United-States,0
53,Federal-gov,36186,Bachelors,13,Married-civ-spouse,Exec-managerial,Husband,White,Male,7298,0,40,United-States,1
27,Private,216479,Bachelors,13,Never-married,Sales,Not-in-family,White,Female,0,0,40,United-States,0
40,Private,98466,HS-grad,9,Married-civ-spouse,Craft-repair,Husband,White,Male,0,0,40,United-States,1
53,State-gov,195690,Doctorate,16,Married-civ-spouse,Prof-specialty,Husband,White,Male,0,1902,50,United-States,1
47,Private,54260,Assoc-voc,11,Married-civ-spouse,Exec-managerial,Husband,White,Male,0,1887,60,United-States,1
21,Private,220857,Some-college,10,Never-married,Sales,Own-child,White,Male,0,0,20,United-States,0
18,Private,185522,HS-grad,9,Never-married,Sales,Own-child,White,Female,0,0,33,United-States,0
63,Private,201700,Bachelors,13,Married-civ-spouse,Sales,Husband,White,Male,7298,0,40,United-States,1
56,Private,227972,Masters,14,Married-civ-spouse,Prof-specialty,Husband,White,Male,15024,0,48,Other,1
43,Private,315037,Bachelors,13,Married-civ-spouse,Craft-repair,Husband,White,Male,0,0,45,United-States,1
33,Private,123833,9th,5,Married-civ-spouse,Machine-op-inspct,Husband,White,Male,0,0,40,United-States,0
53,Private,162951,9th,5,Married-civ-spouse,Handlers-cleaners,Husband,White,Male,0,0,41,United-States,1
41,Self-emp-not-inc,54611,HS-grad,9,Married-civ-spouse,Transport-moving,Husband,White,Male,7298,0,50,United-States,1
63,Private,165775,HS-grad,9,Married-civ-spouse,Sales,Husband,White,Male,0,0,21,United-States,0
53,Private,295896,11th,7,Married-civ-spouse,Craft-repair,Husband,White,Male,0,0,45,United-States,0
49,Private,146121,Primary,3,Married-spouse-absent,Machine-op-inspct,Unmarried,Asian-Pac-Islander,Female,0,0,20,Other,0
24,Private,70261,Some-college,10,Never-married,Transport-moving,Own-child,White,Male,0,0,40,United-States,0
50,Private,369367,HS-grad,9,Divorced,Adm-clerical,Unmarried,White,Female,0,0,40,United-States,0
49,Self-emp-not-inc,166003,HS-grad,9,Married-civ-spouse,Other-service,Husband,White,Male,0,0,40,United-States,0
53,Private,53833,Some-college,10,Married-civ-spouse,Transport-moving,Husband,White,Male,0,0,32,United-States,1
41,Private,283174,Bachelors,13,Married-civ-spouse,Craft-repair,Husband,White,Male,99999,0,40,United-States,1
53,Private,56213,Some-college,10,Married-civ-spouse,Exec-managerial,Husband,White,Male,0,0,45,United-States,1
24,Private,100961,HS-grad,9,Never-married,Other-service,Not-in-family,White,Female,0,0,40,United-States,0
35,Private,51700,HS-grad,9,Married-civ-spouse,Transport-moving,Husband,White,Male,0,0,40,United-States,0
29,Private,166220,Bachelors,13,Never-married,Sales,Own-child,White,Female,0,0,50,United-States,0
23,State-gov,186634,Bachelors,13,Never-married,Adm-clerical,Not-in-family,White,Male,0,0,16,United-States,0
35,Local-gov,252217,12th,8,Married-civ-spouse,Farming-fishing,Husband,White,Male,0,0,40,United-States,0
37,Private,232036,Some-college,10,Married-civ-spouse,Craft-repair,Husband,White,Male,0,0,40,United-States,0
42,Private,107563,HS-grad,9,Married-civ-spouse,Transport-moving,Husband,White,Male,0,0,40,United-States,1
39,Private,127573,HS-grad,9,Never-married,Adm-clerical,Not-in-family,White,Female,0,0,40,United-States,0
26,Private,284078,Some-college,10,Never-married,Transport-moving,Not-in-family,White,Male,2354,0,40,United-States,0
37,State-gov,62428,Some-college,10,Never-married,Prof-specialty,Unmarried,Black,Female,0,0,15,United-States,0
23,Private,130959,Some-college,10,Married-civ-spouse,Adm-clerical,Husband,White,Male,0,0,12,United-States,0
37,Private,52870,Bachelors,13,Married-civ-spouse,Exec-managerial,Husband,White,Male,0,0,40,United-States,0
33,Private,392812,Masters,14,Married-civ-spouse,Exec-managerial,Husband,White,Male,0,1977,50,United-States,1
25,Private,108683,Some-college,10,Never-married,Handlers-cleaners,Unmarried,White,Male,0,0,50,United-States,0
41,Private,195821,Doctorate,16,Married-civ-spouse,Exec-managerial,Wife,White,Female,0,1902,40,United-States,1
23,Local-gov,238384,HS-grad,9,Never-married,Adm-clerical,Own-child,White,Female,0,0,40,United-States,0
69,Self-emp-inc,264722,Assoc-acdm,12,Married-civ-spouse,Sales,Husband,White,Male,0,0,40,United-States,1
32,Local-gov,130242,Bachelors,13,Married-civ-spouse,Prof-specialty,Husband,White,Male,0,0,45,United-States,0
43,Private,214781,Some-college,10,Never-married,Adm-clerical,Unmarried,White,Male,0,0,38,United-States,1
58,Private,132704,Bachelors,13,Divorced,Adm-clerical,Not-in-family,White,Male,3325,0,40,United-States,0
31,Private,209101,Bachelors,13,Married-civ-spouse,Exec-managerial,Husband,White,Male,0,0,50,United-States,1
32,Federal-gov,113838,Bachelors,13,Married-civ-spouse,Prof-specialty,Husband,White,Male,0,0,40,United-States,1
41,Private,197372,10th,6,Married-civ-spouse,Transport-moving,Husband,White,Male,0,0,70,United-States,0
36,Private,644278,HS-grad,9,Married-civ-spouse,Craft-repair,Husband,White,Male,0,0,25,United-States,0
18,Private,257421,12th,8,Never-married,Machine-op-inspct,Own-child,Black,Female,0,0,40,United-States,0
22,Private,212803,HS-grad,9,Never-married,Other-service,Not-in-family,White,Female,0,0,40,United-States,0
57,Local-gov,167457,7th-8th,4,Divorced,Exec-managerial,Unmarried,White,Female,0,0,40,United-States,0
48,Federal-gov,71376,Masters,14,Never-married,Exec-managerial,Not-in-family,White,Male,0,0,40,United-States,0
53,Self-emp-not-inc,385520,HS-grad,9,Widowed,Farming-fishing,Unmarried,White,Female,0,0,55,United-States,0
41,Private,29927,Assoc-voc,11,Divorced,Prof-specialty,Unmarried,White,Female,0,0,40,United-States,0
21,Private,278391,HS-grad,9,Never-married,Adm-clerical,Own-child,White,Male,0,0,25,Other,0
30,Private,381030,Some-college,10,Never-married,Craft-repair,Not-in-family,Black,Male,0,0,40,United-States,0
21,Private,174063,Assoc-voc,11,Never-married,Other-service,Own-child,White,Female,0,0,20,United-States,0
21,Private,154235,Some-college,10,Never-married,Sales,Own-child,White,Female,0,0,35,United-States,0
32,Local-gov,210448,Some-college,10,Married-civ-spouse,Craft-repair,Other-relative,White,Male,0,0,40,United-States,0
27,Private,153589,9th,5,Separated,Craft-repair,Not-in-family,White,Male,0,0,40,United-States,0
38,Private,179352,Assoc-acdm,12,Married-spouse-absent,Adm-clerical,Unmarried,White,Female,0,0,40,United-States,0
57,Private,77927,Primary,3,Divorced,Other-service,Not-in-family,Asian-Pac-Islander,Female,0,0,37,United-States,0
29,Private,154236,HS-grad,9,Married-civ-spouse,Machine-op-inspct,Husband,White,Male,4386,0,58,United-States,1
23,Private,197286,Bachelors,13,Never-married,Adm-clerical,Own-child,White,Female,0,0,40,United-States,0
33,Private,301251,HS-grad,9,Married-civ-spouse,Craft-repair,Husband,White,Male,0,0,60,United-States,1
55,Private,200327,HS-grad,9,Married-civ-spouse,Adm-clerical,Wife,White,Female,0,0,18,United-States,0
23,Private,140764,Bachelors,13,Never-married,Sales,Own-child,White,Female,0,1590,40,United-States,0
35,Private,214816,HS-grad,9,Married-civ-spouse,Adm-clerical,Husband,White,Male,0,0,36,United-States,0
41,Private,112763,Some-college,10,Married-civ-spouse,Adm-clerical,Wife,White,Female,0,0,35,United-States,0
39,Private,167482,Some-college,10,Married-civ-spouse,Sales,Husband,White,Male,0,0,40,United-States,0
44,Local-gov,178417,HS-grad,9,Married-civ-spouse,Protective-serv,Own-child,White,Male,0,0,40,United-States,1
22,Private,338162,HS-grad,9,Married-civ-spouse,Machine-op-inspct,Wife,Black,Female,0,0,40,United-States,0
54,Federal-gov,149596,Bachelors,13,Married-civ-spouse,Exec-managerial,Wife,White,Female,0,0,45,United-States,0
41,Private,175883,HS-grad,9,Married-civ-spouse,Transport-moving,Husband,White,Male,0,0,60,United-States,0
21,Private,119673,Some-college,10,Never-married,Other-service,Not-in-family,White,Female,0,0,30,United-States,0
68,State-gov,420526,Masters,14,Widowed,Prof-specialty,Not-in-family,White,Female,0,0,5,United-States,0
48,Private,158685,HS-grad,9,Divorced,Other-service,Not-in-family,White,Female,0,0,16,United-States,0
29,Private,160510,Bachelors,13,Married-civ-spouse,Prof-specialty,Husband,White,Male,0,0,50,Other,1
35,Private,194404,Bachelors,13,Married-civ-spouse,Prof-specialty,Husband,White,Male,0,0,40,United-States,1
26,Private,167350,HS-grad,9,Never-married,Craft-repair,Own-child,White,Male,0,0,35,United-States,0
34,Private,144949,HS-grad,9,Divorced,Handlers-cleaners,Own-child,White,Male,0,0,35,United-States,0
36,Self-emp-inc,141609,Some-college,10,Married-civ-spouse,Prof-specialty,Husband,White,Male,0,0,50,United-States,1
20,Private,314539,HS-grad,9,Never-married,Machine-op-inspct,Own-child,White,Male,0,0,40,United-States,0
43,Federal-gov,136105,HS-grad,9,Married-civ-spouse,Adm-clerical,Wife,Black,Female,0,1848,40,United-States,1
37,Private,117528,HS-grad,9,Divorced,Adm-clerical,Not-in-family,White,Female,0,0,40,United-States,0
57,Private,195820,HS-grad,9,Married-civ-spouse,Machine-op-inspct,Husband,White,Male,0,0,40,United-States,1
57,Private,166107,HS-grad,9,Married-civ-spouse,Adm-clerical,Wife,Asian-Pac-Islander,Female,0,0,40,Other,0
36,Self-emp-not-inc,125933,Some-college,10,Married-civ-spouse,Sales,Husband,White,Male,5178,0,50,United-States,1
58,Private,152874,Some-college,10,Widowed,Other-service,Not-in-family,Black,Female,0,0,40,United-States,0
20,Private,139715,HS-grad,9,Never-married,Craft-repair,Unmarried,Black,Female,0,0,40,United-States,0
26,Private,263444,Assoc-voc,11,Never-married,Tech-support,Not-in-family,White,Male,14344,0,40,United-States,1
42,Private,47012,Bachelors,13,Married-civ-spouse,Transport-moving,Husband,White,Male,0,0,40,United-States,0
28,Private,216013,HS-grad,9,Never-married,Craft-repair,Not-in-family,White,Male,0,0,40,United-States,0
27,Private,213921,Some-college,10,Never-married,Handlers-cleaners,Other-relative,White,Male,0,0,30,Mexico,0
24,Private,112137,Bachelors,13,Never-married,Sales,Own-child,Asian-Pac-Islander,Female,0,0,50,Other,0
52,Private,102828,Bachelors,13,Married-civ-spouse,Exec-managerial,Husband,White,Male,0,0,40,United-States,1
55,Self-emp-not-inc,202652,Assoc-voc,11,Married-civ-spouse,Sales,Wife,White,Female,0,0,30,United-States,0
47,Federal-gov,231797,Bachelors,13,Married-civ-spouse,Exec-managerial,Husband,White,Male,0,1977,55,United-States,1
28,Private,110749,HS-grad,9,Divorced,Exec-managerial,Not-in-family,White,Female,0,0,39,United-States,0
31,Private,173473,Masters,14,Married-civ-spouse,Prof-specialty,Husband,Asian-Pac-Islander,Male,0,0,45,United-States,1
32,Private,101345,Masters,14,Never-married,Prof-specialty,Own-child,White,Female,0,1741,40,United-States,0
20,Private,24008,Some-college,10,Never-married,Prof-specialty,Own-child,White,Male,0,0,40,United-States,0
52,Private,198362,Bachelors,13,Never-married,Sales,Other-relative,White,Female,0,0,25,United-States,0
61,Private,32209,9th,5,Married-civ-spouse,Machine-op-inspct,Husband,White,Male,0,2051,40,United-States,0
46,Private,169711,Some-college,10,Married-civ-spouse,Prof-specialty,Husband,White,Male,0,0,40,United-States,1
53,Local-gov,177063,Some-college,10,Married-civ-spouse,Adm-clerical,Husband,White,Male,0,0,40,United-States,1
35,Private,129573,Bachelors,13,Married-civ-spouse,Sales,Husband,White,Male,15024,0,45,United-States,1
33,Private,102270,HS-grad,9,Married-civ-spouse,Other-service,Wife,White,Female,0,0,30,United-States,0
27,Private,159109,Some-college,10,Never-married,Sales,Own-child,White,Male,0,0,42,United-States,0
47,Private,156926,Bachelors,13,Married-civ-spouse,Prof-specialty,Husband,White,Male,0,0,40,United-States,1
21,Local-gov,176998,HS-grad,9,Never-married,Prof-specialty,Not-in-family,White,Male,0,0,40,United-States,0
47,State-gov,237525,HS-grad,9,Married-civ-spouse,Protective-serv,Husband,White,Male,0,0,40,United-States,0
40,Private,148316,HS-grad,9,Married-civ-spouse,Craft-repair,Husband,White,Male,0,0,40,United-States,0
25,Private,172402,Some-college,10,Never-married,Adm-clerical,Own-child,White,Female,0,0,40,United-States,0
21,Private,57827,HS-grad,9,Widowed,Craft-repair,Own-child,White,Male,0,0,40,United-States,0
42,Private,162884,HS-grad,9,Divorced,Priv-house-serv,Unmarried,White,Female,0,0,60,Other,0
48,Private,310639,Some-college,10,Divorced,Exec-managerial,Not-in-family,White,Male,0,0,50,United-States,0
48,Private,176239,9th,5,Divorced,Other-service,Not-in-family,White,Female,0,0,40,United-States,0
36,Private,321274,Some-college,10,Married-civ-spouse,Craft-repair,Husband,White,Male,0,0,40,United-States,1
30,Private,125228,HS-grad,9,Married-civ-spouse,Sales,Husband,White,Male,0,0,50,United-States,0
57,Private,161642,HS-grad,9,Married-civ-spouse,Exec-managerial,Husband,White,Male,0,0,45,United-States,1
41,Private,192602,Some-college,10,Married-civ-spouse,Craft-repair,Husband,White,Male,0,0,40,United-States,1
24,Self-emp-inc,197496,Bachelors,13,Never-married,Adm-clerical,Own-child,White,Male,0,0,20,United-States,0
23,Private,365881,Bachelors,13,Never-married,Exec-managerial,Not-in-family,White,Male,0,0,25,United-States,0
23,Private,256356,HS-grad,9,Never-married,Adm-clerical,Own-child,White,Female,0,0,40,United-States,0
20,Private,107882,Some-college,10,Never-married,Adm-clerical,Own-child,White,Female,0,0,20,United-States,0
32,Local-gov,194901,Assoc-acdm,12,Married-civ-spouse,Exec-managerial,Husband,White,Male,0,2057,70,United-States,0
33,Private,240441,Some-college,10,Divorced,Craft-repair,Not-in-family,White,Male,0,0,45,United-States,0
25,Private,230403,Bachelors,13,Married-civ-spouse,Other-service,Wife,White,Female,0,0,40,United-States,0
36,Private,186819,Assoc-acdm,12,Married-civ-spouse,Tech-support,Husband,White,Male,0,0,40,United-States,1
27,Private,240172,Some-college,10,Never-married,Sales,Not-in-family,White,Male,0,0,40,United-States,0
25,Private,266668,Some-college,10,Never-married,Exec-managerial,Own-child,White,Male,0,0,20,United-States,0
59,Private,249814,HS-grad,9,Separated,Other-service,Not-in-family,White,Female,0,0,37,United-States,0
48,Private,97470,Some-college,10,Married-civ-spouse,Exec-managerial,Husband,White,Male,0,0,40,United-States,1
58,Private,348430,HS-grad,9,Married-civ-spouse,Craft-repair,Husband,White,Male,0,0,40,United-States,1
29,Private,180115,HS-grad,9,Never-married,Tech-support,Not-in-family,White,Female,0,0,45,United-States,0
19,Self-emp-not-inc,63574,Some-college,10,Never-married,Farming-fishing,Own-child,White,Male,0,0,40,United-States,0
34,Private,230246,HS-grad,9,Never-married,Craft-repair,Not-in-family,White,Male,2202,0,99,United-States,0
24,Private,186648,Assoc-acdm,12,Never-married,Sales,Own-child,White,Male,0,0,25,United-States,0
44,Private,132849,Masters,14,Never-married,Craft-repair,Unmarried,Black,Female,0,0,40,United-States,0
26,Private,104257,HS-grad,9,Never-married,Other-service,Not-in-family,White,Female,0,0,50,United-States,0
51,Local-gov,289390,Masters,14,Married-civ-spouse,Prof-specialty,Husband,White,Male,7298,0,40,United-States,1
32,Private,358655,Masters,14,Divorced,Sales,Not-in-family,White,Female,0,0,50,United-States,1
70,Self-emp-not-inc,355536,HS-grad,9,Married-civ-spouse,Tech-support,Wife,White,Female,0,0,24,United-States,0
35,Private,211440,Assoc-acdm,12,Married-civ-spouse,Prof-specialty,Husband,White,Male,0,0,45,United-States,0
28,Private,25955,Assoc-voc,11,Never-married,Prof-specialty,Unmarried,Amer-Indian-Eskimo,Male,0,0,40,United-States,0
73,Local-gov,222702,10th,6,Married-civ-spouse,Farming-fishing,Husband,White,Male,0,0,5,United-States,0
47,Private,91972,HS-grad,9,Married-civ-spouse,Priv-house-serv,Wife,White,Female,0,0,35,United-States,1
24,Private,307267,Bachelors,13,Never-married,Adm-clerical,Not-in-family,White,Female,0,0,40,United-States,0
53,Federal-gov,172898,Prof-school,15,Married-civ-spouse,Prof-specialty,Husband,White,Male,0,0,60,United-States,1
30,Private,181460,HS-grad,9,Divorced,Other-service,Unmarried,White,Female,0,0,37,United-States,0
40,Local-gov,225660,Bachelors,13,Never-married,Protective-serv,Not-in-family,White,Female,0,0,40,United-States,0
40,Self-emp-not-inc,151960,Some-college,10,Divorced,Craft-repair,Unmarried,White,Female,0,0,38,United-States,0
47,Self-emp-not-inc,185859,HS-grad,9,Married-civ-spouse,Farming-fishing,Husband,White,Male,3103,0,60,United-States,1
41,Private,22419,9th,5,Married-civ-spouse,Exec-managerial,Husband,Amer-Indian-Eskimo,Male,0,0,84,United-States,0
31,Private,48456,Some-college,10,Never-married,Sales,Not-in-family,White,Female,0,0,40,United-States,0
26,Federal-gov,271243,12th,8,Never-married,Adm-clerical,Not-in-family,Black,Male,0,0,40,Other,0
35,Private,306156,HS-grad,9,Married-civ-spouse,Machine-op-inspct,Husband,White,Male,0,0,45,United-States,0
62,Self-emp-not-inc,162245,Bachelors,13,Married-civ-spouse,Prof-specialty,Husband,White,Male,0,0,35,United-States,0
77,Private,148949,10th,6,Married-civ-spouse,Other-service,Husband,Black,Male,3818,0,30,United-States,0
35,Private,166497,Prof-school,15,Married-civ-spouse,Prof-specialty,Husband,White,Male,0,1902,60,United-States,1
63,Private,60459,Some-college,10,Divorced,Adm-clerical,Not-in-family,White,Female,0,0,37,United-States,0
30,Private,175413,HS-grad,9,Never-married,Handlers-cleaners,Own-child,Black,Female,0,0,35,United-States,0
33,Private,93283,Bachelors,13,Never-married,Prof-specialty,Unmarried,White,Male,0,0,40,United-States,0
34,Self-emp-not-inc,264351,HS-grad,9,Married-civ-spouse,Farming-fishing,Husband,White,Male,0,0,40,Mexico,0
59,State-gov,136819,Masters,14,Married-civ-spouse,Prof-specialty,Husband,White,Male,0,0,8,United-States,1
62,Private,291904,HS-grad,9,Divorced,Priv-house-serv,Not-in-family,Black,Female,0,0,20,United-States,0
38,Local-gov,326701,Assoc-acdm,12,Married-civ-spouse,Craft-repair,Husband,Other,Male,0,0,40,United-States,1
20,Private,258730,HS-grad,9,Never-married,Priv-house-serv,Own-child,White,Female,0,0,40,United-States,0
24,Private,190293,Bachelors,13,Never-married,Exec-managerial,Not-in-family,White,Female,0,0,40,United-States,0
37,Private,29660,Assoc-acdm,12,Divorced,Adm-clerical,Not-in-family,White,Female,0,0,40,United-States,0
25,Self-emp-not-inc,195000,Some-college,10,Divorced,Prof-specialty,Not-in-family,White,Female,0,0,40,United-States,0
55,Self-emp-not-inc,218456,Masters,14,Divorced,Exec-managerial,Not-in-family,White,Female,0,0,50,Other,0
45,Private,281574,Some-college,10,Never-married,Exec-managerial,Not-in-family,White,Female,6849,0,43,United-States,0
26,Private,223558,HS-grad,9,Never-married,Tech-support,Unmarried,Amer-Indian-Eskimo,Female,0,0,40,United-States,0
63,Federal-gov,160473,HS-grad,9,Widowed,Adm-clerical,Not-in-family,White,Female,0,0,40,United-States,0
35,Private,180419,HS-grad,9,Never-married,Machine-op-inspct,Not-in-family,White,Male,0,0,40,United-States,0
44,Private,208606,Some-college,10,Married-civ-spouse,Machine-op-inspct,Husband,White,Male,0,0,40,United-States,1
19,Private,165977,Some-college,10,Never-married,Sales,Own-child,White,Female,0,0,25,United-States,0
31,Private,168961,HS-grad,9,Married-civ-spouse,Craft-repair,Husband,Asian-Pac-Islander,Male,0,0,40,United-States,0
35,Private,215503,Bachelors,13,Never-married,Prof-specialty,Own-child,White,Male,0,0,40,Other,0
28,Private,197905,Some-college,10,Widowed,Craft-repair,Own-child,White,Male,0,0,60,United-States,0
48,Self-emp-not-inc,49275,Some-college,10,Married-civ-spouse,Farming-fishing,Husband,White,Male,0,1485,50,United-States,0
46,Private,168191,HS-grad,9,Separated,Craft-repair,Not-in-family,White,Male,0,0,2,Other,0
46,Private,195416,Bachelors,13,Never-married,Prof-specialty,Not-in-family,Black,Female,0,0,44,United-States,1
40,Private,320451,Bachelors,13,Married-civ-spouse,Tech-support,Husband,Asian-Pac-Islander,Male,0,0,40,Other,1
19,Private,78401,HS-grad,9,Never-married,Other-service,Own-child,White,Male,0,0,40,United-States,0
53,Private,217201,HS-grad,9,Married-civ-spouse,Craft-repair,Wife,White,Female,0,0,45,United-States,1
28,Private,398220,Some-college,10,Married-civ-spouse,Machine-op-inspct,Husband,White,Male,0,0,40,Mexico,0
18,Private,155503,11th,7,Never-married,Other-service,Own-child,White,Male,0,0,20,United-States,0
49,Self-emp-not-inc,32825,HS-grad,9,Divorced,Transport-moving,Not-in-family,White,Male,0,0,70,United-States,0
48,Private,165484,Bachelors,13,Separated,Sales,Not-in-family,White,Male,0,0,65,United-States,1
35,Private,151835,Masters,14,Married-civ-spouse,Prof-specialty,Husband,White,Male,99999,0,50,United-States,1
58,Private,84231,10th,6,Married-civ-spouse,Transport-moving,Husband,White,Male,0,0,50,United-States,1
32,Self-emp-not-inc,159322,Some-college,10,Never-married,Craft-repair,Own-child,White,Male,0,1980,80,United-States,0
45,Private,353824,Some-college,10,Married-civ-spouse,Handlers-cleaners,Husband,White,Male,0,0,40,United-States,1
77,Private,133728,7th-8th,4,Married-civ-spouse,Craft-repair,Husband,White,Male,0,0,40,United-States,0
42,Federal-gov,230438,Some-college,10,Married-civ-spouse,Adm-clerical,Husband,White,Male,0,1887,40,United-States,1
28,Private,340269,HS-grad,9,Married-civ-spouse,Craft-repair,Husband,White,Male,3137,0,45,United-States,0
25,Private,192735,HS-grad,9,Separated,Adm-clerical,Not-in-family,White,Female,0,0,70,United-States,0
42,Private,99651,Assoc-acdm,12,Married-civ-spouse,Craft-repair,Husband,White,Male,0,0,55,United-States,0
17,Private,266497,9th,5,Never-married,Handlers-cleaners,Other-relative,White,Male,0,0,40,Mexico,0
24,Private,234663,HS-grad,9,Never-married,Handlers-cleaners,Own-child,White,Male,0,0,60,United-States,0
66,Private,204283,7th-8th,4,Married-civ-spouse,Transport-moving,Husband,Black,Male,0,0,40,United-States,0
39,Private,92143,Assoc-voc,11,Married-civ-spouse,Exec-managerial,Wife,White,Female,7688,0,55,United-States,1
41,Private,184105,HS-grad,9,Married-civ-spouse,Exec-managerial,Husband,White,Male,0,0,55,United-States,1
50,Private,134680,HS-grad,9,Never-married,Other-service,Not-in-family,White,Male,0,0,40,United-States,0
52,Federal-gov,302661,Assoc-acdm,12,Widowed,Exec-managerial,Unmarried,White,Male,13550,0,40,United-States,1
53,Local-gov,294547,Some-college,10,Divorced,Protective-serv,Not-in-family,White,Male,0,0,48,United-States,0
42,Private,388725,Masters,14,Divorced,Sales,Not-in-family,White,Male,0,0,50,United-States,1
53,Self-emp-inc,158294,Assoc-voc,11,Married-civ-spouse,Farming-fishing,Husband,White,Male,99999,0,75,United-States,1
55,Private,322691,Masters,14,Widowed,Exec-managerial,Own-child,White,Male,0,0,62,United-States,1
27,Private,129009,Bachelors,13,Never-married,Exec-managerial,Not-in-family,White,Female,0,0,55,United-States,0
29,Private,204516,Bachelors,13,Divorced,Prof-specialty,Not-in-family,White,Male,0,0,52,United-States,0
44,Private,55395,Assoc-voc,11,Married-civ-spouse,Protective-serv,Husband,White,Male,0,0,40,United-States,0
39,Private,176900,HS-grad,9,Married-civ-spouse,Transport-moving,Husband,White,Male,0,0,60,United-States,1
30,State-gov,123253,Bachelors,13,Married-civ-spouse,Prof-specialty,Husband,White,Male,0,0,45,United-States,0
21,Private,256278,HS-grad,9,Never-married,Other-service,Other-relative,Other,Female,0,0,35,Other,0
39,Private,101782,HS-grad,9,Divorced,Sales,Not-in-family,White,Female,0,0,40,United-States,0
30,Private,234753,Assoc-voc,11,Married-civ-spouse,Exec-managerial,Wife,White,Female,0,0,34,United-States,1
18,Private,303240,HS-grad,9,Never-married,Sales,Own-child,White,Female,0,0,20,United-States,0
17,Private,34465,11th,7,Never-married,Handlers-cleaners,Own-child,White,Male,0,0,32,United-States,0
29,Private,89598,Bachelors,13,Married-civ-spouse,Exec-managerial,Wife,White,Female,0,2057,35,United-States,0
48,Private,44216,Masters,14,Never-married,Adm-clerical,Not-in-family,White,Female,0,0,20,United-States,0
43,Private,176716,Bachelors,13,Married-civ-spouse,Transport-moving,Husband,White,Male,0,0,70,United-States,1
43,Private,212027,Bachelors,13,Divorced,Prof-specialty,Not-in-family,Black,Male,0,0,38,United-States,0
26,Private,316337,Some-college,10,Married-civ-spouse,Machine-op-inspct,Husband,Amer-Indian-Eskimo,Male,0,0,40,United-States,0
30,Private,241844,HS-grad,9,Separated,Handlers-cleaners,Own-child,Black,Male,0,0,40,United-States,0
52,State-gov,21764,Some-college,10,Married-civ-spouse,Exec-managerial,Husband,White,Male,0,0,60,United-States,1
38,Private,131288,Assoc-voc,11,Never-married,Farming-fishing,Not-in-family,White,Male,0,0,50,United-States,0
61,Private,206339,10th,6,Never-married,Transport-moving,Not-in-family,White,Male,0,0,40,United-States,0
23,Private,32732,Some-college,10,Never-married,Machine-op-inspct,Not-in-family,White,Male,0,0,40,United-States,0
34,Self-emp-inc,174789,HS-grad,9,Married-civ-spouse,Sales,Husband,White,Male,0,0,60,United-States,0
24,Private,93977,HS-grad,9,Married-civ-spouse,Machine-op-inspct,Husband,White,Male,0,0,40,United-States,0
54,Private,139127,HS-grad,9,Divorced,Other-service,Not-in-family,White,Female,0,0,40,United-States,0
50,Private,266433,Some-college,10,Divorced,Tech-support,Not-in-family,White,Female,0,0,40,United-States,0
60,Local-gov,227311,10th,6,Divorced,Adm-clerical,Unmarried,White,Female,0,0,40,United-States,0
42,Private,112451,HS-grad,9,Never-married,Other-service,Not-in-family,Amer-Indian-Eskimo,Male,0,0,40,United-States,0
54,Private,199392,Primary,3,Divorced,Machine-op-inspct,Other-relative,White,Female,0,0,40,Other,0
19,Private,311015,HS-grad,9,Never-married,Other-service,Not-in-family,White,Male,0,0,40,United-States,0
34,Self-emp-inc,223267,HS-grad,9,Married-civ-spouse,Craft-repair,Husband,White,Male,2829,0,78,United-States,0
45,Self-emp-not-inc,127948,Bachelors,13,Married-civ-spouse,Exec-managerial,Husband,White,Male,0,0,40,United-States,0
37,Federal-gov,127879,Some-college,10,Never-married,Exec-managerial,Own-child,Black,Female,0,0,40,United-States,0
46,Self-emp-not-inc,311231,HS-grad,9,Married-civ-spouse,Farming-fishing,Husband,White,Male,0,0,40,United-States,0
37,Private,95551,Some-college,10,Divorced,Sales,Not-in-family,White,Female,0,0,45,United-States,0
54,Local-gov,68015,Masters,14,Married-civ-spouse,Prof-specialty,Husband,White,Male,0,0,45,United-States,1
90,Self-emp-not-inc,83601,Prof-school,15,Widowed,Prof-specialty,Not-in-family,White,Male,1086,0,60,United-States,0
19,Private,311974,HS-grad,9,Never-married,Machine-op-inspct,Own-child,White,Male,0,0,40,Mexico,0
48,Private,77404,Some-college,10,Married-civ-spouse,Exec-managerial,Husband,White,Male,0,0,60,United-States,1
59,Private,153484,Some-college,10,Married-civ-spouse,Craft-repair,Husband,White,Male,0,0,40,United-States,1
39,Private,187693,Assoc-voc,11,Married-civ-spouse,Exec-managerial,Husband,White,Male,0,0,45,United-States,1
56,Private,116878,Primary,3,Married-civ-spouse,Machine-op-inspct,Husband,White,Male,0,0,40,Other,1
47,Private,177087,HS-grad,9,Widowed,Exec-managerial,Not-in-family,White,Female,0,2444,50,United-States,1
38,Private,61343,9th,5,Married-civ-spouse,Craft-repair,Husband,White,Male,0,0,40,United-States,0
32,Private,352542,HS-grad,9,Divorced,Adm-clerical,Unmarried,White,Female,0,0,40,United-States,0
61,Local-gov,205711,HS-grad,9,Married-civ-spouse,Prof-specialty,Husband,White,Male,0,0,30,United-States,1
39,Self-emp-not-inc,36989,Assoc-voc,11,Married-civ-spouse,Transport-moving,Husband,White,Male,0,0,70,United-States,1
32,Private,127895,HS-grad,9,Never-married,Machine-op-inspct,Own-child,Black,Female,0,0,40,United-States,0
52,Private,260954,10th,6,Widowed,Machine-op-inspct,Unmarried,Black,Female,0,0,40,United-States,0
18,Private,88440,HS-grad,9,Married-civ-spouse,Sales,Wife,White,Female,0,0,36,United-States,0
33,Self-emp-not-inc,183778,Assoc-acdm,12,Divorced,Sales,Not-in-family,White,Male,0,0,40,United-States,0
81,Private,176500,12th,8,Widowed,Sales,Not-in-family,White,Female,0,0,30,United-States,0
30,Private,269723,Some-college,10,Never-married,Sales,Not-in-family,White,Female,0,0,45,United-States,0
46,Private,158825,HS-grad,9,Divorced,Craft-repair,Not-in-family,White,Female,14344,0,40,United-States,1
30,Private,328734,10th,6,Never-married,Machine-op-inspct,Unmarried,White,Female,0,0,40,United-States,0
26,Private,100125,Assoc-acdm,12,Divorced,Transport-moving,Unmarried,White,Female,0,0,30,United-States,0
36,Private,116445,HS-grad,9,Divorced,Machine-op-inspct,Own-child,White,Male,0,0,40,United-States,0
29,Private,266583,HS-grad,9,Married-civ-spouse,Sales,Husband,Black,Male,2829,0,38,United-States,0
62,Private,235997,12th,8,Widowed,Adm-clerical,Unmarried,White,Female,0,0,37,Mexico,0
20,Private,59948,HS-grad,9,Never-married,Other-service,Own-child,Black,Female,0,0,18,United-States,0
23,Private,186006,HS-grad,9,Never-married,Other-service,Unmarried,White,Female,0,0,37,United-States,0
50,Private,178946,Masters,14,Married-civ-spouse,Prof-specialty,Husband,White,Male,0,0,50,United-States,1
33,Private,92003,HS-grad,9,Married-civ-spouse,Adm-clerical,Wife,White,Female,0,0,40,United-States,0
40,Self-emp-inc,214781,Some-college,10,Married-civ-spouse,Exec-managerial,Husband,White,Male,7298,0,65,United-States,1
54,Private,32454,HS-grad,9,Married-civ-spouse,Transport-moving,Husband,White,Male,0,0,60,United-States,1
46,Private,123681,Doctorate,16,Divorced,Prof-specialty,Not-in-family,White,Male,0,0,40,United-States,0
77,Local-gov,100883,7th-8th,4,Married-civ-spouse,Other-service,Husband,White,Male,0,0,8,Other,0
34,Private,117963,HS-grad,9,Never-married,Craft-repair,Own-child,White,Male,0,0,45,United-States,0
45,Private,160440,HS-grad,9,Married-civ-spouse,Sales,Husband,White,Male,0,0,55,United-States,1
24,Private,232328,9th,5,Divorced,Other-service,Own-child,White,Female,0,0,35,United-States,0
28,Private,102142,Some-college,10,Never-married,Tech-support,Not-in-family,White,Male,0,0,40,United-States,0
27,Local-gov,131310,Some-college,10,Married-civ-spouse,Adm-clerical,Own-child,White,Female,0,0,40,United-States,0
58,Private,195878,Primary,3,Married-civ-spouse,Farming-fishing,Husband,White,Male,0,0,40,Mexico,0
34,Private,217652,12th,8,Divorced,Machine-op-inspct,Own-child,White,Female,0,0,40,United-States,0
19,Private,188669,HS-grad,9,Never-married,Sales,Own-child,White,Female,0,0,30,United-States,0
45,Self-emp-not-inc,39986,HS-grad,9,Married-civ-spouse,Farming-fishing,Husband,White,Male,0,1740,56,United-States,0
32,Private,93283,Assoc-voc,11,Never-married,Other-service,Not-in-family,White,Male,0,0,40,United-States,0
21,Local-gov,391936,Some-college,10,Never-married,Prof-specialty,Own-child,White,Female,0,0,25,United-States,0
42,Private,150568,Some-college,10,Divorced,Exec-managerial,Unmarried,White,Female,0,0,45,United-States,0
63,Private,75813,Prof-school,15,Married-civ-spouse,Prof-specialty,Husband,White,Male,99999,0,60,United-States,1
41,Private,127314,HS-grad,9,Married-civ-spouse,Craft-repair,Husband,White,Male,5178,0,40,United-States,1
29,Private,53147,HS-grad,9,Never-married,Adm-clerical,Not-in-family,Black,Male,0,0,37,United-States,0
33,Private,112305,Assoc-voc,11,Never-married,Other-service,Unmarried,White,Female,0,0,10,United-States,0
27,Private,215423,Bachelors,13,Divorced,Adm-clerical,Unmarried,White,Female,0,0,16,United-States,0
17,Private,171461,10th,6,Never-married,Sales,Own-child,White,Female,0,0,14,United-States,0
45,Local-gov,375606,Bachelors,13,Married-civ-spouse,Exec-managerial,Husband,White,Male,0,0,40,United-States,1
23,Private,129345,Some-college,10,Never-married,Other-service,Not-in-family,White,Male,0,0,50,United-States,0
61,Private,160143,HS-grad,9,Married-civ-spouse,Sales,Husband,White,Male,15024,0,45,United-States,1
54,Private,240358,Masters,14,Married-civ-spouse,Exec-managerial,Husband,Black,Male,0,0,40,Other,0
49,Federal-gov,276309,Some-college,10,Divorced,Exec-managerial,Not-in-family,White,Male,0,0,40,United-States,0
30,Private,235109,Assoc-voc,11,Divorced,Adm-clerical,Unmarried,White,Female,0,0,40,United-States,0
27,Private,321456,Some-college,10,Never-married,Other-service,Own-child,White,Male,0,0,10,Other,0
38,Private,332154,Bachelors,13,Married-civ-spouse,Exec-managerial,Husband,Asian-Pac-Islander,Male,0,0,60,United-States,1
49,Private,182313,HS-grad,9,Divorced,Handlers-cleaners,Not-in-family,White,Male,0,0,40,United-States,0
50,Private,194580,HS-grad,9,Married-civ-spouse,Sales,Husband,White,Male,0,0,60,United-States,1
37,State-gov,224700,Assoc-voc,11,Divorced,Protective-serv,Unmarried,Black,Male,0,0,40,United-States,0
24,Private,271379,Some-college,10,Never-married,Sales,Not-in-family,White,Female,0,0,25,United-States,0
40,Private,421837,Some-college,10,Married-civ-spouse,Prof-specialty,Husband,White,Male,0,0,40,United-States,0
32,Self-emp-inc,144949,Bachelors,13,Married-civ-spouse,Sales,Husband,White,Male,0,0,70,United-States,1
33,Self-emp-inc,184245,HS-grad,9,Married-civ-spouse,Exec-managerial,Husband,White,Male,0,0,50,Mexico,1
21,Private,153209,Some-college,10,Married-civ-spouse,Machine-op-inspct,Husband,White,Male,0,0,40,United-States,0
36,Private,161141,Masters,14,Married-civ-spouse,Prof-specialty,Husband,White,Male,0,0,50,United-States,1
23,Private,335067,Bachelors,13,Never-married,Prof-specialty,Not-in-family,White,Male,0,0,30,United-States,0
27,Private,179681,Assoc-voc,11,Married-spouse-absent,Tech-support,Own-child,White,Female,0,0,40,United-States,0
62,Self-emp-inc,164616,Doctorate,16,Married-civ-spouse,Prof-specialty,Husband,White,Male,15024,0,45,United-States,1
37,Self-emp-not-inc,114719,Prof-school,15,Married-civ-spouse,Prof-specialty,Husband,White,Male,15024,0,60,United-States,1
46,Private,102852,7th-8th,4,Divorced,Other-service,Not-in-family,White,Female,0,0,40,United-States,0
46,Local-gov,192235,11th,7,Married-civ-spouse,Handlers-cleaners,Husband,Black,Male,0,0,40,United-States,0
22,Private,221694,Some-college,10,Never-married,Protective-serv,Not-in-family,White,Male,0,0,60,United-States,0
55,Private,188382,Some-college,10,Married-civ-spouse,Machine-op-inspct,Husband,White,Male,0,0,48,United-States,1
44,Private,34218,Bachelors,13,Divorced,Prof-specialty,Not-in-family,White,Male,0,0,45,United-States,0
57,Private,133201,7th-8th,4,Divorced,Craft-repair,Unmarried,White,Male,0,1408,40,Other,0
19,Private,210509,Some-college,10,Never-married,Adm-clerical,Own-child,White,Female,0,0,30,United-States,0
32,Private,164519,Bachelors,13,Never-married,Prof-specialty,Not-in-family,White,Male,0,0,55,United-States,0
45,Self-emp-not-inc,180680,11th,7,Married-civ-spouse,Craft-repair,Husband,White,Male,0,0,35,United-States,0
57,Self-emp-not-inc,258121,Bachelors,13,Married-civ-spouse,Exec-managerial,Husband,White,Male,0,0,50,United-States,0
56,Private,242782,HS-grad,9,Widowed,Sales,Not-in-family,White,Female,0,0,44,United-States,0
49,Private,178160,Assoc-acdm,12,Widowed,Sales,Not-in-family,White,Female,0,0,40,Other,0
71,Private,124901,HS-grad,9,Married-civ-spouse,Sales,Husband,White,Male,0,0,50,United-States,0
64,Private,73413,HS-grad,9,Married-civ-spouse,Sales,Husband,White,Male,0,0,50,United-States,0
43,Self-emp-inc,677398,Bachelors,13,Married-civ-spouse,Sales,Husband,White,Male,0,0,45,United-States,1
37,Local-gov,156261,Masters,14,Married-civ-spouse,Prof-specialty,Wife,White,Female,0,0,50,United-States,1
39,Self-emp-not-inc,245361,Some-college,10,Never-married,Prof-specialty,Own-child,White,Female,0,0,10,United-States,0
34,Private,156266,11th,7,Married-civ-spouse,Farming-fishing,Husband,Amer-Indian-Eskimo,Male,0,0,60,United-States,0
18,Private,131414,HS-grad,9,Never-married,Other-service,Own-child,White,Female,0,0,40,United-States,0
28,Private,216479,Bachelors,13,Never-married,Adm-clerical,Not-in-family,White,Female,0,0,40,United-States,0
33,Private,236379,Assoc-voc,11,Married-civ-spouse,Craft-repair,Husband,White,Male,0,0,45,United-States,1
30,State-gov,127610,Assoc-voc,11,Never-married,Prof-specialty,Not-in-family,White,Female,0,0,40,United-States,0
24,Local-gov,234108,Some-college,10,Never-married,Protective-serv,Not-in-family,White,Male,0,0,40,United-States,0
46,Local-gov,88564,Some-college,10,Married-civ-spouse,Handlers-cleaners,Husband,White,Male,0,0,40,United-States,0
23,Self-emp-not-inc,121407,HS-grad,9,Never-married,Handlers-cleaners,Own-child,White,Female,0,0,35,United-States,0
26,Private,63234,Bachelors,13,Married-civ-spouse,Tech-support,Wife,White,Female,4508,0,12,United-States,0
26,State-gov,291586,HS-grad,9,Divorced,Transport-moving,Unmarried,White,Male,0,0,40,United-States,0
77,Self-emp-not-inc,184046,Bachelors,13,Widowed,Prof-specialty,Not-in-family,White,Female,0,0,20,United-States,0
49,Self-emp-inc,83444,Bachelors,13,Married-civ-spouse,Sales,Husband,White,Male,0,0,85,United-States,1
22,Private,238917,11th,7,Never-married,Craft-repair,Unmarried,White,Male,0,0,40,Other,0
36,Private,126896,Some-college,10,Divorced,Exec-managerial,Unmarried,White,Female,0,0,35,United-States,0
21,Private,100345,HS-grad,9,Never-married,Machine-op-inspct,Own-child,White,Male,0,0,40,United-States,0
28,State-gov,187746,Bachelors,13,Never-married,Prof-specialty,Not-in-family,White,Female,0,1669,40,United-States,0
30,Local-gov,210926,9th,5,Divorced,Farming-fishing,Unmarried,White,Female,0,0,40,Mexico,0
25,Private,156163,Some-college,10,Never-married,Adm-clerical,Own-child,Black,Female,0,0,40,Other,0
43,Local-gov,180572,Bachelors,13,Never-married,Prof-specialty,Not-in-family,White,Female,0,0,40,United-States,1
44,Self-emp-not-inc,55844,Bachelors,13,Married-civ-spouse,Sales,Husband,White,Male,0,0,45,United-States,1
28,State-gov,266855,Bachelors,13,Married-civ-spouse,Protective-serv,Husband,White,Male,0,0,50,United-States,1
67,Self-emp-inc,22313,Some-college,10,Married-civ-spouse,Sales,Husband,White,Male,20051,0,40,United-States,1
33,Private,236481,Bachelors,13,Never-married,Prof-specialty,Not-in-family,Asian-Pac-Islander,Male,0,0,10,Other,0
31,Private,270889,HS-grad,9,Never-married,Transport-moving,Not-in-family,White,Male,0,0,40,United-States,0
29,Private,359155,HS-grad,9,Separated,Transport-moving,Unmarried,White,Female,0,0,30,United-States,0
37,Private,112512,Assoc-voc,11,Never-married,Prof-specialty,Not-in-family,White,Female,0,0,48,United-States,1
52,Private,155759,Some-college,10,Never-married,Machine-op-inspct,Not-in-family,White,Male,0,0,40,United-States,0
35,Private,191103,HS-grad,9,Married-civ-spouse,Sales,Husband,White,Male,0,0,40,United-States,0
59,Local-gov,251890,10th,6,Widowed,Other-service,Not-in-family,White,Female,0,0,25,Other,0
50,State-gov,263200,Assoc-voc,11,Divorced,Adm-clerical,Unmarried,White,Female,0,0,40,Other,0
57,Federal-gov,47534,Masters,14,Divorced,Exec-managerial,Not-in-family,White,Female,0,0,60,United-States,1
36,Private,274106,HS-grad,9,Married-civ-spouse,Machine-op-inspct,Husband,White,Male,0,0,45,Mexico,0
19,Self-emp-not-inc,215493,HS-grad,9,Never-married,Tech-support,Own-child,White,Male,0,0,20,United-States,0
44,Self-emp-not-inc,96921,Some-college,10,Never-married,Adm-clerical,Not-in-family,White,Female,0,0,45,United-States,0
55,Private,70439,Masters,14,Married-civ-spouse,Prof-specialty,Husband,White,Male,0,0,25,United-States,1
30,Private,184290,Bachelors,13,Never-married,Sales,Not-in-family,White,Male,0,0,55,United-States,0
23,Local-gov,237498,HS-grad,9,Never-married,Protective-serv,Not-in-family,White,Male,0,0,45,United-States,0
35,Private,251091,Masters,14,Married-civ-spouse,Adm-clerical,Husband,White,Male,0,0,38,Other,0
37,Self-emp-not-inc,98941,Prof-school,15,Married-civ-spouse,Prof-specialty,Husband,White,Male,7688,0,50,United-States,1
46,Self-emp-not-inc,97176,Some-college,10,Married-civ-spouse,Exec-managerial,Wife,White,Female,0,0,50,United-States,0
28,Private,230503,Some-college,10,Never-married,Tech-support,Unmarried,White,Female,0,0,40,United-States,0
30,State-gov,119197,Masters,14,Divorced,Prof-specialty,Not-in-family,Amer-Indian-Eskimo,Male,0,0,50,United-States,0
50,Private,166368,HS-grad,9,Married-civ-spouse,Machine-op-inspct,Husband,White,Male,0,0,40,United-States,0
39,Private,172186,Some-college,10,Married-civ-spouse,Exec-managerial,Husband,White,Male,0,0,40,United-States,1
19,Private,163072,Some-college,10,Never-married,Sales,Own-child,White,Female,0,0,34,United-States,0
36,Private,228652,Some-college,10,Divorced,Machine-op-inspct,Own-child,Other,Male,0,0,40,Mexico,0
31,Private,241880,Assoc-voc,11,Never-married,Adm-clerical,Not-in-family,Black,Male,0,0,45,United-States,0
26,State-gov,92795,Prof-school,15,Never-married,Prof-specialty,Not-in-family,White,Female,0,0,80,United-States,0
64,Private,101077,Prof-school,15,Widowed,Prof-specialty,Not-in-family,White,Female,0,2444,40,United-States,1
26,Private,200318,10th,6,Married-civ-spouse,Handlers-cleaners,Husband,White,Male,0,0,38,United-States,0
34,Self-emp-inc,337995,Bachelors,13,Divorced,Exec-managerial,Unmarried,Black,Male,15020,0,50,United-States,1
54,Private,64421,Some-college,10,Widowed,Tech-support,Unmarried,White,Female,0,0,40,United-States,0
36,Private,138088,HS-grad,9,Married-civ-spouse,Craft-repair,Husband,White,Male,0,0,45,United-States,0
53,Private,132304,Some-college,10,Divorced,Adm-clerical,Other-relative,White,Female,0,0,40,United-States,0
43,Private,150519,Some-college,10,Married-civ-spouse,Prof-specialty,Husband,White,Male,0,0,40,United-States,1
39,Private,181983,Doctorate,16,Divorced,Exec-managerial,Not-in-family,White,Female,0,2559,60,Other,1
38,Local-gov,196673,Bachelors,13,Married-civ-spouse,Prof-specialty,Wife,White,Female,0,0,55,United-States,0
29,Private,201954,Assoc-voc,11,Married-civ-spouse,Machine-op-inspct,Husband,White,Male,0,0,40,Other,0
50,Private,154043,HS-grad,9,Widowed,Adm-clerical,Other-relative,Black,Female,0,0,40,United-States,0
34,Private,113129,Assoc-acdm,12,Married-civ-spouse,Sales,Husband,White,Male,0,0,38,United-States,1
29,Private,121040,Assoc-voc,11,Separated,Adm-clerical,Unmarried,Black,Female,0,0,40,United-States,0
42,Private,152889,7th-8th,4,Married-civ-spouse,Craft-repair,Husband,White,Male,4386,0,50,United-States,1
38,Private,348960,HS-grad,9,Divorced,Craft-repair,Not-in-family,White,Male,0,0,41,United-States,0
29,Private,166320,Bachelors,13,Married-civ-spouse,Prof-specialty,Husband,White,Male,0,0,50,United-States,1
35,Federal-gov,191480,Bachelors,13,Married-spouse-absent,Exec-managerial,Not-in-family,Black,Male,0,0,40,United-States,0
23,Private,254025,Some-college,10,Never-married,Exec-managerial,Own-child,White,Male,0,0,45,United-States,0
22,Private,257017,Assoc-voc,11,Never-married,Other-service,Other-relative,Black,Male,0,0,52,United-States,0
33,Local-gov,66278,Masters,14,Never-married,Prof-specialty,Not-in-family,White,Female,0,0,45,United-States,0
29,Private,245402,11th,7,Divorced,Other-service,Not-in-family,White,Female,0,0,70,United-States,0
32,Self-emp-not-inc,220740,HS-grad,9,Never-married,Craft-repair,Own-child,White,Male,0,0,60,United-States,0
49,Private,61885,Assoc-acdm,12,Married-civ-spouse,Sales,Husband,White,Male,0,0,45,United-States,1
34,Private,617917,Bachelors,13,Married-civ-spouse,Sales,Husband,White,Male,0,1887,40,United-States,1
28,Private,166634,HS-grad,9,Never-married,Adm-clerical,Own-child,Amer-Indian-Eskimo,Female,0,0,40,United-States,0
46,Private,151107,Some-college,10,Married-civ-spouse,Sales,Husband,Black,Male,0,1977,60,United-States,1
18,Private,261714,Some-college,10,Never-married,Sales,Own-child,White,Female,0,0,15,United-States,0
50,Self-emp-not-inc,143535,Masters,14,Married-civ-spouse,Prof-specialty,Husband,White,Male,0,0,40,United-States,0
57,Self-emp-not-inc,181435,11th,7,Divorced,Other-service,Unmarried,White,Male,4650,0,50,United-States,0
44,Private,344060,Bachelors,13,Never-married,Prof-specialty,Not-in-family,White,Male,27828,0,40,United-States,1
21,Private,183789,HS-grad,9,Never-married,Other-service,Own-child,White,Male,0,0,40,United-States,0
24,Private,198349,11th,7,Never-married,Sales,Own-child,White,Female,0,0,30,United-States,0
52,Private,95329,Bachelors,13,Married-civ-spouse,Machine-op-inspct,Husband,White,Male,0,0,40,Other,0
43,Self-emp-not-inc,61287,Bachelors,13,Married-civ-spouse,Exec-managerial,Husband,White,Male,0,0,60,United-States,0
69,Private,271312,HS-grad,9,Widowed,Adm-clerical,Not-in-family,White,Female,0,0,40,United-States,0
23,State-gov,191165,Some-college,10,Never-married,Protective-serv,Not-in-family,White,Male,0,0,15,United-States,0
42,State-gov,200294,Bachelors,13,Divorced,Prof-specialty,Unmarried,White,Female,0,0,40,United-States,0
53,Private,177063,Some-college,10,Married-civ-spouse,Sales,Husband,White,Male,0,0,45,United-States,1
28,Private,113866,HS-grad,9,Divorced,Adm-clerical,Unmarried,White,Female,0,0,40,United-States,0
57,Private,201159,HS-grad,9,Widowed,Sales,Not-in-family,White,Female,0,0,30,United-States,0
55,Private,200453,Some-college,10,Married-civ-spouse,Tech-support,Husband,White,Male,0,0,40,United-States,0
60,Private,248160,HS-grad,9,Married-civ-spouse,Farming-fishing,Husband,White,Male,0,0,40,United-States,0
44,Private,204314,HS-grad,9,Married-civ-spouse,Other-service,Wife,Black,Female,0,0,38,United-States,1
60,Private,108969,10th,6,Married-civ-spouse,Craft-repair,Husband,White,Male,0,0,50,United-States,0
40,Private,339814,Some-college,10,Married-civ-spouse,Exec-managerial,Husband,White,Male,0,0,40,United-States,1
60,Private,169408,Bachelors,13,Married-civ-spouse,Exec-managerial,Husband,White,Male,7298,0,40,United-States,1
31,Private,175778,Assoc-acdm,12,Never-married,Adm-clerical,Not-in-family,White,Female,0,0,40,United-States,0
28,Private,68393,HS-grad,9,Never-married,Other-service,Not-in-family,White,Female,0,0,46,United-States,0
48,Private,203576,Some-college,10,Married-civ-spouse,Craft-repair,Husband,White,Male,0,0,40,United-States,1
44,Private,245333,Assoc-voc,11,Never-married,Prof-specialty,Not-in-family,Black,Male,0,0,40,United-States,0
38,Private,29874,Bachelors,13,Never-married,Sales,Not-in-family,White,Male,0,0,48,United-States,1
58,Private,163150,HS-grad,9,Widowed,Priv-house-serv,Not-in-family,White,Female,0,0,28,United-States,0
23,State-gov,340605,Bachelors,13,Never-married,Adm-clerical,Not-in-family,White,Female,0,0,12,United-States,0
39,Private,145933,Bachelors,13,Married-civ-spouse,Craft-repair,Husband,White,Male,15024,0,55,United-States,1
52,Private,128814,Some-college,10,Divorced,Other-service,Unmarried,White,Female,0,0,50,United-States,0
37,Private,168941,Masters,14,Married-civ-spouse,Exec-managerial,Husband,White,Male,0,0,55,United-States,1
24,Private,479296,9th,5,Never-married,Sales,Own-child,White,Male,0,0,48,United-States,0
33,Private,183887,HS-grad,9,Married-civ-spouse,Craft-repair,Husband,Black,Male,0,1902,46,United-States,1
27,State-gov,222506,Bachelors,13,Never-married,Prof-specialty,Not-in-family,Black,Female,0,0,60,United-States,0
39,Private,148485,Some-college,10,Married-civ-spouse,Craft-repair,Husband,White,Male,0,0,50,United-States,0
48,Private,103648,Assoc-voc,11,Divorced,Tech-support,Unmarried,White,Female,0,0,41,United-States,0
50,Self-emp-inc,171338,Masters,14,Married-civ-spouse,Sales,Husband,White,Male,15024,0,40,United-States,1
42,Private,198282,HS-grad,9,Married-civ-spouse,Other-service,Husband,White,Male,0,0,40,United-States,0
29,Private,410351,Assoc-acdm,12,Married-civ-spouse,Craft-repair,Husband,White,Male,0,0,43,United-States,0
52,Private,163948,9th,5,Married-civ-spouse,Farming-fishing,Husband,White,Male,0,0,60,United-States,1
32,Private,97359,HS-grad,9,Never-married,Craft-repair,Own-child,White,Male,0,0,40,United-States,0
42,Private,155899,Assoc-acdm,12,Married-civ-spouse,Sales,Husband,White,Male,0,0,45,United-States,0
41,Self-emp-inc,153078,HS-grad,9,Married-civ-spouse,Exec-managerial,Husband,Asian-Pac-Islander,Male,0,1887,70,Other,1
38,Private,20308,HS-grad,9,Married-civ-spouse,Adm-clerical,Husband,White,Male,0,0,40,United-States,1
47,Private,154117,HS-grad,9,Separated,Craft-repair,Other-relative,White,Female,0,0,40,United-States,0
35,Private,185084,HS-grad,9,Married-civ-spouse,Handlers-cleaners,Husband,White,Male,0,0,48,United-States,1
30,Private,181372,Bachelors,13,Married-civ-spouse,Prof-specialty,Wife,White,Female,0,0,40,United-States,1
39,Private,112077,HS-grad,9,Married-civ-spouse,Craft-repair,Husband,White,Male,0,0,40,United-States,0
32,Private,72591,HS-grad,9,Married-civ-spouse,Craft-repair,Husband,White,Male,0,0,40,United-States,0
33,Private,119017,Some-college,10,Divorced,Adm-clerical,Unmarried,White,Female,0,0,50,United-States,0
32,Private,335569,HS-grad,9,Married-civ-spouse,Craft-repair,Husband,White,Male,0,0,40,United-States,0
40,Private,110732,HS-grad,9,Never-married,Adm-clerical,Own-child,White,Female,0,0,50,United-States,0
38,Private,402522,Primary,2,Divorced,Farming-fishing,Unmarried,White,Male,0,0,40,Other,0
21,Private,415755,Some-college,10,Never-married,Other-service,Own-child,White,Male,0,0,40,United-States,0
21,Private,95918,Some-college,10,Never-married,Adm-clerical,Own-child,White,Male,0,0,43,Other,0
57,Private,106910,HS-grad,9,Divorced,Adm-clerical,Unmarried,Asian-Pac-Islander,Female,0,0,40,United-States,0
37,Private,261241,Some-college,10,Married-civ-spouse,Tech-support,Husband,White,Male,0,1485,50,United-States,0
35,Private,188243,HS-grad,9,Divorced,Machine-op-inspct,Unmarried,White,Female,0,0,48,United-States,0
35,Private,105994,11th,7,Never-married,Machine-op-inspct,Not-in-family,White,Female,0,0,40,United-States,0
30,Private,26252,Assoc-acdm,12,Never-married,Adm-clerical,Unmarried,Amer-Indian-Eskimo,Female,0,0,40,United-States,0
58,Private,105363,HS-grad,9,Married-civ-spouse,Machine-op-inspct,Husband,White,Male,0,0,40,Other,0
27,Local-gov,100817,Bachelors,13,Married-civ-spouse,Prof-specialty,Wife,Amer-Indian-Eskimo,Female,0,0,40,United-States,0
31,Private,144990,HS-grad,9,Married-spouse-absent,Machine-op-inspct,Unmarried,Black,Female,0,0,40,United-States,0
52,Private,242517,HS-grad,9,Married-civ-spouse,Adm-clerical,Wife,White,Female,7688,0,40,United-States,1
47,Self-emp-not-inc,294671,HS-grad,9,Married-civ-spouse,Sales,Husband,White,Male,0,0,55,United-States,1
39,Private,368586,HS-grad,9,Divorced,Transport-moving,Not-in-family,White,Female,0,0,37,Other,0
30,Private,215808,HS-grad,9,Separated,Handlers-cleaners,Not-in-family,White,Male,0,0,60,United-States,0
45,Private,165822,Bachelors,13,Married-civ-spouse,Exec-managerial,Husband,White,Male,0,0,50,United-States,1
32,Private,253890,HS-grad,9,Married-civ-spouse,Craft-repair,Husband,White,Male,0,0,40,United-States,0
41,Private,470486,Primary,2,Married-spouse-absent,Handlers-cleaners,Unmarried,White,Male,0,1719,40,Mexico,0
18,Private,166224,HS-grad,9,Never-married,Other-service,Own-child,White,Female,0,0,20,United-States,0
49,Private,213897,Bachelors,13,Married-civ-spouse,Sales,Husband,Asian-Pac-Islander,Male,0,0,50,Other,1
45,Private,201080,Some-college,10,Married-civ-spouse,Sales,Husband,White,Male,0,0,60,United-States,1
60,Private,290922,HS-grad,9,Divorced,Exec-managerial,Not-in-family,White,Female,0,0,27,United-States,0
18,Private,99497,12th,8,Never-married,Other-service,Own-child,Other,Female,0,0,30,United-States,0
26,Private,124483,Bachelors,13,Never-married,Prof-specialty,Not-in-family,Asian-Pac-Islander,Male,0,0,25,Other,0
65,Private,266828,HS-grad,9,Widowed,Craft-repair,Not-in-family,White,Male,1848,0,40,United-States,0
29,Private,251526,Some-college,10,Married-civ-spouse,Tech-support,Wife,White,Female,0,0,20,United-States,0
38,Private,139364,Bachelors,13,Never-married,Adm-clerical,Not-in-family,White,Male,0,0,40,United-States,1
35,Self-emp-not-inc,190759,Some-college,10,Divorced,Craft-repair,Own-child,White,Male,0,0,40,United-States,0
46,Local-gov,258498,Masters,14,Divorced,Prof-specialty,Unmarried,White,Female,0,0,40,United-States,0
29,Private,87632,11th,7,Married-civ-spouse,Machine-op-inspct,Husband,White,Male,0,0,40,United-States,0
42,Self-emp-not-inc,344624,Doctorate,16,Never-married,Prof-specialty,Not-in-family,White,Male,0,0,99,United-States,1
23,Federal-gov,215115,Some-college,10,Never-married,Adm-clerical,Own-child,White,Female,0,0,25,United-States,0
45,Self-emp-inc,192835,Bachelors,13,Married-civ-spouse,Exec-managerial,Husband,White,Male,0,0,45,United-States,1
37,Local-gov,75387,HS-grad,9,Married-civ-spouse,Other-service,Husband,White,Male,0,0,40,United-States,0
24,Private,588484,HS-grad,9,Never-married,Handlers-cleaners,Own-child,White,Male,594,0,40,United-States,0
68,Self-emp-not-inc,335701,7th-8th,4,Widowed,Other-service,Not-in-family,White,Female,0,0,40,United-States,0
55,Private,250322,HS-grad,9,Divorced,Adm-clerical,Not-in-family,White,Female,0,0,40,United-States,0
51,Private,59840,HS-grad,9,Divorced,Handlers-cleaners,Not-in-family,White,Male,2174,0,40,United-States,0
37,Federal-gov,254202,Masters,14,Never-married,Exec-managerial,Not-in-family,White,Female,27828,0,50,United-States,1
28,Private,120645,HS-grad,9,Never-married,Machine-op-inspct,Own-child,Black,Female,0,0,40,United-States,0
37,Private,175185,11th,7,Never-married,Machine-op-inspct,Not-in-family,White,Male,0,0,40,United-States,0
31,Private,82508,Some-college,10,Never-married,Adm-clerical,Not-in-family,White,Male,0,0,40,United-States,0
35,Private,106961,HS-grad,9,Married-civ-spouse,Sales,Husband,White,Male,0,0,60,United-States,0
50,Private,99316,Assoc-voc,11,Married-civ-spouse,Prof-specialty,Husband,White,Male,0,0,40,United-States,0
22,Private,252570,Some-college,10,Married-civ-spouse,Exec-managerial,Wife,White,Female,0,0,40,United-States,0
25,Private,49092,HS-grad,9,Married-civ-spouse,Transport-moving,Husband,White,Male,0,0,50,United-States,0
57,Self-emp-inc,105582,Bachelors,13,Married-civ-spouse,Exec-managerial,Husband,White,Male,0,2415,40,United-States,1
46,Private,168232,HS-grad,9,Married-spouse-absent,Handlers-cleaners,Not-in-family,White,Male,0,0,40,United-States,0
30,Private,209768,Assoc-voc,11,Married-civ-spouse,Machine-op-inspct,Husband,White,Male,0,0,40,United-States,1
55,Private,243367,HS-grad,9,Divorced,Sales,Unmarried,White,Female,0,0,37,United-States,0
51,Private,207246,Some-college,10,Married-civ-spouse,Adm-clerical,Wife,White,Female,0,1902,40,United-States,1
75,Self-emp-not-inc,343631,HS-grad,9,Married-civ-spouse,Farming-fishing,Husband,Asian-Pac-Islander,Male,0,0,15,United-States,0
49,Self-emp-not-inc,175958,Some-college,10,Never-married,Other-service,Not-in-family,White,Male,0,0,20,United-States,0
33,State-gov,25806,Doctorate,16,Married-civ-spouse,Prof-specialty,Husband,Asian-Pac-Islander,Male,0,0,20,Other,0
28,Private,89813,HS-grad,9,Divorced,Handlers-cleaners,Not-in-family,White,Female,0,0,40,United-States,0
51,Private,155983,HS-grad,9,Married-civ-spouse,Craft-repair,Husband,White,Male,0,0,50,United-States,0
44,Private,858091,HS-grad,9,Never-married,Other-service,Unmarried,Black,Female,0,0,40,United-States,0
22,Private,340217,Some-college,10,Never-married,Sales,Not-in-family,White,Female,0,0,20,United-States,0
25,Private,215188,HS-grad,9,Married-civ-spouse,Adm-clerical,Wife,White,Female,0,0,40,United-States,0
35,Private,289890,11th,7,Married-civ-spouse,Machine-op-inspct,Husband,White,Male,0,0,40,United-States,0
34,Private,270488,Bachelors,13,Never-married,Prof-specialty,Own-child,White,Female,0,0,40,United-States,0
50,Private,299215,HS-grad,9,Married-civ-spouse,Adm-clerical,Husband,Black,Male,0,0,40,United-States,0
40,Private,99679,Masters,14,Married-civ-spouse,Sales,Husband,White,Male,3103,0,43,United-States,1
50,Local-gov,50048,Masters,14,Married-civ-spouse,Prof-specialty,Husband,White,Male,0,0,52,United-States,1
22,Private,59184,HS-grad,9,Never-married,Machine-op-inspct,Not-in-family,White,Male,0,0,30,United-States,0
34,Self-emp-not-inc,196512,HS-grad,9,Divorced,Exec-managerial,Unmarried,White,Female,0,2472,35,United-States,1
35,Private,241126,Bachelors,13,Never-married,Prof-specialty,Not-in-family,White,Male,0,0,50,United-States,0
35,Private,226528,Doctorate,16,Married-spouse-absent,Prof-specialty,Not-in-family,Other,Male,0,0,60,Other,1
62,Private,96460,HS-grad,9,Separated,Prof-specialty,Not-in-family,White,Female,0,0,40,United-States,0
21,Private,416103,HS-grad,9,Never-married,Machine-op-inspct,Own-child,White,Male,0,0,40,United-States,0
51,Self-emp-not-inc,194259,Masters,14,Married-civ-spouse,Prof-specialty,Wife,White,Female,15024,0,55,Other,1
36,Private,416745,11th,7,Married-civ-spouse,Machine-op-inspct,Husband,White,Male,0,0,40,United-States,0
38,Federal-gov,122240,HS-grad,9,Married-civ-spouse,Adm-clerical,Husband,White,Male,0,0,55,United-States,1
81,Self-emp-inc,104443,HS-grad,9,Widowed,Sales,Not-in-family,White,Female,0,0,40,Other,0
39,Private,38145,Some-college,10,Married-civ-spouse,Machine-op-inspct,Husband,White,Male,0,0,60,United-States,0
21,Private,154964,HS-grad,9,Divorced,Machine-op-inspct,Other-relative,Black,Female,0,0,40,United-States,0
29,Local-gov,94064,Masters,14,Married-civ-spouse,Prof-specialty,Husband,White,Male,0,0,50,United-States,0
35,Private,194496,Bachelors,13,Married-civ-spouse,Sales,Husband,White,Male,0,0,55,United-States,0
30,Private,77143,Some-college,10,Never-married,Adm-clerical,Not-in-family,Black,Male,0,0,25,United-States,0
38,Private,233197,Some-college,10,Divorced,Adm-clerical,Not-in-family,Black,Male,0,0,40,United-States,0
32,Private,197505,HS-grad,9,Never-married,Adm-clerical,Own-child,White,Female,0,0,40,United-States,0
46,Local-gov,247053,Masters,14,Married-civ-spouse,Prof-specialty,Husband,White,Male,0,0,40,United-States,1
40,Private,113732,HS-grad,9,Divorced,Handlers-cleaners,Unmarried,Black,Female,0,0,40,United-States,0
47,Private,231284,HS-grad,9,Never-married,Farming-fishing,Not-in-family,Other,Male,0,0,40,Other,0
23,Private,170302,HS-grad,9,Widowed,Exec-managerial,Unmarried,White,Male,0,0,38,United-States,0
77,Private,183781,HS-grad,9,Widowed,Craft-repair,Unmarried,White,Female,0,0,5,United-States,0
18,Private,421350,11th,7,Never-married,Handlers-cleaners,Own-child,White,Male,0,0,20,United-States,0
32,Private,262092,Bachelors,13,Married-civ-spouse,Prof-specialty,Husband,White,Male,7298,0,50,United-States,1
55,Private,138594,Doctorate,16,Married-civ-spouse,Prof-specialty,Husband,White,Male,0,0,56,United-States,1
58,Self-emp-not-inc,100606,HS-grad,9,Married-civ-spouse,Sales,Husband,White,Male,0,0,50,United-States,0
46,Private,144844,HS-grad,9,Married-civ-spouse,Transport-moving,Husband,White,Male,0,0,42,United-States,0
25,Private,181814,11th,7,Married-civ-spouse,Adm-clerical,Own-child,White,Female,0,0,40,United-States,0
30,Private,164802,Bachelors,13,Never-married,Exec-managerial,Not-in-family,Other,Female,8614,0,40,Other,1
64,Private,45776,HS-grad,9,Divorced,Other-service,Not-in-family,White,Female,0,1762,79,United-States,0
57,Self-emp-not-inc,87584,Doctorate,16,Divorced,Prof-specialty,Not-in-family,White,Female,0,0,25,United-States,0
29,Private,115438,HS-grad,9,Separated,Craft-repair,Unmarried,White,Male,0,0,35,United-States,0
47,Federal-gov,176917,Some-college,10,Married-civ-spouse,Adm-clerical,Husband,White,Male,0,0,48,United-States,1
56,Private,253854,Some-college,10,Married-civ-spouse,Prof-specialty,Husband,White,Male,0,0,40,United-States,1
38,Self-emp-inc,314007,HS-grad,9,Married-civ-spouse,Sales,Husband,White,Male,0,0,78,United-States,0
22,Private,207969,Some-college,10,Never-married,Exec-managerial,Own-child,Black,Male,0,0,35,United-States,0
24,Private,116788,Some-college,10,Married-civ-spouse,Other-service,Husband,White,Male,0,0,40,United-States,0
49,Private,240629,HS-grad,9,Never-married,Other-service,Not-in-family,White,Male,0,0,38,United-States,0
17,Private,227960,11th,7,Never-married,Other-service,Own-child,White,Male,0,0,10,Other,0
41,Private,160893,Assoc-acdm,12,Never-married,Adm-clerical,Not-in-family,White,Female,0,0,45,United-States,0
43,Private,401134,Assoc-acdm,12,Divorced,Other-service,Unmarried,White,Female,0,2238,40,United-States,0
57,Private,123515,Assoc-voc,11,Never-married,Machine-op-inspct,Not-in-family,White,Female,0,0,40,United-States,0
54,Private,227392,Masters,14,Married-civ-spouse,Prof-specialty,Husband,White,Male,0,0,40,United-States,0
43,Private,210013,HS-grad,9,Married-civ-spouse,Craft-repair,Husband,White,Male,0,0,40,United-States,0
35,Private,37778,HS-grad,9,Married-civ-spouse,Craft-repair,Husband,White,Male,0,0,50,United-States,0
62,Private,195543,Bachelors,13,Married-civ-spouse,Sales,Husband,White,Male,0,0,20,United-States,1
48,Private,103406,Bachelors,13,Married-civ-spouse,Tech-support,Husband,White,Male,0,0,35,United-States,1
44,Private,229148,HS-grad,9,Never-married,Handlers-cleaners,Not-in-family,Black,Male,0,0,35,United-States,0
33,Local-gov,237298,Some-college,10,Divorced,Adm-clerical,Unmarried,Black,Female,0,0,40,United-States,0
26,Local-gov,176756,HS-grad,9,Married-civ-spouse,Tech-support,Husband,White,Male,0,0,75,United-States,1
47,Private,27624,HS-grad,9,Never-married,Sales,Not-in-family,White,Female,0,0,65,United-States,1
59,Self-emp-not-inc,134470,HS-grad,9,Married-civ-spouse,Farming-fishing,Husband,White,Male,2635,0,60,United-States,0
38,Self-emp-not-inc,589838,HS-grad,9,Married-civ-spouse,Craft-repair,Husband,White,Male,0,0,47,United-States,0
57,Private,56080,HS-grad,9,Married-civ-spouse,Other-service,Husband,White,Male,0,0,60,United-States,0
31,Private,203488,Some-college,10,Married-civ-spouse,Sales,Husband,White,Male,0,0,44,United-States,1
46,Private,324550,HS-grad,9,Married-civ-spouse,Craft-repair,Husband,White,Male,0,0,40,United-States,0
40,Private,68111,HS-grad,9,Divorced,Craft-repair,Not-in-family,White,Male,0,0,45,United-States,0
44,Private,322799,HS-grad,9,Separated,Machine-op-inspct,Own-child,Black,Male,0,0,40,United-States,0
63,Private,162772,HS-grad,9,Married-civ-spouse,Transport-moving,Husband,White,Male,0,0,35,United-States,1
50,Private,30827,Bachelors,13,Married-civ-spouse,Sales,Husband,White,Male,0,0,45,United-States,1
25,Private,179772,HS-grad,9,Never-married,Sales,Unmarried,White,Female,0,0,40,United-States,0
28,Private,490332,Bachelors,13,Married-civ-spouse,Prof-specialty,Husband,White,Male,3103,0,40,United-States,1
44,Self-emp-not-inc,95298,Doctorate,16,Married-civ-spouse,Prof-specialty,Husband,White,Male,0,0,70,United-States,1
39,State-gov,33975,Bachelors,13,Never-married,Prof-specialty,Not-in-family,White,Male,0,0,45,United-States,0
19,Private,216413,Some-college,10,Never-married,Other-service,Own-child,White,Female,0,0,20,United-States,0
52,Private,176409,Bachelors,13,Divorced,Adm-clerical,Not-in-family,White,Female,0,0,40,United-States,0
42,Private,54102,Some-college,10,Divorced,Adm-clerical,Unmarried,White,Female,0,0,40,United-States,0
52,Private,42902,9th,5,Separated,Other-service,Not-in-family,Black,Male,0,0,40,United-States,0
37,Self-emp-inc,347491,Some-college,10,Married-civ-spouse,Exec-managerial,Husband,White,Male,0,0,50,United-States,1
18,Private,347829,11th,7,Never-married,Other-service,Own-child,White,Female,0,0,4,United-States,0
37,Private,118577,HS-grad,9,Married-civ-spouse,Adm-clerical,Wife,White,Female,0,0,25,United-States,1
42,Private,111483,Bachelors,13,Married-civ-spouse,Sales,Husband,White,Male,0,0,60,United-States,1
36,Private,73023,HS-grad,9,Married-civ-spouse,Transport-moving,Husband,White,Male,0,0,70,United-States,0
37,Private,190297,Bachelors,13,Married-civ-spouse,Tech-support,Husband,White,Male,0,0,45,United-States,1
61,Private,215766,Bachelors,13,Married-civ-spouse,Exec-managerial,Husband,White,Male,0,0,50,United-States,1
31,Private,284889,Bachelors,13,Widowed,Sales,Unmarried,White,Female,0,0,41,United-States,0
28,Private,311446,HS-grad,9,Divorced,Adm-clerical,Not-in-family,White,Female,0,0,40,United-States,0
24,Private,378546,11th,7,Never-married,Handlers-cleaners,Own-child,White,Male,0,0,39,United-States,0
30,Private,213722,Prof-school,15,Never-married,Prof-specialty,Not-in-family,White,Male,0,0,50,United-States,1
27,Self-emp-not-inc,151382,HS-grad,9,Never-married,Farming-fishing,Own-child,White,Male,0,0,40,United-States,0
27,Private,53147,HS-grad,9,Never-married,Craft-repair,Not-in-family,Black,Male,0,0,40,United-States,0
29,Self-emp-not-inc,337944,11th,7,Separated,Transport-moving,Not-in-family,White,Male,0,0,60,United-States,0
50,Private,123429,HS-grad,9,Married-civ-spouse,Transport-moving,Husband,White,Male,0,0,40,United-States,1
53,Private,270655,12th,8,Married-civ-spouse,Tech-support,Husband,White,Male,0,0,45,United-States,1
55,Private,72812,HS-grad,9,Separated,Sales,Not-in-family,White,Male,0,0,36,United-States,0
75,Private,124660,HS-grad,9,Never-married,Adm-clerical,Not-in-family,White,Female,0,0,40,United-States,1
42,Self-emp-not-inc,32016,HS-grad,9,Married-civ-spouse,Farming-fishing,Husband,White,Male,0,0,70,United-States,0
48,Self-emp-not-inc,90042,Some-college,10,Married-civ-spouse,Prof-specialty,Husband,White,Male,0,0,49,United-States,0
34,State-gov,392518,HS-grad,9,Never-married,Other-service,Unmarried,Black,Female,0,0,40,United-States,0
45,Self-emp-not-inc,29019,HS-grad,9,Married-civ-spouse,Other-service,Wife,White,Female,0,0,55,United-States,0
53,Private,185407,HS-grad,9,Married-civ-spouse,Handlers-cleaners,Husband,White,Male,0,0,40,United-States,1
35,Private,153832,Assoc-voc,11,Never-married,Other-service,Not-in-family,White,Male,0,0,35,United-States,0
37,Private,188763,Bachelors,13,Married-civ-spouse,Prof-specialty,Husband,White,Male,0,0,45,United-States,1
46,Local-gov,99971,HS-grad,9,Married-civ-spouse,Protective-serv,Husband,White,Male,0,0,56,United-States,1
65,Private,190160,Bachelors,13,Married-civ-spouse,Exec-managerial,Husband,White,Male,99999,0,40,United-States,1
26,Private,264055,Some-college,10,Never-married,Sales,Unmarried,White,Male,0,0,55,United-States,0
46,Private,235334,Masters,14,Married-civ-spouse,Exec-managerial,Husband,Black,Male,99999,0,60,United-States,1
25,Private,153997,10th,6,Never-married,Machine-op-inspct,Not-in-family,White,Male,0,0,40,United-States,0
56,Private,91251,HS-grad,9,Married-civ-spouse,Other-service,Husband,Asian-Pac-Islander,Male,0,0,20,Other,0
46,Self-emp-inc,125892,Bachelors,13,Married-civ-spouse,Prof-specialty,Husband,White,Male,0,1977,60,United-States,1
26,Private,110103,HS-grad,9,Never-married,Other-service,Not-in-family,White,Female,0,1762,40,United-States,0
62,Self-emp-inc,234738,Bachelors,13,Married-civ-spouse,Exec-managerial,Husband,White,Male,5013,0,50,United-States,0
64,Self-emp-not-inc,217380,Prof-school,15,Divorced,Prof-specialty,Not-in-family,White,Male,0,2559,60,United-States,1
61,Self-emp-not-inc,224981,10th,6,Widowed,Craft-repair,Other-relative,White,Male,0,0,18,Mexico,0
44,Private,40024,HS-grad,9,Married-civ-spouse,Craft-repair,Husband,White,Male,0,0,40,United-States,0
18,Private,407436,HS-grad,9,Never-married,Craft-repair,Own-child,White,Male,0,0,30,United-States,0
23,Private,246965,Some-college,10,Never-married,Machine-op-inspct,Own-child,Black,Male,0,0,40,United-States,0
35,Local-gov,191779,Some-college,10,Married-civ-spouse,Craft-repair,Husband,White,Male,0,0,40,United-States,1
31,Private,54341,HS-grad,9,Married-civ-spouse,Handlers-cleaners,Husband,White,Male,0,0,45,United-States,0
53,Private,172962,Prof-school,15,Married-civ-spouse,Prof-specialty,Husband,White,Male,0,0,40,United-States,1
36,Self-emp-not-inc,60269,Bachelors,13,Married-civ-spouse,Sales,Husband,White,Male,0,0,40,United-States,1
40,Local-gov,99666,HS-grad,9,Married-civ-spouse,Transport-moving,Husband,White,Male,0,0,55,United-States,0
24,Private,83774,HS-grad,9,Never-married,Craft-repair,Unmarried,White,Male,0,0,40,United-States,0
37,Private,216845,Primary,1,Married-civ-spouse,Farming-fishing,Husband,White,Male,0,0,40,Mexico,0
47,Private,152572,HS-grad,9,Never-married,Other-service,Unmarried,White,Female,0,0,40,Other,0
30,Private,77634,HS-grad,9,Married-civ-spouse,Exec-managerial,Husband,White,Male,0,0,40,United-States,0
53,Federal-gov,411700,HS-grad,9,Married-civ-spouse,Adm-clerical,Husband,White,Male,7298,0,40,United-States,1
23,Private,107882,Bachelors,13,Never-married,Tech-support,Own-child,White,Female,0,0,50,United-States,0
24,Private,236427,Some-college,10,Married-civ-spouse,Adm-clerical,Husband,White,Male,0,0,40,United-States,1
22,Private,336101,Some-college,10,Never-married,Other-service,Not-in-family,White,Female,0,0,30,United-States,0
34,Self-emp-not-inc,181091,Some-college,10,Never-married,Farming-fishing,Own-child,White,Male,0,0,50,United-States,0
35,Private,348771,HS-grad,9,Married-civ-spouse,Farming-fishing,Husband,White,Male,0,0,40,Other,0
28,Private,104870,Assoc-voc,11,Never-married,Other-service,Not-in-family,Black,Female,0,0,48,United-States,0
48,Local-gov,216689,HS-grad,9,Married-civ-spouse,Craft-repair,Husband,White,Male,0,0,40,United-States,0
27,State-gov,136077,Bachelors,13,Never-married,Prof-specialty,Not-in-family,White,Male,0,0,40,United-States,0
25,State-gov,165457,Bachelors,13,Never-married,Tech-support,Own-child,Asian-Pac-Islander,Male,2463,0,40,United-States,0
41,Private,190786,Assoc-voc,11,Married-civ-spouse,Adm-clerical,Husband,White,Male,7298,0,40,United-States,1
32,Private,152156,HS-grad,9,Separated,Craft-repair,Not-in-family,White,Male,0,0,53,United-States,0
53,Self-emp-inc,116211,Some-college,10,Married-civ-spouse,Exec-managerial,Husband,White,Male,0,0,40,United-States,0
28,Private,122037,Bachelors,13,Married-civ-spouse,Prof-specialty,Husband,White,Male,0,0,55,United-States,1
43,Local-gov,31621,Some-college,10,Divorced,Adm-clerical,Unmarried,White,Female,0,0,20,United-States,0
34,Private,71865,9th,5,Married-civ-spouse,Machine-op-inspct,Wife,Other,Female,0,0,40,Other,0
41,Private,184630,Bachelors,13,Divorced,Handlers-cleaners,Not-in-family,White,Male,4416,0,40,United-States,0
51,Local-gov,80123,Some-college,10,Married-civ-spouse,Protective-serv,Husband,White,Male,0,0,35,United-States,0
37,Private,97925,HS-grad,9,Divorced,Adm-clerical,Not-in-family,White,Female,0,0,40,United-States,0
36,Private,181099,Doctorate,16,Married-civ-spouse,Exec-managerial,Husband,White,Male,0,0,40,United-States,0
51,Local-gov,106365,Assoc-acdm,12,Divorced,Adm-clerical,Unmarried,White,Female,0,0,40,United-States,0
49,Federal-gov,362679,Assoc-voc,11,Married-civ-spouse,Adm-clerical,Husband,White,Male,0,0,9,United-States,1
42,Federal-gov,37997,Bachelors,13,Married-civ-spouse,Exec-managerial,Husband,White,Male,0,0,40,United-States,0
26,Self-emp-inc,289224,Bachelors,13,Never-married,Exec-managerial,Not-in-family,White,Male,0,0,40,United-States,0
24,Private,174714,Some-college,10,Never-married,Handlers-cleaners,Own-child,White,Male,0,0,45,United-States,0
36,State-gov,143437,Bachelors,13,Divorced,Prof-specialty,Not-in-family,Other,Female,0,0,40,United-States,0
22,Private,242138,HS-grad,9,Married-civ-spouse,Adm-clerical,Wife,White,Female,0,0,40,United-States,0
41,Local-gov,180599,Masters,14,Married-civ-spouse,Prof-specialty,Husband,White,Male,0,0,50,United-States,0
49,Private,169092,Some-college,10,Married-civ-spouse,Exec-managerial,Wife,White,Female,5178,0,40,Other,1
27,Self-emp-not-inc,210020,HS-grad,9,Married-civ-spouse,Machine-op-inspct,Own-child,White,Male,0,0,40,United-States,0
26,Private,135603,Masters,14,Never-married,Exec-managerial,Not-in-family,White,Male,0,0,48,United-States,0
32,Private,459465,HS-grad,9,Married-civ-spouse,Craft-repair,Husband,White,Male,0,0,40,Other,0
23,Private,208238,10th,6,Never-married,Sales,Own-child,White,Female,0,0,20,United-States,0
28,Private,173483,Bachelors,13,Married-civ-spouse,Prof-specialty,Wife,White,Female,5013,0,20,United-States,0
18,Private,99591,11th,7,Never-married,Other-service,Own-child,White,Female,0,0,16,United-States,0
51,Local-gov,250054,Some-college,10,Widowed,Other-service,Unmarried,White,Female,0,0,40,United-States,0
51,Private,50459,Masters,14,Married-civ-spouse,Prof-specialty,Husband,White,Male,0,1740,40,United-States,0
57,Local-gov,22975,Masters,14,Married-civ-spouse,Exec-managerial,Husband,Black,Male,0,0,40,United-States,1
62,Private,170969,Some-college,10,Married-civ-spouse,Craft-repair,Husband,Black,Male,0,0,40,United-States,1
33,Private,93056,HS-grad,9,Married-civ-spouse,Transport-moving,Husband,White,Male,0,0,40,United-States,0
38,Local-gov,414791,HS-grad,9,Married-civ-spouse,Transport-moving,Husband,White,Male,0,0,40,United-States,1
22,Self-emp-not-inc,26248,HS-grad,9,Never-married,Other-service,Own-child,White,Female,0,0,50,United-States,0
39,Private,183279,Bachelors,13,Married-civ-spouse,Sales,Husband,White,Male,7298,0,40,United-States,1
42,Private,97688,HS-grad,9,Married-civ-spouse,Transport-moving,Husband,White,Male,7298,0,40,United-States,1
36,Self-emp-not-inc,188503,Masters,14,Never-married,Prof-specialty,Not-in-family,White,Female,0,0,60,United-States,1
54,Private,105638,9th,5,Married-civ-spouse,Craft-repair,Husband,White,Male,0,0,40,United-States,0
59,Private,178282,HS-grad,9,Married-civ-spouse,Machine-op-inspct,Husband,White,Male,7688,0,40,United-States,1
24,Private,162958,Assoc-acdm,12,Never-married,Prof-specialty,Not-in-family,White,Male,0,1980,50,United-States,0
31,Private,198068,Prof-school,15,Married-civ-spouse,Prof-specialty,Husband,White,Male,0,0,50,United-States,0
33,Self-emp-not-inc,48189,Bachelors,13,Married-civ-spouse,Sales,Husband,White,Male,0,0,50,United-States,0
30,Private,195602,12th,8,Married-civ-spouse,Farming-fishing,Husband,White,Male,0,0,44,United-States,0
51,Private,192588,Bachelors,13,Never-married,Prof-specialty,Not-in-family,Asian-Pac-Islander,Female,0,0,35,Philippines,0
54,Local-gov,128378,Masters,14,Married-civ-spouse,Adm-clerical,Husband,White,Male,0,0,40,United-States,0
34,Private,127875,Bachelors,13,Never-married,Adm-clerical,Not-in-family,White,Female,0,0,20,United-States,0
44,Self-emp-inc,240900,Bachelors,13,Married-civ-spouse,Sales,Husband,White,Male,0,0,40,United-States,1
46,State-gov,165852,Some-college,10,Married-civ-spouse,Exec-managerial,Husband,White,Male,0,0,40,United-States,1
27,Private,307724,Some-college,10,Never-married,Adm-clerical,Not-in-family,White,Female,0,0,40,Other,0
46,Private,172155,Bachelors,13,Married-civ-spouse,Machine-op-inspct,Husband,White,Male,0,0,40,Other,0
54,Private,85423,HS-grad,9,Married-civ-spouse,Transport-moving,Husband,White,Male,0,0,40,United-States,1
58,Federal-gov,215900,HS-grad,9,Never-married,Adm-clerical,Other-relative,Amer-Indian-Eskimo,Male,0,0,40,United-States,0
40,Private,167725,HS-grad,9,Divorced,Machine-op-inspct,Not-in-family,White,Male,0,0,40,United-States,0
28,Private,109494,Some-college,10,Married-civ-spouse,Adm-clerical,Husband,White,Male,0,1485,40,United-States,0
28,Private,52732,7th-8th,4,Never-married,Craft-repair,Own-child,White,Male,0,0,40,United-States,0
25,Private,129806,HS-grad,9,Married-civ-spouse,Machine-op-inspct,Husband,White,Male,0,0,48,United-States,0
35,Private,170174,Some-college,10,Divorced,Machine-op-inspct,Not-in-family,White,Male,0,0,40,United-States,0
36,Private,68798,HS-grad,9,Never-married,Other-service,Not-in-family,White,Male,0,0,30,United-States,0
21,Private,60668,HS-grad,9,Never-married,Machine-op-inspct,Own-child,White,Male,0,0,50,United-States,0
26,Private,196866,HS-grad,9,Never-married,Sales,Not-in-family,White,Female,0,0,38,United-States,0
23,Private,325596,Bachelors,13,Never-married,Tech-support,Not-in-family,White,Male,0,0,40,United-States,0
46,Local-gov,126524,Bachelors,13,Married-civ-spouse,Prof-specialty,Wife,White,Female,0,1902,40,United-States,1
52,Private,270221,Bachelors,13,Married-civ-spouse,Prof-specialty,Husband,White,Male,15024,0,44,United-States,1
33,State-gov,292317,9th,5,Married-civ-spouse,Farming-fishing,Husband,White,Male,0,0,40,United-States,0
45,Private,169324,9th,5,Divorced,Other-service,Unmarried,Black,Female,0,0,40,Other,0
17,Private,102446,12th,8,Never-married,Handlers-cleaners,Own-child,White,Male,0,0,35,United-States,0
26,Private,114483,HS-grad,9,Never-married,Craft-repair,Own-child,White,Male,0,0,40,United-States,0
21,Private,142875,10th,6,Married-civ-spouse,Sales,Husband,White,Male,0,0,44,United-States,0
42,Private,344060,HS-grad,9,Married-civ-spouse,Sales,Husband,White,Male,7298,0,40,Other,1
46,Private,188729,Assoc-acdm,12,Never-married,Craft-repair,Not-in-family,Black,Female,0,0,50,United-States,0
64,Private,200517,HS-grad,9,Married-civ-spouse,Adm-clerical,Husband,White,Male,0,0,39,United-States,0
38,Self-emp-inc,184456,HS-grad,9,Married-civ-spouse,Sales,Husband,White,Male,0,0,55,Other,1
22,Private,202153,Some-college,10,Never-married,Other-service,Own-child,White,Female,0,0,40,United-States,0
32,Self-emp-not-inc,27207,11th,7,Married-civ-spouse,Farming-fishing,Husband,White,Male,0,0,80,United-States,0
34,Private,122749,Some-college,10,Married-civ-spouse,Handlers-cleaners,Husband,White,Male,0,0,32,United-States,0
42,Private,126319,HS-grad,9,Never-married,Adm-clerical,Own-child,White,Female,0,0,35,United-States,0
48,Private,204629,Bachelors,13,Married-civ-spouse,Prof-specialty,Husband,White,Male,0,0,40,United-States,1
54,Private,249949,Some-college,10,Divorced,Machine-op-inspct,Not-in-family,Black,Female,0,0,40,United-States,0
24,Private,153082,HS-grad,9,Never-married,Other-service,Not-in-family,White,Male,0,0,35,United-States,0
59,Private,113838,Bachelors,13,Widowed,Prof-specialty,Not-in-family,White,Female,4650,0,37,United-States,0
57,Private,197369,HS-grad,9,Married-civ-spouse,Protective-serv,Husband,White,Male,0,0,40,United-States,0
47,Self-emp-inc,85109,Doctorate,16,Married-civ-spouse,Prof-specialty,Husband,White,Male,0,0,50,United-States,0
24,Local-gov,310355,Bachelors,13,Married-civ-spouse,Prof-specialty,Husband,White,Male,0,0,20,Other,0
67,Local-gov,330144,Assoc-voc,11,Married-civ-spouse,Protective-serv,Husband,White,Male,0,0,18,United-States,0
44,Private,54611,HS-grad,9,Married-civ-spouse,Craft-repair,Husband,White,Male,0,0,40,United-States,0
21,Private,147344,HS-grad,9,Never-married,Transport-moving,Other-relative,White,Male,0,0,60,Other,0
36,Self-emp-not-inc,358373,Bachelors,13,Never-married,Prof-specialty,Not-in-family,Black,Female,0,0,30,United-States,0
66,Local-gov,30740,Some-college,10,Widowed,Adm-clerical,Not-in-family,White,Female,0,0,20,United-States,0
42,State-gov,214781,Bachelors,13,Never-married,Prof-specialty,Unmarried,White,Male,0,1876,38,United-States,0
47,State-gov,142856,Masters,14,Married-civ-spouse,Prof-specialty,Husband,White,Male,0,0,45,United-States,1
51,Private,158746,Bachelors,13,Married-civ-spouse,Exec-managerial,Husband,White,Male,0,1902,60,United-States,1
37,Private,176357,Some-college,10,Divorced,Machine-op-inspct,Not-in-family,White,Male,0,0,40,United-States,0
42,Private,263339,HS-grad,9,Married-civ-spouse,Craft-repair,Husband,White,Male,5178,0,40,United-States,1
21,Self-emp-not-inc,83704,9th,5,Never-married,Sales,Own-child,White,Male,0,0,30,United-States,0
24,Private,324960,Assoc-acdm,12,Never-married,Adm-clerical,Not-in-family,White,Male,0,0,30,United-States,0
36,Private,225172,HS-grad,9,Married-civ-spouse,Craft-repair,Husband,White,Male,0,0,40,United-States,0
52,Private,231196,HS-grad,9,Married-civ-spouse,Sales,Husband,White,Male,0,0,40,United-States,1
52,Private,164473,HS-grad,9,Married-civ-spouse,Other-service,Wife,White,Female,0,0,38,United-States,0
29,Self-emp-inc,263786,Bachelors,13,Never-married,Sales,Not-in-family,White,Male,0,0,40,United-States,1
34,Local-gov,283921,HS-grad,9,Married-civ-spouse,Adm-clerical,Husband,White,Male,0,0,40,United-States,0
28,Self-emp-inc,160731,HS-grad,9,Never-married,Craft-repair,Not-in-family,White,Male,0,0,40,United-States,0
41,Federal-gov,149102,HS-grad,9,Never-married,Handlers-cleaners,Not-in-family,White,Male,0,1980,40,United-States,0
42,Private,226452,9th,5,Never-married,Machine-op-inspct,Other-relative,White,Female,0,0,40,Mexico,0
36,Private,101318,Some-college,10,Married-spouse-absent,Prof-specialty,Not-in-family,Asian-Pac-Islander,Female,0,0,40,Other,1
61,Private,242552,Primary,3,Married-civ-spouse,Machine-op-inspct,Wife,White,Female,0,0,37,Other,0
28,State-gov,198201,HS-grad,9,Married-civ-spouse,Protective-serv,Husband,Black,Male,0,0,40,United-States,0
57,Private,102442,Some-college,10,Divorced,Adm-clerical,Unmarried,White,Female,0,0,40,United-States,0
66,Self-emp-not-inc,325537,Bachelors,13,Married-civ-spouse,Sales,Husband,White,Male,0,0,40,United-States,1
22,Private,335067,Bachelors,13,Never-married,Exec-managerial,Not-in-family,White,Male,0,0,20,United-States,0
32,Private,185177,Assoc-voc,11,Separated,Tech-support,Own-child,White,Male,0,1590,40,United-States,0
51,Private,373448,Some-college,10,Married-civ-spouse,Exec-managerial,Husband,White,Male,0,2002,40,United-States,0
41,Private,33126,Assoc-voc,11,Never-married,Other-service,Not-in-family,White,Male,0,0,45,United-States,0
32,State-gov,59083,HS-grad,9,Married-civ-spouse,Exec-managerial,Husband,White,Male,0,0,60,United-States,1
52,Private,230205,Some-college,10,Never-married,Adm-clerical,Not-in-family,Black,Female,0,2001,32,United-States,0
33,Private,212980,HS-grad,9,Divorced,Adm-clerical,Unmarried,Black,Female,0,0,40,United-States,0
41,Private,229472,HS-grad,9,Never-married,Other-service,Not-in-family,White,Female,0,0,40,United-States,0
45,Private,272442,Masters,14,Married-civ-spouse,Prof-specialty,Husband,White,Male,0,0,50,United-States,1
53,Local-gov,99682,Masters,14,Divorced,Prof-specialty,Not-in-family,White,Female,2174,0,40,United-States,0
48,Self-emp-not-inc,175622,Assoc-voc,11,Married-civ-spouse,Craft-repair,Husband,White,Male,0,0,40,United-States,1
24,Local-gov,177913,HS-grad,9,Never-married,Adm-clerical,Not-in-family,White,Male,0,0,40,United-States,0
51,Private,457357,HS-grad,9,Married-civ-spouse,Craft-repair,Husband,White,Male,0,0,45,United-States,0
35,State-gov,227128,HS-grad,9,Divorced,Craft-repair,Own-child,White,Male,0,0,40,United-States,0
50,Private,230858,Masters,14,Married-civ-spouse,Sales,Husband,White,Male,0,0,50,United-States,1
53,Self-emp-not-inc,335655,HS-grad,9,Divorced,Sales,Not-in-family,White,Male,0,0,30,United-States,0
44,Private,198452,HS-grad,9,Married-civ-spouse,Craft-repair,Husband,White,Male,0,0,40,United-States,0
47,Private,348986,HS-grad,9,Married-civ-spouse,Other-service,Other-relative,Asian-Pac-Islander,Female,0,0,28,Other,0
39,Private,113725,Masters,14,Divorced,Exec-managerial,Not-in-family,White,Female,8614,0,40,United-States,1
65,Private,176219,HS-grad,9,Married-spouse-absent,Other-service,Not-in-family,Asian-Pac-Islander,Male,0,0,40,Other,0
45,Private,83993,Assoc-acdm,12,Divorced,Exec-managerial,Unmarried,White,Female,0,0,56,United-States,1
35,Private,60227,HS-grad,9,Married-civ-spouse,Craft-repair,Husband,White,Male,0,0,40,United-States,0
47,Local-gov,358668,Bachelors,13,Divorced,Prof-specialty,Not-in-family,White,Male,0,0,48,United-States,0
46,Private,168262,Bachelors,13,Married-civ-spouse,Adm-clerical,Husband,White,Male,0,0,40,United-States,1
42,Private,231832,Some-college,10,Married-civ-spouse,Machine-op-inspct,Wife,White,Female,0,0,45,United-States,1
20,Private,254025,Some-college,10,Never-married,Handlers-cleaners,Own-child,White,Male,0,0,40,United-States,0
22,Private,203518,Bachelors,13,Never-married,Sales,Not-in-family,White,Female,0,0,45,United-States,0
18,Private,391495,Some-college,10,Never-married,Sales,Own-child,White,Female,0,0,25,United-States,0
26,Private,186168,Bachelors,13,Never-married,Exec-managerial,Own-child,White,Female,0,0,40,United-States,0
42,Private,242619,Some-college,10,Married-civ-spouse,Craft-repair,Husband,White,Male,0,0,45,United-States,0
26,Private,129806,10th,6,Never-married,Handlers-cleaners,Own-child,White,Male,0,0,40,United-States,0
61,Private,167840,HS-grad,9,Married-civ-spouse,Handlers-cleaners,Husband,White,Male,0,2002,38,United-States,0
25,Private,207965,Bachelors,13,Never-married,Other-service,Not-in-family,White,Female,0,0,60,United-States,0
56,State-gov,71075,Assoc-acdm,12,Divorced,Adm-clerical,Not-in-family,White,Female,0,0,30,United-States,0
73,Private,57435,Some-college,10,Married-civ-spouse,Sales,Husband,White,Male,0,0,20,United-States,1
41,Private,29591,Assoc-voc,11,Never-married,Craft-repair,Not-in-family,White,Male,0,0,42,United-States,0
20,Private,171156,Some-college,10,Never-married,Sales,Unmarried,White,Female,0,0,35,United-States,0
45,Private,162958,HS-grad,9,Separated,Other-service,Not-in-family,White,Female,0,0,35,United-States,0
37,Private,149347,Some-college,10,Married-civ-spouse,Craft-repair,Husband,White,Male,0,0,40,United-States,1
29,Private,156266,Assoc-acdm,12,Never-married,Exec-managerial,Own-child,Amer-Indian-Eskimo,Male,0,0,25,United-States,0
20,Self-emp-inc,465725,HS-grad,9,Divorced,Handlers-cleaners,Own-child,White,Male,0,0,25,United-States,0
41,Local-gov,135056,Masters,14,Never-married,Prof-specialty,Own-child,White,Female,8614,0,50,United-States,1
18,Private,79077,12th,8,Never-married,Handlers-cleaners,Own-child,White,Male,0,0,22,United-States,0
41,Private,175883,HS-grad,9,Married-civ-spouse,Craft-repair,Husband,White,Male,0,0,40,United-States,0
25,Private,66935,Bachelors,13,Never-married,Exec-managerial,Own-child,White,Male,0,0,40,United-States,0
39,Federal-gov,135500,HS-grad,9,Married-civ-spouse,Adm-clerical,Husband,White,Male,0,0,40,United-States,1
77,Local-gov,181974,7th-8th,4,Widowed,Adm-clerical,Not-in-family,White,Female,0,0,40,United-States,0
21,Private,229769,HS-grad,9,Never-married,Adm-clerical,Own-child,White,Female,0,0,40,Mexico,0
56,Local-gov,237546,Some-college,10,Married-civ-spouse,Exec-managerial,Husband,White,Male,0,0,99,United-States,0
52,Private,106176,Bachelors,13,Divorced,Adm-clerical,Unmarried,White,Male,0,3770,40,United-States,0
59,Private,653215,11th,7,Widowed,Transport-moving,Unmarried,White,Female,0,0,40,United-States,0
19,Private,318061,Some-college,10,Never-married,Machine-op-inspct,Not-in-family,White,Female,0,0,80,United-States,0
61,Federal-gov,95680,Assoc-acdm,12,Married-civ-spouse,Exec-managerial,Husband,Asian-Pac-Islander,Male,3103,0,40,United-States,1
35,Private,327164,Assoc-acdm,12,Married-civ-spouse,Prof-specialty,Other-relative,White,Male,0,0,40,United-States,1
32,Private,203181,HS-grad,9,Married-civ-spouse,Other-service,Husband,White,Male,0,0,60,United-States,0
37,Local-gov,203628,HS-grad,9,Married-civ-spouse,Protective-serv,Husband,White,Male,0,0,54,United-States,1
68,Private,152053,HS-grad,9,Widowed,Other-service,Not-in-family,White,Female,0,0,48,United-States,0
22,Private,126613,Some-college,10,Never-married,Exec-managerial,Own-child,White,Female,0,0,40,Other,0
46,State-gov,135854,HS-grad,9,Married-civ-spouse,Other-service,Husband,Black,Male,0,0,40,United-States,0
57,Private,132145,Primary,3,Married-civ-spouse,Craft-repair,Husband,White,Male,0,0,40,United-States,0
62,Self-emp-not-inc,265007,HS-grad,9,Married-civ-spouse,Exec-managerial,Husband,White,Male,0,0,60,Other,0
54,Self-emp-not-inc,236157,Masters,14,Married-civ-spouse,Sales,Husband,White,Male,0,0,40,United-States,1
22,Private,38707,Some-college,10,Never-married,Other-service,Own-child,White,Male,0,0,20,United-States,0
21,Private,253190,Some-college,10,Never-married,Handlers-cleaners,Not-in-family,White,Male,0,0,48,United-States,0
19,Private,186682,HS-grad,9,Never-married,Other-service,Unmarried,Black,Male,0,0,40,United-States,0
29,Private,162257,Bachelors,13,Married-civ-spouse,Adm-clerical,Husband,White,Male,0,0,40,United-States,0
48,Federal-gov,186256,HS-grad,9,Divorced,Farming-fishing,Other-relative,White,Male,0,0,40,United-States,0
59,Private,217747,HS-grad,9,Married-civ-spouse,Transport-moving,Husband,Black,Male,0,0,40,United-States,1
32,State-gov,204052,Bachelors,13,Married-civ-spouse,Prof-specialty,Husband,White,Male,0,0,45,United-States,1
48,Private,208662,HS-grad,9,Divorced,Adm-clerical,Not-in-family,Black,Female,0,0,37,United-States,0
70,Private,210673,10th,6,Widowed,Adm-clerical,Other-relative,White,Male,0,0,20,United-States,0
38,Private,275338,Some-college,10,Never-married,Sales,Own-child,White,Female,0,0,45,United-States,0
40,Private,50524,12th,8,Divorced,Craft-repair,Not-in-family,White,Male,0,0,40,United-States,0
23,Private,179241,Assoc-voc,11,Never-married,Adm-clerical,Own-child,White,Female,0,0,40,United-States,0
32,Private,154981,HS-grad,9,Never-married,Transport-moving,Not-in-family,White,Male,0,0,65,United-States,0
60,Private,137490,Primary,3,Separated,Handlers-cleaners,Not-in-family,Black,Male,0,0,40,United-States,0
25,Private,262617,Bachelors,13,Married-civ-spouse,Adm-clerical,Husband,White,Male,0,0,55,United-States,1
35,Private,122353,HS-grad,9,Married-civ-spouse,Exec-managerial,Husband,White,Male,0,0,40,United-States,1
61,Private,227332,Bachelors,13,Never-married,Prof-specialty,Own-child,White,Male,0,0,40,United-States,0
29,Private,160264,Some-college,10,Separated,Other-service,Unmarried,Black,Female,0,0,40,United-States,0
20,Private,163870,HS-grad,9,Never-married,Farming-fishing,Own-child,White,Male,0,0,40,United-States,0
20,Private,228709,Some-college,10,Married-civ-spouse,Handlers-cleaners,Husband,Black,Male,0,0,40,United-States,0
67,Private,229709,HS-grad,9,Widowed,Sales,Not-in-family,White,Female,0,0,40,United-States,0
19,Private,344592,HS-grad,9,Never-married,Sales,Not-in-family,Black,Female,0,0,35,United-States,0
43,Self-emp-not-inc,220647,Bachelors,13,Married-civ-spouse,Farming-fishing,Husband,White,Male,0,2377,50,United-States,0
49,Private,123681,Assoc-acdm,12,Separated,Sales,Unmarried,White,Male,0,0,35,United-States,0
37,Private,185068,Bachelors,13,Never-married,Other-service,Not-in-family,White,Male,0,0,20,Other,0
37,Private,268390,Bachelors,13,Married-civ-spouse,Exec-managerial,Husband,White,Male,0,0,40,Mexico,0
55,Private,102058,Bachelors,13,Married-civ-spouse,Sales,Husband,White,Male,0,0,40,United-States,1
32,Private,312055,Bachelors,13,Divorced,Prof-specialty,Not-in-family,White,Male,0,0,45,United-States,0
47,Private,234994,7th-8th,4,Separated,Craft-repair,Unmarried,White,Male,0,0,40,Other,0
46,Private,268234,Assoc-voc,11,Married-civ-spouse,Exec-managerial,Husband,White,Male,0,1902,40,United-States,1
18,Private,418176,Some-college,10,Never-married,Exec-managerial,Not-in-family,Black,Male,0,0,40,United-States,0
56,Private,246687,Some-college,10,Divorced,Adm-clerical,Not-in-family,White,Female,0,0,40,United-States,0
64,Self-emp-not-inc,187793,11th,7,Married-civ-spouse,Craft-repair,Husband,White,Male,0,0,40,United-States,0
59,Private,42959,HS-grad,9,Widowed,Other-service,Not-in-family,White,Female,0,0,36,United-States,0
27,Private,416946,HS-grad,9,Married-civ-spouse,Craft-repair,Husband,Black,Male,0,0,40,United-States,0
66,Private,117162,10th,6,Widowed,Machine-op-inspct,Not-in-family,White,Female,0,0,32,United-States,0
28,Private,109857,Assoc-voc,11,Divorced,Tech-support,Unmarried,White,Female,0,0,40,United-States,0
40,Private,143582,Masters,14,Widowed,Sales,Own-child,Asian-Pac-Islander,Female,0,0,50,United-States,0
56,Private,174209,Primary,3,Married-civ-spouse,Machine-op-inspct,Husband,Black,Male,0,0,40,United-States,0
23,Private,81145,HS-grad,9,Never-married,Other-service,Other-relative,White,Female,0,0,40,United-States,0
27,Private,285897,HS-grad,9,Married-civ-spouse,Transport-moving,Husband,White,Male,0,1887,40,United-States,1
33,Private,361280,Doctorate,16,Married-civ-spouse,Tech-support,Husband,Asian-Pac-Islander,Male,0,0,40,Other,0
36,Private,199288,10th,6,Married-civ-spouse,Transport-moving,Husband,White,Male,0,0,70,United-States,0
39,Private,99783,HS-grad,9,Never-married,Adm-clerical,Not-in-family,White,Female,0,0,45,United-States,0
39,Private,35890,Bachelors,13,Married-civ-spouse,Sales,Husband,White,Male,0,0,50,United-States,1
23,Private,161532,HS-grad,9,Married-civ-spouse,Craft-repair,Husband,White,Male,0,0,40,United-States,0
52,Private,201783,Some-college,10,Married-civ-spouse,Exec-managerial,Husband,White,Male,7688,0,40,United-States,1
52,Private,186826,Prof-school,15,Never-married,Prof-specialty,Not-in-family,White,Male,0,1564,40,United-States,1
58,Private,200316,HS-grad,9,Married-civ-spouse,Transport-moving,Husband,White,Male,0,0,40,United-States,0
17,Private,226503,11th,7,Never-married,Sales,Own-child,White,Female,0,0,20,United-States,0
34,Private,135304,Some-college,10,Married-civ-spouse,Craft-repair,Husband,White,Male,0,0,45,United-States,0
71,Self-emp-not-inc,401203,Bachelors,13,Married-civ-spouse,Prof-specialty,Husband,White,Male,0,0,34,United-States,1
21,Private,102684,HS-grad,9,Never-married,Other-service,Own-child,White,Male,0,0,40,United-States,0
24,Private,193416,Assoc-acdm,12,Never-married,Other-service,Own-child,White,Female,0,0,3,United-States,0
33,Private,192644,Doctorate,16,Married-civ-spouse,Prof-specialty,Husband,White,Male,0,1977,90,United-States,1
23,Private,182117,Some-college,10,Never-married,Other-service,Own-child,White,Male,0,0,40,United-States,0
47,Private,172753,HS-grad,9,Married-civ-spouse,Transport-moving,Husband,White,Male,0,0,85,United-States,1
28,Federal-gov,187649,HS-grad,9,Never-married,Prof-specialty,Own-child,White,Female,0,0,40,United-States,0
21,Private,215039,11th,7,Never-married,Handlers-cleaners,Own-child,White,Male,0,0,40,United-States,0
25,Private,121789,Some-college,10,Never-married,Sales,Not-in-family,White,Male,0,0,38,United-States,0
17,Private,184025,11th,7,Never-married,Handlers-cleaners,Own-child,White,Male,0,0,16,United-States,0
28,Private,264076,HS-grad,9,Never-married,Adm-clerical,Not-in-family,White,Female,0,0,40,United-States,0
26,Private,331861,Bachelors,13,Never-married,Exec-managerial,Not-in-family,White,Male,0,0,30,United-States,0
30,Private,278006,HS-grad,9,Divorced,Tech-support,Unmarried,White,Female,0,0,40,United-States,0
66,Self-emp-not-inc,176315,Bachelors,13,Divorced,Sales,Not-in-family,White,Male,401,0,20,United-States,0
29,State-gov,237028,HS-grad,9,Never-married,Adm-clerical,Unmarried,White,Female,0,0,40,United-States,0
26,Private,104830,Masters,14,Never-married,Exec-managerial,Not-in-family,White,Female,594,0,35,United-States,0
33,Private,111696,Some-college,10,Married-civ-spouse,Adm-clerical,Husband,White,Male,0,0,45,United-States,0
48,Private,196707,Assoc-voc,11,Married-civ-spouse,Craft-repair,Husband,White,Male,0,0,40,United-States,1
29,Private,243660,Some-college,10,Never-married,Other-service,Not-in-family,White,Male,0,0,45,United-States,0
40,Private,168294,HS-grad,9,Married-civ-spouse,Craft-repair,Husband,White,Male,0,0,40,United-States,0
46,Private,430278,Masters,14,Never-married,Prof-specialty,Not-in-family,White,Male,0,0,40,United-States,0
54,Federal-gov,151135,Bachelors,13,Married-civ-spouse,Exec-managerial,Husband,White,Male,0,0,40,United-States,1
17,Private,95875,9th,5,Never-married,Handlers-cleaners,Own-child,White,Male,0,0,12,United-States,0
45,Private,216414,Bachelors,13,Married-civ-spouse,Adm-clerical,Husband,White,Male,7688,0,50,United-States,1
33,Local-gov,190027,HS-grad,9,Divorced,Other-service,Own-child,Black,Female,0,0,40,United-States,0
17,Local-gov,236831,12th,8,Never-married,Adm-clerical,Own-child,Black,Female,0,0,15,United-States,0
60,Private,23063,7th-8th,4,Married-civ-spouse,Sales,Husband,White,Male,0,0,40,United-States,0
68,Private,204680,HS-grad,9,Married-civ-spouse,Exec-managerial,Husband,White,Male,0,0,37,United-States,0
37,Private,238802,HS-grad,9,Divorced,Tech-support,Not-in-family,White,Male,0,0,40,United-States,0
47,Private,183186,Bachelors,13,Married-civ-spouse,Exec-managerial,Husband,White,Male,0,0,60,United-States,1
23,Private,158996,Some-college,10,Married-civ-spouse,Handlers-cleaners,Husband,White,Male,0,0,38,United-States,0
61,Self-emp-inc,248160,10th,6,Married-civ-spouse,Exec-managerial,Husband,White,Male,7688,0,40,United-States,1
36,Private,161141,HS-grad,9,Married-civ-spouse,Machine-op-inspct,Husband,White,Male,0,0,40,United-States,0
54,Private,343333,Bachelors,13,Widowed,Adm-clerical,Not-in-family,White,Female,0,0,80,United-States,1
26,Private,359854,Bachelors,13,Never-married,Priv-house-serv,Other-relative,White,Female,0,0,35,Mexico,0
36,Private,355856,Primary,3,Never-married,Other-service,Not-in-family,Asian-Pac-Islander,Male,0,0,40,Other,0
30,Private,117028,HS-grad,9,Never-married,Exec-managerial,Not-in-family,White,Male,0,0,50,United-States,0
67,Private,192995,HS-grad,9,Widowed,Exec-managerial,Not-in-family,White,Female,0,0,35,United-States,0
53,Self-emp-not-inc,237729,HS-grad,9,Married-civ-spouse,Prof-specialty,Wife,White,Female,3411,0,65,United-States,0
22,Private,100235,HS-grad,9,Never-married,Handlers-cleaners,Own-child,White,Male,0,0,40,United-States,0
48,Private,355978,HS-grad,9,Married-civ-spouse,Tech-support,Husband,White,Male,0,0,40,United-States,0
18,Private,294720,11th,7,Never-married,Other-service,Own-child,White,Male,0,0,12,United-States,0
54,Private,283725,Masters,14,Divorced,Sales,Not-in-family,White,Female,0,0,40,United-States,0
30,Private,203488,Bachelors,13,Never-married,Sales,Not-in-family,White,Male,0,0,60,United-States,0
20,Private,173095,Some-college,10,Never-married,Sales,Own-child,White,Female,0,0,4,United-States,0
25,Private,72294,HS-grad,9,Never-married,Adm-clerical,Own-child,White,Female,0,0,40,United-States,0
32,Private,160594,Bachelors,13,Never-married,Sales,Not-in-family,White,Male,0,1564,50,United-States,1
33,State-gov,295662,Bachelors,13,Never-married,Adm-clerical,Unmarried,White,Female,0,0,40,United-States,0
35,Federal-gov,105527,HS-grad,9,Divorced,Exec-managerial,Unmarried,White,Female,0,0,40,United-States,0
37,Private,342642,Some-college,10,Married-civ-spouse,Craft-repair,Husband,White,Male,0,0,40,United-States,1
49,Self-emp-not-inc,285858,HS-grad,9,Married-civ-spouse,Exec-managerial,Husband,White,Male,0,0,50,United-States,0
46,Private,224314,Bachelors,13,Widowed,Exec-managerial,Unmarried,White,Female,0,0,20,United-States,0
20,State-gov,199884,Some-college,10,Never-married,Other-service,Own-child,White,Female,0,0,10,United-States,0
30,Private,332975,11th,7,Married-civ-spouse,Machine-op-inspct,Husband,White,Male,0,0,55,United-States,0
29,Private,37599,Some-college,10,Divorced,Adm-clerical,Not-in-family,White,Male,0,0,36,United-States,0
34,State-gov,647591,HS-grad,9,Never-married,Other-service,Not-in-family,Black,Female,0,0,40,United-States,0
36,Private,158363,12th,8,Married-civ-spouse,Machine-op-inspct,Husband,White,Male,0,0,40,United-States,0
42,Self-emp-not-inc,247422,Bachelors,13,Married-civ-spouse,Exec-managerial,Husband,White,Male,0,0,45,United-States,1
28,Private,209109,HS-grad,9,Never-married,Craft-repair,Own-child,White,Male,0,0,50,United-States,0
41,Private,94113,HS-grad,9,Married-civ-spouse,Craft-repair,Husband,White,Male,99999,0,60,United-States,1
40,Private,158275,HS-grad,9,Divorced,Adm-clerical,Unmarried,Black,Female,0,625,40,United-States,0
27,Private,99897,Some-college,10,Married-civ-spouse,Craft-repair,Husband,White,Male,0,0,50,United-States,0
38,Private,48093,HS-grad,9,Married-civ-spouse,Machine-op-inspct,Husband,White,Male,0,0,40,United-States,0
33,Private,303942,9th,5,Married-civ-spouse,Machine-op-inspct,Husband,White,Male,0,0,40,United-States,0
59,Private,124137,HS-grad,9,Divorced,Sales,Not-in-family,White,Male,2202,0,40,United-States,0
42,Private,174295,7th-8th,4,Married-civ-spouse,Handlers-cleaners,Husband,White,Male,0,0,99,United-States,0
44,Private,122381,Some-college,10,Married-civ-spouse,Other-service,Husband,White,Male,0,0,40,United-States,0
59,Self-emp-inc,76860,Primary,3,Married-civ-spouse,Exec-managerial,Husband,Asian-Pac-Islander,Male,99999,0,40,Other,1
62,Private,175032,HS-grad,9,Married-civ-spouse,Adm-clerical,Husband,White,Male,0,0,42,United-States,0
38,Self-emp-not-inc,108140,Some-college,10,Married-civ-spouse,Craft-repair,Husband,White,Male,0,0,30,United-States,0
48,Private,187715,Assoc-acdm,12,Married-civ-spouse,Craft-repair,Husband,White,Male,0,1848,46,United-States,1
56,Self-emp-not-inc,118614,Masters,14,Separated,Sales,Unmarried,White,Female,0,0,36,United-States,0
54,Local-gov,188446,HS-grad,9,Married-civ-spouse,Other-service,Husband,White,Male,0,0,40,United-States,0
62,Federal-gov,223163,Some-college,10,Never-married,Prof-specialty,Not-in-family,White,Male,0,0,40,United-States,1
28,Private,303601,12th,8,Married-civ-spouse,Machine-op-inspct,Husband,White,Male,0,0,40,United-States,0
32,Self-emp-not-inc,135304,HS-grad,9,Married-civ-spouse,Craft-repair,Husband,White,Male,3942,0,32,United-States,0
51,State-gov,103063,Bachelors,13,Married-civ-spouse,Protective-serv,Husband,White,Male,7298,0,40,United-States,1
31,Private,179673,HS-grad,9,Married-civ-spouse,Machine-op-inspct,Husband,White,Male,0,0,40,United-States,1
34,Private,209900,Some-college,10,Divorced,Prof-specialty,Not-in-family,White,Male,0,0,15,United-States,0
60,Private,176360,Bachelors,13,Married-civ-spouse,Sales,Husband,White,Male,0,0,40,United-States,1
40,Private,296858,Some-college,10,Married-civ-spouse,Sales,Husband,White,Male,5178,0,40,United-States,1
43,Self-emp-not-inc,52131,Prof-school,15,Married-civ-spouse,Prof-specialty,Husband,White,Male,0,1902,50,United-States,1
30,Private,103200,Masters,14,Married-spouse-absent,Prof-specialty,Not-in-family,Asian-Pac-Islander,Female,0,0,40,Other,0
43,Local-gov,187034,Some-college,10,Divorced,Exec-managerial,Not-in-family,White,Female,0,0,40,United-States,0
64,Private,271094,Bachelors,13,Divorced,Prof-specialty,Not-in-family,White,Female,0,0,20,United-States,0
36,Private,239755,Bachelors,13,Married-civ-spouse,Exec-managerial,Husband,White,Male,0,0,50,United-States,1
44,Private,271756,HS-grad,9,Married-civ-spouse,Adm-clerical,Husband,Black,Male,0,0,40,United-States,1
36,Private,141029,HS-grad,9,Separated,Craft-repair,Unmarried,White,Female,0,0,40,United-States,0
20,Private,267945,Some-college,10,Never-married,Sales,Own-child,White,Female,0,0,15,United-States,0
30,Private,177675,HS-grad,9,Never-married,Machine-op-inspct,Other-relative,White,Male,0,0,40,United-States,0
25,Private,64671,Primary,2,Never-married,Other-service,Not-in-family,Asian-Pac-Islander,Female,0,0,40,Philippines,0
60,Private,220729,7th-8th,4,Married-civ-spouse,Sales,Husband,White,Male,0,0,50,United-States,0
29,Private,79586,HS-grad,9,Married-civ-spouse,Craft-repair,Husband,Amer-Indian-Eskimo,Male,0,0,65,United-States,0
66,Self-emp-not-inc,331960,HS-grad,9,Married-civ-spouse,Craft-repair,Husband,White,Male,0,0,20,United-States,0
56,Self-emp-not-inc,169528,HS-grad,9,Married-civ-spouse,Craft-repair,Husband,White,Male,0,0,40,United-States,0
52,Private,251585,10th,6,Married-civ-spouse,Transport-moving,Husband,White,Male,0,0,55,United-States,0
48,State-gov,54985,Bachelors,13,Married-civ-spouse,Prof-specialty,Husband,White,Male,0,0,40,United-States,0
46,Private,207807,10th,6,Married-civ-spouse,Machine-op-inspct,Wife,Black,Female,0,0,30,United-States,0
35,Private,285000,Bachelors,13,Never-married,Prof-specialty,Not-in-family,White,Male,0,0,45,United-States,0
42,Private,222756,Bachelors,13,Divorced,Prof-specialty,Unmarried,White,Male,7430,0,40,United-States,1
70,Self-emp-not-inc,165586,HS-grad,9,Married-civ-spouse,Farming-fishing,Husband,White,Male,0,0,40,United-States,0
53,Private,308082,Primary,1,Never-married,Other-service,Not-in-family,White,Female,0,0,15,Other,0
45,Private,174794,Some-college,10,Divorced,Priv-house-serv,Not-in-family,White,Female,0,0,29,United-States,0
22,Private,157332,HS-grad,9,Never-married,Adm-clerical,Not-in-family,White,Female,0,0,35,United-States,0
46,Private,99699,Bachelors,13,Separated,Prof-specialty,Not-in-family,Black,Female,0,1876,40,United-States,0
44,Self-emp-inc,248476,Some-college,10,Married-civ-spouse,Sales,Husband,White,Male,0,0,45,United-States,1
21,Private,303187,Some-college,10,Never-married,Handlers-cleaners,Own-child,Asian-Pac-Islander,Male,0,0,40,Philippines,0
35,Private,134922,HS-grad,9,Divorced,Machine-op-inspct,Unmarried,White,Female,0,0,50,United-States,0
34,Private,426431,Some-college,10,Married-civ-spouse,Craft-repair,Husband,White,Male,0,0,48,United-States,1
43,Private,580591,Primary,2,Married-spouse-absent,Farming-fishing,Not-in-family,White,Male,0,0,28,Mexico,0
27,Private,203776,Some-college,10,Married-civ-spouse,Sales,Husband,White,Male,0,0,45,United-States,0
62,Private,202958,Some-college,10,Married-civ-spouse,Machine-op-inspct,Husband,White,Male,0,0,40,United-States,0
18,Private,231335,HS-grad,9,Never-married,Sales,Not-in-family,White,Male,0,0,40,United-States,0
23,Local-gov,212856,Assoc-acdm,12,Never-married,Protective-serv,Own-child,Black,Female,0,0,35,United-States,0
18,Private,263656,11th,7,Never-married,Sales,Own-child,Black,Male,0,0,25,United-States,0
33,Private,156464,HS-grad,9,Divorced,Craft-repair,Not-in-family,White,Male,0,0,40,United-States,0
46,Private,84790,HS-grad,9,Married-civ-spouse,Machine-op-inspct,Husband,White,Male,0,0,40,United-States,1
30,Federal-gov,49398,Bachelors,13,Married-civ-spouse,Prof-specialty,Husband,White,Male,0,0,40,United-States,1
25,Private,266062,Prof-school,15,Never-married,Prof-specialty,Not-in-family,White,Male,0,0,65,United-States,0
36,Private,135293,Masters,14,Separated,Exec-managerial,Not-in-family,White,Female,0,0,50,United-States,0
42,Self-emp-inc,223566,Prof-school,15,Never-married,Exec-managerial,Not-in-family,White,Male,0,0,15,United-States,0
50,Private,38540,HS-grad,9,Married-civ-spouse,Exec-managerial,Husband,White,Male,0,0,40,United-States,0
19,Private,231492,HS-grad,9,Never-married,Machine-op-inspct,Own-child,White,Male,0,0,60,United-States,0
64,Self-emp-inc,487751,Bachelors,13,Married-civ-spouse,Exec-managerial,Husband,White,Male,0,0,50,United-States,0
68,Private,34887,HS-grad,9,Widowed,Priv-house-serv,Not-in-family,White,Female,0,0,6,United-States,0
49,Private,191821,Some-college,10,Divorced,Adm-clerical,Unmarried,White,Female,0,0,32,United-States,0
49,Self-emp-not-inc,228372,Bachelors,13,Married-civ-spouse,Sales,Husband,White,Male,0,1977,60,United-States,1
63,Private,114011,11th,7,Divorced,Other-service,Not-in-family,White,Female,0,0,40,United-States,0
22,Private,225515,Bachelors,13,Married-civ-spouse,Prof-specialty,Wife,White,Female,0,0,40,United-States,0
50,Private,180439,Some-college,10,Married-civ-spouse,Other-service,Husband,White,Male,0,0,33,United-States,0
49,Private,162264,HS-grad,9,Never-married,Machine-op-inspct,Not-in-family,Black,Male,0,0,40,United-States,0
30,Private,194971,HS-grad,9,Married-civ-spouse,Other-service,Husband,Asian-Pac-Islander,Male,0,0,52,Other,0
63,Private,286990,Some-college,10,Married-civ-spouse,Sales,Husband,White,Male,0,0,50,United-States,1
33,Private,159123,Some-college,10,Married-civ-spouse,Adm-clerical,Husband,White,Male,0,0,40,United-States,1
47,Private,234470,Assoc-acdm,12,Widowed,Adm-clerical,Unmarried,Black,Female,0,0,40,United-States,0
38,Private,79483,HS-grad,9,Divorced,Adm-clerical,Not-in-family,White,Female,0,0,45,United-States,0
18,Private,129053,11th,7,Never-married,Other-service,Own-child,White,Male,0,0,28,United-States,0
37,Local-gov,152587,Some-college,10,Never-married,Craft-repair,Not-in-family,White,Male,0,0,40,United-States,0
46,Private,130667,HS-grad,9,Married-civ-spouse,Transport-moving,Husband,Black,Male,0,0,40,United-States,0
51,State-gov,108037,Doctorate,16,Divorced,Exec-managerial,Not-in-family,White,Female,0,0,40,United-States,0
38,Private,274907,Assoc-acdm,12,Never-married,Prof-specialty,Not-in-family,White,Male,0,0,35,United-States,0
34,Private,329170,Some-college,10,Never-married,Adm-clerical,Not-in-family,White,Female,6849,0,70,United-States,0
37,Private,175232,Bachelors,13,Married-civ-spouse,Prof-specialty,Husband,White,Male,0,0,40,United-States,1
18,Private,430930,11th,7,Never-married,Priv-house-serv,Own-child,White,Female,0,0,6,United-States,0
26,Private,58350,Bachelors,13,Never-married,Prof-specialty,Not-in-family,White,Female,0,0,50,United-States,0
41,Private,164647,HS-grad,9,Divorced,Exec-managerial,Not-in-family,Black,Female,0,0,40,United-States,0
25,Private,189897,HS-grad,9,Never-married,Craft-repair,Not-in-family,White,Male,0,0,40,United-States,0
56,Self-emp-not-inc,19896,Some-college,10,Married-civ-spouse,Sales,Wife,White,Female,0,0,60,United-States,1
31,Private,229732,HS-grad,9,Never-married,Craft-repair,Other-relative,White,Male,0,0,50,United-States,0
43,Self-emp-not-inc,116632,Assoc-voc,11,Married-civ-spouse,Sales,Husband,White,Male,0,1887,45,United-States,1
61,Private,72442,HS-grad,9,Married-civ-spouse,Craft-repair,Husband,White,Male,0,0,40,United-States,1
43,Private,316820,Assoc-acdm,12,Married-civ-spouse,Exec-managerial,Husband,White,Male,7688,0,40,United-States,1
34,Private,393376,HS-grad,9,Never-married,Other-service,Unmarried,White,Female,0,0,40,United-States,0
26,Private,219199,HS-grad,9,Married-civ-spouse,Transport-moving,Husband,White,Male,0,0,50,United-States,1
52,Private,279129,Masters,14,Married-civ-spouse,Exec-managerial,Husband,White,Male,0,0,60,United-States,1
55,Self-emp-not-inc,50197,9th,5,Married-civ-spouse,Farming-fishing,Husband,White,Male,0,0,30,United-States,0
19,Private,323054,HS-grad,9,Never-married,Sales,Not-in-family,Asian-Pac-Islander,Male,0,0,30,United-States,0
53,Private,92565,Masters,14,Married-civ-spouse,Prof-specialty,Husband,Asian-Pac-Islander,Male,0,0,40,United-States,1
49,Self-emp-inc,140644,Bachelors,13,Married-civ-spouse,Sales,Husband,White,Male,5013,0,45,United-States,0
47,Private,135246,11th,7,Never-married,Craft-repair,Unmarried,White,Male,0,0,40,United-States,0
25,Private,296394,HS-grad,9,Never-married,Machine-op-inspct,Unmarried,Black,Male,0,0,45,United-States,0
38,Local-gov,187046,HS-grad,9,Married-civ-spouse,Protective-serv,Husband,White,Male,0,0,40,United-States,1
37,Private,258827,Bachelors,13,Married-civ-spouse,Sales,Husband,White,Male,0,0,50,United-States,1
35,Private,174938,HS-grad,9,Married-civ-spouse,Adm-clerical,Husband,White,Male,0,0,40,United-States,0
28,Private,108706,11th,7,Never-married,Handlers-cleaners,Own-child,White,Female,0,0,20,United-States,0
38,Private,190174,Some-college,10,Married-civ-spouse,Adm-clerical,Wife,White,Female,0,0,30,United-States,0
32,Private,197325,HS-grad,9,Married-civ-spouse,Craft-repair,Husband,White,Male,0,0,40,United-States,0
25,State-gov,117393,Bachelors,13,Married-civ-spouse,Exec-managerial,Wife,White,Female,0,0,38,United-States,0
24,Private,119629,Some-college,10,Never-married,Sales,Not-in-family,White,Female,0,0,37,United-States,0
74,Private,159138,HS-grad,9,Widowed,Other-service,Not-in-family,White,Female,0,0,12,United-States,0
27,Private,220931,HS-grad,9,Divorced,Adm-clerical,Unmarried,White,Female,0,0,32,United-States,0
37,Local-gov,343052,HS-grad,9,Separated,Adm-clerical,Unmarried,White,Female,0,0,40,United-States,0
55,Private,92847,7th-8th,4,Widowed,Priv-house-serv,Unmarried,White,Female,0,0,30,United-States,0
62,Private,116289,Bachelors,13,Married-civ-spouse,Prof-specialty,Husband,White,Male,0,0,45,United-States,0
57,Self-emp-not-inc,256630,Bachelors,13,Divorced,Sales,Not-in-family,White,Male,0,0,60,Other,1
19,Private,277708,HS-grad,9,Never-married,Handlers-cleaners,Own-child,Black,Male,0,0,40,United-States,0
43,Private,390369,Assoc-acdm,12,Married-civ-spouse,Handlers-cleaners,Husband,White,Male,0,0,40,United-States,1
31,Private,246439,HS-grad,9,Never-married,Farming-fishing,Not-in-family,White,Male,0,0,38,United-States,0
34,Private,184833,Bachelors,13,Never-married,Exec-managerial,Not-in-family,White,Female,4650,0,50,United-States,0
53,Local-gov,179237,9th,5,Married-civ-spouse,Transport-moving,Husband,White,Male,0,0,40,United-States,0
21,Private,249271,Some-college,10,Never-married,Craft-repair,Own-child,White,Male,0,0,40,United-States,0
21,Private,341368,HS-grad,9,Divorced,Craft-repair,Not-in-family,White,Male,0,0,20,United-States,0
21,Private,228649,HS-grad,9,Never-married,Craft-repair,Own-child,White,Male,0,0,40,United-States,0
64,Local-gov,190228,HS-grad,9,Widowed,Adm-clerical,Not-in-family,White,Female,0,0,35,United-States,1
35,Private,306678,Some-college,10,Married-civ-spouse,Craft-repair,Husband,White,Male,0,0,52,United-States,0
22,Private,179392,HS-grad,9,Never-married,Other-service,Own-child,White,Female,0,0,20,United-States,0
47,Local-gov,232149,Masters,14,Divorced,Prof-specialty,Unmarried,White,Female,0,0,45,United-States,0
51,Private,245356,Some-college,10,Married-civ-spouse,Exec-managerial,Husband,White,Male,7298,0,55,United-States,1
47,Private,361390,10th,6,Married-civ-spouse,Machine-op-inspct,Husband,White,Male,4064,0,40,Other,0
30,Self-emp-inc,133876,HS-grad,9,Married-civ-spouse,Exec-managerial,Husband,White,Male,0,0,45,United-States,0
36,Private,91716,Some-college,10,Married-civ-spouse,Transport-moving,Husband,White,Male,0,0,45,United-States,0
45,Private,111706,Primary,2,Never-married,Machine-op-inspct,Unmarried,Asian-Pac-Islander,Female,0,0,40,Other,0
36,Private,355468,10th,6,Separated,Sales,Not-in-family,White,Male,0,0,40,United-States,0
25,Private,51148,HS-grad,9,Divorced,Adm-clerical,Other-relative,White,Female,0,0,40,United-States,0
44,Private,104719,Assoc-acdm,12,Never-married,Adm-clerical,Not-in-family,White,Male,0,0,38,United-States,0
72,Self-emp-not-inc,207889,7th-8th,4,Married-civ-spouse,Farming-fishing,Husband,White,Male,0,0,50,United-States,0
66,Self-emp-not-inc,58326,11th,7,Divorced,Other-service,Not-in-family,White,Female,0,0,40,United-States,1
41,Federal-gov,33487,Some-college,10,Divorced,Adm-clerical,Other-relative,Amer-Indian-Eskimo,Female,0,0,38,United-States,0
35,Private,67317,Assoc-acdm,12,Never-married,Handlers-cleaners,Not-in-family,White,Male,0,0,50,United-States,0
26,Private,224567,11th,7,Never-married,Sales,Not-in-family,White,Male,0,0,45,United-States,0
40,Private,24038,Bachelors,13,Never-married,Exec-managerial,Not-in-family,White,Female,0,0,55,United-States,0
35,Private,210945,Masters,14,Married-civ-spouse,Prof-specialty,Husband,White,Male,0,0,60,United-States,1
28,Private,161155,Some-college,10,Never-married,Craft-repair,Unmarried,White,Male,0,0,48,United-States,0
64,Local-gov,287277,9th,5,Married-civ-spouse,Other-service,Husband,White,Male,0,0,40,United-States,0
51,Private,169785,Bachelors,13,Married-spouse-absent,Exec-managerial,Not-in-family,White,Female,0,0,60,United-States,1
64,Private,132519,HS-grad,9,Married-civ-spouse,Handlers-cleaners,Wife,Black,Female,0,0,40,United-States,0
35,Private,261646,HS-grad,9,Married-civ-spouse,Machine-op-inspct,Husband,White,Male,0,0,40,United-States,0
41,Private,590204,Masters,14,Married-civ-spouse,Prof-specialty,Wife,White,Female,15024,0,40,United-States,1
30,Local-gov,325658,HS-grad,9,Married-civ-spouse,Exec-managerial,Husband,White,Male,0,0,40,United-States,0
44,Private,174325,Some-college,10,Married-civ-spouse,Craft-repair,Husband,Black,Male,0,0,40,United-States,0
20,Private,123173,Some-college,10,Never-married,Sales,Own-child,Black,Female,0,0,15,United-States,0
56,Private,357939,HS-grad,9,Married-civ-spouse,Machine-op-inspct,Husband,White,Male,0,0,40,United-States,0
27,Private,150767,Some-college,10,Never-married,Machine-op-inspct,Own-child,White,Male,0,0,48,United-States,0
36,Self-emp-inc,176289,Doctorate,16,Never-married,Prof-specialty,Not-in-family,White,Female,0,0,40,United-States,0
58,Private,109159,HS-grad,9,Widowed,Tech-support,Unmarried,White,Female,0,0,38,United-States,0
64,Private,208862,11th,7,Married-civ-spouse,Transport-moving,Husband,White,Male,0,0,15,United-States,0
53,Federal-gov,314871,Some-college,10,Separated,Adm-clerical,Not-in-family,Black,Female,0,0,40,United-States,0
54,Private,254152,HS-grad,9,Married-civ-spouse,Prof-specialty,Husband,White,Male,0,0,40,United-States,0
67,Private,127921,HS-grad,9,Married-civ-spouse,Exec-managerial,Husband,White,Male,9386,0,40,United-States,1
25,Private,210794,Some-college,10,Never-married,Machine-op-inspct,Own-child,White,Female,0,0,40,United-States,0
52,Private,389270,Assoc-voc,11,Divorced,Adm-clerical,Not-in-family,White,Female,0,0,36,United-States,0
46,Federal-gov,104575,Assoc-voc,11,Divorced,Tech-support,Not-in-family,White,Female,0,0,40,United-States,0
41,Self-emp-not-inc,99220,Some-college,10,Married-civ-spouse,Machine-op-inspct,Husband,White,Male,0,0,40,United-States,0
47,Private,114882,Assoc-voc,11,Married-civ-spouse,Transport-moving,Husband,White,Male,0,0,40,United-States,0
33,Private,186977,HS-grad,9,Married-civ-spouse,Transport-moving,Husband,White,Male,0,0,40,Other,0
57,Self-emp-inc,84231,Masters,14,Married-civ-spouse,Sales,Husband,White,Male,0,1977,50,United-States,1
20,Private,129240,Some-college,10,Never-married,Sales,Own-child,White,Female,0,0,30,United-States,0
47,Private,155890,Bachelors,13,Married-civ-spouse,Prof-specialty,Husband,White,Male,7688,0,40,United-States,1
38,Private,339025,HS-grad,9,Married-civ-spouse,Handlers-cleaners,Husband,Asian-Pac-Islander,Male,0,1579,40,Other,0
24,Private,199426,Bachelors,13,Never-married,Other-service,Own-child,White,Female,0,0,30,United-States,0
35,Private,215323,Bachelors,13,Married-civ-spouse,Other-service,Husband,White,Male,0,0,40,United-States,0
59,Private,239405,HS-grad,9,Divorced,Other-service,Unmarried,Black,Female,0,0,35,Other,0
45,Private,176841,HS-grad,9,Never-married,Other-service,Not-in-family,White,Female,0,0,40,Other,0
20,Private,69911,Some-college,10,Never-married,Sales,Own-child,White,Female,0,0,15,United-States,0
46,Private,241350,Some-college,10,Never-married,Exec-managerial,Not-in-family,White,Male,8614,0,50,United-States,1
66,Private,146810,HS-grad,9,Married-civ-spouse,Transport-moving,Husband,White,Male,0,0,24,United-States,0
23,Private,122244,Some-college,10,Never-married,Tech-support,Own-child,White,Female,0,0,40,United-States,0
17,Private,123947,11th,7,Never-married,Handlers-cleaners,Own-child,White,Male,0,0,15,United-States,0
52,Federal-gov,35546,HS-grad,9,Married-civ-spouse,Tech-support,Husband,White,Male,0,0,40,United-States,0
31,Private,143083,Masters,14,Married-civ-spouse,Exec-managerial,Wife,White,Female,0,0,40,United-States,1
23,Private,370548,HS-grad,9,Married-civ-spouse,Handlers-cleaners,Husband,White,Male,0,0,27,United-States,0
43,Private,193882,Some-college,10,Married-civ-spouse,Transport-moving,Husband,White,Male,0,0,50,United-States,0
61,Private,43904,HS-grad,9,Divorced,Other-service,Not-in-family,Black,Male,0,0,40,United-States,0
45,Private,239864,HS-grad,9,Never-married,Adm-clerical,Own-child,White,Male,0,0,40,United-States,0
62,Private,44013,HS-grad,9,Married-civ-spouse,Craft-repair,Husband,White,Male,0,0,40,United-States,0
39,Self-emp-not-inc,497525,10th,6,Separated,Craft-repair,Not-in-family,Black,Male,0,0,40,United-States,0
26,Self-emp-not-inc,67240,HS-grad,9,Never-married,Handlers-cleaners,Not-in-family,White,Male,0,0,35,United-States,0
22,Private,172496,Some-college,10,Never-married,Handlers-cleaners,Not-in-family,White,Male,0,0,40,Other,0
54,Federal-gov,28683,HS-grad,9,Married-civ-spouse,Adm-clerical,Husband,White,Male,4386,0,41,United-States,1
36,Private,24504,HS-grad,9,Divorced,Adm-clerical,Unmarried,White,Female,0,0,40,United-States,0
35,Private,195253,Some-college,10,Married-civ-spouse,Exec-managerial,Husband,White,Male,0,0,60,United-States,0
23,Private,72055,HS-grad,9,Never-married,Adm-clerical,Unmarried,White,Female,0,0,40,United-States,0
46,Federal-gov,362835,Assoc-acdm,12,Married-civ-spouse,Prof-specialty,Husband,White,Male,0,0,40,Other,1
60,Self-emp-inc,75257,HS-grad,9,Married-civ-spouse,Craft-repair,Wife,White,Female,0,0,40,United-States,0
32,Federal-gov,228696,Some-college,10,Divorced,Adm-clerical,Unmarried,White,Male,0,0,40,Mexico,0
27,Private,147280,11th,7,Never-married,Other-service,Own-child,Other,Male,0,0,40,United-States,0
34,Private,197252,Bachelors,13,Married-civ-spouse,Exec-managerial,Husband,White,Male,0,0,45,United-States,1
42,Private,56072,Assoc-acdm,12,Married-civ-spouse,Sales,Husband,White,Male,0,0,45,United-States,1
51,Local-gov,164300,HS-grad,9,Separated,Adm-clerical,Unmarried,White,Female,0,0,40,Other,0
33,Private,182714,Bachelors,13,Never-married,Exec-managerial,Not-in-family,White,Female,0,0,40,United-States,0
72,Private,98035,7th-8th,4,Married-civ-spouse,Other-service,Husband,White,Male,0,0,20,United-States,0
36,Self-emp-not-inc,110622,Bachelors,13,Divorced,Sales,Unmarried,Asian-Pac-Islander,Female,0,0,8,Other,0
38,Private,289653,Assoc-voc,11,Widowed,Machine-op-inspct,Not-in-family,White,Male,0,0,40,United-States,0
41,Private,56651,12th,8,Married-civ-spouse,Craft-repair,Husband,White,Male,0,0,40,United-States,0
72,Self-emp-inc,149689,Prof-school,15,Married-civ-spouse,Prof-specialty,Husband,White,Male,20051,0,48,United-States,1
72,Private,75594,Some-college,10,Married-civ-spouse,Craft-repair,Husband,White,Male,2653,0,40,United-States,0
36,Self-emp-inc,339116,Assoc-voc,11,Divorced,Exec-managerial,Not-in-family,White,Female,0,0,40,Other,0
42,Self-emp-not-inc,54583,Bachelors,13,Divorced,Prof-specialty,Unmarried,White,Female,0,0,30,United-States,0
32,Private,221680,Bachelors,13,Never-married,Machine-op-inspct,Not-in-family,White,Male,0,0,40,United-States,0
53,Private,35459,Some-college,10,Married-civ-spouse,Craft-repair,Husband,White,Male,0,0,47,United-States,1
33,Private,162572,HS-grad,9,Never-married,Transport-moving,Not-in-family,White,Male,0,0,60,United-States,0
31,Private,119033,HS-grad,9,Never-married,Handlers-cleaners,Own-child,White,Male,0,0,50,United-States,0
23,Private,37072,HS-grad,9,Married-civ-spouse,Craft-repair,Husband,White,Male,0,0,40,United-States,0
29,Private,197565,HS-grad,9,Married-civ-spouse,Other-service,Wife,White,Female,0,1902,35,United-States,1
41,Private,118001,11th,7,Never-married,Machine-op-inspct,Not-in-family,Black,Male,0,0,40,United-States,0
30,Private,168906,Some-college,10,Never-married,Adm-clerical,Unmarried,White,Female,0,0,44,United-States,0
39,Private,224466,Some-college,10,Divorced,Craft-repair,Unmarried,Black,Male,0,0,24,United-States,0
45,Private,277434,Some-college,10,Divorced,Adm-clerical,Not-in-family,White,Male,0,0,50,United-States,0
42,Private,167948,Doctorate,16,Married-civ-spouse,Prof-specialty,Husband,Asian-Pac-Islander,Male,0,0,40,Other,1
52,Local-gov,230112,Masters,14,Married-civ-spouse,Prof-specialty,Husband,White,Male,0,0,40,United-States,1
41,Self-emp-inc,163215,Prof-school,15,Never-married,Prof-specialty,Not-in-family,White,Female,0,0,60,United-States,1
50,Private,201984,7th-8th,4,Married-civ-spouse,Craft-repair,Husband,White,Male,0,0,40,United-States,0
35,Private,258657,Assoc-acdm,12,Married-civ-spouse,Craft-repair,Husband,White,Male,0,0,60,United-States,0
59,Private,159770,Assoc-acdm,12,Married-civ-spouse,Exec-managerial,Husband,White,Male,0,0,40,United-States,1
47,Self-emp-not-inc,177533,Some-college,10,Married-civ-spouse,Craft-repair,Husband,White,Male,0,0,40,United-States,0
40,Federal-gov,134307,Bachelors,13,Divorced,Prof-specialty,Not-in-family,Black,Female,0,1741,40,United-States,0
21,Private,24598,Some-college,10,Never-married,Other-service,Own-child,White,Female,0,0,40,United-States,0
42,State-gov,273869,HS-grad,9,Divorced,Protective-serv,Unmarried,White,Female,0,0,40,United-States,0
33,Private,101867,HS-grad,9,Never-married,Machine-op-inspct,Unmarried,Asian-Pac-Islander,Male,0,0,40,Philippines,0
55,Private,27227,Some-college,10,Married-civ-spouse,Other-service,Husband,White,Male,0,1977,35,United-States,1
18,Private,323810,HS-grad,9,Never-married,Sales,Own-child,White,Female,0,0,40,Other,0
38,Private,322092,HS-grad,9,Divorced,Handlers-cleaners,Not-in-family,White,Male,0,0,40,United-States,0
56,Private,258579,Masters,14,Married-civ-spouse,Exec-managerial,Husband,White,Male,0,0,50,United-States,1
34,Private,275771,HS-grad,9,Divorced,Exec-managerial,Unmarried,White,Female,0,0,50,United-States,0
62,Private,217434,Bachelors,13,Married-civ-spouse,Sales,Husband,White,Male,0,0,40,United-States,0
55,Federal-gov,272339,HS-grad,9,Widowed,Adm-clerical,Unmarried,White,Female,0,0,40,United-States,0
40,Private,103759,HS-grad,9,Divorced,Craft-repair,Not-in-family,White,Male,0,0,40,United-States,0
35,State-gov,88215,Bachelors,13,Married-civ-spouse,Prof-specialty,Wife,Asian-Pac-Islander,Female,0,0,40,Philippines,1
32,Private,303692,Doctorate,16,Divorced,Prof-specialty,Not-in-family,White,Male,0,0,40,United-States,1
47,Self-emp-not-inc,184682,HS-grad,9,Separated,Sales,Unmarried,White,Female,0,0,35,United-States,0
32,Private,137421,HS-grad,9,Married-spouse-absent,Other-service,Other-relative,Other,Male,0,0,40,Mexico,0
32,Private,117444,Bachelors,13,Never-married,Exec-managerial,Not-in-family,White,Male,0,0,50,United-States,0
45,Private,22610,Some-college,10,Divorced,Adm-clerical,Unmarried,White,Female,0,0,40,United-States,0
45,Private,114774,Masters,14,Divorced,Prof-specialty,Not-in-family,White,Female,0,2258,55,United-States,0
36,Private,298635,Bachelors,13,Married-civ-spouse,Other-service,Husband,Other,Male,0,0,40,Other,1
39,Private,40955,Prof-school,15,Divorced,Prof-specialty,Not-in-family,White,Male,0,0,45,United-States,1
27,Private,375703,Bachelors,13,Never-married,Adm-clerical,Own-child,Black,Female,0,0,40,United-States,0
23,Private,48988,Some-college,10,Never-married,Adm-clerical,Not-in-family,White,Male,0,0,50,United-States,0
19,Private,340094,Some-college,10,Never-married,Sales,Own-child,White,Female,0,0,20,United-States,0
49,Private,110669,10th,6,Divorced,Machine-op-inspct,Not-in-family,White,Female,0,0,32,United-States,0
39,Private,453686,Bachelors,13,Divorced,Prof-specialty,Not-in-family,White,Male,0,0,40,United-States,1
67,Private,126361,11th,7,Married-civ-spouse,Other-service,Husband,Black,Male,0,0,9,United-States,1
35,Private,306388,HS-grad,9,Divorced,Sales,Unmarried,White,Female,0,0,30,United-States,0
62,Private,189665,Masters,14,Married-civ-spouse,Exec-managerial,Husband,White,Male,15024,0,40,United-States,1
25,Private,281627,Bachelors,13,Never-married,Tech-support,Not-in-family,White,Female,0,1564,30,United-States,1
25,Private,209970,Some-college,10,Never-married,Other-service,Not-in-family,White,Female,0,0,45,United-States,0
51,State-gov,250807,Some-college,10,Never-married,Exec-managerial,Not-in-family,White,Male,0,0,40,United-States,0
29,Private,146764,Some-college,10,Divorced,Adm-clerical,Not-in-family,White,Female,0,0,35,United-States,0
47,Private,98828,HS-grad,9,Widowed,Prof-specialty,Unmarried,Other,Female,0,0,35,Other,0
62,Private,104849,Masters,14,Married-civ-spouse,Adm-clerical,Husband,Asian-Pac-Islander,Male,0,0,40,Other,1
26,Private,49092,HS-grad,9,Married-civ-spouse,Prof-specialty,Husband,White,Male,0,0,30,United-States,0
40,Private,104397,HS-grad,9,Married-civ-spouse,Sales,Own-child,White,Female,0,0,30,United-States,0
28,Private,292120,Some-college,10,Never-married,Adm-clerical,Own-child,White,Female,0,0,42,United-States,0
34,Private,109917,HS-grad,9,Divorced,Machine-op-inspct,Not-in-family,White,Female,0,0,40,United-States,0
30,Private,119411,HS-grad,9,Divorced,Farming-fishing,Not-in-family,White,Male,0,0,40,United-States,0
57,Private,161662,HS-grad,9,Married-spouse-absent,Craft-repair,Not-in-family,White,Male,4650,0,40,United-States,0
25,Private,190107,HS-grad,9,Married-civ-spouse,Craft-repair,Husband,White,Male,0,0,40,United-States,1
24,Private,354691,12th,8,Never-married,Craft-repair,Not-in-family,White,Male,0,0,40,United-States,0
45,Federal-gov,133973,Some-college,10,Divorced,Adm-clerical,Unmarried,White,Female,0,0,40,United-States,0
37,Private,353550,Masters,14,Married-civ-spouse,Exec-managerial,Husband,White,Male,15024,0,60,United-States,1
39,Private,34996,HS-grad,9,Married-civ-spouse,Other-service,Wife,White,Female,0,0,40,United-States,0
17,Private,209650,10th,6,Never-married,Other-service,Own-child,White,Male,0,0,15,United-States,0
69,Private,98170,7th-8th,4,Widowed,Other-service,Not-in-family,White,Female,1086,0,20,United-States,0
82,Self-emp-not-inc,121944,7th-8th,4,Married-civ-spouse,Exec-managerial,Husband,White,Male,0,0,40,United-States,0
41,Local-gov,247082,Masters,14,Married-civ-spouse,Prof-specialty,Husband,White,Male,0,0,40,United-States,1
36,Private,131766,Assoc-acdm,12,Never-married,Exec-managerial,Not-in-family,White,Female,3325,0,40,United-States,0
29,Private,113635,HS-grad,9,Never-married,Craft-repair,Own-child,White,Male,0,0,40,United-States,0
40,Private,266803,Masters,14,Married-civ-spouse,Prof-specialty,Wife,White,Female,15024,0,50,Other,1
50,Private,144084,HS-grad,9,Separated,Sales,Unmarried,White,Female,0,0,55,United-States,0
25,Private,221078,HS-grad,9,Never-married,Sales,Not-in-family,White,Female,0,0,35,United-States,0
45,Local-gov,186375,Assoc-voc,11,Married-civ-spouse,Protective-serv,Husband,White,Male,0,0,40,United-States,0
61,Self-emp-not-inc,44983,HS-grad,9,Married-civ-spouse,Craft-repair,Husband,White,Male,0,0,20,United-States,0
72,Self-emp-not-inc,103368,Some-college,10,Married-civ-spouse,Farming-fishing,Husband,White,Male,0,0,21,United-States,0
35,Local-gov,405284,Masters,14,Married-civ-spouse,Prof-specialty,Wife,White,Female,0,0,35,United-States,1
32,Private,252168,Some-college,10,Never-married,Other-service,Not-in-family,Black,Male,0,0,35,United-States,0
24,State-gov,147548,Masters,14,Never-married,Prof-specialty,Not-in-family,White,Female,0,0,20,United-States,0
29,Private,262758,Assoc-acdm,12,Never-married,Other-service,Unmarried,Black,Male,0,625,60,United-States,0
33,Private,236304,Bachelors,13,Married-civ-spouse,Exec-managerial,Husband,Black,Male,0,0,60,United-States,1
50,Local-gov,270221,Some-college,10,Divorced,Adm-clerical,Own-child,White,Male,0,0,43,United-States,1
28,Private,105422,Some-college,10,Never-married,Transport-moving,Not-in-family,White,Male,0,0,50,United-States,0
57,Private,206206,11th,7,Married-civ-spouse,Craft-repair,Husband,White,Male,0,0,40,United-States,1
19,Private,38925,11th,7,Never-married,Other-service,Own-child,White,Male,0,0,40,United-States,0
26,Private,34309,Assoc-voc,11,Never-married,Prof-specialty,Not-in-family,White,Male,0,0,45,United-States,0
25,Private,213799,Assoc-voc,11,Married-civ-spouse,Farming-fishing,Husband,White,Male,0,0,35,United-States,0
37,Private,383352,Some-college,10,Divorced,Adm-clerical,Unmarried,White,Female,0,0,38,United-States,0
49,Private,239865,HS-grad,9,Married-civ-spouse,Tech-support,Husband,White,Male,0,0,50,United-States,1
26,State-gov,68346,Masters,14,Never-married,Prof-specialty,Not-in-family,White,Male,0,0,10,Other,0
44,Private,321824,Doctorate,16,Married-civ-spouse,Prof-specialty,Husband,White,Male,0,0,20,United-States,0
51,Local-gov,251346,9th,5,Married-civ-spouse,Other-service,Wife,White,Female,0,0,38,Other,0
44,Private,192014,Bachelors,13,Separated,Exec-managerial,Not-in-family,White,Male,0,0,38,United-States,0
35,Private,103710,Masters,14,Never-married,Prof-specialty,Not-in-family,White,Female,0,0,40,United-States,0
35,Private,416745,Bachelors,13,Married-civ-spouse,Prof-specialty,Husband,White,Male,0,0,40,Other,1
30,Local-gov,154548,Masters,14,Divorced,Prof-specialty,Unmarried,White,Female,0,0,65,United-States,0
37,Private,156266,HS-grad,9,Married-civ-spouse,Craft-repair,Husband,Amer-Indian-Eskimo,Male,0,0,40,United-States,0
20,Private,119742,HS-grad,9,Never-married,Prof-specialty,Own-child,White,Female,0,0,35,United-States,0
30,Local-gov,263561,HS-grad,9,Married-civ-spouse,Protective-serv,Husband,White,Male,0,0,40,United-States,1
21,Private,259351,HS-grad,9,Never-married,Other-service,Other-relative,Amer-Indian-Eskimo,Male,0,0,40,Mexico,0
45,Private,68896,HS-grad,9,Married-civ-spouse,Machine-op-inspct,Husband,Black,Male,0,0,48,Other,0
41,Private,169473,HS-grad,9,Divorced,Other-service,Not-in-family,White,Female,0,0,30,United-States,0
46,Private,25894,Doctorate,16,Divorced,Prof-specialty,Not-in-family,Asian-Pac-Islander,Male,0,0,40,Other,1
69,Local-gov,142297,10th,6,Married-civ-spouse,Adm-clerical,Wife,White,Female,0,0,17,United-States,0
68,Private,115772,HS-grad,9,Married-civ-spouse,Protective-serv,Husband,White,Male,0,0,40,Other,0
26,Private,191803,Bachelors,13,Never-married,Sales,Not-in-family,White,Male,0,0,40,United-States,0
64,Self-emp-not-inc,167877,HS-grad,9,Married-civ-spouse,Prof-specialty,Husband,White,Male,0,0,60,United-States,1
46,Private,431515,Bachelors,13,Never-married,Handlers-cleaners,Not-in-family,White,Male,0,0,40,United-States,0
31,Private,122612,Bachelors,13,Never-married,Adm-clerical,Not-in-family,Asian-Pac-Islander,Female,0,0,40,Other,0
61,Private,204908,11th,7,Married-civ-spouse,Protective-serv,Husband,White,Male,0,0,36,United-States,0
37,Self-emp-not-inc,191841,Bachelors,13,Divorced,Other-service,Unmarried,White,Female,0,0,48,United-States,0
44,Federal-gov,210492,Some-college,10,Divorced,Adm-clerical,Unmarried,Black,Male,0,0,40,United-States,0
27,Private,364986,Some-college,10,Never-married,Other-service,Not-in-family,White,Male,0,0,38,United-States,0
34,Private,235271,Some-college,10,Never-married,Machine-op-inspct,Own-child,White,Male,0,0,86,United-States,1
31,Private,103772,Some-college,10,Divorced,Adm-clerical,Not-in-family,White,Female,0,0,40,United-States,0
38,State-gov,156866,Bachelors,13,Married-civ-spouse,Adm-clerical,Husband,Other,Male,0,0,40,United-States,1
48,Private,182715,HS-grad,9,Married-civ-spouse,Sales,Husband,White,Male,0,0,48,United-States,0
29,Private,130856,Assoc-voc,11,Never-married,Craft-repair,Own-child,White,Male,0,0,40,United-States,0
56,Local-gov,205759,HS-grad,9,Married-civ-spouse,Craft-repair,Husband,White,Male,0,0,40,United-States,0
47,Private,171751,HS-grad,9,Divorced,Sales,Not-in-family,White,Female,0,0,40,United-States,0
31,Private,122116,Assoc-voc,11,Married-civ-spouse,Craft-repair,Husband,White,Male,0,0,40,United-States,0
58,Local-gov,36091,Masters,14,Never-married,Exec-managerial,Not-in-family,Amer-Indian-Eskimo,Female,0,0,40,United-States,0
42,Self-emp-not-inc,54651,Prof-school,15,Married-civ-spouse,Prof-specialty,Husband,White,Male,0,0,40,Other,1
34,State-gov,275880,Bachelors,13,Separated,Exec-managerial,Unmarried,Black,Female,0,0,38,United-States,0
20,Self-emp-not-inc,428299,HS-grad,9,Never-married,Sales,Own-child,White,Male,0,0,40,United-States,0
41,Private,66208,Prof-school,15,Divorced,Prof-specialty,Unmarried,White,Female,0,0,45,United-States,0
43,Private,176452,9th,5,Married-spouse-absent,Craft-repair,Not-in-family,White,Male,0,0,50,Other,1
37,Private,138105,HS-grad,9,Separated,Craft-repair,Unmarried,White,Female,0,0,40,United-States,0
19,Private,146189,11th,7,Never-married,Sales,Unmarried,Amer-Indian-Eskimo,Male,0,0,43,United-States,0
24,Private,744929,HS-grad,9,Never-married,Exec-managerial,Own-child,Black,Female,0,0,40,United-States,0
36,Private,284582,Some-college,10,Separated,Sales,Unmarried,White,Female,0,0,40,United-States,0
51,Private,183200,Some-college,10,Married-civ-spouse,Exec-managerial,Husband,White,Male,0,1902,40,United-States,0
42,Private,169980,Some-college,10,Married-civ-spouse,Craft-repair,Husband,Black,Male,0,0,50,United-States,1
39,Private,170174,Assoc-voc,11,Never-married,Adm-clerical,Own-child,White,Male,14344,0,40,United-States,1
32,Local-gov,257849,HS-grad,9,Married-civ-spouse,Transport-moving,Husband,White,Male,0,0,40,United-States,0
36,Private,383566,Bachelors,13,Married-civ-spouse,Exec-managerial,Husband,White,Male,15024,0,55,Other,1
22,Private,372898,Some-college,10,Never-married,Adm-clerical,Own-child,White,Female,0,0,20,United-States,0
50,State-gov,141608,HS-grad,9,Married-civ-spouse,Other-service,Wife,White,Female,0,0,30,United-States,0
30,Private,163867,HS-grad,9,Married-civ-spouse,Craft-repair,Husband,White,Male,0,0,40,United-States,0
30,Private,264351,Bachelors,13,Married-civ-spouse,Transport-moving,Husband,White,Male,0,0,25,Other,0
53,Federal-gov,40641,Bachelors,13,Married-civ-spouse,Protective-serv,Husband,White,Male,0,0,40,United-States,1
25,Private,203833,10th,6,Never-married,Farming-fishing,Not-in-family,Black,Male,0,0,35,Other,0
23,State-gov,71996,Bachelors,13,Never-married,Adm-clerical,Own-child,Asian-Pac-Islander,Female,0,0,52,United-States,0
35,Private,85799,HS-grad,9,Divorced,Adm-clerical,Not-in-family,White,Female,0,0,40,United-States,0
51,Private,138852,10th,6,Married-civ-spouse,Craft-repair,Husband,White,Male,0,0,50,United-States,0
23,Private,35633,7th-8th,4,Never-married,Machine-op-inspct,Not-in-family,White,Male,0,0,40,United-States,0
29,Private,108574,Masters,14,Never-married,Prof-specialty,Not-in-family,White,Female,0,0,40,United-States,1
62,Private,584259,HS-grad,9,Married-civ-spouse,Sales,Husband,White,Male,0,0,44,United-States,0
51,Private,54465,Assoc-voc,11,Divorced,Prof-specialty,Not-in-family,White,Female,0,0,48,United-States,0
60,Private,241013,HS-grad,9,Married-civ-spouse,Machine-op-inspct,Husband,Black,Male,0,0,40,United-States,0
47,Private,189680,HS-grad,9,Separated,Craft-repair,Unmarried,White,Male,0,0,40,United-States,1
46,Private,118714,HS-grad,9,Married-civ-spouse,Craft-repair,Husband,White,Male,7298,0,40,United-States,1
35,State-gov,43712,Assoc-voc,11,Married-civ-spouse,Tech-support,Husband,White,Male,0,0,45,United-States,0
40,State-gov,132125,Some-college,10,Married-civ-spouse,Adm-clerical,Husband,White,Male,0,0,40,United-States,0
60,State-gov,265201,Doctorate,16,Married-civ-spouse,Prof-specialty,Husband,White,Male,0,0,50,United-States,1
31,Private,341632,Assoc-acdm,12,Married-civ-spouse,Tech-support,Husband,Black,Male,0,0,46,United-States,0
21,Private,140001,Some-college,10,Never-married,Protective-serv,Own-child,White,Male,0,0,40,United-States,0
48,Private,164200,Masters,14,Married-civ-spouse,Prof-specialty,Husband,White,Male,0,0,40,United-States,1
52,Private,177647,HS-grad,9,Divorced,Craft-repair,Not-in-family,White,Male,0,0,47,United-States,0
44,Self-emp-inc,144778,Prof-school,15,Never-married,Prof-specialty,Not-in-family,White,Male,8614,0,50,United-States,1
34,Federal-gov,117362,HS-grad,9,Divorced,Other-service,Not-in-family,White,Female,0,0,40,United-States,0
33,Private,437566,Masters,14,Never-married,Exec-managerial,Not-in-family,White,Male,0,0,50,United-States,1
33,Private,243266,Masters,14,Married-civ-spouse,Exec-managerial,Husband,White,Male,0,0,40,Other,1
31,Local-gov,226525,Bachelors,13,Married-civ-spouse,Craft-repair,Husband,White,Male,0,0,51,United-States,0
61,Private,185152,11th,7,Widowed,Other-service,Not-in-family,Black,Male,0,0,40,United-States,0
22,Private,349198,7th-8th,4,Never-married,Handlers-cleaners,Own-child,White,Male,0,0,16,United-States,0
29,Private,255187,Some-college,10,Never-married,Tech-support,Unmarried,Black,Female,0,0,40,United-States,0
75,Private,186808,11th,7,Married-civ-spouse,Protective-serv,Husband,Black,Male,6418,0,50,United-States,1
53,Private,173630,HS-grad,9,Married-civ-spouse,Other-service,Husband,White,Male,0,0,40,United-States,1
42,Private,136986,HS-grad,9,Married-civ-spouse,Craft-repair,Husband,White,Male,7688,0,50,United-States,1
40,Private,213849,HS-grad,9,Divorced,Sales,Not-in-family,White,Female,0,0,40,United-States,0
18,Private,36251,11th,7,Never-married,Other-service,Own-child,White,Female,0,0,25,United-States,0
17,Private,181015,10th,6,Never-married,Other-service,Other-relative,White,Male,0,0,15,United-States,0
55,Self-emp-not-inc,319883,Masters,14,Married-civ-spouse,Exec-managerial,Husband,White,Male,4386,0,10,Other,1
35,Private,61343,HS-grad,9,Married-civ-spouse,Craft-repair,Husband,White,Male,0,0,45,United-States,0
42,Local-gov,247082,Bachelors,13,Married-civ-spouse,Prof-specialty,Husband,White,Male,3103,0,50,United-States,1
22,Private,117767,Some-college,10,Never-married,Sales,Own-child,White,Male,0,0,18,United-States,0
52,Private,215656,HS-grad,9,Married-civ-spouse,Sales,Wife,White,Female,0,0,60,United-States,0
22,Private,195767,Bachelors,13,Never-married,Handlers-cleaners,Own-child,White,Male,0,0,30,United-States,0
44,Private,367819,Bachelors,13,Married-civ-spouse,Exec-managerial,Husband,White,Male,0,0,40,United-States,1
57,Private,335605,Some-college,10,Married-civ-spouse,Prof-specialty,Husband,White,Male,0,0,40,United-States,1
31,Private,393702,HS-grad,9,Never-married,Prof-specialty,Own-child,White,Female,0,0,36,United-States,0
53,Self-emp-inc,167914,Assoc-acdm,12,Never-married,Exec-managerial,Not-in-family,White,Male,0,1876,50,United-States,0
43,Private,147510,Bachelors,13,Divorced,Prof-specialty,Unmarried,White,Male,0,0,40,United-States,0
27,Self-emp-not-inc,227332,Bachelors,13,Never-married,Sales,Other-relative,Asian-Pac-Islander,Male,0,0,50,Other,0
47,Self-emp-not-inc,148169,HS-grad,9,Married-civ-spouse,Craft-repair,Husband,White,Male,0,0,40,United-States,0
52,Private,172962,Bachelors,13,Married-civ-spouse,Exec-managerial,Husband,White,Male,0,0,40,United-States,0
43,Private,67339,Bachelors,13,Never-married,Machine-op-inspct,Not-in-family,White,Male,0,0,15,United-States,0
71,Private,101577,HS-grad,9,Divorced,Adm-clerical,Not-in-family,Asian-Pac-Islander,Female,0,1668,20,United-States,0
49,Self-emp-inc,327258,Some-college,10,Married-civ-spouse,Exec-managerial,Wife,White,Female,0,1977,60,Other,1
34,Private,215124,HS-grad,9,Married-civ-spouse,Transport-moving,Husband,White,Male,0,0,40,United-States,0
21,Private,109199,Some-college,10,Never-married,Handlers-cleaners,Own-child,White,Male,0,0,15,United-States,0
23,Private,37514,Some-college,10,Never-married,Sales,Not-in-family,White,Male,0,0,55,United-States,0
30,Self-emp-not-inc,189759,HS-grad,9,Never-married,Craft-repair,Not-in-family,White,Male,0,0,45,United-States,0
40,Private,133456,HS-grad,9,Married-civ-spouse,Sales,Other-relative,White,Female,0,0,24,United-States,1
59,Private,124318,HS-grad,9,Divorced,Exec-managerial,Other-relative,White,Female,0,0,45,United-States,0
52,Federal-gov,57855,Prof-school,15,Married-civ-spouse,Prof-specialty,Husband,White,Male,0,0,60,United-States,1
55,Private,199919,HS-grad,9,Married-civ-spouse,Other-service,Husband,White,Male,0,0,15,United-States,0
22,Private,60668,Bachelors,13,Never-married,Exec-managerial,Own-child,White,Male,0,0,40,United-States,0
30,Private,262092,Bachelors,13,Married-civ-spouse,Sales,Husband,White,Male,0,0,55,United-States,0
37,Private,160916,7th-8th,4,Married-civ-spouse,Prof-specialty,Wife,White,Female,0,0,40,United-States,0
18,Private,211413,11th,7,Never-married,Other-service,Own-child,White,Male,0,0,15,United-States,0
17,Private,318025,HS-grad,9,Never-married,Other-service,Other-relative,White,Male,0,0,20,United-States,0
31,Private,200835,Bachelors,13,Married-spouse-absent,Prof-specialty,Not-in-family,Asian-Pac-Islander,Male,0,0,40,Other,0
38,Private,165579,HS-grad,9,Divorced,Tech-support,Not-in-family,White,Male,0,0,45,United-States,0
23,Private,86939,HS-grad,9,Divorced,Handlers-cleaners,Not-in-family,White,Male,0,0,50,United-States,0
19,Private,232060,Some-college,10,Never-married,Other-service,Not-in-family,White,Male,0,0,35,United-States,0
57,Self-emp-not-inc,98466,HS-grad,9,Married-civ-spouse,Adm-clerical,Wife,White,Female,0,0,16,United-States,0
31,Federal-gov,144949,Bachelors,13,Married-civ-spouse,Adm-clerical,Husband,White,Male,0,0,40,United-States,0
51,Federal-gov,23698,HS-grad,9,Married-civ-spouse,Other-service,Husband,White,Male,0,0,40,United-States,1
47,Private,139388,Some-college,10,Married-civ-spouse,Adm-clerical,Wife,White,Female,0,0,40,United-States,0
27,Private,226441,Bachelors,13,Never-married,Prof-specialty,Other-relative,White,Female,0,0,40,United-States,0
44,Private,179666,Some-college,10,Divorced,Transport-moving,Unmarried,White,Male,0,0,35,Other,0
45,Private,142909,HS-grad,9,Married-civ-spouse,Craft-repair,Husband,White,Male,0,0,40,United-States,1
54,Private,217850,HS-grad,9,Married-civ-spouse,Transport-moving,Husband,Black,Male,0,0,40,United-States,1
35,Private,172252,Some-college,10,Divorced,Exec-managerial,Not-in-family,White,Female,0,0,40,United-States,0
21,Private,240063,HS-grad,9,Never-married,Transport-moving,Own-child,White,Male,0,0,48,United-States,0
35,Private,132879,Some-college,10,Married-civ-spouse,Tech-support,Husband,White,Male,0,0,40,United-States,1
44,Private,94706,Bachelors,13,Married-spouse-absent,Sales,Unmarried,Asian-Pac-Islander,Male,0,0,40,Other,0
25,Private,255004,Some-college,10,Never-married,Sales,Own-child,White,Male,0,0,30,United-States,0
30,Private,126364,HS-grad,9,Married-civ-spouse,Adm-clerical,Husband,White,Male,0,0,45,United-States,0
44,Private,160261,HS-grad,9,Married-civ-spouse,Other-service,Husband,Asian-Pac-Islander,Male,0,2377,35,Other,0
21,Private,129232,Some-college,10,Never-married,Adm-clerical,Own-child,White,Male,0,0,40,United-States,0
21,Self-emp-not-inc,199419,HS-grad,9,Never-married,Other-service,Own-child,White,Female,0,0,50,United-States,0
21,Private,311570,Assoc-acdm,12,Never-married,Tech-support,Own-child,White,Female,0,0,35,United-States,0
73,Private,35370,Bachelors,13,Divorced,Exec-managerial,Unmarried,White,Female,0,0,40,United-States,1
26,Private,132661,HS-grad,9,Never-married,Adm-clerical,Own-child,White,Female,0,0,40,United-States,0
31,Private,59469,HS-grad,9,Never-married,Other-service,Not-in-family,White,Male,0,0,40,United-States,0
17,Private,156732,11th,7,Never-married,Other-service,Other-relative,White,Female,0,0,20,United-States,0
18,Self-emp-inc,184920,HS-grad,9,Never-married,Farming-fishing,Own-child,White,Male,0,0,25,United-States,0
26,Private,234258,HS-grad,9,Married-civ-spouse,Machine-op-inspct,Husband,Black,Male,0,0,40,United-States,0
33,Private,157887,9th,5,Married-civ-spouse,Machine-op-inspct,Husband,White,Male,0,0,50,United-States,0
47,Private,184169,Masters,14,Divorced,Prof-specialty,Unmarried,White,Female,0,0,40,United-States,1
18,Private,145643,11th,7,Never-married,Other-service,Own-child,White,Female,0,0,9,United-States,0
55,Self-emp-not-inc,96459,10th,6,Married-civ-spouse,Farming-fishing,Husband,White,Male,0,1887,70,United-States,1
56,Private,182142,HS-grad,9,Married-civ-spouse,Craft-repair,Husband,White,Male,0,0,40,United-States,0
35,Local-gov,742903,Masters,14,Married-civ-spouse,Prof-specialty,Husband,White,Male,0,0,40,United-States,0
21,Private,180690,Some-college,10,Never-married,Other-service,Own-child,White,Male,0,0,40,United-States,0
38,Self-emp-not-inc,180477,Prof-school,15,Married-civ-spouse,Prof-specialty,Husband,White,Male,0,0,37,United-States,1
43,Private,104196,HS-grad,9,Married-civ-spouse,Machine-op-inspct,Husband,White,Male,0,0,43,United-States,0
17,Private,153021,Some-college,10,Never-married,Adm-clerical,Own-child,White,Female,0,0,6,United-States,0
36,Private,112271,Bachelors,13,Married-civ-spouse,Tech-support,Husband,White,Male,0,1902,40,United-States,1
29,Federal-gov,185670,Bachelors,13,Married-civ-spouse,Prof-specialty,Husband,White,Male,0,0,40,United-States,0
52,Self-emp-not-inc,155278,10th,6,Married-civ-spouse,Exec-managerial,Husband,White,Male,0,0,40,United-States,0
35,Private,212512,HS-grad,9,Married-civ-spouse,Craft-repair,Husband,White,Male,0,0,50,United-States,1
39,Private,134367,HS-grad,9,Never-married,Craft-repair,Not-in-family,White,Female,0,0,43,United-States,0
41,Private,171231,Some-college,10,Married-civ-spouse,Craft-repair,Husband,White,Male,0,0,40,Other,0
55,Private,173832,Masters,14,Divorced,Sales,Not-in-family,White,Male,10520,0,40,United-States,1
58,Private,100054,Bachelors,13,Married-civ-spouse,Sales,Husband,White,Male,0,1902,70,United-States,1
37,Private,135089,Some-college,10,Divorced,Other-service,Unmarried,White,Female,0,0,56,United-States,0
23,Local-gov,456665,HS-grad,9,Never-married,Other-service,Own-child,Black,Male,0,0,40,United-States,0
71,Self-emp-not-inc,126807,Masters,14,Married-civ-spouse,Farming-fishing,Husband,White,Male,0,1411,70,United-States,0
33,Private,418645,HS-grad,9,Married-civ-spouse,Other-service,Husband,White,Male,0,0,50,United-States,0
19,Private,135066,Some-college,10,Never-married,Adm-clerical,Not-in-family,White,Female,0,0,20,United-States,0
59,Federal-gov,188047,HS-grad,9,Married-civ-spouse,Adm-clerical,Husband,Black,Male,0,0,40,United-States,0
42,Self-emp-not-inc,192589,Assoc-acdm,12,Married-civ-spouse,Exec-managerial,Husband,White,Male,0,0,70,United-States,0
22,Private,113464,HS-grad,9,Married-civ-spouse,Transport-moving,Husband,Other,Male,0,0,40,Other,0
22,Private,195532,Bachelors,13,Never-married,Other-service,Not-in-family,White,Female,0,0,20,United-States,0
54,State-gov,305319,Bachelors,13,Married-civ-spouse,Prof-specialty,Husband,White,Male,0,0,70,United-States,0
36,Private,191146,Some-college,10,Divorced,Sales,Unmarried,Black,Female,0,0,38,United-States,0
40,Local-gov,108765,HS-grad,9,Married-civ-spouse,Adm-clerical,Wife,Amer-Indian-Eskimo,Female,0,0,40,United-States,0
67,Private,132586,HS-grad,9,Widowed,Other-service,Not-in-family,White,Female,0,0,15,United-States,0
19,Private,186328,HS-grad,9,Never-married,Machine-op-inspct,Not-in-family,White,Male,0,0,40,United-States,0
24,Federal-gov,59948,HS-grad,9,Never-married,Prof-specialty,Unmarried,Black,Female,0,0,40,United-States,0
22,Private,155362,HS-grad,9,Never-married,Sales,Own-child,White,Female,0,0,35,United-States,0
48,Private,187563,Masters,14,Married-civ-spouse,Craft-repair,Husband,White,Male,0,0,54,United-States,1
71,Self-emp-not-inc,31781,HS-grad,9,Married-civ-spouse,Farming-fishing,Husband,White,Male,0,1510,35,United-States,0
49,Private,74984,10th,6,Married-civ-spouse,Craft-repair,Husband,White,Male,0,0,40,United-States,0
75,Private,185603,10th,6,Widowed,Tech-support,Not-in-family,White,Female,0,0,32,United-States,0
19,Private,222199,Some-college,10,Never-married,Other-service,Own-child,White,Female,0,0,10,United-States,0
31,Federal-gov,86150,Bachelors,13,Married-civ-spouse,Adm-clerical,Wife,Asian-Pac-Islander,Female,5178,0,40,United-States,1
29,Private,351324,Assoc-acdm,12,Never-married,Sales,Own-child,White,Female,0,0,32,United-States,0
50,Self-emp-inc,262777,Masters,14,Separated,Exec-managerial,Unmarried,Asian-Pac-Islander,Male,0,0,45,Other,0
23,Private,133712,HS-grad,9,Never-married,Other-service,Other-relative,White,Female,0,0,45,United-States,0
44,Private,150098,Some-college,10,Married-civ-spouse,Sales,Husband,Black,Male,0,0,50,United-States,1
35,Private,193094,HS-grad,9,Never-married,Craft-repair,Own-child,White,Female,0,0,48,United-States,0
21,Private,338162,HS-grad,9,Married-civ-spouse,Machine-op-inspct,Wife,Black,Female,0,0,37,United-States,0
59,Private,104455,Some-college,10,Married-civ-spouse,Other-service,Husband,Asian-Pac-Islander,Male,0,0,40,Philippines,0
27,Private,160291,Some-college,10,Never-married,Adm-clerical,Unmarried,Black,Female,0,0,40,Other,0
57,Private,175942,Bachelors,13,Married-civ-spouse,Prof-specialty,Husband,White,Male,0,0,40,Other,1
27,Private,335015,Some-college,10,Married-civ-spouse,Tech-support,Husband,White,Male,0,0,65,United-States,0
46,Private,226032,Bachelors,13,Married-civ-spouse,Sales,Wife,White,Female,0,0,16,United-States,1
34,Federal-gov,174724,Assoc-voc,11,Divorced,Adm-clerical,Own-child,Black,Female,1831,0,40,United-States,0
38,State-gov,149135,Assoc-acdm,12,Never-married,Adm-clerical,Not-in-family,Black,Male,0,0,40,United-States,0
26,Private,182390,11th,7,Separated,Craft-repair,Not-in-family,Black,Male,0,0,40,United-States,0
23,Private,162282,Assoc-acdm,12,Never-married,Handlers-cleaners,Not-in-family,White,Male,0,0,25,United-States,0
57,Private,94156,Masters,14,Married-civ-spouse,Prof-specialty,Husband,White,Male,7688,0,84,United-States,1
42,Private,166740,Bachelors,13,Married-civ-spouse,Sales,Husband,White,Male,0,1887,50,United-States,1
46,Private,161819,HS-grad,9,Separated,Other-service,Unmarried,Black,Female,0,0,25,United-States,0
44,State-gov,101603,Bachelors,13,Married-civ-spouse,Exec-managerial,Husband,White,Male,0,0,40,United-States,1
57,Private,137031,Some-college,10,Married-civ-spouse,Transport-moving,Husband,White,Male,0,0,50,United-States,0
47,Private,165539,HS-grad,9,Never-married,Prof-specialty,Not-in-family,Black,Female,4101,0,40,Other,0
62,Private,49424,Bachelors,13,Married-civ-spouse,Prof-specialty,Husband,White,Male,5178,0,40,United-States,1
19,Private,142037,11th,7,Never-married,Handlers-cleaners,Own-child,White,Male,0,0,30,United-States,0
37,Private,166549,Some-college,10,Married-civ-spouse,Sales,Husband,White,Male,0,0,50,United-States,0
24,Private,176566,Assoc-acdm,12,Married-civ-spouse,Prof-specialty,Wife,White,Female,3103,0,40,United-States,1
22,Private,120320,HS-grad,9,Never-married,Adm-clerical,Own-child,White,Female,0,0,40,United-States,0
39,Private,337778,Some-college,10,Divorced,Sales,Not-in-family,White,Male,4650,0,40,United-States,0
38,Private,435638,Some-college,10,Never-married,Craft-repair,Not-in-family,White,Male,0,1876,40,United-States,0
25,Private,176864,Bachelors,13,Never-married,Exec-managerial,Not-in-family,White,Male,0,0,40,United-States,0
30,Self-emp-not-inc,227429,HS-grad,9,Never-married,Exec-managerial,Not-in-family,White,Male,0,0,45,Other,0
27,Private,209085,Assoc-voc,11,Married-civ-spouse,Prof-specialty,Husband,White,Male,0,0,44,United-States,1
33,Private,137421,Prof-school,15,Married-civ-spouse,Prof-specialty,Husband,Asian-Pac-Islander,Male,0,0,35,Other,0
48,Private,358382,HS-grad,9,Never-married,Other-service,Not-in-family,Black,Male,0,0,52,United-States,0
69,Private,232683,Some-college,10,Married-civ-spouse,Adm-clerical,Husband,White,Male,0,0,15,Other,1
35,Private,113152,HS-grad,9,Married-civ-spouse,Machine-op-inspct,Husband,White,Male,0,0,40,United-States,0
63,Private,114424,Some-college,10,Separated,Machine-op-inspct,Other-relative,Black,Female,0,0,37,United-States,0
38,Private,49115,HS-grad,9,Married-civ-spouse,Transport-moving,Husband,White,Male,0,0,55,United-States,0
47,Private,213408,9th,5,Divorced,Machine-op-inspct,Unmarried,White,Female,0,0,40,Other,0
32,Private,154950,Bachelors,13,Married-civ-spouse,Craft-repair,Husband,White,Male,0,0,40,United-States,0
40,Private,196344,HS-grad,9,Married-civ-spouse,Craft-repair,Husband,White,Male,0,1887,45,United-States,1
27,Local-gov,47284,HS-grad,9,Never-married,Protective-serv,Not-in-family,Black,Male,0,0,40,United-States,0
38,Private,169872,HS-grad,9,Separated,Adm-clerical,Unmarried,White,Female,3887,0,45,United-States,0
52,Private,155278,HS-grad,9,Married-civ-spouse,Transport-moving,Husband,White,Male,0,0,40,United-States,0
30,Private,221178,HS-grad,9,Separated,Other-service,Other-relative,White,Male,0,0,28,United-States,0
46,State-gov,209739,10th,6,Married-civ-spouse,Farming-fishing,Husband,White,Male,0,0,38,United-States,0
50,Private,178529,11th,7,Divorced,Protective-serv,Not-in-family,White,Female,0,0,40,United-States,0
26,Local-gov,314798,Some-college,10,Never-married,Protective-serv,Not-in-family,White,Male,0,0,60,United-States,1
33,Private,108438,Some-college,10,Married-civ-spouse,Exec-managerial,Husband,White,Male,0,0,60,United-States,1
42,Private,119941,HS-grad,9,Divorced,Exec-managerial,Not-in-family,White,Female,0,0,40,United-States,0
23,Private,130773,Bachelors,13,Never-married,Exec-managerial,Unmarried,White,Male,0,0,40,United-States,0
36,Self-emp-inc,196554,HS-grad,9,Married-civ-spouse,Craft-repair,Husband,White,Male,0,0,46,United-States,1
22,Private,164901,11th,7,Never-married,Craft-repair,Other-relative,White,Male,0,0,40,United-States,0
44,Private,335223,HS-grad,9,Married-civ-spouse,Handlers-cleaners,Husband,White,Male,0,0,40,United-States,1
53,Private,380086,HS-grad,9,Married-civ-spouse,Exec-managerial,Husband,White,Male,7688,0,48,United-States,1
46,Private,224559,HS-grad,9,Married-civ-spouse,Transport-moving,Husband,Black,Male,0,0,40,United-States,1
36,Private,210458,HS-grad,9,Married-civ-spouse,Exec-managerial,Husband,White,Male,0,0,60,Mexico,0
25,Private,324854,Bachelors,13,Never-married,Sales,Not-in-family,White,Female,0,0,40,United-States,0
23,Private,399449,11th,7,Never-married,Other-service,Own-child,White,Female,0,0,40,United-States,0
41,State-gov,33474,Bachelors,13,Married-civ-spouse,Prof-specialty,Husband,White,Male,0,0,50,United-States,0
25,Private,227465,HS-grad,9,Never-married,Craft-repair,Own-child,White,Male,0,0,40,United-States,0
40,Private,300773,Assoc-acdm,12,Divorced,Tech-support,Not-in-family,White,Female,0,0,40,United-States,0
28,Private,252013,Some-college,10,Never-married,Adm-clerical,Unmarried,White,Female,0,0,45,Other,0
43,Private,334991,Bachelors,13,Married-civ-spouse,Sales,Husband,White,Male,0,0,50,United-States,1
37,Private,389725,HS-grad,9,Married-civ-spouse,Machine-op-inspct,Husband,White,Male,7298,0,40,United-States,1
84,Private,65478,HS-grad,9,Widowed,Priv-house-serv,Not-in-family,White,Female,0,0,40,Other,0
48,State-gov,176917,Some-college,10,Married-civ-spouse,Protective-serv,Husband,White,Male,0,0,40,United-States,1
35,Private,138441,Bachelors,13,Married-civ-spouse,Exec-managerial,Husband,White,Male,0,0,40,United-States,1
26,Private,211199,10th,6,Never-married,Craft-repair,Not-in-family,White,Male,0,0,40,United-States,0
23,Private,49683,Some-college,10,Never-married,Handlers-cleaners,Own-child,White,Male,0,0,25,United-States,0
65,Local-gov,32846,Some-college,10,Divorced,Adm-clerical,Not-in-family,White,Female,2964,0,35,United-States,0
49,Private,182541,10th,6,Married-civ-spouse,Handlers-cleaners,Husband,White,Male,0,1485,40,United-States,1
29,Private,29261,Assoc-voc,11,Never-married,Machine-op-inspct,Not-in-family,White,Male,0,0,50,United-States,0
44,Private,216116,HS-grad,9,Divorced,Adm-clerical,Unmarried,Black,Female,0,0,40,Other,0
23,Private,204141,Some-college,10,Never-married,Adm-clerical,Own-child,White,Male,0,0,40,United-States,0
17,Private,168807,10th,6,Never-married,Other-service,Own-child,White,Male,0,0,25,United-States,0
28,Private,425127,9th,5,Married-civ-spouse,Other-service,Other-relative,White,Female,0,0,35,United-States,0
17,Private,142587,11th,7,Never-married,Sales,Own-child,White,Female,0,0,10,United-States,0
42,Federal-gov,36699,Some-college,10,Married-civ-spouse,Adm-clerical,Husband,White,Male,0,0,40,United-States,0
47,Self-emp-not-inc,321851,Assoc-voc,11,Separated,Exec-managerial,Unmarried,White,Female,0,0,40,United-States,0
20,Private,161962,Some-college,10,Never-married,Adm-clerical,Own-child,White,Female,0,0,16,United-States,0
42,Private,449925,Bachelors,13,Never-married,Sales,Not-in-family,White,Male,0,0,40,United-States,1
48,Private,83407,Masters,14,Married-civ-spouse,Prof-specialty,Husband,White,Male,0,0,50,United-States,1
33,Self-emp-inc,348326,HS-grad,9,Married-civ-spouse,Transport-moving,Husband,White,Male,0,0,50,United-States,0
39,Federal-gov,263690,Masters,14,Married-civ-spouse,Other-service,Husband,Black,Male,3137,0,40,Other,0
47,Local-gov,244813,HS-grad,9,Married-civ-spouse,Exec-managerial,Husband,White,Male,0,0,40,United-States,0
45,Private,159080,HS-grad,9,Married-civ-spouse,Adm-clerical,Own-child,White,Female,0,0,15,United-States,0
33,Self-emp-not-inc,202153,Some-college,10,Married-civ-spouse,Craft-repair,Husband,White,Male,2829,0,40,United-States,0
36,Private,390243,HS-grad,9,Never-married,Craft-repair,Own-child,Black,Male,0,0,40,United-States,0
41,Private,160785,Some-college,10,Married-civ-spouse,Exec-managerial,Husband,White,Male,0,0,60,United-States,1
52,Private,240612,HS-grad,9,Married-civ-spouse,Prof-specialty,Wife,White,Female,0,0,40,Other,1
24,Private,374763,11th,7,Separated,Craft-repair,Not-in-family,White,Male,0,0,40,Mexico,0
60,Private,117909,Assoc-voc,11,Married-civ-spouse,Prof-specialty,Husband,White,Male,7688,0,40,United-States,1
40,Private,202168,Prof-school,15,Married-civ-spouse,Prof-specialty,Husband,White,Male,15024,0,55,United-States,1
64,Self-emp-not-inc,136405,HS-grad,9,Widowed,Farming-fishing,Not-in-family,White,Male,0,0,32,United-States,0
61,Private,89686,HS-grad,9,Married-civ-spouse,Sales,Husband,White,Male,0,0,48,United-States,0
