age,workclass,fnlwgt,education,education-num,marital-status,occupation,relationship,race,sex,capital-gain,capital-loss,hours-per-week,native-country,income
42,Private,159449,Bachelors,13,Married-civ-spouse,Exec-managerial,Husband,White,Male,5178,0,40,United-States,1
35,Private,56352,Assoc-voc,11,Married-civ-spouse,Other-service,Husband,White,Male,0,0,40,Other,0
42,Private,116632,Doctorate,16,Married-civ-spouse,Prof-specialty,Husband,White,Male,0,0,45,United-States,1
46,Private,51618,HS-grad,9,Married-civ-spouse,Other-service,Wife,White,Female,0,0,40,United-States,0
33,Private,202051,Masters,14,Married-civ-spouse,Prof-specialty,Husband,White,Male,0,0,50,United-States,0
47,Self-emp-not-inc,149116,Masters,14,Never-married,Prof-specialty,Not-in-family,White,Female,0,0,50,United-States,0
38,Private,65324,Prof-school,15,Married-civ-spouse,Prof-specialty,Husband,White,Male,0,0,40,United-States,1
55,Private,247552,Some-college,10,Married-civ-spouse,Sales,Husband,White,Male,0,0,56,United-States,0
29,State-gov,267989,Bachelors,13,Married-civ-spouse,Prof-specialty,Husband,White,Male,0,0,50,United-States,1
38,Self-emp-not-inc,120985,HS-grad,9,Married-civ-spouse,Craft-repair,Husband,White,Male,4386,0,35,United-States,0
37,Private,254202,Bachelors,13,Married-civ-spouse,Sales,Husband,White,Male,0,0,50,United-States,0
45,Private,196584,Assoc-voc,11,Never-married,Prof-specialty,Not-in-family,White,Female,0,1564,40,United-States,1
31,Private,185814,HS-grad,9,Never-married,Transport-moving,Unmarried,Black,Female,0,0,30,United-States,0
64,Private,181232,11th,7,Married-civ-spouse,Craft-repair,Husband,White,Male,0,2179,40,United-States,0
21,Private,296158,HS-grad,9,Never-married,Craft-repair,Own-child,White,Male,0,0,35,United-States,0
36,Private,207157,Some-college,10,Divorced,Other-service,Unmarried,White,Female,0,0,40,Mexico,0
66,Local-gov,54826,Assoc-voc,11,Widowed,Prof-specialty,Not-in-family,White,Female,0,0,20,United-States,0
28,State-gov,175325,HS-grad,9,Married-civ-spouse,Protective-serv,Husband,White,Male,0,0,40,United-States,0
51,Private,96062,Some-college,10,Married-civ-spouse,Sales,Husband,White,Male,0,1977,40,United-States,1
27,Private,428030,Bachelors,13,Never-married,Craft-repair,Not-in-family,White,Male,0,0,50,United-States,0
37,Federal-gov,29054,Some-college,10,Married-civ-spouse,Adm-clerical,Husband,White,Male,0,0,42,United-States,1
26,Private,397317,Masters,14,Never-married,Prof-specialty,Not-in-family,White,Female,0,1876,40,United-States,0
51,Private,259323,Bachelors,13,Married-civ-spouse,Exec-managerial,Husband,White,Male,0,0,50,United-States,1
37,State-gov,48211,HS-grad,9,Divorced,Adm-clerical,Unmarried,White,Female,0,0,35,United-States,0
18,Private,140164,11th,7,Never-married,Sales,Own-child,White,Female,0,0,40,United-States,0
17,Private,65368,11th,7,Never-married,Sales,Own-child,White,Female,0,0,12,United-States,0
37,Private,635913,Bachelors,13,Never-married,Exec-managerial,Not-in-family,Black,Male,0,0,60,United-States,1
45,Private,109434,Bachelors,13,Married-civ-spouse,Prof-specialty,Husband,White,Male,0,0,55,United-States,0
25,Private,255004,10th,6,Never-married,Craft-repair,Not-in-family,White,Male,0,0,40,United-States,0
41,Private,112763,Prof-school,15,Married-civ-spouse,Prof-specialty,Wife,White,Female,0,0,40,United-States,1
19,Local-gov,27382,Some-college,10,Never-married,Adm-clerical,Own-child,White,Male,0,0,40,United-States,0
30,Private,70377,HS-grad,9,Divorced,Prof-specialty,Own-child,White,Female,0,0,40,United-States,0
29,Local-gov,220419,Bachelors,13,Never-married,Protective-serv,Not-in-family,White,Male,0,0,56,United-States,0
24,Private,278130,HS-grad,9,Never-married,Craft-repair,Own-child,White,Male,0,0,40,United-States,0
38,Private,169469,HS-grad,9,Divorced,Sales,Not-in-family,White,Male,0,0,80,United-States,0
62,Private,159841,HS-grad,9,Widowed,Other-service,Not-in-family,White,Female,0,0,24,United-States,0
39,Self-emp-not-inc,174308,HS-grad,9,Married-civ-spouse,Exec-managerial,Husband,White,Male,0,0,40,United-States,0
36,Private,348022,10th,6,Married-civ-spouse,Other-service,Wife,White,Female,0,0,24,United-States,0
43,Private,180609,Bachelors,13,Married-civ-spouse,Transport-moving,Husband,White,Male,0,0,45,United-States,0
54,Private,174319,HS-grad,9,Divorced,Transport-moving,Not-in-family,White,Male,0,0,40,United-States,0
44,Private,162028,Some-college,10,Married-civ-spouse,Adm-clerical,Wife,White,Female,0,2415,6,United-States,1
46,Self-emp-not-inc,317253,HS-grad,9,Married-civ-spouse,Craft-repair,Husband,White,Male,0,0,25,United-States,0
46,Private,188386,Doctorate,16,Married-civ-spouse,Exec-managerial,Husband,White,Male,15024,0,60,United-States,1
63,Self-emp-inc,222289,HS-grad,9,Married-civ-spouse,Exec-managerial,Husband,White,Male,0,0,40,United-States,1
40,Self-emp-not-inc,204116,Bachelors,13,Married-spouse-absent,Prof-specialty,Not-in-family,White,Female,2174,0,40,United-States,0
23,Private,81281,Some-college,10,Married-civ-spouse,Adm-clerical,Husband,White,Male,0,0,40,United-States,0
27,Private,405855,9th,5,Never-married,Craft-repair,Other-relative,White,Male,0,0,40,Mexico,0
25,Private,267044,Some-college,10,Never-married,Adm-clerical,Not-in-family,Amer-Indian-Eskimo,Female,0,0,20,United-States,0
28,Private,85812,Some-college,10,Married-civ-spouse,Sales,Wife,White,Female,0,0,40,United-States,0
42,Private,221172,Bachelors,13,Married-civ-spouse,Exec-managerial,Husband,White,Male,0,0,40,United-States,1
44,Self-emp-not-inc,202692,Masters,14,Married-civ-spouse,Prof-specialty,Husband,White,Male,0,0,40,United-States,0
30,Private,237903,Some-college,10,Never-married,Handlers-cleaners,Unmarried,White,Female,0,0,40,United-States,0
24,Private,82804,HS-grad,9,Never-married,Handlers-cleaners,Unmarried,Black,Female,0,0,40,United-States,0
52,Self-emp-not-inc,334273,Bachelors,13,Married-civ-spouse,Prof-specialty,Husband,White,Male,0,0,60,United-States,1
57,Private,69884,HS-grad,9,Married-civ-spouse,Sales,Husband,White,Male,0,0,40,United-States,1
21,Private,197747,Some-college,10,Never-married,Sales,Own-child,White,Female,0,0,24,United-States,0
32,Private,239824,Bachelors,13,Never-married,Tech-support,Not-in-family,White,Male,0,0,40,United-States,0
24,Private,249909,HS-grad,9,Married-civ-spouse,Handlers-cleaners,Husband,White,Male,0,0,50,United-States,0
47,Self-emp-not-inc,165039,Some-college,10,Never-married,Other-service,Unmarried,Black,Female,0,0,40,United-States,0
43,Private,174524,HS-grad,9,Married-civ-spouse,Machine-op-inspct,Husband,White,Male,0,0,40,United-States,1
20,Private,81145,Some-college,10,Never-married,Sales,Not-in-family,White,Female,0,0,25,United-States,0
20,Private,316702,Some-college,10,Never-married,Prof-specialty,Own-child,White,Male,0,0,20,United-States,0
28,Private,296450,Bachelors,13,Married-civ-spouse,Prof-specialty,Husband,White,Male,0,0,40,United-States,0
36,Private,271767,Bachelors,13,Separated,Prof-specialty,Not-in-family,White,Male,0,0,40,Other,0
33,Private,194141,HS-grad,9,Married-civ-spouse,Machine-op-inspct,Husband,White,Male,0,0,40,United-States,0
34,Private,217460,Bachelors,13,Married-civ-spouse,Exec-managerial,Husband,White,Male,0,0,45,United-States,1
33,Private,182556,HS-grad,9,Never-married,Other-service,Not-in-family,White,Male,0,0,40,United-States,0
65,Self-emp-not-inc,118474,11th,7,Married-civ-spouse,Exec-managerial,Husband,White,Male,9386,0,59,Other,1
29,Private,267034,11th,7,Never-married,Craft-repair,Own-child,Black,Male,0,0,40,Other,0
46,State-gov,193047,Bachelors,13,Married-civ-spouse,Prof-specialty,Husband,White,Male,0,0,37,United-States,0
22,Private,151790,Some-college,10,Married-civ-spouse,Sales,Wife,White,Female,0,0,30,Other,0
36,Private,51838,Some-college,10,Divorced,Adm-clerical,Unmarried,White,Female,0,0,40,United-States,0
43,Private,226902,Bachelors,13,Married-civ-spouse,Sales,Husband,White,Male,0,0,50,United-States,1
32,Private,110331,HS-grad,9,Married-civ-spouse,Exec-managerial,Husband,White,Male,0,1672,60,United-States,0
55,Private,105304,HS-grad,9,Married-civ-spouse,Machine-op-inspct,Husband,White,Male,0,0,40,United-States,0
24,Private,321435,Bachelors,13,Never-married,Exec-managerial,Not-in-family,White,Male,0,0,50,United-States,0
35,Private,135162,Some-college,10,Married-civ-spouse,Craft-repair,Husband,White,Male,0,0,50,United-States,0
51,Private,146813,Some-college,10,Married-civ-spouse,Prof-specialty,Husband,White,Male,0,0,40,United-States,1
28,Self-emp-inc,142712,Some-college,10,Married-civ-spouse,Exec-managerial,Husband,White,Male,0,0,70,United-States,0
24,Private,121313,Some-college,10,Never-married,Transport-moving,Own-child,White,Male,0,0,50,United-States,0
19,Private,376540,HS-grad,9,Never-married,Adm-clerical,Not-in-family,White,Female,0,0,30,United-States,0
37,Private,211154,Some-college,10,Divorced,Machine-op-inspct,Not-in-family,White,Male,0,0,52,United-States,0
38,Private,278924,Some-college,10,Divorced,Craft-repair,Not-in-family,White,Male,0,0,44,United-States,0
23,Private,543028,HS-grad,9,Never-married,Sales,Own-child,Black,Male,0,0,40,United-States,0
21,Private,186648,Some-college,10,Never-married,Other-service,Own-child,White,Male,0,0,20,United-States,0
23,Private,257509,Some-college,10,Never-married,Sales,Not-in-family,White,Male,0,0,25,United-States,0
42,Private,162003,HS-grad,9,Divorced,Machine-op-inspct,Not-in-family,White,Male,0,0,55,United-States,0
33,Private,143653,HS-grad,9,Married-civ-spouse,Craft-repair,Husband,White,Male,0,0,30,United-States,0
20,Private,241752,HS-grad,9,Married-civ-spouse,Machine-op-inspct,Husband,White,Male,0,0,40,United-States,0
44,Self-emp-not-inc,325159,Some-college,10,Divorced,Farming-fishing,Unmarried,White,Male,0,0,40,United-States,0
32,Private,169240,HS-grad,9,Divorced,Machine-op-inspct,Not-in-family,White,Female,0,0,38,United-States,0
41,Private,349221,HS-grad,9,Never-married,Craft-repair,Own-child,Black,Female,0,0,35,United-States,0
47,Private,192835,HS-grad,9,Married-civ-spouse,Adm-clerical,Husband,White,Male,0,0,50,United-States,1
48,Local-gov,123075,Masters,14,Married-civ-spouse,Prof-specialty,Husband,White,Male,0,0,35,United-States,1
32,Private,206365,HS-grad,9,Never-married,Other-service,Not-in-family,Black,Female,0,0,40,United-States,0
27,Private,137645,Bachelors,13,Never-married,Sales,Not-in-family,Black,Female,0,1590,40,United-States,0
58,Self-emp-not-inc,81642,HS-grad,9,Married-civ-spouse,Farming-fishing,Husband,White,Male,0,0,60,United-States,0
41,Local-gov,195258,Some-college,10,Married-civ-spouse,Protective-serv,Husband,White,Male,0,0,40,United-States,1
31,Private,232475,Some-college,10,Married-civ-spouse,Adm-clerical,Husband,White,Male,0,0,40,United-States,0
30,Private,241259,Assoc-voc,11,Married-civ-spouse,Transport-moving,Husband,White,Male,0,0,40,United-States,0
41,Federal-gov,133060,Assoc-acdm,12,Married-civ-spouse,Prof-specialty,Husband,White,Male,0,0,40,United-States,1
28,Private,294936,Bachelors,13,Married-civ-spouse,Prof-specialty,Husband,White,Male,0,0,45,United-States,0
31,Private,184307,Some-college,10,Married-civ-spouse,Exec-managerial,Husband,White,Male,0,0,50,Other,1
34,Private,117529,Some-college,10,Married-civ-spouse,Farming-fishing,Husband,White,Male,0,0,54,Mexico,0
33,Private,114691,Bachelors,13,Married-civ-spouse,Sales,Husband,White,Male,0,0,60,United-States,1
54,Private,96062,Assoc-acdm,12,Married-civ-spouse,Tech-support,Husband,White,Male,0,0,40,United-States,1
88,Self-emp-not-inc,206291,Prof-school,15,Married-civ-spouse,Prof-specialty,Husband,White,Male,0,0,40,United-States,0
20,Private,411862,Assoc-voc,11,Never-married,Other-service,Not-in-family,White,Male,0,0,30,United-States,0
36,Private,416745,Bachelors,13,Married-civ-spouse,Prof-specialty,Husband,White,Male,0,0,40,United-States,0
19,Private,187161,Some-college,10,Never-married,Other-service,Own-child,White,Female,0,0,25,United-States,0
18,Private,240747,HS-grad,9,Never-married,Machine-op-inspct,Own-child,White,Female,0,0,40,Other,0
44,Private,344060,Bachelors,13,Never-married,Other-service,Not-in-family,White,Male,0,0,40,United-States,1
37,Private,203070,Some-college,10,Separated,Adm-clerical,Own-child,White,Male,0,0,62,United-States,0
54,Private,99185,Doctorate,16,Married-civ-spouse,Prof-specialty,Husband,White,Male,15024,0,45,United-States,1
48,Self-emp-not-inc,243631,Some-college,10,Married-civ-spouse,Craft-repair,Husband,Amer-Indian-Eskimo,Male,7688,0,40,United-States,1
48,Private,349151,HS-grad,9,Married-civ-spouse,Craft-repair,Husband,White,Male,0,0,40,United-States,0
53,Private,22154,Some-college,10,Married-civ-spouse,Craft-repair,Husband,White,Male,0,0,40,United-States,0
52,Federal-gov,31838,HS-grad,9,Divorced,Adm-clerical,Unmarried,White,Female,0,0,40,United-States,0
23,Private,174754,Some-college,10,Never-married,Sales,Not-in-family,White,Female,0,0,30,United-States,0
34,Private,190040,HS-grad,9,Married-civ-spouse,Adm-clerical,Wife,White,Female,0,0,40,United-States,0
30,Private,283767,HS-grad,9,Married-civ-spouse,Adm-clerical,Husband,White,Male,0,0,40,Other,0
43,Federal-gov,369468,Bachelors,13,Married-civ-spouse,Prof-specialty,Husband,White,Male,0,0,40,United-States,1
47,Private,386136,HS-grad,9,Married-civ-spouse,Transport-moving,Husband,White,Male,0,0,35,United-States,0
21,Private,164019,Some-college,10,Never-married,Farming-fishing,Own-child,Black,Male,0,0,10,United-States,0
63,Self-emp-not-inc,795830,Primary,2,Widowed,Other-service,Unmarried,White,Female,0,0,30,Other,0
52,Private,168381,HS-grad,9,Widowed,Other-service,Unmarried,Asian-Pac-Islander,Female,0,0,40,Other,1
28,State-gov,225904,Prof-school,15,Never-married,Prof-specialty,Unmarried,White,Male,0,0,40,United-States,0
31,Private,42900,Bachelors,13,Never-married,Tech-support,Not-in-family,White,Male,0,0,37,United-States,0
20,Private,444554,10th,6,Never-married,Handlers-cleaners,Own-child,White,Male,0,0,40,United-States,0
43,Local-gov,169203,Assoc-voc,11,Never-married,Adm-clerical,Not-in-family,White,Female,0,0,35,United-States,0
51,Private,246519,10th,6,Married-civ-spouse,Handlers-cleaners,Husband,White,Male,2105,0,45,United-States,0
50,Private,137815,HS-grad,9,Married-civ-spouse,Transport-moving,Husband,White,Male,0,0,60,United-States,1
33,Private,130021,HS-grad,9,Married-civ-spouse,Transport-moving,Husband,White,Male,0,0,40,United-States,0
31,Private,179186,Bachelors,13,Married-civ-spouse,Sales,Husband,Black,Male,0,0,90,United-States,1
28,Private,441620,Bachelors,13,Never-married,Other-service,Not-in-family,White,Male,0,0,43,Mexico,0
36,Federal-gov,218542,Assoc-acdm,12,Married-civ-spouse,Adm-clerical,Wife,White,Female,0,0,40,United-States,1
41,Self-emp-inc,94113,Prof-school,15,Married-civ-spouse,Prof-specialty,Husband,White,Male,0,0,60,United-States,1
46,Private,161508,10th,6,Never-married,Machine-op-inspct,Not-in-family,Black,Male,0,0,40,United-States,0
70,Federal-gov,163003,HS-grad,9,Married-civ-spouse,Adm-clerical,Husband,Black,Male,0,0,40,United-States,0
22,Private,207940,Some-college,10,Never-married,Handlers-cleaners,Own-child,White,Female,0,0,36,United-States,0
38,Private,83727,HS-grad,9,Divorced,Other-service,Unmarried,White,Female,0,0,48,United-States,0
33,Self-emp-not-inc,235271,Some-college,10,Never-married,Other-service,Not-in-family,White,Male,0,0,35,United-States,0
43,Self-emp-not-inc,35236,HS-grad,9,Married-spouse-absent,Craft-repair,Not-in-family,White,Male,0,0,40,United-States,0
19,Private,225775,Some-college,10,Never-married,Adm-clerical,Not-in-family,White,Male,0,0,40,United-States,0
20,Private,170800,Some-college,10,Never-married,Farming-fishing,Own-child,White,Female,0,0,40,United-States,0
47,Private,232628,HS-grad,9,Married-civ-spouse,Craft-repair,Husband,Black,Male,0,0,40,United-States,0
50,Private,73493,Some-college,10,Divorced,Other-service,Not-in-family,White,Female,0,0,40,United-States,0
51,Private,71046,Some-college,10,Divorced,Exec-managerial,Unmarried,White,Male,0,0,45,Other,0
19,Private,176570,11th,7,Never-married,Machine-op-inspct,Own-child,White,Male,0,0,60,United-States,0
61,Self-emp-not-inc,163174,Prof-school,15,Married-civ-spouse,Prof-specialty,Husband,White,Male,0,0,35,United-States,1
51,Private,126010,HS-grad,9,Married-civ-spouse,Craft-repair,Husband,White,Male,0,0,40,United-States,0
40,State-gov,345969,Assoc-acdm,12,Married-civ-spouse,Adm-clerical,Husband,White,Male,0,0,40,United-States,1
28,Private,89718,HS-grad,9,Never-married,Sales,Not-in-family,White,Female,2202,0,48,United-States,0
54,Private,206369,HS-grad,9,Married-civ-spouse,Machine-op-inspct,Husband,White,Male,5178,0,50,United-States,1
33,Private,240763,Some-college,10,Married-civ-spouse,Machine-op-inspct,Husband,Black,Male,0,0,40,United-States,0
19,Private,323421,Some-college,10,Never-married,Handlers-cleaners,Own-child,White,Male,0,0,20,United-States,0
49,Local-gov,107231,HS-grad,9,Married-civ-spouse,Craft-repair,Husband,White,Male,0,2002,40,United-States,0
44,Private,43711,Assoc-acdm,12,Married-civ-spouse,Sales,Husband,White,Male,7688,0,40,United-States,1
49,Private,32212,HS-grad,9,Married-civ-spouse,Exec-managerial,Wife,White,Female,0,0,43,United-States,0
37,Private,256723,Some-college,10,Divorced,Adm-clerical,Unmarried,Black,Female,0,0,35,United-States,0
24,Private,266926,Some-college,10,Married-civ-spouse,Handlers-cleaners,Husband,White,Male,0,0,40,United-States,0
35,Private,30381,Bachelors,13,Married-civ-spouse,Sales,Husband,White,Male,0,0,45,United-States,1
26,Private,314177,HS-grad,9,Never-married,Sales,Not-in-family,Black,Male,0,0,40,United-States,0
64,Self-emp-not-inc,134960,Bachelors,13,Married-civ-spouse,Exec-managerial,Husband,White,Male,15024,0,35,United-States,1
50,Private,196963,7th-8th,4,Divorced,Craft-repair,Not-in-family,White,Female,0,0,30,United-States,0
32,Private,496743,Bachelors,13,Never-married,Prof-specialty,Own-child,White,Male,0,0,40,United-States,0
45,Private,99179,11th,7,Widowed,Adm-clerical,Unmarried,White,Female,0,0,40,United-States,0
40,Private,224910,HS-grad,9,Never-married,Machine-op-inspct,Not-in-family,White,Female,0,0,40,United-States,0
19,Private,197384,Some-college,10,Never-married,Other-service,Own-child,White,Female,0,0,10,United-States,0
24,Private,228424,HS-grad,9,Never-married,Handlers-cleaners,Other-relative,Black,Male,0,0,40,United-States,0
31,Private,19302,Assoc-acdm,12,Never-married,Adm-clerical,Not-in-family,White,Male,2202,0,38,United-States,0
33,Private,155343,HS-grad,9,Married-civ-spouse,Sales,Husband,White,Male,3103,0,40,United-States,1
32,Private,35595,Bachelors,13,Never-married,Adm-clerical,Not-in-family,White,Male,0,0,40,United-States,0
52,Private,87205,HS-grad,9,Divorced,Other-service,Not-in-family,White,Female,0,0,38,United-States,0
48,Private,199739,HS-grad,9,Divorced,Craft-repair,Unmarried,White,Female,0,0,40,United-States,0
22,Self-emp-not-inc,202920,HS-grad,9,Never-married,Prof-specialty,Unmarried,White,Female,99999,0,40,Other,1
38,Private,31603,Bachelors,13,Married-civ-spouse,Craft-repair,Wife,White,Female,0,0,40,United-States,0
45,Federal-gov,273194,HS-grad,9,Never-married,Transport-moving,Not-in-family,Black,Male,3325,0,40,United-States,0
29,Self-emp-not-inc,229842,HS-grad,9,Never-married,Transport-moving,Unmarried,Black,Male,0,0,45,United-States,0
61,Local-gov,95450,Bachelors,13,Married-civ-spouse,Exec-managerial,Husband,White,Male,5178,0,50,United-States,1
31,Private,226756,HS-grad,9,Never-married,Adm-clerical,Own-child,Black,Male,0,0,40,United-States,0
30,Private,399088,Some-college,10,Divorced,Adm-clerical,Not-in-family,White,Female,0,0,45,United-States,0
42,Private,102606,Bachelors,13,Married-civ-spouse,Tech-support,Husband,White,Male,0,0,40,United-States,1
27,Local-gov,263431,Some-college,10,Never-married,Exec-managerial,Unmarried,White,Male,0,0,40,United-States,0
30,Private,204374,Bachelors,13,Never-married,Sales,Not-in-family,White,Male,0,1741,48,United-States,0
50,State-gov,159219,Bachelors,13,Married-civ-spouse,Exec-managerial,Husband,White,Male,0,0,40,Other,1
21,Private,165475,HS-grad,9,Married-civ-spouse,Machine-op-inspct,Husband,White,Male,0,0,40,United-States,0
49,Federal-gov,168232,HS-grad,9,Married-civ-spouse,Adm-clerical,Husband,White,Male,0,0,40,United-States,1
66,Self-emp-not-inc,293114,HS-grad,9,Married-civ-spouse,Farming-fishing,Husband,White,Male,1409,0,40,United-States,0
47,Private,194772,Assoc-voc,11,Married-civ-spouse,Machine-op-inspct,Husband,White,Male,0,0,40,United-States,1
35,Private,154410,HS-grad,9,Never-married,Handlers-cleaners,Not-in-family,White,Male,0,0,40,United-States,0
50,Private,176924,10th,6,Married-civ-spouse,Craft-repair,Husband,White,Male,0,0,38,United-States,0
27,Self-emp-not-inc,208406,Bachelors,13,Married-civ-spouse,Exec-managerial,Husband,White,Male,0,0,60,United-States,1
53,Private,166368,Some-college,10,Never-married,Craft-repair,Not-in-family,White,Male,0,0,40,United-States,0
22,Private,188569,Some-college,10,Never-married,Adm-clerical,Not-in-family,White,Female,0,0,20,United-States,0
30,Local-gov,261319,7th-8th,4,Married-civ-spouse,Transport-moving,Husband,White,Male,0,0,40,United-States,0
42,Local-gov,111252,Masters,14,Married-civ-spouse,Exec-managerial,Husband,White,Male,0,1977,40,United-States,1
35,Private,410034,Some-college,10,Divorced,Sales,Not-in-family,White,Male,0,0,50,United-States,0
49,Private,168211,Some-college,10,Married-civ-spouse,Craft-repair,Husband,White,Male,0,1485,40,United-States,1
35,Private,163392,Some-college,10,Married-civ-spouse,Transport-moving,Husband,Asian-Pac-Islander,Male,0,0,40,Other,0
42,Private,213821,HS-grad,9,Married-civ-spouse,Craft-repair,Husband,White,Male,0,1887,40,United-States,1
37,Private,35330,HS-grad,9,Divorced,Craft-repair,Not-in-family,White,Male,0,1669,55,United-States,0
24,Private,109307,HS-grad,9,Never-married,Sales,Own-child,White,Male,0,0,45,United-States,0
44,Local-gov,145178,HS-grad,9,Married-civ-spouse,Other-service,Wife,Black,Female,0,0,38,Other,1
61,Private,120933,Some-college,10,Never-married,Priv-house-serv,Not-in-family,White,Female,0,0,40,United-States,0
29,Private,75648,Some-college,10,Married-civ-spouse,Craft-repair,Husband,White,Male,0,0,55,United-States,0
22,Private,100587,Some-college,10,Never-married,Other-service,Own-child,Black,Female,0,0,15,United-States,0
59,Private,151977,10th,6,Separated,Priv-house-serv,Not-in-family,Black,Female,0,0,30,United-States,0
47,Self-emp-not-inc,77102,Masters,14,Divorced,Prof-specialty,Not-in-family,White,Male,0,0,40,United-States,0
50,Private,156877,11th,7,Married-civ-spouse,Transport-moving,Husband,White,Male,0,0,70,United-States,1
22,Private,355686,Some-college,10,Never-married,Adm-clerical,Not-in-family,White,Female,0,0,40,United-States,0
48,Private,300168,12th,8,Separated,Adm-clerical,Own-child,Black,Female,0,0,40,United-States,0
31,Private,257644,11th,7,Never-married,Transport-moving,Unmarried,White,Male,0,0,40,United-States,0
37,State-gov,160402,Bachelors,13,Married-civ-spouse,Prof-specialty,Husband,White,Male,0,0,55,United-States,1
35,Private,170263,Some-college,10,Never-married,Tech-support,Unmarried,White,Female,0,0,40,United-States,0
54,Private,101017,7th-8th,4,Married-civ-spouse,Craft-repair,Husband,White,Male,0,0,40,United-States,0
51,Private,128143,Some-college,10,Married-civ-spouse,Craft-repair,Husband,White,Male,0,0,40,United-States,1
20,Private,236769,Some-college,10,Never-married,Handlers-cleaners,Own-child,White,Male,0,0,40,United-States,0
39,Private,34028,Bachelors,13,Divorced,Exec-managerial,Unmarried,White,Female,0,0,48,United-States,0
45,State-gov,207847,Some-college,10,Never-married,Adm-clerical,Unmarried,White,Female,0,0,40,United-States,0
29,Private,241431,Masters,14,Married-civ-spouse,Sales,Husband,White,Male,7298,0,40,United-States,1
38,Private,105017,HS-grad,9,Divorced,Craft-repair,Unmarried,White,Male,0,0,40,United-States,0
23,Private,87528,Bachelors,13,Never-married,Sales,Not-in-family,White,Female,0,0,45,United-States,0
42,Private,37869,Some-college,10,Married-civ-spouse,Craft-repair,Husband,White,Male,0,0,40,United-States,0
41,Private,110562,Bachelors,13,Married-civ-spouse,Exec-managerial,Husband,White,Male,0,0,40,United-States,0
63,Federal-gov,97855,Masters,14,Married-civ-spouse,Exec-managerial,Husband,White,Male,0,0,50,United-States,1
56,Private,77415,11th,7,Married-civ-spouse,Farming-fishing,Husband,White,Male,0,0,50,United-States,0
41,Private,160837,11th,7,Married-spouse-absent,Machine-op-inspct,Not-in-family,White,Male,0,0,40,Other,0
23,Self-emp-not-inc,519627,HS-grad,9,Never-married,Farming-fishing,Not-in-family,White,Male,0,0,25,Mexico,0
62,Self-emp-not-inc,134768,12th,8,Married-civ-spouse,Craft-repair,Husband,White,Male,0,0,40,United-States,1
34,Private,64830,Assoc-acdm,12,Divorced,Exec-managerial,Not-in-family,White,Female,0,0,45,United-States,0
28,Private,111900,Assoc-acdm,12,Married-civ-spouse,Sales,Husband,White,Male,0,0,30,United-States,0
55,Private,67450,Doctorate,16,Never-married,Prof-specialty,Not-in-family,White,Male,0,0,40,Other,0
42,Private,83411,Some-college,10,Divorced,Exec-managerial,Not-in-family,White,Male,0,1408,40,United-States,0
20,Private,137651,Some-college,10,Never-married,Machine-op-inspct,Own-child,Amer-Indian-Eskimo,Male,0,0,40,United-States,0
39,Local-gov,153976,Masters,14,Married-civ-spouse,Prof-specialty,Husband,White,Male,0,0,40,United-States,1
32,Self-emp-not-inc,350624,12th,8,Married-civ-spouse,Craft-repair,Husband,White,Male,0,0,40,United-States,0
54,Local-gov,137678,Some-college,10,Divorced,Adm-clerical,Unmarried,White,Female,0,0,40,United-States,0
31,Private,100997,Some-college,10,Married-civ-spouse,Prof-specialty,Husband,Amer-Indian-Eskimo,Male,0,0,40,United-States,0
42,Private,191712,Bachelors,13,Divorced,Sales,Not-in-family,White,Male,0,1590,40,United-States,0
36,Private,104772,HS-grad,9,Divorced,Craft-repair,Unmarried,White,Male,0,0,48,United-States,0
31,Self-emp-not-inc,161745,Bachelors,13,Married-spouse-absent,Exec-managerial,Not-in-family,White,Male,0,1980,60,United-States,0
35,Private,174597,Bachelors,13,Married-civ-spouse,Craft-repair,Husband,White,Male,0,0,40,United-States,0
36,Self-emp-not-inc,233533,Some-college,10,Married-civ-spouse,Craft-repair,Husband,White,Male,0,0,60,United-States,1
65,Private,174056,7th-8th,4,Married-civ-spouse,Machine-op-inspct,Husband,White,Male,0,0,40,United-States,0
24,Private,213427,HS-grad,9,Never-married,Adm-clerical,Not-in-family,White,Male,0,0,40,United-States,0
26,Private,183224,Some-college,10,Never-married,Adm-clerical,Own-child,Asian-Pac-Islander,Female,0,0,35,United-States,0
41,Private,306495,HS-grad,9,Married-civ-spouse,Farming-fishing,Husband,White,Male,0,0,40,United-States,0
27,Private,93021,HS-grad,9,Never-married,Adm-clerical,Unmarried,Other,Female,0,0,40,United-States,0
24,Private,121313,HS-grad,9,Married-civ-spouse,Adm-clerical,Husband,White,Male,0,0,40,United-States,0
23,Private,133985,10th,6,Never-married,Craft-repair,Own-child,Black,Female,0,0,40,United-States,0
56,Federal-gov,162137,HS-grad,9,Married-civ-spouse,Transport-moving,Husband,Amer-Indian-Eskimo,Male,0,0,40,United-States,0
45,State-gov,102308,Some-college,10,Married-civ-spouse,Exec-managerial,Husband,White,Male,0,0,40,United-States,0
40,Self-emp-inc,76625,HS-grad,9,Married-civ-spouse,Handlers-cleaners,Husband,White,Male,0,0,40,United-States,0
42,Federal-gov,296798,11th,7,Never-married,Tech-support,Not-in-family,White,Male,0,1340,40,United-States,0
27,Self-emp-not-inc,229125,11th,7,Married-civ-spouse,Craft-repair,Husband,White,Male,0,0,40,United-States,0
32,Private,115631,Some-college,10,Never-married,Adm-clerical,Not-in-family,White,Female,4101,0,50,United-States,0
43,Private,96102,Masters,14,Married-spouse-absent,Exec-managerial,Not-in-family,White,Male,0,0,50,United-States,0
37,Private,185061,Some-college,10,Married-civ-spouse,Exec-managerial,Husband,Asian-Pac-Islander,Male,0,0,55,United-States,0
39,Private,288551,HS-grad,9,Married-civ-spouse,Craft-repair,Husband,Black,Male,0,0,40,United-States,0
49,Private,23074,Some-college,10,Widowed,Exec-managerial,Not-in-family,White,Female,0,0,40,United-States,1
51,Private,237735,HS-grad,9,Married-civ-spouse,Handlers-cleaners,Husband,White,Male,3103,0,40,United-States,1
56,Federal-gov,101338,Bachelors,13,Married-civ-spouse,Sales,Husband,White,Male,0,0,40,United-States,0
34,Private,89644,Some-college,10,Married-civ-spouse,Sales,Husband,White,Male,0,0,55,United-States,1
49,Self-emp-inc,109705,Some-college,10,Divorced,Exec-managerial,Unmarried,White,Female,0,0,32,United-States,0
41,Private,194710,HS-grad,9,Never-married,Exec-managerial,Not-in-family,White,Female,0,0,40,United-States,0
34,Private,231238,HS-grad,9,Married-civ-spouse,Machine-op-inspct,Husband,Black,Male,0,0,40,United-States,0
47,Private,122026,Assoc-voc,11,Divorced,Sales,Not-in-family,White,Male,0,0,50,United-States,0
43,Local-gov,147328,Masters,14,Married-civ-spouse,Exec-managerial,Husband,White,Male,0,1977,60,United-States,1
24,Private,199011,HS-grad,9,Never-married,Craft-repair,Own-child,White,Male,0,0,40,United-States,0
26,Private,188767,Bachelors,13,Never-married,Sales,Own-child,White,Male,0,0,40,United-States,0
31,Private,123273,HS-grad,9,Never-married,Sales,Own-child,Black,Female,0,0,40,United-States,0
54,Private,178251,Assoc-acdm,12,Widowed,Adm-clerical,Unmarried,White,Female,0,0,30,United-States,0
34,Private,355571,HS-grad,9,Divorced,Machine-op-inspct,Unmarried,Black,Female,0,0,40,United-States,0
26,Private,34402,Bachelors,13,Never-married,Adm-clerical,Not-in-family,White,Male,0,0,45,United-States,0
23,Private,325596,Some-college,10,Never-married,Machine-op-inspct,Not-in-family,White,Male,0,0,40,United-States,0
54,Self-emp-not-inc,175804,Bachelors,13,Married-civ-spouse,Exec-managerial,Husband,White,Male,0,0,40,United-States,1
37,Self-emp-inc,186359,HS-grad,9,Married-civ-spouse,Sales,Husband,White,Male,7688,0,60,United-States,1
53,Private,196328,Bachelors,13,Married-civ-spouse,Exec-managerial,Husband,Black,Male,0,0,40,United-States,0
71,Private,235079,Primary,1,Widowed,Craft-repair,Unmarried,Black,Male,0,0,10,United-States,0
22,Private,24896,HS-grad,9,Divorced,Tech-support,Unmarried,White,Female,0,0,30,Other,0
43,Private,307767,HS-grad,9,Married-civ-spouse,Handlers-cleaners,Husband,White,Male,0,0,40,United-States,0
17,Private,206010,12th,8,Never-married,Other-service,Own-child,White,Female,0,0,8,United-States,0
28,Private,159001,HS-grad,9,Never-married,Handlers-cleaners,Own-child,White,Male,0,0,30,United-States,0
47,Private,239439,11th,7,Married-civ-spouse,Machine-op-inspct,Wife,Black,Female,0,0,40,United-States,0
25,Private,76978,HS-grad,9,Never-married,Sales,Unmarried,Black,Female,0,0,35,United-States,0
40,Private,220609,Some-college,10,Divorced,Exec-managerial,Not-in-family,White,Female,0,0,40,United-States,0
55,Self-emp-not-inc,149168,HS-grad,9,Married-civ-spouse,Farming-fishing,Husband,White,Male,0,0,30,United-States,0
39,Private,202950,Bachelors,13,Never-married,Exec-managerial,Not-in-family,White,Male,0,0,45,United-States,0
37,Private,267086,Assoc-voc,11,Divorced,Tech-support,Unmarried,White,Female,0,0,52,United-States,0
35,Private,181382,HS-grad,9,Married-civ-spouse,Craft-repair,Husband,White,Male,0,0,43,United-States,0
60,Private,175273,HS-grad,9,Widowed,Machine-op-inspct,Unmarried,White,Female,0,0,40,United-States,0
46,Self-emp-not-inc,254291,Some-college,10,Married-civ-spouse,Sales,Husband,White,Male,0,0,60,United-States,1
57,Self-emp-inc,172654,Prof-school,15,Married-civ-spouse,Transport-moving,Husband,White,Male,15024,0,50,United-States,1
35,Private,237943,HS-grad,9,Married-civ-spouse,Handlers-cleaners,Husband,White,Male,0,0,60,United-States,0
35,Private,376455,Some-college,10,Married-civ-spouse,Exec-managerial,Husband,White,Male,15024,0,60,United-States,1
20,Private,337639,Some-college,10,Never-married,Sales,Own-child,White,Male,0,0,40,United-States,0
46,Local-gov,267588,Bachelors,13,Married-civ-spouse,Prof-specialty,Wife,White,Female,0,0,70,United-States,0
39,Private,278187,HS-grad,9,Married-civ-spouse,Machine-op-inspct,Husband,White,Male,0,0,40,United-States,0
52,Self-emp-inc,210736,Bachelors,13,Married-civ-spouse,Sales,Husband,White,Male,0,0,60,United-States,0
54,Private,197481,Some-college,10,Divorced,Adm-clerical,Unmarried,White,Female,0,0,40,United-States,0
44,State-gov,351228,HS-grad,9,Married-civ-spouse,Adm-clerical,Husband,White,Male,0,0,40,United-States,0
58,Private,235624,Assoc-voc,11,Married-civ-spouse,Exec-managerial,Husband,White,Male,0,0,40,Other,1
41,Private,179533,HS-grad,9,Married-civ-spouse,Transport-moving,Husband,White,Male,0,0,35,United-States,0
22,State-gov,334693,Some-college,10,Never-married,Adm-clerical,Own-child,White,Female,0,0,40,United-States,0
51,Private,135190,7th-8th,4,Separated,Machine-op-inspct,Not-in-family,Black,Female,0,0,30,United-States,0
23,Private,128604,HS-grad,9,Never-married,Sales,Own-child,Asian-Pac-Islander,Male,0,0,48,Other,0
56,Self-emp-not-inc,236731,Primary,2,Separated,Exec-managerial,Not-in-family,White,Male,0,0,25,Other,0
30,Private,91145,HS-grad,9,Never-married,Handlers-cleaners,Unmarried,White,Male,0,0,55,United-States,0
49,Self-emp-not-inc,211762,HS-grad,9,Married-civ-spouse,Craft-repair,Husband,White,Male,0,0,40,United-States,1
31,Private,170983,Bachelors,13,Married-civ-spouse,Exec-managerial,Husband,White,Male,0,0,60,United-States,1
25,Private,201413,Some-college,10,Never-married,Other-service,Unmarried,Black,Female,0,0,40,United-States,0
31,Private,189461,Assoc-acdm,12,Divorced,Adm-clerical,Unmarried,White,Female,0,0,41,United-States,0
36,Private,173804,Some-college,10,Never-married,Sales,Not-in-family,White,Female,0,0,35,United-States,0
59,Private,114032,Bachelors,13,Divorced,Adm-clerical,Unmarried,White,Female,0,0,40,United-States,0
26,Private,245628,11th,7,Never-married,Handlers-cleaners,Unmarried,White,Male,0,0,20,United-States,0
24,Private,182812,Some-college,10,Never-married,Adm-clerical,Own-child,White,Female,3325,0,52,Other,0
51,Private,293196,Doctorate,16,Married-civ-spouse,Prof-specialty,Husband,White,Male,15024,0,60,Other,1
52,Self-emp-not-inc,194791,Some-college,10,Married-civ-spouse,Craft-repair,Husband,White,Male,0,0,40,United-States,0
50,Self-emp-not-inc,44368,HS-grad,9,Married-civ-spouse,Sales,Husband,White,Male,15024,0,55,Other,1
17,Self-emp-inc,254859,11th,7,Never-married,Prof-specialty,Own-child,White,Male,0,0,20,United-States,0
18,Private,304169,11th,7,Never-married,Sales,Own-child,White,Male,0,0,35,United-States,0
69,Private,88566,9th,5,Married-civ-spouse,Other-service,Husband,White,Male,1424,0,35,United-States,0
21,Private,182606,Some-college,10,Never-married,Other-service,Own-child,Black,Male,0,0,40,Other,0
31,Private,283268,Bachelors,13,Never-married,Prof-specialty,Unmarried,White,Female,0,0,36,United-States,0
23,Self-emp-not-inc,208503,Some-college,10,Divorced,Adm-clerical,Own-child,White,Male,0,0,40,United-States,0
59,Federal-gov,115389,Some-college,10,Married-civ-spouse,Craft-repair,Husband,White,Male,0,0,36,United-States,0
47,Private,115358,HS-grad,9,Divorced,Machine-op-inspct,Not-in-family,Black,Female,0,0,40,United-States,0
21,Private,300812,Some-college,10,Never-married,Other-service,Own-child,White,Male,0,0,25,United-States,0
49,State-gov,183710,Doctorate,16,Married-civ-spouse,Exec-managerial,Husband,White,Male,0,0,50,United-States,1
39,Self-emp-not-inc,188571,Assoc-voc,11,Married-civ-spouse,Farming-fishing,Husband,White,Male,0,0,60,United-States,0
24,Private,69045,Some-college,10,Never-married,Sales,Not-in-family,Black,Male,0,0,40,Other,0
47,Self-emp-inc,214169,HS-grad,9,Married-civ-spouse,Farming-fishing,Husband,White,Male,15024,0,40,United-States,1
43,Private,336513,Some-college,10,Married-civ-spouse,Exec-managerial,Husband,White,Male,0,1902,40,United-States,1
17,Private,115551,11th,7,Never-married,Other-service,Own-child,White,Female,0,0,20,United-States,0
32,Private,96016,Bachelors,13,Never-married,Prof-specialty,Not-in-family,White,Male,0,0,45,United-States,0
73,Private,247355,HS-grad,9,Married-civ-spouse,Transport-moving,Husband,White,Male,0,0,16,Other,0
45,Self-emp-inc,177543,HS-grad,9,Married-civ-spouse,Sales,Wife,White,Female,0,0,50,United-States,0
52,Federal-gov,617021,Bachelors,13,Married-civ-spouse,Tech-support,Husband,Black,Male,7688,0,40,United-States,1
17,Private,354201,HS-grad,9,Never-married,Other-service,Own-child,White,Male,0,0,40,United-States,0
27,Private,194472,HS-grad,9,Never-married,Priv-house-serv,Not-in-family,White,Female,0,0,60,United-States,0
36,Private,120760,Masters,14,Married-civ-spouse,Prof-specialty,Husband,Asian-Pac-Islander,Male,0,0,40,Other,0
22,Private,203182,Bachelors,13,Never-married,Exec-managerial,Other-relative,White,Female,0,0,20,United-States,0
30,Private,206051,HS-grad,9,Married-civ-spouse,Handlers-cleaners,Husband,White,Male,0,0,40,United-States,1
47,Private,84726,Some-college,10,Married-civ-spouse,Machine-op-inspct,Husband,White,Male,0,0,40,United-States,0
44,Private,100584,HS-grad,9,Married-civ-spouse,Machine-op-inspct,Husband,Amer-Indian-Eskimo,Male,0,0,40,United-States,0
18,Private,107277,11th,7,Never-married,Sales,Own-child,White,Female,0,0,20,United-States,0
70,Private,121993,HS-grad,9,Married-civ-spouse,Adm-clerical,Wife,White,Female,0,0,5,United-States,0
27,Private,114158,Assoc-voc,11,Never-married,Adm-clerical,Own-child,White,Female,0,0,35,United-States,0
41,Private,119721,HS-grad,9,Married-civ-spouse,Tech-support,Husband,White,Male,0,0,40,United-States,0
54,Local-gov,135840,10th,6,Married-civ-spouse,Protective-serv,Husband,White,Male,0,0,45,United-States,0
32,Federal-gov,111567,Prof-school,15,Married-civ-spouse,Prof-specialty,Husband,White,Male,0,0,40,United-States,1
38,Private,206535,Some-college,10,Divorced,Tech-support,Unmarried,White,Female,0,0,50,United-States,0
40,Private,130571,HS-grad,9,Never-married,Other-service,Not-in-family,White,Female,0,0,40,United-States,0
45,Self-emp-not-inc,239093,Some-college,10,Married-civ-spouse,Exec-managerial,Husband,Amer-Indian-Eskimo,Male,3137,0,40,United-States,0
38,Private,298841,Some-college,10,Never-married,Exec-managerial,Not-in-family,White,Female,0,0,45,United-States,0
43,Private,293305,Bachelors,13,Married-civ-spouse,Sales,Husband,White,Male,0,1887,40,United-States,1
51,Private,254230,Some-college,10,Married-civ-spouse,Exec-managerial,Husband,White,Male,0,0,40,United-States,1
27,Private,146719,HS-grad,9,Divorced,Sales,Own-child,White,Female,0,0,35,United-States,0
35,Private,361888,Assoc-acdm,12,Married-civ-spouse,Tech-support,Husband,White,Male,0,0,40,United-States,1
39,Private,191807,HS-grad,9,Married-civ-spouse,Sales,Husband,White,Male,15024,0,50,United-States,1
53,Private,104501,Bachelors,13,Married-civ-spouse,Exec-managerial,Husband,White,Male,0,1902,55,United-States,1
28,Private,199566,Bachelors,13,Married-civ-spouse,Other-service,Husband,Black,Male,0,0,40,United-States,0
32,Private,408328,7th-8th,4,Married-civ-spouse,Craft-repair,Husband,White,Male,0,0,40,United-States,0
39,Private,191841,Assoc-acdm,12,Separated,Prof-specialty,Not-in-family,White,Female,0,0,30,United-States,0
62,Self-emp-not-inc,82388,HS-grad,9,Married-civ-spouse,Craft-repair,Husband,White,Male,10566,0,40,United-States,0
67,Self-emp-not-inc,124470,HS-grad,9,Married-civ-spouse,Farming-fishing,Husband,White,Male,0,0,60,United-States,0
48,Private,96798,Masters,14,Divorced,Sales,Not-in-family,White,Male,0,0,35,United-States,0
29,Private,159768,HS-grad,9,Never-married,Machine-op-inspct,Not-in-family,White,Male,3325,0,40,Other,0
49,Private,68505,9th,5,Divorced,Other-service,Not-in-family,Black,Male,0,0,37,United-States,0
27,Private,125298,Some-college,10,Never-married,Adm-clerical,Unmarried,White,Female,0,0,50,United-States,0
63,Private,171635,Bachelors,13,Married-civ-spouse,Sales,Husband,White,Male,0,0,40,United-States,0
40,Private,92036,HS-grad,9,Married-civ-spouse,Handlers-cleaners,Husband,White,Male,0,0,40,United-States,1
35,Local-gov,190226,HS-grad,9,Never-married,Protective-serv,Own-child,White,Male,0,0,40,United-States,0
37,Private,89559,HS-grad,9,Divorced,Adm-clerical,Unmarried,White,Female,0,0,40,United-States,0
41,Private,192712,HS-grad,9,Never-married,Adm-clerical,Other-relative,White,Female,0,0,40,United-States,0
57,Self-emp-not-inc,47857,Some-college,10,Married-civ-spouse,Farming-fishing,Husband,White,Male,0,0,50,United-States,0
44,Self-emp-inc,103643,HS-grad,9,Married-civ-spouse,Exec-managerial,Husband,White,Male,5013,0,60,Other,0
21,Private,211385,Assoc-acdm,12,Never-married,Other-service,Not-in-family,Black,Male,0,0,35,Other,0
34,Self-emp-not-inc,320194,Prof-school,15,Separated,Prof-specialty,Unmarried,White,Male,0,0,48,United-States,1
28,Private,312588,10th,6,Divorced,Other-service,Not-in-family,White,Female,0,0,40,United-States,0
35,Private,168675,HS-grad,9,Separated,Transport-moving,Own-child,White,Male,0,0,50,United-States,0
90,Private,313986,11th,7,Never-married,Handlers-cleaners,Own-child,White,Male,0,0,40,United-States,0
39,Self-emp-not-inc,211785,HS-grad,9,Never-married,Craft-repair,Own-child,Black,Female,0,0,20,United-States,0
37,Private,243425,HS-grad,9,Divorced,Other-service,Other-relative,White,Female,0,0,50,Other,0
34,Private,146161,Bachelors,13,Married-civ-spouse,Prof-specialty,Husband,White,Male,0,0,60,United-States,1
33,Private,288825,HS-grad,9,Divorced,Craft-repair,Not-in-family,White,Male,0,2258,84,United-States,0
46,Private,95636,Some-college,10,Divorced,Handlers-cleaners,Not-in-family,White,Male,0,0,45,United-States,0
25,Private,186294,HS-grad,9,Never-married,Adm-clerical,Not-in-family,White,Female,0,0,50,United-States,0
39,Self-emp-not-inc,126569,Prof-school,15,Married-civ-spouse,Prof-specialty,Husband,White,Male,15024,0,60,United-States,1
52,Private,114062,HS-grad,9,Divorced,Craft-repair,Unmarried,White,Female,0,0,40,United-States,0
46,Private,324655,Masters,14,Married-civ-spouse,Tech-support,Husband,White,Male,0,1902,40,Other,1
76,Self-emp-inc,120796,9th,5,Married-civ-spouse,Prof-specialty,Husband,White,Male,0,0,40,United-States,0
21,Private,243842,HS-grad,9,Married-civ-spouse,Farming-fishing,Husband,White,Male,0,0,40,United-States,0
26,Private,182178,Some-college,10,Married-civ-spouse,Craft-repair,Husband,White,Male,2829,0,40,United-States,0
46,Private,59767,Some-college,10,Divorced,Sales,Not-in-family,White,Male,0,0,50,United-States,0
42,Private,385591,HS-grad,9,Married-civ-spouse,Exec-managerial,Husband,White,Male,0,0,50,United-States,1
23,Private,257621,Bachelors,13,Never-married,Sales,Not-in-family,White,Female,0,0,45,United-States,0
49,Self-emp-not-inc,200471,HS-grad,9,Married-civ-spouse,Craft-repair,Husband,White,Male,0,0,40,United-States,0
44,Private,111483,HS-grad,9,Never-married,Adm-clerical,Own-child,White,Male,0,1504,50,United-States,0
35,Self-emp-not-inc,166416,HS-grad,9,Married-civ-spouse,Farming-fishing,Husband,White,Male,0,0,99,United-States,0
21,Private,221480,Some-college,10,Never-married,Tech-support,Own-child,White,Female,0,0,25,Other,0
26,Private,269060,HS-grad,9,Never-married,Adm-clerical,Not-in-family,White,Female,0,0,40,United-States,0
64,Private,164204,Primary,2,Married-civ-spouse,Transport-moving,Husband,White,Male,0,0,53,Other,0
31,Self-emp-not-inc,348038,Bachelors,13,Married-civ-spouse,Prof-specialty,Husband,White,Male,0,1902,50,Other,1
20,Private,133515,Some-college,10,Never-married,Sales,Other-relative,White,Female,0,0,40,United-States,0
64,Private,159715,Some-college,10,Married-civ-spouse,Craft-repair,Husband,White,Male,0,0,20,United-States,0
43,Private,304175,Masters,14,Married-civ-spouse,Prof-specialty,Husband,White,Male,0,0,50,United-States,1
38,Self-emp-not-inc,357962,9th,5,Divorced,Craft-repair,Not-in-family,White,Male,0,0,40,United-States,0
40,Self-emp-not-inc,230478,Assoc-acdm,12,Divorced,Exec-managerial,Not-in-family,White,Male,0,0,30,United-States,0
38,Private,149419,Assoc-voc,11,Never-married,Tech-support,Not-in-family,White,Male,0,0,50,United-States,0
24,Private,124971,HS-grad,9,Never-married,Sales,Not-in-family,White,Male,0,0,38,United-States,0
45,Private,123681,HS-grad,9,Married-civ-spouse,Sales,Husband,White,Male,0,0,40,United-States,1
37,State-gov,46814,Bachelors,13,Never-married,Prof-specialty,Not-in-family,White,Male,0,0,38,United-States,0
21,Private,51985,HS-grad,9,Never-married,Craft-repair,Not-in-family,White,Male,0,0,40,United-States,0
60,Private,121832,11th,7,Married-civ-spouse,Sales,Husband,White,Male,0,0,40,United-States,1
61,Private,232308,HS-grad,9,Married-civ-spouse,Transport-moving,Husband,White,Male,0,0,45,United-States,1
57,State-gov,32694,Masters,14,Married-civ-spouse,Prof-specialty,Husband,White,Male,0,0,50,United-States,1
33,Private,264936,HS-grad,9,Divorced,Adm-clerical,Other-relative,White,Female,0,0,40,United-States,0
67,State-gov,423561,Some-college,10,Married-civ-spouse,Transport-moving,Husband,White,Male,0,0,40,United-States,0
33,Private,191856,Some-college,10,Divorced,Adm-clerical,Not-in-family,White,Female,0,0,40,United-States,0
19,Private,236396,11th,7,Never-married,Handlers-cleaners,Not-in-family,White,Male,0,0,40,United-States,0
38,Private,136081,Prof-school,15,Married-civ-spouse,Prof-specialty,Husband,White,Male,0,0,60,United-States,1
30,Local-gov,125159,Bachelors,13,Never-married,Prof-specialty,Not-in-family,Black,Male,14084,0,45,Other,1
62,Self-emp-not-inc,123170,Some-college,10,Married-civ-spouse,Exec-managerial,Husband,White,Male,0,0,10,United-States,0
17,Private,262511,11th,7,Never-married,Sales,Own-child,White,Male,0,0,20,United-States,0
45,Private,123283,HS-grad,9,Separated,Machine-op-inspct,Unmarried,Black,Female,0,0,15,United-States,0
28,Private,216178,HS-grad,9,Married-civ-spouse,Sales,Husband,White,Male,0,0,40,United-States,0
28,Private,78870,Bachelors,13,Never-married,Sales,Not-in-family,White,Male,8614,0,40,United-States,1
42,Private,107762,Masters,14,Married-civ-spouse,Prof-specialty,Husband,White,Male,0,0,40,United-States,1
47,Private,379118,7th-8th,4,Married-civ-spouse,Craft-repair,Husband,Black,Male,0,0,60,United-States,1
50,Self-emp-inc,174855,HS-grad,9,Divorced,Exec-managerial,Unmarried,White,Female,0,0,40,United-States,0
37,Federal-gov,196348,Some-college,10,Married-civ-spouse,Machine-op-inspct,Husband,White,Male,0,0,40,United-States,0
54,Private,200098,Bachelors,13,Divorced,Sales,Not-in-family,Black,Female,0,0,60,United-States,0
30,Private,174789,Assoc-acdm,12,Married-civ-spouse,Exec-managerial,Husband,White,Male,0,1848,50,United-States,1
29,Private,232914,Assoc-voc,11,Never-married,Adm-clerical,Own-child,Black,Female,0,0,40,United-States,0
51,Federal-gov,282680,Doctorate,16,Never-married,Prof-specialty,Not-in-family,White,Female,0,1564,70,United-States,1
49,State-gov,55938,Bachelors,13,Married-civ-spouse,Adm-clerical,Husband,White,Male,0,0,40,United-States,1
47,Private,216734,Bachelors,13,Divorced,Sales,Unmarried,White,Female,0,0,50,United-States,0
51,Private,182187,Bachelors,13,Never-married,Prof-specialty,Not-in-family,Black,Male,0,0,35,United-States,0
34,Private,424988,HS-grad,9,Married-civ-spouse,Craft-repair,Husband,White,Male,0,0,45,United-States,0
47,Private,379118,HS-grad,9,Divorced,Other-service,Unmarried,Black,Male,0,0,9,United-States,0
31,Private,193650,11th,7,Divorced,Other-service,Not-in-family,White,Female,0,0,40,United-States,0
35,Private,46385,HS-grad,9,Married-civ-spouse,Transport-moving,Husband,White,Male,5178,0,90,United-States,1
49,Local-gov,337768,Masters,14,Married-civ-spouse,Exec-managerial,Husband,White,Male,0,0,50,United-States,1
33,Federal-gov,159548,Assoc-acdm,12,Never-married,Adm-clerical,Unmarried,Black,Female,0,0,40,United-States,0
28,Private,196564,HS-grad,9,Married-civ-spouse,Craft-repair,Husband,White,Male,0,0,45,United-States,0
18,Private,188476,11th,7,Never-married,Exec-managerial,Own-child,White,Male,0,0,20,United-States,0
21,Private,207923,Some-college,10,Married-spouse-absent,Adm-clerical,Own-child,White,Female,0,0,15,United-States,0
32,Private,213179,Some-college,10,Divorced,Craft-repair,Own-child,White,Male,0,0,40,United-States,1
38,Local-gov,225605,Some-college,10,Married-civ-spouse,Prof-specialty,Husband,White,Male,0,0,44,United-States,0
65,Local-gov,205024,HS-grad,9,Married-civ-spouse,Other-service,Husband,White,Male,0,0,8,United-States,0
44,Self-emp-not-inc,402397,Masters,14,Married-civ-spouse,Exec-managerial,Wife,White,Female,0,1902,60,United-States,1
37,Private,632613,10th,6,Married-civ-spouse,Farming-fishing,Husband,White,Male,0,0,35,Mexico,0
19,Federal-gov,27433,12th,8,Never-married,Other-service,Own-child,White,Female,0,0,30,United-States,0
33,Self-emp-not-inc,118267,Assoc-acdm,12,Divorced,Sales,Not-in-family,White,Male,0,0,60,United-States,0
31,Private,259425,HS-grad,9,Married-civ-spouse,Craft-repair,Husband,White,Male,0,0,40,United-States,1
36,Private,62346,HS-grad,9,Married-civ-spouse,Craft-repair,Husband,Black,Male,0,0,40,United-States,0
25,Private,371987,HS-grad,9,Divorced,Adm-clerical,Not-in-family,White,Female,0,0,40,United-States,0
18,Private,78045,11th,7,Married-civ-spouse,Handlers-cleaners,Own-child,White,Male,0,0,40,United-States,0
48,Private,192894,Doctorate,16,Married-civ-spouse,Prof-specialty,Husband,White,Male,0,0,40,United-States,1
36,Self-emp-not-inc,20333,HS-grad,9,Married-civ-spouse,Sales,Wife,White,Female,7688,0,40,United-States,1
25,Self-emp-not-inc,182809,HS-grad,9,Married-civ-spouse,Craft-repair,Husband,White,Male,7298,0,40,United-States,1
29,Private,235168,Assoc-acdm,12,Married-civ-spouse,Sales,Husband,White,Male,0,0,60,United-States,0
37,Private,34378,7th-8th,4,Married-civ-spouse,Farming-fishing,Husband,White,Male,2580,0,60,United-States,0
52,Private,236180,Bachelors,13,Married-spouse-absent,Other-service,Not-in-family,White,Male,0,0,50,United-States,0
22,Private,124971,Bachelors,13,Never-married,Sales,Not-in-family,White,Male,0,0,40,United-States,0
46,Private,265275,Masters,14,Married-civ-spouse,Prof-specialty,Husband,White,Male,0,0,60,United-States,0
40,Private,217120,10th,6,Divorced,Craft-repair,Not-in-family,White,Male,0,0,50,United-States,0
42,Private,219288,7th-8th,4,Widowed,Craft-repair,Unmarried,White,Male,0,0,40,United-States,0
41,Federal-gov,57924,Some-college,10,Never-married,Protective-serv,Own-child,White,Male,0,0,40,United-States,0
28,Private,273929,HS-grad,9,Married-civ-spouse,Sales,Husband,White,Male,0,1628,60,United-States,0
28,Private,56179,Some-college,10,Never-married,Exec-managerial,Not-in-family,White,Male,2174,0,55,United-States,0
42,Private,255847,HS-grad,9,Married-civ-spouse,Machine-op-inspct,Husband,White,Male,4386,0,48,United-States,1
41,Local-gov,175149,HS-grad,9,Divorced,Transport-moving,Not-in-family,Black,Female,0,0,38,United-States,0
63,Private,275034,Bachelors,13,Married-civ-spouse,Sales,Husband,White,Male,0,1740,35,United-States,0
42,Private,56483,Assoc-acdm,12,Divorced,Adm-clerical,Unmarried,White,Female,0,0,40,United-States,0
41,Local-gov,297248,Prof-school,15,Married-civ-spouse,Prof-specialty,Husband,White,Male,0,2415,45,United-States,1
22,Private,271274,11th,7,Never-married,Sales,Not-in-family,White,Female,0,0,40,United-States,0
58,Private,142182,HS-grad,9,Married-civ-spouse,Craft-repair,Husband,White,Male,0,0,25,United-States,0
42,Private,179557,Some-college,10,Divorced,Tech-support,Not-in-family,White,Female,0,0,40,United-States,0
23,Private,240160,Assoc-acdm,12,Never-married,Prof-specialty,Own-child,White,Male,0,0,40,United-States,0
19,Private,42750,Some-college,10,Never-married,Handlers-cleaners,Not-in-family,White,Male,0,0,55,United-States,0
47,Self-emp-not-inc,236111,Some-college,10,Married-civ-spouse,Prof-specialty,Husband,Other,Male,0,0,55,United-States,1
30,Private,137606,HS-grad,9,Married-civ-spouse,Transport-moving,Husband,White,Male,5013,0,40,United-States,0
33,Private,100135,HS-grad,9,Married-civ-spouse,Adm-clerical,Wife,White,Female,0,1740,25,United-States,0
40,Private,343068,Some-college,10,Divorced,Exec-managerial,Not-in-family,White,Female,0,0,40,United-States,0
31,Private,49923,HS-grad,9,Married-civ-spouse,Transport-moving,Husband,White,Male,0,0,40,United-States,0
52,Private,145548,Assoc-acdm,12,Married-civ-spouse,Protective-serv,Husband,White,Male,0,0,40,United-States,1
31,Private,202822,Some-college,10,Divorced,Adm-clerical,Unmarried,Black,Female,0,0,40,United-States,0
34,Local-gov,194325,HS-grad,9,Married-civ-spouse,Transport-moving,Husband,White,Male,0,0,45,United-States,0
35,Private,40135,Some-college,10,Married-civ-spouse,Handlers-cleaners,Husband,White,Male,0,2042,40,United-States,0
38,Private,204756,HS-grad,9,Never-married,Sales,Own-child,White,Female,0,0,40,United-States,0
63,Private,361631,Masters,14,Separated,Prof-specialty,Not-in-family,White,Female,0,0,40,United-States,1
25,Private,233777,HS-grad,9,Never-married,Transport-moving,Other-relative,White,Male,0,0,40,Other,0
50,Local-gov,117791,HS-grad,9,Divorced,Adm-clerical,Not-in-family,White,Female,0,0,40,United-States,0
37,Private,172846,Some-college,10,Married-civ-spouse,Sales,Husband,White,Male,0,0,45,United-States,1
59,Private,43221,Some-college,10,Married-civ-spouse,Craft-repair,Husband,White,Male,0,0,43,United-States,1
45,Federal-gov,88564,Some-college,10,Married-civ-spouse,Exec-managerial,Husband,White,Male,7688,0,40,United-States,1
35,Private,101709,HS-grad,9,Never-married,Transport-moving,Own-child,Asian-Pac-Islander,Male,0,0,60,United-States,0
31,Private,91964,Some-college,10,Never-married,Adm-clerical,Other-relative,White,Male,0,0,40,United-States,0
44,Self-emp-inc,49249,Some-college,10,Divorced,Other-service,Unmarried,White,Male,0,0,80,United-States,0
19,Private,218956,HS-grad,9,Never-married,Prof-specialty,Own-child,White,Male,0,0,40,United-States,0
54,Local-gov,182388,HS-grad,9,Married-civ-spouse,Other-service,Wife,White,Female,0,0,35,United-States,0
23,Private,205939,HS-grad,9,Married-civ-spouse,Craft-repair,Husband,White,Male,0,0,38,United-States,0
29,Private,105422,HS-grad,9,Married-civ-spouse,Prof-specialty,Husband,White,Male,0,0,40,United-States,1
27,Private,208703,HS-grad,9,Never-married,Protective-serv,Own-child,White,Male,0,0,40,Other,0
25,Private,139730,HS-grad,9,Married-civ-spouse,Craft-repair,Husband,White,Male,0,0,80,United-States,1
58,Private,127264,10th,6,Married-civ-spouse,Craft-repair,Husband,White,Male,0,0,50,United-States,0
35,Private,148903,HS-grad,9,Divorced,Sales,Unmarried,White,Female,0,0,40,United-States,0
53,State-gov,53197,Doctorate,16,Married-civ-spouse,Adm-clerical,Husband,White,Male,0,0,50,United-States,1
36,Private,176101,Some-college,10,Never-married,Craft-repair,Own-child,White,Male,2174,0,60,United-States,0
46,Private,199316,Some-college,10,Married-civ-spouse,Craft-repair,Other-relative,Asian-Pac-Islander,Male,0,0,40,Other,0
56,Private,174744,HS-grad,9,Married-civ-spouse,Other-service,Husband,White,Male,0,0,40,United-States,0
35,Private,199753,HS-grad,9,Never-married,Machine-op-inspct,Own-child,White,Male,0,0,48,United-States,0
38,Private,169926,Assoc-acdm,12,Married-civ-spouse,Exec-managerial,Wife,White,Female,0,1902,40,United-States,1
56,Private,192869,HS-grad,9,Married-civ-spouse,Machine-op-inspct,Husband,White,Male,0,0,40,United-States,1
31,Private,86958,9th,5,Married-civ-spouse,Exec-managerial,Wife,White,Female,0,0,40,United-States,0
30,Private,381645,Bachelors,13,Never-married,Prof-specialty,Not-in-family,White,Male,0,0,50,United-States,0
40,Private,208277,Some-college,10,Divorced,Adm-clerical,Own-child,White,Female,0,0,44,United-States,1
41,Private,163322,Bachelors,13,Divorced,Tech-support,Not-in-family,White,Female,0,0,30,Other,0
41,Private,78410,HS-grad,9,Married-civ-spouse,Adm-clerical,Wife,White,Female,0,0,40,United-States,1
31,Local-gov,381153,Some-college,10,Married-civ-spouse,Protective-serv,Husband,White,Male,15024,0,56,United-States,1
32,Private,373263,HS-grad,9,Married-civ-spouse,Exec-managerial,Wife,White,Female,0,0,40,United-States,0
34,Self-emp-not-inc,353881,HS-grad,9,Married-civ-spouse,Exec-managerial,Husband,White,Male,0,0,60,United-States,0
30,Private,72630,Bachelors,13,Never-married,Prof-specialty,Not-in-family,White,Male,0,0,50,United-States,0
33,Private,292465,9th,5,Married-civ-spouse,Machine-op-inspct,Husband,White,Male,0,0,50,United-States,0
61,Private,248448,7th-8th,4,Divorced,Other-service,Unmarried,White,Female,0,0,40,United-States,0
35,Private,212465,HS-grad,9,Married-civ-spouse,Craft-repair,Husband,White,Male,0,0,40,United-States,1
47,Federal-gov,34845,Bachelors,13,Married-civ-spouse,Adm-clerical,Husband,White,Male,0,0,45,Other,1
45,Self-emp-not-inc,67716,Some-college,10,Married-civ-spouse,Exec-managerial,Husband,White,Male,0,0,60,United-States,0
34,Private,178951,HS-grad,9,Married-civ-spouse,Sales,Husband,White,Male,0,0,45,United-States,0
36,Private,176544,Some-college,10,Never-married,Other-service,Not-in-family,White,Male,0,0,48,United-States,0
35,Private,99357,Masters,14,Married-civ-spouse,Prof-specialty,Wife,White,Female,15024,0,50,United-States,1
17,Private,27032,10th,6,Never-married,Sales,Own-child,White,Female,0,0,12,United-States,0
46,Private,192360,Bachelors,13,Married-civ-spouse,Exec-managerial,Husband,White,Male,0,0,35,United-States,1
37,Self-emp-not-inc,121510,HS-grad,9,Divorced,Exec-managerial,Unmarried,White,Male,0,0,55,United-States,0
39,Private,190466,HS-grad,9,Divorced,Craft-repair,Own-child,White,Male,2174,0,40,United-States,0
40,Private,37618,Some-college,10,Married-civ-spouse,Craft-repair,Husband,White,Male,0,0,40,Other,0
25,Private,176729,Bachelors,13,Married-civ-spouse,Craft-repair,Husband,White,Male,0,0,60,United-States,1
34,State-gov,190290,Bachelors,13,Married-civ-spouse,Prof-specialty,Husband,White,Male,0,0,38,United-States,1
28,Private,161607,Some-college,10,Married-civ-spouse,Transport-moving,Husband,White,Male,0,0,45,United-States,0
58,Self-emp-not-inc,231818,10th,6,Never-married,Craft-repair,Not-in-family,White,Male,0,0,40,Other,0
60,Self-emp-not-inc,88055,Some-college,10,Married-civ-spouse,Craft-repair,Husband,White,Male,0,0,24,United-States,0
29,Private,283760,Bachelors,13,Never-married,Exec-managerial,Not-in-family,White,Female,0,0,40,United-States,0
42,Private,259643,Masters,14,Divorced,Prof-specialty,Not-in-family,White,Male,4650,0,40,United-States,0
39,Private,25803,Some-college,10,Married-civ-spouse,Sales,Husband,White,Male,0,0,55,United-States,0
53,Private,152373,Some-college,10,Divorced,Craft-repair,Not-in-family,White,Male,0,0,48,United-States,1
31,Private,106753,Assoc-voc,11,Married-civ-spouse,Craft-repair,Husband,White,Male,0,1740,40,United-States,0
29,Private,83003,HS-grad,9,Married-civ-spouse,Other-service,Wife,White,Female,0,0,40,United-States,0
32,Private,165226,HS-grad,9,Divorced,Other-service,Not-in-family,White,Female,0,0,40,United-States,0
37,Self-emp-inc,107164,10th,6,Never-married,Transport-moving,Not-in-family,White,Male,0,2559,50,United-States,1
34,Private,45114,Bachelors,13,Never-married,Sales,Own-child,Black,Female,0,0,40,United-States,0
51,Private,114927,Assoc-voc,11,Married-civ-spouse,Tech-support,Husband,White,Male,7298,0,40,United-States,1
41,Private,121287,HS-grad,9,Never-married,Machine-op-inspct,Not-in-family,White,Male,0,0,40,United-States,0
28,Private,39232,Bachelors,13,Never-married,Prof-specialty,Not-in-family,White,Male,0,0,45,United-States,0
39,Self-emp-not-inc,140752,HS-grad,9,Married-civ-spouse,Sales,Husband,White,Male,0,0,50,United-States,1
78,Self-emp-not-inc,316261,Bachelors,13,Never-married,Exec-managerial,Not-in-family,White,Male,99999,0,20,United-States,1
42,Private,125461,Bachelors,13,Never-married,Sales,Unmarried,White,Male,0,0,40,United-States,0
21,Private,306967,Assoc-voc,11,Never-married,Adm-clerical,Not-in-family,White,Female,0,0,40,United-States,0
22,Private,203240,10th,6,Never-married,Adm-clerical,Not-in-family,White,Female,0,0,40,United-States,0
26,Private,43408,Bachelors,13,Married-civ-spouse,Prof-specialty,Husband,White,Male,0,0,40,United-States,0
37,Private,259284,HS-grad,9,Never-married,Transport-moving,Not-in-family,Black,Male,0,0,50,United-States,0
19,State-gov,112432,Some-college,10,Never-married,Adm-clerical,Own-child,White,Male,0,0,10,United-States,0
58,Private,117477,HS-grad,9,Divorced,Adm-clerical,Unmarried,Black,Female,0,0,36,United-States,0
57,Private,210496,10th,6,Widowed,Other-service,Unmarried,White,Female,0,0,40,United-States,0
39,Private,166744,HS-grad,9,Never-married,Other-service,Own-child,White,Female,0,0,38,United-States,0
56,Private,204816,Some-college,10,Married-civ-spouse,Exec-managerial,Husband,White,Male,0,0,40,United-States,1
22,Private,72310,HS-grad,9,Never-married,Transport-moving,Not-in-family,White,Male,0,0,70,United-States,0
46,Federal-gov,161337,Some-college,10,Divorced,Tech-support,Not-in-family,White,Male,0,0,40,United-States,0
31,Private,206541,Some-college,10,Married-civ-spouse,Adm-clerical,Husband,White,Male,0,0,40,United-States,0
30,Private,108023,Some-college,10,Married-civ-spouse,Craft-repair,Husband,White,Male,0,0,40,United-States,0
31,Self-emp-inc,83748,Some-college,10,Married-civ-spouse,Exec-managerial,Wife,Asian-Pac-Islander,Female,0,0,70,Other,0
27,Private,135308,Bachelors,13,Never-married,Sales,Not-in-family,Black,Female,0,0,40,United-States,0
70,Private,642830,HS-grad,9,Divorced,Protective-serv,Not-in-family,White,Female,0,0,32,United-States,0
61,Private,162432,HS-grad,9,Widowed,Exec-managerial,Not-in-family,White,Female,0,0,40,United-States,0
47,Private,170850,HS-grad,9,Married-civ-spouse,Handlers-cleaners,Husband,White,Male,4064,0,60,United-States,0
20,Private,170800,Some-college,10,Never-married,Adm-clerical,Own-child,White,Female,0,0,15,United-States,0
40,Private,224232,Bachelors,13,Married-civ-spouse,Sales,Husband,White,Male,0,0,40,United-States,1
60,State-gov,27037,HS-grad,9,Married-civ-spouse,Protective-serv,Husband,Amer-Indian-Eskimo,Male,0,0,40,United-States,1
32,State-gov,443546,HS-grad,9,Married-civ-spouse,Protective-serv,Husband,White,Male,0,0,45,United-States,0
42,Private,185602,HS-grad,9,Married-civ-spouse,Exec-managerial,Wife,White,Female,0,0,40,United-States,1
49,Private,61885,11th,7,Married-civ-spouse,Craft-repair,Husband,White,Male,0,0,40,United-States,0
84,Self-emp-not-inc,155057,Bachelors,13,Married-civ-spouse,Farming-fishing,Husband,White,Male,0,0,20,United-States,0
27,Private,72208,Some-college,10,Never-married,Adm-clerical,Own-child,Black,Male,0,0,40,United-States,0
24,Private,336088,HS-grad,9,Divorced,Exec-managerial,Not-in-family,Amer-Indian-Eskimo,Female,0,0,50,United-States,0
48,Private,113598,Some-college,10,Separated,Adm-clerical,Other-relative,Black,Female,0,0,40,United-States,0
27,Private,195681,Some-college,10,Never-married,Prof-specialty,Not-in-family,White,Female,0,0,48,Other,0
32,Private,273287,Some-college,10,Never-married,Exec-managerial,Not-in-family,Black,Male,0,0,40,Other,0
30,Private,177596,Some-college,10,Never-married,Other-service,Unmarried,White,Female,0,0,36,United-States,0
77,Self-emp-not-inc,209507,Some-college,10,Never-married,Craft-repair,Not-in-family,White,Male,0,0,40,United-States,0
22,Private,250647,Some-college,10,Never-married,Adm-clerical,Own-child,White,Male,0,0,12,United-States,0
41,Self-emp-not-inc,226505,HS-grad,9,Divorced,Other-service,Unmarried,White,Female,0,0,40,United-States,0
43,Private,253759,Some-college,10,Married-civ-spouse,Tech-support,Wife,Black,Female,0,0,40,United-States,0
37,Private,86310,Some-college,10,Divorced,Adm-clerical,Unmarried,White,Female,0,0,45,United-States,0
29,Private,301031,HS-grad,9,Married-civ-spouse,Transport-moving,Husband,Black,Male,0,0,40,United-States,0
33,Private,86492,HS-grad,9,Never-married,Transport-moving,Not-in-family,White,Male,0,0,87,United-States,0
37,Private,301568,12th,8,Never-married,Other-service,Own-child,White,Female,0,0,40,United-States,0
20,Self-emp-not-inc,132320,HS-grad,9,Never-married,Transport-moving,Own-child,White,Male,0,0,45,United-States,0
49,Federal-gov,311671,Some-college,10,Married-civ-spouse,Exec-managerial,Husband,White,Male,0,0,40,United-States,1
40,Private,205175,HS-grad,9,Widowed,Machine-op-inspct,Unmarried,Black,Female,0,0,37,United-States,0
17,Private,191260,11th,7,Never-married,Other-service,Own-child,White,Male,594,0,10,United-States,0
31,Local-gov,356689,Bachelors,13,Married-civ-spouse,Prof-specialty,Husband,White,Male,0,0,40,United-States,0
23,Private,33105,Some-college,10,Never-married,Handlers-cleaners,Own-child,Amer-Indian-Eskimo,Male,0,0,40,United-States,0
51,Federal-gov,106257,Assoc-acdm,12,Married-civ-spouse,Tech-support,Husband,Black,Male,0,0,40,United-States,0
30,Private,185336,Some-college,10,Divorced,Adm-clerical,Unmarried,Black,Female,0,0,37,United-States,0
28,State-gov,158834,Masters,14,Married-civ-spouse,Exec-managerial,Husband,White,Male,0,0,50,United-States,1
37,Private,192939,HS-grad,9,Married-civ-spouse,Transport-moving,Husband,White,Male,0,0,40,United-States,0
26,Private,167761,Bachelors,13,Married-civ-spouse,Prof-specialty,Husband,White,Male,0,0,50,United-States,1
40,Self-emp-not-inc,117721,HS-grad,9,Married-civ-spouse,Farming-fishing,Husband,White,Male,0,0,60,United-States,0
19,Self-emp-not-inc,116385,11th,7,Never-married,Adm-clerical,Not-in-family,White,Female,0,0,40,United-States,0
64,Private,183513,HS-grad,9,Never-married,Adm-clerical,Not-in-family,White,Female,0,0,25,United-States,0
33,Private,111567,Masters,14,Married-civ-spouse,Exec-managerial,Husband,White,Male,0,1902,45,Other,1
41,Private,132633,11th,7,Divorced,Priv-house-serv,Unmarried,White,Female,0,0,25,Other,0
39,Private,192702,Masters,14,Never-married,Craft-repair,Not-in-family,White,Female,0,0,50,United-States,0
28,Private,125527,Some-college,10,Never-married,Sales,Not-in-family,White,Male,0,0,50,United-States,0
40,Private,153372,Some-college,10,Married-civ-spouse,Sales,Husband,White,Male,0,0,50,United-States,1
43,Private,178417,Bachelors,13,Divorced,Prof-specialty,Not-in-family,White,Male,0,0,40,United-States,0
39,Private,31670,HS-grad,9,Married-civ-spouse,Farming-fishing,Husband,White,Male,0,0,65,United-States,0
19,Private,27433,11th,7,Never-married,Handlers-cleaners,Not-in-family,White,Male,0,0,40,United-States,0
26,Private,173927,Assoc-voc,11,Never-married,Prof-specialty,Own-child,Other,Female,0,0,60,Other,0
33,Private,154227,Assoc-voc,11,Divorced,Sales,Not-in-family,White,Male,0,0,40,United-States,0
42,Private,273230,Bachelors,13,Married-civ-spouse,Prof-specialty,Husband,White,Male,0,0,90,United-States,0
37,Private,76893,HS-grad,9,Married-civ-spouse,Craft-repair,Husband,White,Male,0,0,40,United-States,0
48,Private,205424,Bachelors,13,Divorced,Sales,Unmarried,White,Male,0,0,40,United-States,1
63,Private,66634,9th,5,Married-civ-spouse,Craft-repair,Husband,White,Male,0,0,16,United-States,0
39,Local-gov,86551,HS-grad,9,Divorced,Craft-repair,Not-in-family,White,Male,0,1876,40,United-States,0
22,Private,199555,Some-college,10,Never-married,Farming-fishing,Own-child,White,Male,0,0,25,United-States,0
42,Private,50018,HS-grad,9,Married-civ-spouse,Other-service,Husband,White,Male,0,0,40,Other,0
37,Private,230035,HS-grad,9,Married-civ-spouse,Craft-repair,Husband,White,Male,0,0,46,United-States,1
19,Private,217418,Some-college,10,Never-married,Adm-clerical,Other-relative,Black,Female,0,0,38,United-States,0
22,Private,113062,Bachelors,13,Never-married,Exec-managerial,Own-child,White,Female,0,0,7,United-States,0
17,Private,110723,11th,7,Never-married,Sales,Own-child,White,Female,0,0,25,United-States,0
47,Federal-gov,191858,Assoc-acdm,12,Married-civ-spouse,Adm-clerical,Husband,White,Male,0,0,40,United-States,1
22,Private,206815,HS-grad,9,Never-married,Sales,Unmarried,White,Female,0,0,40,Other,0
44,Private,124563,HS-grad,9,Married-civ-spouse,Machine-op-inspct,Husband,Black,Male,0,0,40,United-States,0
32,State-gov,198211,Some-college,10,Never-married,Adm-clerical,Not-in-family,White,Male,0,0,38,United-States,0
33,Private,376483,Some-college,10,Divorced,Adm-clerical,Not-in-family,Black,Female,0,0,40,United-States,0
28,Private,209205,Masters,14,Married-civ-spouse,Prof-specialty,Husband,White,Male,0,0,45,United-States,1
25,Private,254746,Bachelors,13,Married-civ-spouse,Prof-specialty,Wife,White,Female,0,0,40,United-States,0
36,Private,228157,Some-college,10,Never-married,Craft-repair,Not-in-family,Asian-Pac-Islander,Male,0,0,40,Other,0
54,Private,286989,Primary,1,Married-civ-spouse,Farming-fishing,Husband,White,Male,0,0,60,United-States,0
19,Private,235849,HS-grad,9,Never-married,Transport-moving,Own-child,White,Male,0,0,35,United-States,0
32,Private,100135,Bachelors,13,Separated,Prof-specialty,Unmarried,White,Female,0,0,32,United-States,0
21,Private,35424,Some-college,10,Never-married,Sales,Own-child,White,Female,0,0,25,United-States,0
53,Self-emp-not-inc,151159,10th,6,Married-spouse-absent,Transport-moving,Not-in-family,White,Male,0,0,99,United-States,0
39,Private,269722,Bachelors,13,Married-civ-spouse,Exec-managerial,Husband,White,Male,0,0,70,United-States,0
54,State-gov,197184,Bachelors,13,Married-civ-spouse,Exec-managerial,Husband,White,Male,0,0,38,United-States,0
33,Private,111363,Bachelors,13,Married-civ-spouse,Craft-repair,Husband,White,Male,0,0,45,United-States,0
32,Private,131584,HS-grad,9,Married-civ-spouse,Sales,Husband,White,Male,7298,0,40,United-States,1
46,Private,150499,Assoc-acdm,12,Married-civ-spouse,Craft-repair,Husband,White,Male,0,0,40,United-States,0
40,Local-gov,96554,HS-grad,9,Never-married,Adm-clerical,Own-child,White,Female,0,0,40,United-States,0
25,Private,91709,Assoc-acdm,12,Never-married,Tech-support,Not-in-family,White,Female,0,0,45,United-States,0
24,Self-emp-not-inc,191954,7th-8th,4,Never-married,Farming-fishing,Own-child,White,Male,0,0,50,United-States,0
58,Local-gov,217775,HS-grad,9,Married-civ-spouse,Exec-managerial,Husband,White,Male,7298,0,40,United-States,1
40,Private,141657,HS-grad,9,Divorced,Adm-clerical,Unmarried,White,Female,0,0,40,United-States,0
35,State-gov,49352,Some-college,10,Never-married,Adm-clerical,Own-child,White,Female,0,0,38,United-States,0
34,Self-emp-inc,28984,Assoc-voc,11,Divorced,Sales,Unmarried,White,Female,0,0,40,United-States,0
44,State-gov,33658,Masters,14,Married-civ-spouse,Prof-specialty,Husband,White,Male,7688,0,50,United-States,1
73,Self-emp-not-inc,161251,HS-grad,9,Widowed,Craft-repair,Not-in-family,White,Male,0,0,24,United-States,0
30,Private,341346,11th,7,Married-civ-spouse,Sales,Husband,White,Male,0,0,40,United-States,0
55,Private,199067,11th,7,Married-civ-spouse,Machine-op-inspct,Husband,White,Male,0,0,32,United-States,0
56,Self-emp-not-inc,233312,Masters,14,Married-civ-spouse,Craft-repair,Husband,White,Male,0,0,50,United-States,1
56,Private,160932,HS-grad,9,Married-civ-spouse,Transport-moving,Husband,White,Male,0,0,44,United-States,1
30,Private,280927,Bachelors,13,Never-married,Adm-clerical,Not-in-family,White,Female,0,0,40,United-States,0
31,Self-emp-not-inc,204052,HS-grad,9,Married-civ-spouse,Craft-repair,Husband,White,Male,0,0,40,United-States,1
18,Private,74054,11th,7,Never-married,Sales,Own-child,Other,Female,0,0,20,Other,0
46,Private,169042,10th,6,Never-married,Other-service,Not-in-family,White,Female,0,0,25,Other,0
45,Private,112305,Some-college,10,Divorced,Other-service,Unmarried,Black,Female,0,0,40,United-States,0
29,Private,165360,Assoc-voc,11,Never-married,Adm-clerical,Not-in-family,White,Female,0,0,40,United-States,0
29,Private,247151,11th,7,Divorced,Machine-op-inspct,Unmarried,White,Female,0,0,40,United-States,0
19,Private,156587,Some-college,10,Never-married,Adm-clerical,Own-child,White,Female,0,0,38,United-States,0
18,Private,716066,10th,6,Never-married,Machine-op-inspct,Own-child,White,Male,0,0,30,United-States,0
42,Federal-gov,284403,HS-grad,9,Divorced,Adm-clerical,Not-in-family,Black,Male,0,0,40,United-States,0
39,Private,85319,Prof-school,15,Married-civ-spouse,Prof-specialty,Wife,White,Female,7688,0,60,United-States,1
36,Self-emp-not-inc,122493,HS-grad,9,Married-civ-spouse,Craft-repair,Husband,White,Male,0,0,47,United-States,0
24,Self-emp-not-inc,81145,Some-college,10,Never-married,Other-service,Not-in-family,White,Female,0,0,75,United-States,0
22,Private,62865,Assoc-acdm,12,Never-married,Adm-clerical,Not-in-family,White,Female,0,0,40,United-States,0
31,Private,318647,11th,7,Never-married,Craft-repair,Not-in-family,White,Male,0,0,40,United-States,0
53,Private,185846,HS-grad,9,Married-civ-spouse,Craft-repair,Husband,White,Male,0,0,40,United-States,0
22,Private,64292,HS-grad,9,Never-married,Tech-support,Not-in-family,White,Female,0,0,40,United-States,0
18,Private,260801,HS-grad,9,Never-married,Handlers-cleaners,Own-child,White,Male,0,0,20,United-States,0
23,Private,148709,HS-grad,9,Separated,Handlers-cleaners,Other-relative,White,Female,0,0,40,United-States,0
54,Private,197189,Bachelors,13,Married-civ-spouse,Transport-moving,Husband,White,Male,0,0,40,United-States,0
36,Private,129573,Assoc-acdm,12,Married-civ-spouse,Sales,Husband,White,Male,0,0,60,United-States,1
38,Private,204556,HS-grad,9,Divorced,Craft-repair,Not-in-family,Black,Male,0,0,40,United-States,0
41,Private,227890,Some-college,10,Divorced,Craft-repair,Not-in-family,White,Male,0,0,46,United-States,1
37,Private,333305,Doctorate,16,Married-civ-spouse,Prof-specialty,Wife,White,Female,0,0,35,United-States,0
37,Self-emp-inc,205852,Bachelors,13,Married-civ-spouse,Prof-specialty,Husband,White,Male,0,0,45,United-States,0
21,Self-emp-not-inc,318865,Some-college,10,Never-married,Other-service,Own-child,White,Male,0,0,30,United-States,0
35,Local-gov,204277,Bachelors,13,Married-civ-spouse,Prof-specialty,Husband,White,Male,0,0,40,United-States,0
38,State-gov,200289,Doctorate,16,Married-civ-spouse,Prof-specialty,Husband,Asian-Pac-Islander,Male,0,0,40,Other,0
37,Private,213841,Some-college,10,Married-civ-spouse,Craft-repair,Husband,White,Male,0,0,50,United-States,1
52,Private,181677,10th,6,Married-civ-spouse,Transport-moving,Husband,White,Male,0,0,30,United-States,1
17,Private,95909,11th,7,Never-married,Handlers-cleaners,Own-child,White,Male,0,0,12,United-States,0
37,Private,31023,HS-grad,9,Married-civ-spouse,Craft-repair,Husband,White,Male,0,0,45,United-States,0
59,Private,193895,Some-college,10,Widowed,Adm-clerical,Not-in-family,White,Female,0,0,35,United-States,0
42,Private,31251,Assoc-voc,11,Married-civ-spouse,Sales,Husband,White,Male,0,0,37,United-States,0
42,Local-gov,227065,Masters,14,Never-married,Prof-specialty,Not-in-family,White,Male,0,0,22,United-States,0
21,Private,226145,Some-college,10,Never-married,Handlers-cleaners,Own-child,White,Male,0,0,30,United-States,0
47,Self-emp-inc,332355,Masters,14,Married-civ-spouse,Exec-managerial,Husband,White,Male,15024,0,50,United-States,1
42,Private,198096,Some-college,10,Married-civ-spouse,Other-service,Husband,White,Male,0,0,40,United-States,1
22,State-gov,292933,Bachelors,13,Never-married,Adm-clerical,Own-child,White,Female,0,0,10,United-States,0
28,Self-emp-not-inc,240172,Masters,14,Never-married,Prof-specialty,Own-child,White,Male,0,0,40,United-States,0
56,Private,219426,10th,6,Never-married,Handlers-cleaners,Not-in-family,White,Male,0,0,40,United-States,0
39,Local-gov,301614,11th,7,Married-civ-spouse,Other-service,Husband,White,Male,0,0,40,United-States,0
39,Private,272950,Bachelors,13,Married-civ-spouse,Craft-repair,Husband,White,Male,0,0,45,United-States,1
21,Private,197583,Some-college,10,Never-married,Adm-clerical,Own-child,White,Female,0,0,20,United-States,0
32,Federal-gov,148138,Bachelors,13,Married-civ-spouse,Prof-specialty,Husband,Asian-Pac-Islander,Male,0,2002,40,Other,0
21,Private,109414,Some-college,10,Never-married,Prof-specialty,Own-child,Asian-Pac-Islander,Male,0,1974,40,United-States,0
32,Private,400535,HS-grad,9,Married-civ-spouse,Craft-repair,Husband,White,Male,3781,0,40,United-States,0
33,Private,121966,HS-grad,9,Divorced,Adm-clerical,Not-in-family,White,Female,0,0,40,United-States,0
25,Private,252187,11th,7,Never-married,Handlers-cleaners,Not-in-family,White,Male,0,0,40,United-States,0
49,Private,225124,HS-grad,9,Widowed,Machine-op-inspct,Unmarried,Black,Female,0,0,40,United-States,0
31,Federal-gov,108464,Assoc-acdm,12,Married-civ-spouse,Tech-support,Husband,White,Male,0,0,40,United-States,0
43,Private,120277,HS-grad,9,Married-civ-spouse,Craft-repair,Husband,White,Male,0,0,40,United-States,1
27,Private,56870,HS-grad,9,Married-civ-spouse,Machine-op-inspct,Husband,White,Male,0,0,40,United-States,0
44,Private,115323,Masters,14,Married-civ-spouse,Exec-managerial,Husband,White,Male,0,0,40,United-States,1
63,Private,118798,HS-grad,9,Married-civ-spouse,Craft-repair,Husband,White,Male,99999,0,40,United-States,1
46,Local-gov,375675,12th,8,Married-civ-spouse,Other-service,Husband,White,Male,0,0,35,United-States,1
35,Private,33397,HS-grad,9,Divorced,Other-service,Not-in-family,White,Female,0,0,35,United-States,0
25,Private,151810,HS-grad,9,Never-married,Machine-op-inspct,Not-in-family,Black,Male,0,0,28,United-States,0
29,Private,198997,HS-grad,9,Married-civ-spouse,Adm-clerical,Wife,White,Female,0,0,20,United-States,0
31,Self-emp-inc,455995,Some-college,10,Never-married,Exec-managerial,Not-in-family,White,Male,0,0,65,United-States,1
18,Private,183315,11th,7,Never-married,Sales,Own-child,Black,Female,0,0,10,United-States,0
44,Private,191893,HS-grad,9,Never-married,Other-service,Own-child,White,Female,0,0,24,United-States,0
29,Private,202182,Some-college,10,Married-civ-spouse,Craft-repair,Husband,White,Male,0,0,50,United-States,0
37,Self-emp-inc,39089,Some-college,10,Married-civ-spouse,Exec-managerial,Husband,White,Male,3103,0,50,United-States,1
20,Private,184756,Some-college,10,Never-married,Adm-clerical,Own-child,White,Female,0,0,12,United-States,0
18,Private,301762,HS-grad,9,Never-married,Adm-clerical,Own-child,White,Female,0,0,25,United-States,0
36,Self-emp-not-inc,111957,Some-college,10,Married-civ-spouse,Exec-managerial,Husband,White,Male,0,0,52,United-States,0
21,Private,70261,Some-college,10,Never-married,Other-service,Own-child,White,Male,0,0,30,United-States,0
17,Private,154398,11th,7,Never-married,Other-service,Own-child,Black,Male,0,0,16,Other,0
41,Private,49654,HS-grad,9,Divorced,Adm-clerical,Unmarried,White,Female,0,0,52,United-States,0
42,Private,445940,9th,5,Married-civ-spouse,Craft-repair,Husband,White,Male,0,0,40,Mexico,0
23,Private,230824,Bachelors,13,Never-married,Prof-specialty,Not-in-family,White,Male,0,0,40,United-States,0
52,Private,119111,HS-grad,9,Married-civ-spouse,Machine-op-inspct,Husband,White,Male,0,0,40,United-States,0
32,Private,151053,HS-grad,9,Married-civ-spouse,Handlers-cleaners,Husband,White,Male,0,0,40,United-States,1
25,Private,199224,Bachelors,13,Married-civ-spouse,Prof-specialty,Husband,White,Male,0,0,45,United-States,1
70,Private,220589,Some-college,10,Widowed,Exec-managerial,Not-in-family,White,Female,0,0,12,United-States,0
37,Private,105044,Some-college,10,Married-civ-spouse,Exec-managerial,Husband,White,Male,0,0,42,United-States,1
42,Local-gov,222596,HS-grad,9,Married-civ-spouse,Craft-repair,Husband,White,Male,0,0,40,United-States,1
45,Local-gov,167159,Bachelors,13,Married-civ-spouse,Protective-serv,Husband,White,Male,0,0,50,United-States,1
49,State-gov,122177,Some-college,10,Married-civ-spouse,Machine-op-inspct,Husband,White,Male,0,0,40,United-States,1
33,Private,112115,Bachelors,13,Married-civ-spouse,Exec-managerial,Husband,White,Male,0,1902,45,United-States,1
37,Local-gov,51158,Some-college,10,Married-civ-spouse,Tech-support,Wife,White,Female,7298,0,36,United-States,1
37,Self-emp-not-inc,80324,HS-grad,9,Married-civ-spouse,Exec-managerial,Husband,White,Male,0,0,60,United-States,1
73,Local-gov,181902,Masters,14,Married-civ-spouse,Prof-specialty,Husband,White,Male,0,0,10,Other,1
46,Private,28225,Some-college,10,Married-civ-spouse,Transport-moving,Husband,White,Male,0,0,58,United-States,0
22,Private,122272,HS-grad,9,Never-married,Adm-clerical,Own-child,White,Female,0,0,40,United-States,0
18,Private,165754,Some-college,10,Never-married,Other-service,Own-child,White,Female,0,0,30,United-States,0
20,Private,245297,Some-college,10,Never-married,Other-service,Not-in-family,White,Female,0,0,20,United-States,0
52,Private,84451,Assoc-voc,11,Divorced,Other-service,Not-in-family,White,Male,0,0,32,United-States,0
47,Private,196707,Prof-school,15,Divorced,Adm-clerical,Not-in-family,White,Male,0,0,40,United-States,0
28,Self-emp-not-inc,214689,11th,7,Never-married,Craft-repair,Not-in-family,White,Male,0,0,40,United-States,0
35,Self-emp-not-inc,181705,HS-grad,9,Married-civ-spouse,Craft-repair,Husband,White,Male,3103,0,40,United-States,1
20,Private,138107,HS-grad,9,Never-married,Handlers-cleaners,Own-child,Black,Male,0,0,35,United-States,0
30,Private,177522,HS-grad,9,Married-civ-spouse,Adm-clerical,Own-child,White,Female,0,0,20,United-States,0
34,Private,176831,Bachelors,13,Divorced,Prof-specialty,Unmarried,White,Female,0,0,40,United-States,1
38,Federal-gov,238342,Bachelors,13,Married-civ-spouse,Sales,Husband,White,Male,7688,0,42,United-States,1
30,Private,205659,Assoc-acdm,12,Married-civ-spouse,Exec-managerial,Wife,White,Female,0,0,50,Other,1
50,Private,204838,HS-grad,9,Divorced,Exec-managerial,Unmarried,White,Female,0,0,38,United-States,0
30,Private,112263,11th,7,Divorced,Handlers-cleaners,Own-child,White,Male,0,0,40,United-States,0
35,Self-emp-not-inc,198841,Prof-school,15,Married-civ-spouse,Prof-specialty,Husband,White,Male,0,0,50,United-States,1
27,Private,332187,Bachelors,13,Never-married,Adm-clerical,Not-in-family,White,Female,0,0,65,United-States,0
59,Private,121912,Some-college,10,Married-civ-spouse,Exec-managerial,Husband,White,Male,0,0,40,United-States,1
27,Local-gov,74056,Bachelors,13,Never-married,Tech-support,Not-in-family,White,Male,0,0,50,United-States,0
28,Private,249571,HS-grad,9,Married-civ-spouse,Sales,Husband,White,Male,0,0,40,United-States,0
37,Private,312271,Masters,14,Divorced,Exec-managerial,Not-in-family,White,Male,0,0,65,United-States,0
24,Private,300584,HS-grad,9,Never-married,Handlers-cleaners,Unmarried,White,Male,0,0,40,United-States,0
37,Private,108140,Masters,14,Married-civ-spouse,Exec-managerial,Husband,White,Male,15024,0,45,United-States,1
76,Self-emp-not-inc,225964,Some-college,10,Widowed,Sales,Not-in-family,White,Male,0,0,8,United-States,0
52,Private,213209,Some-college,10,Married-civ-spouse,Craft-repair,Husband,White,Male,0,0,40,United-States,1
46,Private,328216,Bachelors,13,Married-civ-spouse,Exec-managerial,Husband,White,Male,15024,0,40,United-States,1
36,Private,88967,11th,7,Never-married,Transport-moving,Unmarried,Amer-Indian-Eskimo,Male,0,0,65,United-States,0
73,Private,29675,HS-grad,9,Widowed,Other-service,Other-relative,White,Female,0,0,12,United-States,0
69,Private,113035,Primary,2,Widowed,Priv-house-serv,Not-in-family,Black,Female,0,0,4,United-States,0
69,Private,106595,HS-grad,9,Widowed,Adm-clerical,Not-in-family,White,Female,1848,0,40,United-States,0
53,Federal-gov,68985,HS-grad,9,Married-civ-spouse,Adm-clerical,Husband,White,Male,0,0,40,United-States,0
50,Private,22418,9th,5,Divorced,Transport-moving,Not-in-family,White,Male,0,0,50,United-States,0
25,Private,209428,Some-college,10,Married-civ-spouse,Sales,Husband,White,Male,0,0,25,Other,0
26,Private,120238,Bachelors,13,Never-married,Craft-repair,Not-in-family,White,Male,3325,0,40,United-States,0
33,Self-emp-not-inc,42485,11th,7,Married-civ-spouse,Exec-managerial,Husband,White,Male,0,0,70,United-States,0
42,Private,147099,HS-grad,9,Divorced,Other-service,Unmarried,White,Female,0,0,30,United-States,0
46,Private,174370,Some-college,10,Separated,Sales,Not-in-family,White,Male,0,0,55,United-States,0
28,Private,499001,HS-grad,9,Never-married,Craft-repair,Unmarried,White,Male,0,0,40,Mexico,0
20,Private,216436,Bachelors,13,Never-married,Sales,Other-relative,Black,Female,0,0,30,United-States,0
31,Private,369825,Bachelors,13,Never-married,Sales,Not-in-family,White,Male,4101,0,50,United-States,0
43,Private,115323,Bachelors,13,Married-civ-spouse,Exec-managerial,Husband,White,Male,3103,0,40,United-States,1
35,Federal-gov,245372,HS-grad,9,Never-married,Adm-clerical,Not-in-family,White,Male,0,0,40,United-States,0
26,Private,186151,HS-grad,9,Separated,Tech-support,Own-child,White,Female,0,0,40,United-States,0
41,Local-gov,352056,Assoc-acdm,12,Never-married,Exec-managerial,Not-in-family,White,Male,0,0,40,United-States,0
27,Private,271714,Some-college,10,Never-married,Other-service,Own-child,White,Female,0,0,30,United-States,0
36,State-gov,116554,Bachelors,13,Never-married,Adm-clerical,Not-in-family,White,Female,0,0,40,United-States,0
39,Private,202937,Some-college,10,Divorced,Tech-support,Not-in-family,White,Female,0,0,40,Other,0
18,Private,141918,HS-grad,9,Never-married,Handlers-cleaners,Own-child,White,Male,0,0,22,United-States,0
24,Self-emp-inc,189148,Some-college,10,Never-married,Transport-moving,Own-child,White,Male,0,0,40,United-States,0
21,Private,107882,Assoc-acdm,12,Never-married,Other-service,Own-child,White,Female,0,0,9,United-States,0
29,Private,229729,HS-grad,9,Never-married,Transport-moving,Not-in-family,White,Male,0,0,40,United-States,0
41,Private,111891,HS-grad,9,Separated,Machine-op-inspct,Other-relative,Black,Female,0,0,40,United-States,0
79,Private,333230,HS-grad,9,Married-spouse-absent,Prof-specialty,Not-in-family,White,Male,0,0,6,United-States,0
51,Private,102828,Assoc-voc,11,Married-civ-spouse,Handlers-cleaners,Husband,White,Male,0,0,40,Other,0
34,State-gov,154246,Bachelors,13,Divorced,Prof-specialty,Not-in-family,White,Male,4865,0,55,United-States,0
35,Local-gov,258037,HS-grad,9,Married-civ-spouse,Craft-repair,Husband,White,Male,0,0,40,Other,1
35,State-gov,349066,HS-grad,9,Divorced,Machine-op-inspct,Own-child,White,Male,0,0,40,United-States,0
20,Private,211968,Assoc-voc,11,Never-married,Other-service,Own-child,White,Female,0,0,20,United-States,0
23,Private,148315,Some-college,10,Separated,Craft-repair,Own-child,White,Male,0,0,40,United-States,0
40,Private,53506,Bachelors,13,Divorced,Craft-repair,Own-child,White,Female,0,0,40,United-States,0
20,Private,164574,HS-grad,9,Never-married,Other-service,Own-child,White,Male,0,0,30,United-States,0
20,Private,137895,HS-grad,9,Married-civ-spouse,Sales,Husband,White,Male,0,0,45,United-States,0
53,Private,204584,Masters,14,Divorced,Sales,Not-in-family,White,Female,0,0,40,United-States,0
19,Private,427862,Some-college,10,Never-married,Other-service,Own-child,White,Male,0,0,35,United-States,0
32,Private,256362,HS-grad,9,Married-civ-spouse,Craft-repair,Husband,White,Male,0,0,40,United-States,1
49,Self-emp-not-inc,155489,Some-college,10,Married-civ-spouse,Craft-repair,Husband,White,Male,0,0,65,Other,0
33,State-gov,313729,Masters,14,Never-married,Prof-specialty,Not-in-family,White,Male,0,0,60,United-States,0
41,Self-emp-not-inc,113324,Assoc-voc,11,Married-civ-spouse,Farming-fishing,Husband,White,Male,0,0,70,United-States,1
25,Private,431861,HS-grad,9,Married-civ-spouse,Transport-moving,Husband,White,Male,0,0,40,United-States,0
39,Private,348960,HS-grad,9,Married-civ-spouse,Handlers-cleaners,Husband,White,Male,0,0,40,United-States,0
34,Private,98656,Some-college,10,Never-married,Prof-specialty,Not-in-family,White,Female,0,0,40,United-States,0
18,Private,156874,12th,8,Never-married,Other-service,Own-child,White,Male,0,0,27,United-States,0
22,Private,310152,Some-college,10,Never-married,Other-service,Not-in-family,White,Male,3325,0,40,United-States,0
31,Private,137952,Some-college,10,Married-civ-spouse,Other-service,Husband,Other,Male,0,0,40,Other,0
54,Private,50385,Bachelors,13,Divorced,Exec-managerial,Not-in-family,Black,Female,0,0,45,United-States,1
39,Private,114678,HS-grad,9,Divorced,Other-service,Unmarried,Black,Female,5455,0,40,United-States,0
49,State-gov,142856,HS-grad,9,Married-civ-spouse,Prof-specialty,Husband,White,Male,0,0,40,United-States,1
39,Private,203763,Doctorate,16,Divorced,Prof-specialty,Unmarried,White,Female,0,0,80,United-States,0
20,Private,34590,Some-college,10,Never-married,Farming-fishing,Own-child,White,Male,0,0,60,United-States,0
56,Private,168625,HS-grad,9,Divorced,Prof-specialty,Not-in-family,White,Female,4101,0,40,United-States,0
33,Private,198211,HS-grad,9,Married-civ-spouse,Tech-support,Husband,White,Male,0,0,40,United-States,0
49,Local-gov,173584,Bachelors,13,Never-married,Prof-specialty,Not-in-family,White,Female,0,0,50,United-States,0
32,State-gov,203849,7th-8th,4,Married-civ-spouse,Handlers-cleaners,Husband,White,Male,0,0,19,United-States,0
54,Local-gov,204325,Some-college,10,Married-civ-spouse,Protective-serv,Husband,White,Male,0,0,52,United-States,0
24,Private,100669,Some-college,10,Never-married,Handlers-cleaners,Own-child,Asian-Pac-Islander,Male,0,0,30,United-States,0
38,Self-emp-not-inc,100316,Bachelors,13,Married-civ-spouse,Craft-repair,Husband,White,Male,0,0,35,United-States,0
56,Private,95763,10th,6,Divorced,Craft-repair,Not-in-family,White,Male,0,0,45,United-States,0
30,Private,242460,HS-grad,9,Separated,Craft-repair,Not-in-family,White,Male,0,0,50,United-States,0
33,Self-emp-not-inc,202729,Bachelors,13,Married-civ-spouse,Craft-repair,Husband,White,Male,0,0,40,United-States,1
40,Private,390369,HS-grad,9,Divorced,Craft-repair,Own-child,White,Male,0,0,40,United-States,0
22,Private,51262,HS-grad,9,Never-married,Machine-op-inspct,Own-child,White,Male,0,0,40,United-States,0
35,Private,228190,HS-grad,9,Married-civ-spouse,Transport-moving,Husband,Black,Male,0,0,40,United-States,0
43,Private,176138,Bachelors,13,Married-civ-spouse,Exec-managerial,Husband,White,Male,0,0,50,United-States,0
24,Private,175254,Some-college,10,Never-married,Transport-moving,Not-in-family,Black,Male,0,0,40,United-States,0
30,Self-emp-not-inc,250499,Some-college,10,Married-civ-spouse,Adm-clerical,Wife,White,Female,0,0,55,United-States,1
61,Private,215944,9th,5,Divorced,Sales,Not-in-family,White,Male,0,0,25,United-States,0
25,Private,57512,Some-college,10,Never-married,Sales,Not-in-family,White,Male,0,0,45,United-States,0
30,Private,226943,HS-grad,9,Divorced,Adm-clerical,Unmarried,White,Female,0,0,35,United-States,0
63,Self-emp-inc,189253,Some-college,10,Married-civ-spouse,Exec-managerial,Husband,White,Male,0,0,45,United-States,1
34,Self-emp-not-inc,204375,Prof-school,15,Never-married,Prof-specialty,Not-in-family,White,Female,0,0,60,United-States,1
58,Private,322691,Bachelors,13,Married-civ-spouse,Machine-op-inspct,Husband,White,Male,0,0,40,United-States,1
56,Private,132026,Bachelors,13,Married-civ-spouse,Sales,Husband,Black,Male,7688,0,45,United-States,1
22,Private,161532,Some-college,10,Never-married,Handlers-cleaners,Own-child,White,Male,0,0,35,United-States,0
27,Private,132686,12th,8,Never-married,Machine-op-inspct,Own-child,White,Male,0,0,50,United-States,0
27,State-gov,31935,Some-college,10,Never-married,Tech-support,Own-child,White,Female,0,0,80,United-States,0
41,Private,230020,HS-grad,9,Married-civ-spouse,Craft-repair,Husband,Other,Male,0,0,40,United-States,0
36,Private,185360,HS-grad,9,Married-civ-spouse,Sales,Husband,White,Male,0,0,60,United-States,0
39,Self-emp-inc,216473,Bachelors,13,Married-civ-spouse,Exec-managerial,Husband,White,Male,0,0,60,United-States,1
28,Private,227778,Assoc-voc,11,Never-married,Other-service,Other-relative,Black,Male,0,0,40,United-States,0
58,Self-emp-inc,130454,Some-college,10,Married-civ-spouse,Exec-managerial,Husband,White,Male,0,0,50,United-States,1
26,State-gov,252284,Some-college,10,Married-civ-spouse,Protective-serv,Husband,White,Male,0,0,40,United-States,0
68,Private,201732,Some-college,10,Divorced,Adm-clerical,Unmarried,White,Female,0,0,40,United-States,0
40,Private,224658,Some-college,10,Married-civ-spouse,Sales,Other-relative,White,Male,0,0,40,United-States,0
23,Private,218782,10th,6,Never-married,Handlers-cleaners,Other-relative,Other,Male,0,0,40,United-States,0
33,Self-emp-not-inc,281030,HS-grad,9,Married-civ-spouse,Farming-fishing,Husband,White,Male,0,0,94,United-States,0
44,Local-gov,177240,Prof-school,15,Never-married,Prof-specialty,Not-in-family,White,Male,10520,0,40,United-States,1
28,Private,309566,HS-grad,9,Never-married,Adm-clerical,Unmarried,White,Female,0,0,20,United-States,0
23,Private,235894,11th,7,Married-civ-spouse,Exec-managerial,Husband,White,Male,0,0,55,United-States,0
40,Private,276096,HS-grad,9,Married-civ-spouse,Machine-op-inspct,Husband,White,Male,0,0,40,United-States,0
24,Private,237928,Bachelors,13,Never-married,Prof-specialty,Not-in-family,White,Male,0,0,39,United-States,0
33,Private,295649,HS-grad,9,Separated,Other-service,Unmarried,White,Female,0,0,40,Other,0
36,Private,61178,11th,7,Married-civ-spouse,Craft-repair,Husband,White,Male,0,0,40,United-States,0
36,Local-gov,51424,HS-grad,9,Divorced,Adm-clerical,Unmarried,White,Female,0,0,40,United-States,0
26,Private,262656,HS-grad,9,Never-married,Adm-clerical,Own-child,White,Female,0,0,40,United-States,0
27,Private,29807,HS-grad,9,Separated,Handlers-cleaners,Unmarried,White,Female,0,0,40,Other,0
59,Self-emp-not-inc,181070,HS-grad,9,Married-civ-spouse,Sales,Husband,White,Male,0,0,40,Other,1
53,Local-gov,20676,HS-grad,9,Married-civ-spouse,Exec-managerial,Husband,Amer-Indian-Eskimo,Male,0,0,48,United-States,0
21,Private,72593,HS-grad,9,Never-married,Other-service,Own-child,White,Male,0,0,40,United-States,0
29,Private,147340,Some-college,10,Never-married,Sales,Own-child,White,Female,0,0,40,United-States,0
50,Local-gov,30682,Masters,14,Married-civ-spouse,Prof-specialty,Husband,White,Male,0,0,50,United-States,0
24,Federal-gov,29591,Bachelors,13,Never-married,Prof-specialty,Not-in-family,Other,Female,0,0,40,United-States,0
36,Private,215373,Bachelors,13,Never-married,Exec-managerial,Not-in-family,White,Male,0,0,70,United-States,0
44,Private,202466,Some-college,10,Married-civ-spouse,Exec-managerial,Wife,White,Female,0,0,60,United-States,0
52,Private,110977,Doctorate,16,Never-married,Exec-managerial,Not-in-family,White,Male,0,0,40,United-States,1
31,Private,131568,9th,5,Never-married,Machine-op-inspct,Not-in-family,White,Male,0,0,40,United-States,0
27,Private,177761,Some-college,10,Married-civ-spouse,Farming-fishing,Husband,Other,Male,0,0,50,United-States,0
59,Private,175689,Some-college,10,Married-civ-spouse,Adm-clerical,Wife,White,Female,0,0,14,Other,1
41,State-gov,116520,Doctorate,16,Married-civ-spouse,Prof-specialty,Husband,White,Male,0,0,40,United-States,1
43,Private,184105,HS-grad,9,Married-civ-spouse,Handlers-cleaners,Husband,White,Male,0,0,50,United-States,0
25,Private,218667,HS-grad,9,Married-civ-spouse,Handlers-cleaners,Husband,White,Male,0,0,40,United-States,0
32,Private,235124,Some-college,10,Married-civ-spouse,Protective-serv,Husband,White,Male,0,0,46,Other,0
55,Self-emp-not-inc,205296,Some-college,10,Married-civ-spouse,Sales,Wife,White,Female,0,0,50,United-States,0
47,Private,166634,Some-college,10,Divorced,Exec-managerial,Unmarried,White,Female,0,0,40,Other,0
62,Self-emp-not-inc,204085,Some-college,10,Married-civ-spouse,Sales,Husband,White,Male,0,0,25,United-States,0
33,Private,184833,HS-grad,9,Never-married,Other-service,Not-in-family,White,Female,0,0,35,United-States,0
61,Private,56009,Some-college,10,Married-civ-spouse,Sales,Husband,White,Male,0,0,40,United-States,0
40,Private,96129,HS-grad,9,Married-civ-spouse,Sales,Husband,White,Male,0,0,72,United-States,1
58,Private,220789,Bachelors,13,Divorced,Transport-moving,Not-in-family,White,Male,0,0,45,United-States,0
32,Private,324386,Bachelors,13,Never-married,Prof-specialty,Own-child,White,Male,0,0,40,United-States,0
19,Private,113546,11th,7,Never-married,Craft-repair,Not-in-family,White,Male,0,0,56,United-States,0
62,Private,150693,HS-grad,9,Widowed,Adm-clerical,Not-in-family,White,Female,0,0,42,United-States,0
63,State-gov,109735,HS-grad,9,Divorced,Adm-clerical,Not-in-family,White,Female,0,0,38,United-States,0
19,Private,232368,Some-college,10,Never-married,Other-service,Own-child,White,Female,0,0,35,United-States,0
29,Private,161155,Assoc-acdm,12,Married-civ-spouse,Prof-specialty,Husband,White,Male,0,0,50,United-States,0
39,Private,43712,HS-grad,9,Married-civ-spouse,Exec-managerial,Husband,White,Male,7298,0,40,United-States,1
19,Private,304643,Some-college,10,Never-married,Sales,Own-child,White,Male,0,0,20,United-States,0
37,Local-gov,365430,Some-college,10,Married-civ-spouse,Adm-clerical,Husband,White,Male,0,0,40,Other,1
29,Private,183111,Assoc-voc,11,Married-civ-spouse,Machine-op-inspct,Husband,White,Male,0,0,40,United-States,0
29,Private,128509,HS-grad,9,Married-spouse-absent,Machine-op-inspct,Not-in-family,White,Female,0,0,38,Other,0
60,Local-gov,113658,Some-college,10,Married-civ-spouse,Adm-clerical,Wife,White,Female,0,0,35,United-States,0
19,Private,97215,Some-college,10,Separated,Sales,Unmarried,White,Female,0,0,25,United-States,0
27,Private,200802,Some-college,10,Never-married,Tech-support,Not-in-family,White,Female,0,0,40,United-States,0
27,Private,156266,HS-grad,9,Never-married,Sales,Own-child,Amer-Indian-Eskimo,Male,0,0,20,United-States,0
25,Local-gov,58441,Bachelors,13,Never-married,Prof-specialty,Not-in-family,White,Female,0,0,40,United-States,0
24,Private,359828,Bachelors,13,Married-civ-spouse,Prof-specialty,Husband,White,Male,0,0,44,United-States,1
62,Private,173601,Bachelors,13,Married-civ-spouse,Machine-op-inspct,Husband,White,Male,0,0,40,United-States,0
49,State-gov,155372,Masters,14,Divorced,Prof-specialty,Not-in-family,White,Female,0,0,40,United-States,0
27,Private,275110,HS-grad,9,Married-civ-spouse,Handlers-cleaners,Husband,Black,Male,0,0,80,United-States,1
42,State-gov,105804,11th,7,Married-civ-spouse,Farming-fishing,Husband,White,Male,0,0,40,United-States,0
44,Self-emp-not-inc,567788,Primary,3,Married-civ-spouse,Farming-fishing,Husband,White,Male,0,0,40,Mexico,0
29,Private,86613,Primary,2,Never-married,Other-service,Not-in-family,White,Male,0,0,20,Other,0
78,Private,111189,7th-8th,4,Never-married,Machine-op-inspct,Not-in-family,White,Female,0,0,35,Other,0
36,Self-emp-not-inc,285020,HS-grad,9,Married-civ-spouse,Craft-repair,Husband,White,Male,2885,0,40,United-States,0
35,Private,99156,Bachelors,13,Never-married,Sales,Not-in-family,White,Male,0,0,50,United-States,0
39,Private,74194,HS-grad,9,Married-civ-spouse,Exec-managerial,Husband,White,Male,0,0,55,United-States,0
20,Private,224217,HS-grad,9,Never-married,Transport-moving,Not-in-family,White,Male,0,0,40,United-States,0
40,Private,168071,HS-grad,9,Never-married,Craft-repair,Own-child,White,Male,0,0,28,United-States,0
40,Local-gov,233891,HS-grad,9,Never-married,Adm-clerical,Unmarried,Black,Female,0,0,35,United-States,0
61,Private,119986,Masters,14,Married-civ-spouse,Prof-specialty,Husband,White,Male,0,0,40,Other,1
34,Private,228881,Some-college,10,Separated,Machine-op-inspct,Not-in-family,Other,Male,0,0,40,United-States,0
47,Local-gov,285060,Masters,14,Married-civ-spouse,Exec-managerial,Husband,White,Male,0,1977,41,United-States,1
76,Private,93125,HS-grad,9,Married-civ-spouse,Sales,Husband,White,Male,1424,0,24,United-States,0
29,Private,122000,Some-college,10,Never-married,Sales,Not-in-family,White,Male,0,0,60,United-States,0
20,Federal-gov,55233,Some-college,10,Never-married,Adm-clerical,Other-relative,White,Female,0,0,40,United-States,0
67,Self-emp-not-inc,40021,HS-grad,9,Married-civ-spouse,Farming-fishing,Husband,White,Male,0,0,35,United-States,0
37,Self-emp-not-inc,301568,HS-grad,9,Married-civ-spouse,Prof-specialty,Wife,White,Female,0,0,35,United-States,1
36,Private,176335,Some-college,10,Never-married,Transport-moving,Not-in-family,White,Male,0,0,40,United-States,0
32,Private,130057,HS-grad,9,Married-civ-spouse,Sales,Husband,White,Male,0,0,55,United-States,1
41,Private,116103,HS-grad,9,Widowed,Exec-managerial,Other-relative,White,Male,914,0,40,United-States,0
26,Private,114483,HS-grad,9,Married-civ-spouse,Machine-op-inspct,Husband,White,Male,0,0,40,United-States,0
28,Private,154571,Some-college,10,Married-civ-spouse,Exec-managerial,Husband,Asian-Pac-Islander,Male,0,0,40,Philippines,0
35,Private,255191,Bachelors,13,Married-civ-spouse,Prof-specialty,Husband,White,Male,0,0,45,United-States,1
49,Private,59380,Some-college,10,Married-spouse-absent,Adm-clerical,Not-in-family,White,Female,0,0,40,United-States,0
50,Local-gov,97449,Some-college,10,Married-civ-spouse,Protective-serv,Husband,White,Male,0,0,48,United-States,0
24,Private,283872,Some-college,10,Never-married,Adm-clerical,Not-in-family,Black,Male,0,0,20,United-States,0
27,Self-emp-inc,120126,9th,5,Never-married,Craft-repair,Own-child,White,Male,0,0,40,United-States,0
24,Private,32311,Some-college,10,Married-civ-spouse,Other-service,Wife,White,Female,0,0,40,United-States,0
51,Private,161691,HS-grad,9,Married-civ-spouse,Adm-clerical,Wife,White,Female,0,0,40,United-States,0
47,Private,74305,Bachelors,13,Divorced,Craft-repair,Not-in-family,White,Male,0,0,40,United-States,0
47,Self-emp-not-inc,182752,HS-grad,9,Married-civ-spouse,Adm-clerical,Wife,White,Female,0,0,35,Other,0
18,Self-emp-not-inc,132986,HS-grad,9,Never-married,Farming-fishing,Own-child,White,Male,0,0,40,United-States,0
36,Self-emp-not-inc,151322,Bachelors,13,Married-civ-spouse,Prof-specialty,Husband,White,Male,0,0,45,United-States,1
58,Private,210673,Some-college,10,Married-civ-spouse,Adm-clerical,Wife,White,Female,0,0,40,United-States,1
28,Private,132078,Bachelors,13,Never-married,Prof-specialty,Not-in-family,White,Female,0,0,40,United-States,0
17,Private,297246,11th,7,Never-married,Priv-house-serv,Own-child,White,Female,0,0,9,United-States,0
43,Private,34007,HS-grad,9,Married-civ-spouse,Craft-repair,Husband,White,Male,0,0,40,United-States,1
45,Self-emp-not-inc,114396,Bachelors,13,Divorced,Prof-specialty,Not-in-family,White,Male,0,0,35,United-States,0
52,Private,177995,Primary,2,Married-civ-spouse,Farming-fishing,Husband,White,Male,0,0,56,Mexico,1
55,Private,202559,Bachelors,13,Married-civ-spouse,Other-service,Other-relative,Asian-Pac-Islander,Male,0,0,35,Philippines,0
23,Private,278391,HS-grad,9,Never-married,Transport-moving,Own-child,White,Male,0,0,40,United-States,0
69,Private,370888,Assoc-acdm,12,Divorced,Adm-clerical,Not-in-family,White,Female,2964,0,6,Other,0
28,Private,189346,HS-grad,9,Never-married,Handlers-cleaners,Own-child,White,Male,0,0,48,United-States,0
46,Private,188293,HS-grad,9,Divorced,Adm-clerical,Not-in-family,White,Female,0,0,40,United-States,0
36,Private,116608,HS-grad,9,Divorced,Machine-op-inspct,Unmarried,White,Female,0,0,38,United-States,0
33,Private,287878,Some-college,10,Married-civ-spouse,Other-service,Wife,White,Female,0,0,26,United-States,0
38,Private,133586,HS-grad,9,Married-civ-spouse,Protective-serv,Own-child,White,Male,0,0,45,United-States,0
38,Private,212245,Some-college,10,Married-civ-spouse,Craft-repair,Husband,White,Male,0,0,40,United-States,0
31,Local-gov,243665,HS-grad,9,Married-civ-spouse,Protective-serv,Husband,White,Male,0,0,41,United-States,1
28,Private,109282,Some-college,10,Divorced,Prof-specialty,Not-in-family,White,Male,0,0,40,United-States,0
31,Private,219318,HS-grad,9,Never-married,Adm-clerical,Unmarried,White,Female,0,0,35,Other,0
25,Local-gov,117833,Bachelors,13,Never-married,Prof-specialty,Not-in-family,White,Female,0,0,35,United-States,0
20,Private,528616,Primary,3,Never-married,Other-service,Other-relative,White,Male,0,0,40,Mexico,0
63,Self-emp-inc,80572,Bachelors,13,Married-civ-spouse,Farming-fishing,Husband,White,Male,0,0,40,United-States,1
41,Private,340148,Some-college,10,Never-married,Prof-specialty,Not-in-family,White,Female,0,0,45,United-States,0
48,Private,155862,HS-grad,9,Divorced,Transport-moving,Not-in-family,White,Male,0,0,65,United-States,0
38,Private,49020,HS-grad,9,Married-civ-spouse,Craft-repair,Husband,White,Male,0,0,40,United-States,0
53,Private,102828,HS-grad,9,Married-civ-spouse,Exec-managerial,Husband,White,Male,0,0,35,United-States,1
46,Private,394860,HS-grad,9,Married-civ-spouse,Other-service,Husband,White,Male,0,0,40,United-States,0
30,Private,113129,Some-college,10,Never-married,Other-service,Not-in-family,White,Male,0,0,24,United-States,0
26,Private,55929,Bachelors,13,Never-married,Other-service,Not-in-family,White,Female,0,0,40,United-States,0
23,Private,55674,Bachelors,13,Never-married,Protective-serv,Not-in-family,White,Female,2907,0,40,United-States,0
27,Private,200733,HS-grad,9,Married-civ-spouse,Machine-op-inspct,Husband,White,Male,0,0,55,United-States,0
35,Private,44780,Some-college,10,Married-civ-spouse,Adm-clerical,Wife,White,Female,7688,0,20,United-States,1
55,Private,102058,Bachelors,13,Married-civ-spouse,Exec-managerial,Husband,White,Male,0,0,50,United-States,1
51,Self-emp-not-inc,125417,Masters,14,Married-civ-spouse,Exec-managerial,Husband,White,Male,0,0,42,United-States,1
19,Private,278480,Some-college,10,Never-married,Exec-managerial,Not-in-family,White,Male,0,0,40,United-States,0
36,Private,146412,Some-college,10,Divorced,Adm-clerical,Unmarried,White,Female,0,0,40,United-States,0
32,Private,188048,Bachelors,13,Never-married,Adm-clerical,Own-child,White,Female,0,0,40,United-States,0
50,Private,168539,HS-grad,9,Married-civ-spouse,Craft-repair,Husband,White,Male,0,0,40,United-States,1
48,Self-emp-inc,191277,Assoc-voc,11,Married-civ-spouse,Exec-managerial,Husband,White,Male,0,0,50,United-States,1
36,Federal-gov,184556,Bachelors,13,Married-civ-spouse,Exec-managerial,Wife,White,Female,0,0,40,United-States,0
32,Private,51150,Assoc-voc,11,Divorced,Adm-clerical,Unmarried,White,Female,0,0,40,United-States,0
41,Local-gov,235951,Prof-school,15,Married-civ-spouse,Prof-specialty,Husband,White,Male,0,0,50,United-States,1
38,Local-gov,116608,HS-grad,9,Married-civ-spouse,Adm-clerical,Wife,White,Female,0,0,35,United-States,1
32,Self-emp-not-inc,134727,HS-grad,9,Married-civ-spouse,Machine-op-inspct,Husband,White,Male,0,0,40,United-States,0
37,Private,231180,HS-grad,9,Married-civ-spouse,Machine-op-inspct,Husband,White,Male,0,0,40,United-States,0
48,Private,232840,Some-college,10,Widowed,Adm-clerical,Unmarried,White,Female,0,0,43,United-States,0
53,Private,88725,HS-grad,9,Never-married,Craft-repair,Not-in-family,Other,Female,0,0,40,Other,0
19,Private,105289,10th,6,Never-married,Other-service,Other-relative,Black,Female,0,0,20,United-States,0
34,Private,133503,Some-college,10,Divorced,Transport-moving,Not-in-family,White,Male,2174,0,40,United-States,0
34,Private,176711,HS-grad,9,Never-married,Adm-clerical,Own-child,White,Male,0,0,40,United-States,0
21,Private,198050,Assoc-acdm,12,Never-married,Adm-clerical,Not-in-family,White,Female,0,0,25,United-States,0
23,Private,176486,Some-college,10,Never-married,Other-service,Other-relative,White,Female,0,0,25,United-States,0
23,Private,82497,Some-college,10,Never-married,Sales,Own-child,White,Female,0,0,28,United-States,0
47,Private,145269,11th,7,Divorced,Craft-repair,Not-in-family,White,Female,0,0,45,United-States,0
50,Private,162632,HS-grad,9,Married-civ-spouse,Craft-repair,Husband,White,Male,0,0,2,United-States,0
38,Private,238397,Bachelors,13,Divorced,Priv-house-serv,Unmarried,White,Female,0,0,24,United-States,0
34,Private,349169,Masters,14,Married-civ-spouse,Craft-repair,Husband,White,Male,0,0,40,Mexico,0
23,Local-gov,23438,HS-grad,9,Never-married,Prof-specialty,Not-in-family,White,Female,0,0,40,United-States,0
43,Private,174196,HS-grad,9,Never-married,Other-service,Unmarried,Black,Female,0,0,40,United-States,0
35,Private,30916,HS-grad,9,Married-civ-spouse,Transport-moving,Husband,White,Male,0,0,50,United-States,1
42,Local-gov,137232,HS-grad,9,Divorced,Protective-serv,Unmarried,White,Female,0,0,50,United-States,0
34,Private,183778,HS-grad,9,Married-civ-spouse,Craft-repair,Husband,White,Male,0,0,40,United-States,0
30,Private,206046,HS-grad,9,Married-civ-spouse,Craft-repair,Husband,White,Male,0,1848,40,United-States,1
44,Private,160829,Bachelors,13,Married-civ-spouse,Tech-support,Wife,White,Female,0,0,20,United-States,1
25,Private,88922,HS-grad,9,Married-civ-spouse,Transport-moving,Husband,Black,Male,0,0,40,United-States,0
37,Private,190105,HS-grad,9,Never-married,Adm-clerical,Own-child,White,Female,0,0,55,United-States,0
54,Self-emp-not-inc,114520,Some-college,10,Married-civ-spouse,Sales,Husband,White,Male,0,0,40,United-States,0
21,Private,148211,HS-grad,9,Never-married,Handlers-cleaners,Not-in-family,White,Male,3674,0,50,United-States,0
35,Federal-gov,105138,Prof-school,15,Married-civ-spouse,Prof-specialty,Husband,White,Male,0,0,55,United-States,0
26,Private,199600,HS-grad,9,Never-married,Sales,Not-in-family,Black,Male,0,0,40,United-States,0
65,Private,205309,HS-grad,9,Married-civ-spouse,Farming-fishing,Husband,White,Male,0,0,24,United-States,0
28,State-gov,38309,Bachelors,13,Never-married,Prof-specialty,Own-child,White,Male,6849,0,40,United-States,0
53,Private,102615,11th,7,Divorced,Transport-moving,Not-in-family,White,Male,0,0,40,Other,0
24,Local-gov,197552,HS-grad,9,Never-married,Tech-support,Not-in-family,White,Female,0,0,40,United-States,0
30,Private,288566,Bachelors,13,Never-married,Other-service,Not-in-family,White,Male,0,0,40,United-States,0
37,Private,127772,Bachelors,13,Never-married,Craft-repair,Not-in-family,White,Male,0,0,40,United-States,0
19,Private,344414,Some-college,10,Never-married,Transport-moving,Own-child,White,Male,0,0,40,United-States,0
21,Private,350001,Some-college,10,Never-married,Farming-fishing,Own-child,White,Male,0,0,20,United-States,0
34,Self-emp-not-inc,234960,Bachelors,13,Married-civ-spouse,Prof-specialty,Husband,Black,Male,0,1887,48,United-States,1
45,Self-emp-inc,106517,HS-grad,9,Divorced,Exec-managerial,Not-in-family,White,Female,0,0,40,United-States,0
50,Private,121411,12th,8,Divorced,Transport-moving,Not-in-family,White,Male,0,0,40,United-States,0
21,Private,57916,7th-8th,4,Never-married,Machine-op-inspct,Own-child,White,Male,0,0,40,United-States,0
33,Private,96128,11th,7,Never-married,Craft-repair,Own-child,White,Male,0,0,40,United-States,0
55,Self-emp-not-inc,35340,Some-college,10,Married-civ-spouse,Craft-repair,Husband,White,Male,0,0,50,United-States,0
41,Federal-gov,185616,HS-grad,9,Never-married,Adm-clerical,Not-in-family,White,Female,0,1980,40,United-States,0
45,Private,108859,HS-grad,9,Separated,Craft-repair,Unmarried,Black,Female,0,0,40,United-States,0
20,Private,172047,Some-college,10,Never-married,Farming-fishing,Own-child,White,Male,0,0,10,United-States,0
37,Private,302604,Some-college,10,Separated,Other-service,Other-relative,White,Female,0,0,40,United-States,0
40,Private,248094,HS-grad,9,Married-civ-spouse,Transport-moving,Husband,White,Male,0,0,40,United-States,0
26,Private,248990,11th,7,Married-civ-spouse,Adm-clerical,Husband,White,Male,0,0,40,United-States,1
50,Private,202044,Bachelors,13,Divorced,Prof-specialty,Unmarried,White,Female,0,0,45,United-States,0
41,Private,108681,Some-college,10,Married-civ-spouse,Adm-clerical,Wife,White,Female,0,0,40,United-States,0
65,Private,271092,Some-college,10,Divorced,Adm-clerical,Unmarried,White,Female,0,0,40,Other,0
45,Private,195554,HS-grad,9,Married-civ-spouse,Machine-op-inspct,Husband,White,Male,0,0,45,United-States,1
38,State-gov,341643,Assoc-acdm,12,Never-married,Exec-managerial,Not-in-family,White,Male,0,0,60,United-States,0
37,Private,218955,HS-grad,9,Married-civ-spouse,Other-service,Husband,White,Male,0,0,40,United-States,0
50,Private,118058,Some-college,10,Married-civ-spouse,Transport-moving,Husband,White,Male,0,0,50,United-States,0
23,Private,170482,Some-college,10,Never-married,Sales,Own-child,White,Male,0,0,45,United-States,0
22,Private,152878,HS-grad,9,Married-civ-spouse,Transport-moving,Husband,White,Male,0,0,40,United-States,0
35,Private,58343,HS-grad,9,Married-civ-spouse,Sales,Husband,White,Male,0,0,44,United-States,0
34,Private,110978,Prof-school,15,Never-married,Prof-specialty,Not-in-family,Asian-Pac-Islander,Female,0,0,40,United-States,0
54,Private,225599,Masters,14,Married-civ-spouse,Prof-specialty,Husband,Asian-Pac-Islander,Male,7298,0,40,Other,1
23,Private,126945,Bachelors,13,Married-civ-spouse,Exec-managerial,Husband,White,Male,0,0,40,United-States,0
39,Self-emp-not-inc,29874,Some-college,10,Separated,Craft-repair,Not-in-family,White,Male,0,0,60,United-States,1
67,Self-emp-inc,116986,12th,8,Married-civ-spouse,Exec-managerial,Husband,White,Male,0,0,20,United-States,0
31,Private,217962,12th,8,Never-married,Handlers-cleaners,Not-in-family,Black,Male,0,0,40,Other,0
36,Private,20507,HS-grad,9,Married-civ-spouse,Craft-repair,Husband,White,Male,7688,0,50,United-States,1
55,Local-gov,84564,Prof-school,15,Divorced,Prof-specialty,Not-in-family,White,Female,0,0,39,United-States,0
58,State-gov,69579,Some-college,10,Widowed,Prof-specialty,Not-in-family,White,Female,0,0,20,United-States,0
26,Private,259505,Some-college,10,Never-married,Other-service,Own-child,White,Male,0,0,40,United-States,0
23,Private,117789,Bachelors,13,Never-married,Exec-managerial,Own-child,White,Female,0,0,40,United-States,0
24,Private,179423,HS-grad,9,Never-married,Adm-clerical,Own-child,White,Female,0,0,40,United-States,0
28,Self-emp-not-inc,209205,Some-college,10,Married-civ-spouse,Craft-repair,Husband,White,Male,7298,0,40,United-States,1
18,Private,28648,11th,7,Never-married,Other-service,Other-relative,White,Female,0,0,40,United-States,0
44,Private,145441,Bachelors,13,Married-civ-spouse,Exec-managerial,Husband,White,Male,7298,0,48,United-States,1
20,Private,102607,HS-grad,9,Never-married,Handlers-cleaners,Own-child,White,Male,0,0,30,United-States,0
48,Private,254809,10th,6,Divorced,Machine-op-inspct,Unmarried,White,Female,0,1594,32,United-States,0
34,Private,98283,Prof-school,15,Never-married,Tech-support,Not-in-family,Asian-Pac-Islander,Male,0,1564,40,Other,1
29,Private,152503,Some-college,10,Never-married,Handlers-cleaners,Not-in-family,Black,Male,0,0,45,United-States,0
49,Private,129513,HS-grad,9,Married-civ-spouse,Transport-moving,Husband,White,Male,0,0,50,United-States,1
22,Private,88050,Assoc-acdm,12,Married-civ-spouse,Exec-managerial,Husband,Asian-Pac-Islander,Male,0,0,6,United-States,0
17,Private,176017,10th,6,Never-married,Other-service,Other-relative,White,Male,0,0,15,United-States,0
36,Federal-gov,403489,Masters,14,Married-civ-spouse,Prof-specialty,Husband,White,Male,0,0,45,United-States,1
52,Private,143953,Bachelors,13,Married-civ-spouse,Prof-specialty,Husband,White,Male,0,1902,40,United-States,1
38,Private,275338,Bachelors,13,Divorced,Sales,Unmarried,White,Female,1151,0,40,United-States,0
19,Private,100009,Some-college,10,Never-married,Sales,Own-child,White,Female,0,0,15,United-States,0
24,Private,291355,Some-college,10,Divorced,Adm-clerical,Not-in-family,White,Female,0,0,60,United-States,0
26,Private,330263,HS-grad,9,Separated,Other-service,Not-in-family,White,Male,0,0,40,United-States,0
56,Federal-gov,155238,HS-grad,9,Married-civ-spouse,Adm-clerical,Husband,White,Male,0,0,40,United-States,1
29,Private,220692,Assoc-voc,11,Never-married,Exec-managerial,Not-in-family,Black,Female,0,0,40,United-States,0
67,Private,174603,HS-grad,9,Never-married,Exec-managerial,Not-in-family,White,Female,0,0,35,United-States,0
32,Private,34437,HS-grad,9,Never-married,Transport-moving,Own-child,White,Male,0,0,40,United-States,0
19,Private,299050,11th,7,Married-civ-spouse,Craft-repair,Husband,White,Male,0,0,60,United-States,0
53,Private,548580,Some-college,10,Married-civ-spouse,Craft-repair,Husband,White,Male,0,0,40,Other,0
34,Local-gov,230420,Bachelors,13,Married-civ-spouse,Prof-specialty,Husband,White,Male,0,0,40,United-States,1
28,Local-gov,283227,Some-college,10,Married-civ-spouse,Exec-managerial,Husband,White,Male,0,0,65,United-States,0
37,Self-emp-not-inc,31670,HS-grad,9,Married-civ-spouse,Farming-fishing,Husband,White,Male,0,0,60,United-States,0
54,State-gov,187686,Some-college,10,Divorced,Adm-clerical,Not-in-family,White,Female,0,0,38,United-States,0
27,State-gov,365916,Assoc-acdm,12,Never-married,Exec-managerial,Not-in-family,White,Female,0,0,58,United-States,0
37,Private,267085,Some-college,10,Married-civ-spouse,Craft-repair,Husband,White,Male,0,0,40,United-States,0
22,Private,279041,Some-college,10,Never-married,Handlers-cleaners,Own-child,Black,Male,0,0,10,United-States,0
28,Private,175343,Bachelors,13,Married-civ-spouse,Sales,Husband,White,Male,0,0,40,United-States,0
42,Private,173628,Bachelors,13,Married-civ-spouse,Exec-managerial,Husband,White,Male,0,0,40,United-States,1
43,Private,403467,Bachelors,13,Married-civ-spouse,Exec-managerial,Husband,Black,Male,7688,0,40,United-States,1
18,Private,150817,HS-grad,9,Never-married,Sales,Own-child,White,Female,0,0,20,United-States,0
30,State-gov,361497,Bachelors,13,Married-civ-spouse,Protective-serv,Husband,White,Male,0,0,72,United-States,1
20,Private,163205,Some-college,10,Separated,Other-service,Own-child,White,Female,0,0,30,United-States,0
33,Self-emp-not-inc,24504,HS-grad,9,Separated,Craft-repair,Other-relative,White,Male,0,0,50,United-States,0
36,Private,226918,Bachelors,13,Never-married,Sales,Not-in-family,Black,Male,0,0,48,United-States,0
59,Private,91384,Doctorate,16,Married-civ-spouse,Prof-specialty,Husband,White,Male,0,0,60,United-States,1
68,Private,156000,10th,6,Widowed,Other-service,Unmarried,Black,Female,0,0,20,United-States,0
22,Private,349368,Some-college,10,Married-civ-spouse,Adm-clerical,Wife,White,Female,0,0,40,United-States,0
17,Private,47771,11th,7,Never-married,Prof-specialty,Own-child,White,Female,0,0,20,United-States,0
24,Private,201680,HS-grad,9,Never-married,Adm-clerical,Unmarried,White,Male,0,0,60,United-States,0
42,Private,280167,Masters,14,Married-civ-spouse,Prof-specialty,Husband,White,Male,0,0,40,United-States,1
25,Private,167031,10th,6,Never-married,Machine-op-inspct,Not-in-family,White,Female,0,0,40,Other,0
30,State-gov,312767,HS-grad,9,Never-married,Sales,Unmarried,Black,Female,0,0,40,United-States,0
67,Self-emp-inc,411007,HS-grad,9,Widowed,Exec-managerial,Not-in-family,White,Female,15831,0,40,United-States,1
45,Private,367037,HS-grad,9,Divorced,Adm-clerical,Unmarried,White,Female,0,0,40,United-States,0
38,Private,304651,HS-grad,9,Married-civ-spouse,Adm-clerical,Husband,White,Male,0,0,45,United-States,1
20,Private,146879,HS-grad,9,Never-married,Other-service,Not-in-family,White,Male,0,2001,40,United-States,0
73,Private,199362,HS-grad,9,Married-civ-spouse,Other-service,Husband,White,Male,0,0,30,United-States,0
17,Private,289405,11th,7,Never-married,Machine-op-inspct,Own-child,Other,Male,0,0,12,United-States,0
49,Private,177426,HS-grad,9,Divorced,Other-service,Not-in-family,White,Female,0,0,20,United-States,0
45,Private,216932,Masters,14,Married-civ-spouse,Exec-managerial,Husband,White,Male,0,0,40,United-States,1
35,Private,86648,Masters,14,Married-civ-spouse,Prof-specialty,Husband,White,Male,0,1977,45,United-States,1
31,State-gov,29152,12th,8,Married-civ-spouse,Other-service,Wife,White,Female,0,0,40,United-States,0
36,Private,279615,Bachelors,13,Divorced,Sales,Own-child,White,Female,0,0,40,United-States,0
59,Self-emp-inc,223215,Bachelors,13,Married-civ-spouse,Exec-managerial,Husband,White,Male,0,1977,50,United-States,1
42,Private,270721,Bachelors,13,Never-married,Prof-specialty,Not-in-family,White,Male,0,0,32,United-States,0
24,Private,100321,Some-college,10,Divorced,Craft-repair,Not-in-family,White,Male,0,0,48,United-States,0
33,Private,340332,Bachelors,13,Separated,Exec-managerial,Not-in-family,Black,Female,0,0,45,United-States,0
46,Self-emp-inc,161386,9th,5,Married-civ-spouse,Adm-clerical,Wife,White,Female,0,0,50,United-States,0
26,Private,224426,Masters,14,Never-married,Exec-managerial,Own-child,White,Male,0,0,38,United-States,0
30,Private,149531,Some-college,10,Married-civ-spouse,Sales,Husband,White,Male,0,0,40,United-States,0
48,Private,160647,Some-college,10,Never-married,Exec-managerial,Not-in-family,White,Female,0,0,40,Other,1
58,Private,164857,Bachelors,13,Never-married,Prof-specialty,Not-in-family,White,Male,0,0,99,United-States,0
49,Private,122385,Masters,14,Married-civ-spouse,Exec-managerial,Husband,White,Male,0,0,40,United-States,1
52,Private,200419,Assoc-acdm,12,Separated,Prof-specialty,Not-in-family,White,Female,0,0,50,United-States,0
29,Private,383402,Some-college,10,Divorced,Other-service,Not-in-family,White,Female,0,0,35,United-States,0
38,Private,54816,Assoc-voc,11,Married-civ-spouse,Craft-repair,Husband,White,Male,0,0,40,United-States,1
34,Private,581071,HS-grad,9,Separated,Adm-clerical,Not-in-family,White,Male,0,0,48,United-States,1
40,Private,220589,Assoc-acdm,12,Never-married,Adm-clerical,Not-in-family,White,Female,0,0,40,United-States,0
38,Federal-gov,161463,Some-college,10,Married-civ-spouse,Other-service,Husband,Black,Male,0,0,40,United-States,0
44,Private,95255,Some-college,10,Divorced,Adm-clerical,Unmarried,White,Female,0,0,40,United-States,0
24,Private,174907,HS-grad,9,Never-married,Other-service,Own-child,White,Female,0,0,30,United-States,0
34,Private,245211,HS-grad,9,Never-married,Craft-repair,Unmarried,White,Male,2036,0,30,United-States,0
44,Private,257758,Doctorate,16,Married-civ-spouse,Prof-specialty,Husband,White,Male,0,0,40,United-States,1
38,Private,205493,HS-grad,9,Married-civ-spouse,Exec-managerial,Wife,White,Female,0,0,60,United-States,1
44,Self-emp-inc,151089,HS-grad,9,Married-civ-spouse,Exec-managerial,Husband,White,Male,0,1887,70,United-States,1
38,Self-emp-not-inc,129573,Masters,14,Never-married,Prof-specialty,Not-in-family,White,Male,0,0,40,United-States,1
51,Private,192182,Some-college,10,Married-civ-spouse,Machine-op-inspct,Husband,White,Male,7298,0,40,United-States,1
30,Private,129707,Bachelors,13,Married-civ-spouse,Prof-specialty,Husband,White,Male,99999,0,35,United-States,1
23,Private,257683,Bachelors,13,Never-married,Prof-specialty,Own-child,White,Male,0,0,40,United-States,0
40,Local-gov,319271,Masters,14,Married-civ-spouse,Exec-managerial,Husband,White,Male,0,0,60,United-States,1
22,Private,235829,Some-college,10,Never-married,Adm-clerical,Own-child,White,Female,0,0,40,United-States,0
42,Self-emp-not-inc,54202,Prof-school,15,Married-civ-spouse,Prof-specialty,Husband,White,Male,0,0,50,United-States,1
56,Private,195668,10th,6,Married-civ-spouse,Other-service,Husband,White,Male,0,0,35,Other,1
53,Private,139671,Bachelors,13,Married-civ-spouse,Prof-specialty,Husband,White,Male,0,1902,40,United-States,1
40,Private,213019,HS-grad,9,Divorced,Sales,Unmarried,White,Female,0,0,30,United-States,0
22,Private,353039,HS-grad,9,Never-married,Craft-repair,Unmarried,White,Female,0,0,36,Mexico,0
55,State-gov,71630,HS-grad,9,Divorced,Adm-clerical,Not-in-family,White,Female,0,1617,40,United-States,0
36,Private,183425,Some-college,10,Divorced,Handlers-cleaners,Not-in-family,White,Male,0,0,40,United-States,0
49,Private,80914,Primary,3,Never-married,Machine-op-inspct,Not-in-family,White,Male,0,0,45,United-States,0
36,Private,242713,HS-grad,9,Divorced,Adm-clerical,Unmarried,Black,Female,0,0,40,Other,0
52,Private,204447,HS-grad,9,Married-civ-spouse,Machine-op-inspct,Husband,White,Male,4386,0,40,United-States,1
54,Local-gov,365049,Some-college,10,Never-married,Prof-specialty,Not-in-family,White,Female,0,0,40,Mexico,0
38,Private,60355,HS-grad,9,Never-married,Adm-clerical,Unmarried,White,Female,0,0,40,United-States,0
32,Private,86808,HS-grad,9,Divorced,Adm-clerical,Other-relative,White,Female,0,0,40,United-States,0
48,Federal-gov,88564,7th-8th,4,Married-spouse-absent,Handlers-cleaners,Unmarried,White,Male,0,0,40,United-States,0
43,Private,484861,Some-college,10,Married-civ-spouse,Craft-repair,Husband,White,Male,4064,0,38,United-States,0
33,Private,70447,HS-grad,9,Never-married,Transport-moving,Other-relative,Asian-Pac-Islander,Male,0,0,40,United-States,0
53,State-gov,77651,HS-grad,9,Married-civ-spouse,Craft-repair,Husband,White,Male,0,0,40,United-States,0
45,Private,240356,Some-college,10,Divorced,Sales,Not-in-family,White,Female,0,0,55,United-States,0
33,Private,34748,HS-grad,9,Married-civ-spouse,Adm-clerical,Wife,White,Female,0,1887,20,United-States,1
61,Self-emp-inc,119986,Bachelors,13,Married-civ-spouse,Sales,Husband,White,Male,0,0,50,United-States,0
28,Private,70604,HS-grad,9,Married-civ-spouse,Handlers-cleaners,Husband,White,Male,0,0,38,United-States,0
28,Private,116531,HS-grad,9,Never-married,Adm-clerical,Not-in-family,White,Female,0,0,40,United-States,0
45,Local-gov,140644,Bachelors,13,Divorced,Protective-serv,Not-in-family,White,Male,0,0,40,United-States,1
50,Private,237819,HS-grad,9,Married-civ-spouse,Transport-moving,Husband,White,Male,0,0,40,United-States,1
35,Private,314897,7th-8th,4,Married-civ-spouse,Craft-repair,Husband,White,Male,0,0,40,Other,0
57,Private,41762,HS-grad,9,Married-civ-spouse,Craft-repair,Husband,Asian-Pac-Islander,Male,0,0,40,Other,1
25,Private,324372,HS-grad,9,Never-married,Handlers-cleaners,Own-child,Black,Male,0,0,40,United-States,0
28,Private,160731,HS-grad,9,Married-civ-spouse,Craft-repair,Husband,White,Male,0,0,40,Other,1
35,Private,125933,Bachelors,13,Married-civ-spouse,Craft-repair,Husband,White,Male,0,0,50,United-States,1
29,Private,142760,HS-grad,9,Never-married,Handlers-cleaners,Not-in-family,Black,Male,0,0,40,United-States,0
17,Private,169037,11th,7,Never-married,Handlers-cleaners,Own-child,White,Male,0,0,40,United-States,0
38,Private,195744,Bachelors,13,Never-married,Other-service,Not-in-family,White,Male,0,0,48,United-States,0
22,Private,218215,Some-college,10,Never-married,Exec-managerial,Own-child,White,Female,0,0,40,United-States,0
52,Private,145081,7th-8th,4,Never-married,Machine-op-inspct,Not-in-family,Black,Female,0,0,40,United-States,0
57,Private,175942,Some-college,10,Divorced,Exec-managerial,Not-in-family,White,Female,0,0,50,United-States,1
45,Private,187226,Assoc-acdm,12,Married-civ-spouse,Handlers-cleaners,Husband,White,Male,0,0,40,United-States,0
43,Private,172401,HS-grad,9,Married-civ-spouse,Sales,Husband,White,Male,0,0,40,United-States,1
29,Private,199116,HS-grad,9,Married-civ-spouse,Machine-op-inspct,Husband,White,Male,0,0,40,Other,0
70,Private,405362,7th-8th,4,Widowed,Other-service,Unmarried,Black,Female,0,0,38,United-States,0
34,Private,183811,Some-college,10,Never-married,Handlers-cleaners,Not-in-family,White,Male,0,0,40,United-States,0
26,Private,136226,HS-grad,9,Never-married,Craft-repair,Own-child,White,Male,0,0,40,United-States,0
22,Private,347867,HS-grad,9,Married-spouse-absent,Sales,Not-in-family,White,Male,0,1719,40,United-States,0
17,Private,413557,11th,7,Never-married,Adm-clerical,Own-child,White,Female,0,0,32,United-States,0
43,Private,64631,HS-grad,9,Married-civ-spouse,Craft-repair,Husband,White,Male,0,0,40,United-States,0
23,Private,163870,Some-college,10,Never-married,Craft-repair,Own-child,White,Male,0,0,40,United-States,0
59,Federal-gov,117299,HS-grad,9,Married-civ-spouse,Craft-repair,Husband,White,Male,0,1887,40,United-States,1
50,Self-emp-not-inc,114758,Bachelors,13,Never-married,Craft-repair,Not-in-family,White,Male,4416,0,45,United-States,0
46,Private,273629,Masters,14,Married-civ-spouse,Exec-managerial,Husband,White,Male,0,0,40,United-States,1
28,Self-emp-inc,113870,Bachelors,13,Married-civ-spouse,Exec-managerial,Husband,White,Male,0,0,60,United-States,1
29,Private,114982,Bachelors,13,Married-civ-spouse,Tech-support,Husband,White,Male,0,0,40,United-States,1
27,Private,101709,HS-grad,9,Never-married,Sales,Own-child,Asian-Pac-Islander,Male,0,0,40,United-States,0
19,Private,148644,HS-grad,9,Never-married,Adm-clerical,Own-child,White,Female,0,0,40,United-States,0
44,Private,190739,HS-grad,9,Never-married,Other-service,Other-relative,Black,Male,0,0,32,United-States,0
34,Private,119153,11th,7,Married-civ-spouse,Transport-moving,Husband,White,Male,0,0,50,United-States,0
24,Private,241367,Some-college,10,Never-married,Other-service,Not-in-family,White,Male,0,0,40,United-States,0
39,Private,305597,Assoc-voc,11,Married-civ-spouse,Craft-repair,Husband,White,Male,0,0,40,United-States,0
20,Private,344278,11th,7,Separated,Other-service,Own-child,White,Female,0,0,40,United-States,0
56,Private,244605,HS-grad,9,Married-civ-spouse,Craft-repair,Husband,White,Male,0,0,40,United-States,0
40,Private,329924,HS-grad,9,Separated,Handlers-cleaners,Not-in-family,Black,Male,0,0,30,United-States,0
35,Private,261241,HS-grad,9,Divorced,Transport-moving,Not-in-family,White,Male,0,1741,60,United-States,0
56,Private,244554,10th,6,Widowed,Machine-op-inspct,Unmarried,Black,Female,0,0,40,United-States,0
40,Private,408229,Primary,2,Never-married,Other-service,Not-in-family,White,Male,0,0,45,Other,0
55,Private,49996,11th,7,Never-married,Machine-op-inspct,Not-in-family,Black,Female,0,0,40,United-States,0
44,Private,172025,Some-college,10,Separated,Adm-clerical,Unmarried,White,Female,0,0,38,United-States,0
44,Private,427952,Bachelors,13,Married-civ-spouse,Prof-specialty,Husband,White,Male,0,0,40,United-States,0
36,Private,342642,Masters,14,Never-married,Exec-managerial,Not-in-family,White,Male,0,0,15,United-States,0
43,Private,137126,Some-college,10,Married-civ-spouse,Exec-managerial,Husband,White,Male,0,0,40,United-States,1
41,Local-gov,193524,Assoc-acdm,12,Married-civ-spouse,Tech-support,Husband,White,Male,0,0,40,United-States,1
35,Private,152734,Some-college,10,Married-civ-spouse,Protective-serv,Husband,Black,Male,0,0,40,Other,0
22,State-gov,156773,Some-college,10,Never-married,Prof-specialty,Not-in-family,White,Male,0,0,15,Other,0
49,Private,228583,HS-grad,9,Divorced,Other-service,Unmarried,White,Male,0,0,40,Other,0
23,Private,695136,HS-grad,9,Never-married,Handlers-cleaners,Not-in-family,White,Male,0,0,30,United-States,0
40,Self-emp-not-inc,188436,HS-grad,9,Separated,Exec-managerial,Other-relative,White,Male,0,0,40,United-States,0
62,Self-emp-not-inc,320376,HS-grad,9,Married-civ-spouse,Sales,Wife,White,Female,0,0,48,United-States,0
29,Self-emp-inc,138597,Assoc-acdm,12,Never-married,Prof-specialty,Other-relative,Black,Female,0,0,40,United-States,0
43,Private,112494,HS-grad,9,Divorced,Transport-moving,Not-in-family,White,Male,0,0,45,United-States,0
22,Private,83998,Some-college,10,Never-married,Sales,Not-in-family,White,Male,0,0,40,United-States,0
44,Private,239723,Some-college,10,Married-spouse-absent,Craft-repair,Unmarried,White,Female,1506,0,45,United-States,0
57,Private,231232,7th-8th,4,Married-civ-spouse,Craft-repair,Husband,White,Male,0,0,40,United-States,0
32,Private,207685,HS-grad,9,Married-civ-spouse,Handlers-cleaners,Wife,Black,Female,3908,0,40,United-States,0
27,Private,328981,HS-grad,9,Never-married,Machine-op-inspct,Unmarried,Black,Male,0,0,40,United-States,0
59,Private,333270,Masters,14,Married-civ-spouse,Craft-repair,Wife,Asian-Pac-Islander,Female,0,0,35,Philippines,0
46,Federal-gov,55237,Some-college,10,Divorced,Machine-op-inspct,Unmarried,White,Male,0,0,40,United-States,0
32,Private,185480,Assoc-voc,11,Divorced,Other-service,Unmarried,White,Female,0,0,40,United-States,0
30,Private,182177,HS-grad,9,Never-married,Other-service,Not-in-family,White,Male,0,0,40,Other,0
37,Private,168941,11th,7,Divorced,Craft-repair,Not-in-family,White,Male,0,0,40,United-States,0
41,Private,113491,Some-college,10,Married-civ-spouse,Prof-specialty,Husband,White,Male,0,0,40,United-States,1
60,Private,83850,HS-grad,9,Married-civ-spouse,Sales,Husband,White,Male,0,0,40,United-States,0
24,Private,229773,HS-grad,9,Never-married,Machine-op-inspct,Own-child,White,Male,0,0,40,United-States,0
65,Private,80174,HS-grad,9,Divorced,Exec-managerial,Other-relative,White,Female,1848,0,50,United-States,0
38,Private,122952,HS-grad,9,Separated,Craft-repair,Unmarried,White,Female,0,0,35,United-States,0
24,Private,216181,Assoc-voc,11,Never-married,Machine-op-inspct,Own-child,White,Male,0,0,40,United-States,0
52,Private,180062,Some-college,10,Married-civ-spouse,Exec-managerial,Husband,White,Male,0,0,60,United-States,0
67,Self-emp-not-inc,106143,Doctorate,16,Married-civ-spouse,Sales,Husband,White,Male,20051,0,40,United-States,1
18,Private,118376,Some-college,10,Never-married,Other-service,Own-child,White,Female,0,0,16,Other,0
37,Private,117567,Bachelors,13,Married-civ-spouse,Exec-managerial,Husband,White,Male,0,0,60,United-States,1
52,Self-emp-not-inc,146579,HS-grad,9,Divorced,Sales,Unmarried,Black,Male,0,0,40,United-States,0
45,Private,84298,Assoc-voc,11,Married-civ-spouse,Exec-managerial,Husband,White,Male,0,1977,50,United-States,1
19,Private,184207,Some-college,10,Never-married,Sales,Not-in-family,White,Male,0,0,40,United-States,0
50,Self-emp-not-inc,176867,Doctorate,16,Married-civ-spouse,Prof-specialty,Husband,White,Male,3781,0,40,United-States,0
28,Private,176137,HS-grad,9,Never-married,Other-service,Own-child,White,Female,0,0,32,United-States,0
40,Local-gov,39581,Prof-school,15,Separated,Prof-specialty,Own-child,Black,Female,0,0,40,United-States,0
27,Private,506436,Some-college,10,Divorced,Sales,Unmarried,White,Female,0,0,40,Other,0
24,Private,102323,HS-grad,9,Never-married,Machine-op-inspct,Own-child,White,Male,0,0,40,United-States,0
54,Private,103700,HS-grad,9,Widowed,Other-service,Unmarried,White,Female,0,0,40,United-States,0
53,Private,95864,HS-grad,9,Never-married,Adm-clerical,Other-relative,White,Male,0,0,35,United-States,0
43,Private,186396,9th,5,Never-married,Machine-op-inspct,Not-in-family,White,Female,0,0,20,United-States,0
47,Federal-gov,211123,HS-grad,9,Married-civ-spouse,Craft-repair,Husband,White,Male,0,0,40,United-States,0
48,Self-emp-inc,38819,HS-grad,9,Married-civ-spouse,Craft-repair,Husband,White,Male,0,0,36,United-States,0
57,Private,134195,HS-grad,9,Married-civ-spouse,Sales,Husband,White,Male,0,0,40,United-States,0
34,Private,734193,Some-college,10,Never-married,Exec-managerial,Not-in-family,White,Female,0,0,50,United-States,0
77,Private,142646,7th-8th,4,Widowed,Priv-house-serv,Unmarried,White,Female,0,0,23,United-States,0
33,Private,180859,HS-grad,9,Divorced,Exec-managerial,Not-in-family,White,Male,0,0,40,United-States,0
37,Local-gov,52465,HS-grad,9,Never-married,Other-service,Not-in-family,White,Male,0,0,40,United-States,0
43,Private,168412,HS-grad,9,Married-civ-spouse,Sales,Other-relative,White,Female,0,0,44,Other,0
49,Private,200949,10th,6,Never-married,Other-service,Unmarried,White,Female,0,0,38,Other,0
63,Private,38352,HS-grad,9,Widowed,Adm-clerical,Unmarried,White,Female,0,0,40,United-States,0
53,Local-gov,202733,Masters,14,Married-civ-spouse,Exec-managerial,Husband,White,Male,7688,0,70,United-States,1
43,Private,347653,Some-college,10,Married-civ-spouse,Prof-specialty,Husband,White,Male,0,0,48,United-States,1
43,Self-emp-not-inc,170230,Bachelors,13,Never-married,Sales,Not-in-family,White,Female,0,0,60,United-States,0
37,Private,107737,Bachelors,13,Married-civ-spouse,Prof-specialty,Husband,White,Male,0,0,55,United-States,1
69,Private,174474,10th,6,Separated,Machine-op-inspct,Not-in-family,White,Female,0,0,28,Other,0
43,Private,145441,Bachelors,13,Married-civ-spouse,Exec-managerial,Husband,White,Male,0,0,50,United-States,1
22,Private,189203,Bachelors,13,Never-married,Prof-specialty,Not-in-family,White,Male,0,0,50,United-States,0
19,Private,99246,11th,7,Never-married,Machine-op-inspct,Not-in-family,White,Female,0,0,25,United-States,0
43,Private,96249,HS-grad,9,Married-civ-spouse,Machine-op-inspct,Husband,White,Male,0,0,42,United-States,1
26,Private,288959,HS-grad,9,Married-civ-spouse,Sales,Husband,Black,Male,0,0,36,United-States,0
65,Self-emp-not-inc,31740,Some-college,10,Widowed,Exec-managerial,Unmarried,White,Female,0,0,45,United-States,0
26,Private,152855,HS-grad,9,Never-married,Exec-managerial,Own-child,Other,Female,0,0,40,Mexico,0
33,Private,388741,Some-college,10,Never-married,Adm-clerical,Unmarried,Other,Female,0,0,38,United-States,0
35,Self-emp-not-inc,190895,Bachelors,13,Divorced,Exec-managerial,Not-in-family,White,Male,0,0,25,United-States,0
33,Private,113326,Some-college,10,Married-civ-spouse,Craft-repair,Husband,White,Male,0,0,50,United-States,0
33,Self-emp-not-inc,188957,Bachelors,13,Never-married,Sales,Not-in-family,White,Female,0,0,40,United-States,0
39,Self-emp-not-inc,48063,Some-college,10,Married-civ-spouse,Farming-fishing,Husband,White,Male,0,0,60,United-States,0
57,Private,225927,10th,6,Married-civ-spouse,Machine-op-inspct,Husband,White,Male,0,0,40,United-States,0
36,Private,112264,HS-grad,9,Married-civ-spouse,Transport-moving,Husband,White,Male,0,0,50,United-States,0
29,Private,144592,Bachelors,13,Never-married,Sales,Own-child,White,Male,0,0,40,United-States,0
56,State-gov,274111,Masters,14,Divorced,Prof-specialty,Not-in-family,White,Male,0,1669,40,United-States,0
45,Private,162915,Some-college,10,Divorced,Transport-moving,Not-in-family,White,Male,0,0,50,United-States,0
29,Private,116662,Bachelors,13,Never-married,Handlers-cleaners,Not-in-family,White,Male,0,0,40,United-States,0
51,Private,284211,HS-grad,9,Widowed,Prof-specialty,Unmarried,White,Female,0,0,35,United-States,0
31,Private,368517,Assoc-acdm,12,Never-married,Prof-specialty,Not-in-family,Asian-Pac-Islander,Male,0,0,40,United-States,0
21,State-gov,173324,Some-college,10,Never-married,Other-service,Own-child,Black,Male,0,0,20,United-States,0
28,Private,31778,Bachelors,13,Never-married,Handlers-cleaners,Own-child,White,Male,0,0,40,United-States,0
62,Local-gov,197218,HS-grad,9,Widowed,Other-service,Not-in-family,White,Female,0,0,18,United-States,0
22,State-gov,151991,Some-college,10,Never-married,Tech-support,Own-child,White,Male,0,0,20,United-States,0
17,Self-emp-not-inc,181317,10th,6,Never-married,Farming-fishing,Own-child,White,Male,0,0,35,United-States,0
33,Federal-gov,177945,HS-grad,9,Married-civ-spouse,Adm-clerical,Husband,Black,Male,0,0,40,United-States,0
25,Private,193701,Bachelors,13,Never-married,Other-service,Not-in-family,White,Female,0,0,38,United-States,0
34,Private,206297,Bachelors,13,Married-civ-spouse,Exec-managerial,Husband,White,Male,0,0,48,United-States,1
24,Private,89154,9th,5,Never-married,Other-service,Not-in-family,White,Male,0,0,40,Other,0
18,Private,169652,11th,7,Never-married,Other-service,Own-child,White,Female,0,0,12,United-States,0
17,Private,193199,11th,7,Never-married,Sales,Unmarried,White,Female,0,0,12,Other,0
33,Private,333701,Assoc-voc,11,Never-married,Other-service,Unmarried,Black,Male,0,0,40,United-States,0
21,State-gov,48121,Some-college,10,Never-married,Exec-managerial,Own-child,White,Male,0,1602,10,United-States,0
30,Private,154120,Bachelors,13,Never-married,Sales,Not-in-family,White,Male,0,0,65,United-States,0
30,Local-gov,101345,HS-grad,9,Separated,Other-service,Unmarried,White,Female,0,0,26,United-States,0
34,Private,231238,9th,5,Separated,Farming-fishing,Unmarried,Black,Male,0,0,40,United-States,0
22,State-gov,264710,Bachelors,13,Never-married,Tech-support,Own-child,White,Female,0,0,40,United-States,0
64,State-gov,223830,9th,5,Never-married,Adm-clerical,Not-in-family,White,Female,0,0,38,United-States,0
43,State-gov,242521,HS-grad,9,Married-civ-spouse,Craft-repair,Husband,White,Male,0,0,40,United-States,0
55,Self-emp-not-inc,76901,Assoc-acdm,12,Married-civ-spouse,Exec-managerial,Husband,White,Male,0,0,55,United-States,1
24,Private,137876,HS-grad,9,Never-married,Craft-repair,Own-child,White,Male,0,0,50,United-States,0
34,Private,73199,11th,7,Never-married,Other-service,Own-child,Asian-Pac-Islander,Male,0,0,40,Philippines,0
18,Private,27780,HS-grad,9,Never-married,Sales,Own-child,White,Female,0,0,25,United-States,0
46,Private,108699,Some-college,10,Widowed,Adm-clerical,Not-in-family,White,Female,0,0,60,United-States,0
28,Federal-gov,341709,HS-grad,9,Never-married,Craft-repair,Not-in-family,White,Male,0,0,40,United-States,0
32,Private,193231,HS-grad,9,Married-civ-spouse,Craft-repair,Husband,White,Male,0,0,40,United-States,0
24,Private,197757,Bachelors,13,Never-married,Prof-specialty,Own-child,Asian-Pac-Islander,Female,0,0,40,Philippines,0
53,Private,47396,Some-college,10,Married-civ-spouse,Adm-clerical,Husband,White,Male,0,0,50,United-States,1
57,State-gov,32694,Doctorate,16,Married-civ-spouse,Prof-specialty,Husband,White,Male,0,0,40,United-States,1
52,Self-emp-not-inc,217210,HS-grad,9,Widowed,Other-service,Other-relative,Black,Female,0,0,40,United-States,0
41,Self-emp-not-inc,155767,Some-college,10,Married-civ-spouse,Exec-managerial,Husband,White,Male,0,0,50,United-States,0
40,Private,162098,HS-grad,9,Divorced,Adm-clerical,Unmarried,White,Female,0,0,30,United-States,0
63,Private,176696,HS-grad,9,Married-civ-spouse,Craft-repair,Husband,White,Male,0,0,40,United-States,1
41,Private,112181,Bachelors,13,Married-civ-spouse,Sales,Wife,White,Female,0,0,12,United-States,1
58,Private,142076,HS-grad,9,Divorced,Tech-support,Not-in-family,White,Male,4787,0,39,United-States,1
40,Private,184655,Assoc-acdm,12,Never-married,Other-service,Other-relative,White,Male,0,0,25,United-States,0
24,Private,200295,Some-college,10,Never-married,Craft-repair,Not-in-family,White,Male,0,0,40,United-States,0
47,Private,52795,Some-college,10,Married-civ-spouse,Machine-op-inspct,Husband,White,Male,0,0,46,United-States,0
37,Private,51264,Doctorate,16,Married-civ-spouse,Prof-specialty,Husband,White,Male,0,0,99,Other,1
44,Local-gov,241851,Assoc-voc,11,Married-civ-spouse,Transport-moving,Husband,White,Male,4386,0,40,United-States,1
37,Private,184964,Masters,14,Divorced,Exec-managerial,Not-in-family,White,Male,0,0,45,United-States,1
38,Private,210866,HS-grad,9,Married-civ-spouse,Exec-managerial,Husband,White,Male,0,0,44,United-States,1
42,Private,265698,Masters,14,Divorced,Prof-specialty,Unmarried,White,Female,0,0,40,United-States,0
33,Private,155475,HS-grad,9,Married-civ-spouse,Sales,Husband,White,Male,0,0,40,United-States,0
37,Private,204277,HS-grad,9,Married-civ-spouse,Machine-op-inspct,Husband,White,Male,0,1848,48,United-States,1
23,Private,56774,HS-grad,9,Never-married,Craft-repair,Own-child,White,Male,0,0,40,United-States,0
38,State-gov,22245,Doctorate,16,Married-civ-spouse,Prof-specialty,Husband,White,Male,0,0,45,United-States,1
32,Self-emp-not-inc,103642,HS-grad,9,Married-civ-spouse,Exec-managerial,Husband,White,Male,0,0,55,United-States,0
65,Local-gov,143570,Some-college,10,Never-married,Prof-specialty,Not-in-family,Black,Female,0,0,40,United-States,0
23,Private,218445,Primary,3,Never-married,Priv-house-serv,Unmarried,White,Female,0,0,12,Mexico,0
24,Private,57711,Masters,14,Married-civ-spouse,Prof-specialty,Wife,White,Female,0,0,35,United-States,1
34,Private,248584,HS-grad,9,Never-married,Craft-repair,Not-in-family,White,Male,0,0,55,United-States,0
24,Private,138768,Assoc-acdm,12,Never-married,Handlers-cleaners,Own-child,White,Male,0,0,30,United-States,0
34,Private,35644,Some-college,10,Married-civ-spouse,Craft-repair,Husband,White,Male,0,0,40,United-States,1
48,Private,155372,HS-grad,9,Widowed,Machine-op-inspct,Unmarried,White,Female,0,0,36,United-States,0
33,Private,103596,Assoc-voc,11,Married-civ-spouse,Transport-moving,Husband,White,Male,0,0,40,United-States,0
50,Self-emp-inc,104849,Prof-school,15,Married-civ-spouse,Prof-specialty,Husband,Asian-Pac-Islander,Male,0,0,40,Other,0
51,Local-gov,170579,HS-grad,9,Married-civ-spouse,Transport-moving,Husband,White,Male,0,0,40,United-States,1
24,Private,52242,HS-grad,9,Married-civ-spouse,Sales,Wife,White,Female,0,0,40,United-States,1
40,Private,73025,HS-grad,9,Married-civ-spouse,Other-service,Husband,Asian-Pac-Islander,Male,0,0,30,Other,0
23,Private,179413,HS-grad,9,Never-married,Craft-repair,Unmarried,White,Male,0,0,40,United-States,0
17,State-gov,179319,10th,6,Never-married,Other-service,Own-child,White,Male,0,0,30,United-States,0
53,Private,152810,Masters,14,Married-civ-spouse,Exec-managerial,Husband,White,Male,0,1977,55,United-States,1
59,Private,214052,Primary,3,Divorced,Machine-op-inspct,Unmarried,White,Female,0,0,40,United-States,0
57,Private,214619,Some-college,10,Married-civ-spouse,Craft-repair,Husband,White,Male,0,0,40,United-States,0
35,Private,339772,HS-grad,9,Married-civ-spouse,Handlers-cleaners,Husband,Black,Male,0,0,40,United-States,0
30,Private,58582,Bachelors,13,Never-married,Craft-repair,Own-child,White,Male,0,0,10,United-States,0
52,Private,193116,10th,6,Married-civ-spouse,Transport-moving,Husband,White,Male,0,0,45,United-States,0
66,Private,169804,Bachelors,13,Married-civ-spouse,Sales,Husband,White,Male,20051,0,40,United-States,1
61,Private,273803,HS-grad,9,Married-civ-spouse,Craft-repair,Husband,White,Male,0,0,40,United-States,0
55,Private,156797,Some-college,10,Divorced,Machine-op-inspct,Not-in-family,White,Female,0,0,40,United-States,0
18,Private,126142,10th,6,Never-married,Craft-repair,Own-child,White,Male,0,0,30,United-States,0
34,State-gov,252529,Bachelors,13,Never-married,Prof-specialty,Not-in-family,White,Male,0,0,48,United-States,0
42,Private,115085,HS-grad,9,Married-civ-spouse,Adm-clerical,Husband,White,Male,0,0,50,United-States,0
20,Private,197752,Some-college,10,Never-married,Adm-clerical,Own-child,White,Male,0,0,16,United-States,0
53,Private,303462,HS-grad,9,Married-civ-spouse,Machine-op-inspct,Husband,White,Male,0,0,30,United-States,0
41,Private,76625,HS-grad,9,Married-civ-spouse,Craft-repair,Husband,White,Male,0,0,40,United-States,0
59,Private,95165,Doctorate,16,Married-civ-spouse,Sales,Husband,White,Male,0,0,40,United-States,0
46,Private,216666,9th,5,Married-civ-spouse,Machine-op-inspct,Husband,White,Male,0,0,40,Other,0
43,Private,483450,9th,5,Married-civ-spouse,Exec-managerial,Husband,White,Male,0,0,40,Mexico,0
58,Private,105060,Some-college,10,Never-married,Adm-clerical,Not-in-family,Black,Female,0,0,37,United-States,0
31,Private,201122,Bachelors,13,Married-civ-spouse,Sales,Husband,White,Male,0,1902,45,United-States,1
48,Private,315423,Primary,3,Married-civ-spouse,Transport-moving,Husband,White,Male,0,0,40,United-States,0
27,Private,74883,Bachelors,13,Never-married,Tech-support,Not-in-family,Asian-Pac-Islander,Female,0,0,40,Philippines,0
38,Private,36989,Bachelors,13,Married-civ-spouse,Other-service,Husband,White,Male,3908,0,70,United-States,0
22,Private,153323,Some-college,10,Never-married,Prof-specialty,Not-in-family,Black,Male,0,0,20,United-States,0
36,Private,136343,Bachelors,13,Married-civ-spouse,Prof-specialty,Husband,White,Male,0,0,40,United-States,1
28,Private,67661,Some-college,10,Never-married,Adm-clerical,Other-relative,White,Female,0,0,40,United-States,0
29,Private,134331,10th,6,Married-civ-spouse,Craft-repair,Husband,White,Male,0,0,40,United-States,0
33,Self-emp-not-inc,103860,Some-college,10,Married-civ-spouse,Craft-repair,Husband,White,Male,0,0,50,United-States,0
54,Local-gov,163557,HS-grad,9,Never-married,Adm-clerical,Not-in-family,White,Female,0,0,30,United-States,0
39,Self-emp-not-inc,343476,Bachelors,13,Married-civ-spouse,Prof-specialty,Husband,White,Male,15024,0,50,Other,1
48,Federal-gov,167749,HS-grad,9,Married-civ-spouse,Adm-clerical,Wife,White,Female,0,0,40,United-States,1
36,Local-gov,192337,HS-grad,9,Never-married,Other-service,Not-in-family,White,Male,0,0,40,United-States,0
21,Private,275395,Some-college,10,Never-married,Craft-repair,Own-child,White,Male,0,0,40,United-States,0
28,Private,249362,11th,7,Married-civ-spouse,Transport-moving,Husband,White,Male,0,0,50,United-States,0
40,Self-emp-inc,33126,Masters,14,Married-civ-spouse,Craft-repair,Husband,White,Male,0,0,50,United-States,0
21,Private,26410,HS-grad,9,Never-married,Adm-clerical,Not-in-family,White,Female,0,0,40,United-States,0
41,Local-gov,47858,Bachelors,13,Married-civ-spouse,Protective-serv,Husband,White,Male,0,0,40,United-States,1
45,Private,380922,HS-grad,9,Married-civ-spouse,Craft-repair,Husband,White,Male,0,0,60,United-States,1
23,Private,269687,Assoc-voc,11,Never-married,Tech-support,Not-in-family,White,Male,0,0,40,United-States,0
52,Private,112959,Some-college,10,Widowed,Sales,Not-in-family,White,Female,0,0,40,United-States,0
34,Private,281852,HS-grad,9,Never-married,Transport-moving,Not-in-family,Black,Male,0,0,80,United-States,0
39,Private,32650,Assoc-voc,11,Never-married,Farming-fishing,Not-in-family,White,Male,0,0,60,United-States,0
32,Local-gov,206609,HS-grad,9,Never-married,Other-service,Own-child,White,Male,0,0,40,United-States,0
41,Private,204682,HS-grad,9,Divorced,Craft-repair,Unmarried,White,Male,2174,0,40,Other,0
22,Private,359759,Some-college,10,Never-married,Sales,Not-in-family,Asian-Pac-Islander,Male,0,0,20,Philippines,0
63,Self-emp-inc,267101,Bachelors,13,Married-civ-spouse,Exec-managerial,Husband,White,Male,0,0,60,United-States,0
31,Private,228873,HS-grad,9,Married-civ-spouse,Craft-repair,Husband,White,Male,0,0,40,United-States,0
27,Private,179915,Bachelors,13,Never-married,Exec-managerial,Own-child,White,Female,0,0,99,United-States,0
61,Private,183355,11th,7,Married-civ-spouse,Transport-moving,Husband,White,Male,0,0,40,United-States,0
49,Private,194962,11th,7,Married-civ-spouse,Other-service,Wife,White,Female,0,0,6,United-States,0
56,Self-emp-not-inc,84774,Assoc-acdm,12,Married-civ-spouse,Farming-fishing,Wife,White,Female,0,0,40,United-States,0
22,Private,110371,HS-grad,9,Married-civ-spouse,Other-service,Own-child,White,Male,0,0,50,United-States,0
32,Private,134886,HS-grad,9,Married-civ-spouse,Adm-clerical,Wife,White,Female,0,0,40,United-States,1
35,Self-emp-not-inc,216256,9th,5,Married-civ-spouse,Craft-repair,Husband,White,Male,0,0,50,United-States,0
47,Self-emp-not-inc,213745,Some-college,10,Divorced,Other-service,Unmarried,White,Female,0,0,45,United-States,0
23,Self-emp-not-inc,184370,HS-grad,9,Divorced,Other-service,Not-in-family,White,Female,0,0,40,United-States,0
31,Private,199883,12th,8,Divorced,Transport-moving,Own-child,White,Male,0,0,40,United-States,0
23,Private,32950,Bachelors,13,Never-married,Sales,Not-in-family,White,Male,0,0,40,United-States,0
52,Private,127315,Masters,14,Married-civ-spouse,Prof-specialty,Husband,White,Male,0,0,40,United-States,1
42,State-gov,304302,HS-grad,9,Married-civ-spouse,Transport-moving,Husband,Amer-Indian-Eskimo,Male,0,0,40,United-States,0
34,Private,184942,11th,7,Married-civ-spouse,Transport-moving,Husband,White,Male,0,0,50,United-States,0
26,Private,340787,HS-grad,9,Married-civ-spouse,Prof-specialty,Husband,White,Male,0,0,40,United-States,0
39,Federal-gov,257175,Bachelors,13,Divorced,Tech-support,Unmarried,Black,Female,0,625,40,United-States,0
56,Private,197114,HS-grad,9,Never-married,Handlers-cleaners,Own-child,White,Male,0,0,28,United-States,0
32,Private,348460,Assoc-voc,11,Married-civ-spouse,Craft-repair,Husband,White,Male,0,0,50,United-States,0
65,Local-gov,240166,11th,7,Married-civ-spouse,Transport-moving,Husband,White,Male,0,0,35,United-States,0
73,Self-emp-not-inc,300404,Some-college,10,Married-civ-spouse,Sales,Husband,White,Male,0,0,6,United-States,1
19,Private,219742,Some-college,10,Never-married,Other-service,Own-child,White,Female,0,0,15,United-States,0
17,Self-emp-inc,413557,9th,5,Never-married,Sales,Own-child,White,Female,0,0,40,United-States,0
72,Private,157913,Bachelors,13,Married-civ-spouse,Protective-serv,Husband,White,Male,0,0,17,United-States,0
36,Private,201769,11th,7,Never-married,Protective-serv,Not-in-family,Black,Male,13550,0,40,United-States,1
56,Private,73684,7th-8th,4,Married-civ-spouse,Craft-repair,Husband,White,Male,0,0,40,Other,0
79,Self-emp-inc,309272,HS-grad,9,Married-civ-spouse,Exec-managerial,Husband,White,Male,0,0,40,United-States,1
28,Private,469864,Bachelors,13,Never-married,Prof-specialty,Not-in-family,Black,Male,0,0,40,United-States,0
65,Private,204042,HS-grad,9,Divorced,Protective-serv,Not-in-family,White,Male,0,0,20,United-States,0
42,Private,99679,HS-grad,9,Married-civ-spouse,Transport-moving,Husband,White,Male,0,0,60,United-States,1
46,Self-emp-inc,62546,Doctorate,16,Separated,Prof-specialty,Not-in-family,White,Male,0,0,35,United-States,0
18,Private,395026,11th,7,Never-married,Other-service,Own-child,White,Male,0,0,12,United-States,0
35,Private,187053,HS-grad,9,Divorced,Transport-moving,Not-in-family,White,Female,0,0,60,United-States,1
28,Private,199998,HS-grad,9,Separated,Other-service,Not-in-family,White,Female,0,0,25,United-States,0
34,Private,185041,HS-grad,9,Never-married,Prof-specialty,Not-in-family,White,Female,0,1669,45,United-States,0
44,Private,106900,Masters,14,Married-civ-spouse,Prof-specialty,Husband,White,Male,0,0,44,United-States,1
36,Private,211022,Assoc-voc,11,Divorced,Prof-specialty,Not-in-family,White,Male,0,0,40,United-States,1
36,Self-emp-inc,77146,Bachelors,13,Married-civ-spouse,Sales,Husband,White,Male,15024,0,45,United-States,1
58,Private,310085,Primary,3,Married-civ-spouse,Machine-op-inspct,Husband,White,Male,0,0,40,United-States,0
32,Private,193285,HS-grad,9,Never-married,Craft-repair,Own-child,White,Male,0,0,40,United-States,0
34,Private,188096,HS-grad,9,Never-married,Adm-clerical,Not-in-family,White,Female,0,0,36,United-States,0
48,Private,155664,Bachelors,13,Married-civ-spouse,Adm-clerical,Husband,White,Male,0,0,35,United-States,1
20,Private,374116,HS-grad,9,Never-married,Prof-specialty,Other-relative,White,Female,0,0,40,United-States,0
37,Local-gov,212005,Assoc-voc,11,Married-civ-spouse,Exec-managerial,Husband,White,Male,0,0,40,United-States,1
27,Private,113635,HS-grad,9,Never-married,Craft-repair,Not-in-family,White,Male,0,0,35,Other,0
23,Private,368739,Bachelors,13,Never-married,Adm-clerical,Not-in-family,White,Female,0,0,40,United-States,0
76,Local-gov,169133,Some-college,10,Widowed,Adm-clerical,Not-in-family,White,Female,0,0,30,United-States,0
51,Self-emp-inc,338836,Some-college,10,Married-civ-spouse,Exec-managerial,Husband,White,Male,0,0,40,United-States,1
31,Private,201292,HS-grad,9,Married-civ-spouse,Other-service,Husband,White,Male,0,0,40,United-States,0
32,Private,515629,HS-grad,9,Separated,Handlers-cleaners,Not-in-family,White,Female,0,0,40,United-States,0
53,Private,135840,Bachelors,13,Married-civ-spouse,Prof-specialty,Husband,White,Male,0,0,55,United-States,1
38,Private,81232,Bachelors,13,Married-civ-spouse,Exec-managerial,Husband,White,Male,0,0,40,Other,1
25,Private,207875,Some-college,10,Never-married,Farming-fishing,Own-child,White,Male,0,0,20,United-States,0
24,State-gov,61737,Bachelors,13,Never-married,Prof-specialty,Not-in-family,White,Male,0,0,40,United-States,0
20,Private,153516,Some-college,10,Never-married,Adm-clerical,Own-child,White,Male,0,0,30,United-States,0
59,Private,175942,HS-grad,9,Married-civ-spouse,Transport-moving,Husband,White,Male,0,0,45,United-States,1
44,Self-emp-not-inc,254303,Some-college,10,Divorced,Other-service,Not-in-family,White,Male,0,0,45,United-States,0
41,Private,282882,HS-grad,9,Never-married,Sales,Unmarried,Black,Female,0,0,40,United-States,0
53,Local-gov,176059,Masters,14,Divorced,Prof-specialty,Unmarried,White,Female,0,0,50,United-States,0
60,Private,114263,Bachelors,13,Divorced,Exec-managerial,Not-in-family,White,Female,0,0,40,Other,1
73,Local-gov,45784,Some-college,10,Never-married,Prof-specialty,Other-relative,White,Female,0,0,11,United-States,0
58,Private,126991,HS-grad,9,Divorced,Other-service,Unmarried,Black,Female,0,0,20,United-States,0
21,Private,372636,HS-grad,9,Never-married,Sales,Own-child,Black,Male,0,0,40,United-States,0
25,Private,161027,Bachelors,13,Married-civ-spouse,Tech-support,Husband,White,Male,5178,0,40,United-States,1
21,Private,111467,Some-college,10,Never-married,Handlers-cleaners,Not-in-family,White,Male,0,0,40,United-States,0
42,Private,155106,Some-college,10,Never-married,Machine-op-inspct,Not-in-family,White,Male,0,0,45,United-States,0
31,Private,377850,HS-grad,9,Married-civ-spouse,Craft-repair,Husband,White,Male,0,0,65,United-States,0
28,Self-emp-not-inc,315417,Prof-school,15,Never-married,Prof-specialty,Not-in-family,White,Male,2176,0,40,United-States,0
17,Private,95799,11th,7,Never-married,Sales,Own-child,White,Female,0,0,18,United-States,0
45,Private,220641,Some-college,10,Divorced,Exec-managerial,Unmarried,White,Female,0,0,40,United-States,0
28,Private,139903,Bachelors,13,Never-married,Machine-op-inspct,Unmarried,Black,Female,0,0,40,United-States,0
42,Private,350387,HS-grad,9,Separated,Machine-op-inspct,Not-in-family,White,Male,0,0,15,United-States,0
20,Private,451996,HS-grad,9,Never-married,Handlers-cleaners,Own-child,White,Male,0,0,40,United-States,0
28,Private,328949,Prof-school,15,Married-civ-spouse,Prof-specialty,Husband,White,Male,0,0,60,United-States,0
19,Private,83930,HS-grad,9,Never-married,Other-service,Own-child,White,Female,0,0,20,United-States,0
47,State-gov,100818,HS-grad,9,Married-civ-spouse,Adm-clerical,Wife,White,Female,0,0,40,United-States,1
36,Private,162302,Some-college,10,Never-married,Adm-clerical,Not-in-family,White,Female,0,0,35,United-States,0
56,Private,346033,9th,5,Divorced,Adm-clerical,Not-in-family,White,Male,0,0,40,United-States,0
49,Private,54260,Bachelors,13,Married-civ-spouse,Prof-specialty,Husband,White,Male,0,0,40,United-States,1
49,Private,318331,HS-grad,9,Divorced,Machine-op-inspct,Not-in-family,White,Male,0,0,40,United-States,0
53,Private,268545,HS-grad,9,Married-civ-spouse,Craft-repair,Husband,Black,Male,0,0,40,Other,0
33,Local-gov,281784,Bachelors,13,Never-married,Tech-support,Not-in-family,Black,Male,0,1564,52,United-States,1
31,Private,115488,HS-grad,9,Married-civ-spouse,Farming-fishing,Husband,White,Male,0,0,40,United-States,0
19,Private,63814,Some-college,10,Never-married,Adm-clerical,Not-in-family,White,Female,0,0,18,United-States,0
48,Private,182566,Bachelors,13,Married-civ-spouse,Sales,Husband,Black,Male,0,0,40,United-States,1
29,Private,24562,Bachelors,13,Divorced,Other-service,Unmarried,Other,Female,0,0,40,United-States,0
40,Private,124520,Assoc-voc,11,Divorced,Craft-repair,Unmarried,White,Male,0,0,50,United-States,1
37,Private,125933,Assoc-acdm,12,Married-civ-spouse,Exec-managerial,Husband,White,Male,7688,0,50,United-States,1
27,Private,617860,Some-college,10,Never-married,Handlers-cleaners,Own-child,Black,Male,0,0,40,United-States,0
38,Self-emp-not-inc,140117,Some-college,10,Never-married,Other-service,Not-in-family,White,Female,0,0,20,United-States,0
24,Private,42401,Bachelors,13,Never-married,Sales,Not-in-family,White,Male,0,0,47,United-States,0
35,Private,210945,HS-grad,9,Married-civ-spouse,Handlers-cleaners,Husband,White,Male,0,0,50,United-States,0
48,Private,114561,Bachelors,13,Married-spouse-absent,Prof-specialty,Other-relative,Asian-Pac-Islander,Female,0,0,36,Philippines,1
53,State-gov,281074,HS-grad,9,Divorced,Exec-managerial,Not-in-family,White,Male,0,1092,40,United-States,0
22,Private,54560,HS-grad,9,Never-married,Other-service,Own-child,White,Male,0,0,40,United-States,0
32,Federal-gov,42900,Prof-school,15,Married-civ-spouse,Prof-specialty,Husband,White,Male,15024,0,50,United-States,1
22,Private,31387,Bachelors,13,Married-civ-spouse,Adm-clerical,Own-child,Amer-Indian-Eskimo,Female,2885,0,25,United-States,0
51,Private,87205,Bachelors,13,Divorced,Prof-specialty,Unmarried,White,Female,0,0,55,Other,0
32,Private,185027,Some-college,10,Married-civ-spouse,Sales,Husband,White,Male,0,0,40,United-States,1
57,Self-emp-not-inc,24473,Assoc-voc,11,Married-civ-spouse,Craft-repair,Husband,White,Male,0,0,40,United-States,1
41,Private,155657,11th,7,Never-married,Handlers-cleaners,Other-relative,Black,Female,0,0,40,United-States,0
26,Private,211596,HS-grad,9,Divorced,Craft-repair,Not-in-family,White,Male,0,0,40,United-States,0
23,Private,60668,10th,6,Married-civ-spouse,Craft-repair,Husband,White,Male,0,0,40,Other,0
63,Self-emp-not-inc,181561,Some-college,10,Divorced,Exec-managerial,Not-in-family,White,Male,0,0,50,United-States,0
23,Private,313573,Bachelors,13,Never-married,Sales,Own-child,Black,Female,0,0,25,United-States,0
31,Private,591711,Some-college,10,Married-spouse-absent,Transport-moving,Not-in-family,Black,Male,0,0,40,Other,0
41,Private,268183,Prof-school,15,Married-civ-spouse,Prof-specialty,Husband,White,Male,0,0,45,United-States,1
24,Self-emp-not-inc,186831,Some-college,10,Never-married,Exec-managerial,Not-in-family,Black,Male,0,0,45,United-States,0
39,Private,99357,Masters,14,Divorced,Prof-specialty,Own-child,White,Female,1506,0,40,United-States,0
24,Private,109869,Some-college,10,Never-married,Other-service,Own-child,White,Male,0,0,40,United-States,0
63,Private,188914,HS-grad,9,Widowed,Machine-op-inspct,Other-relative,Black,Female,0,0,40,Other,0
28,Private,69847,Bachelors,13,Never-married,Adm-clerical,Own-child,Asian-Pac-Islander,Female,0,0,30,United-States,0
26,State-gov,169323,Masters,14,Never-married,Prof-specialty,Not-in-family,White,Female,0,0,40,United-States,0
40,Private,206066,HS-grad,9,Married-civ-spouse,Craft-repair,Husband,White,Male,0,0,50,United-States,0
37,Private,99151,HS-grad,9,Married-civ-spouse,Adm-clerical,Wife,White,Female,0,0,40,United-States,1
57,State-gov,250976,HS-grad,9,Married-civ-spouse,Craft-repair,Husband,White,Male,0,0,40,United-States,0
34,Self-emp-not-inc,250182,11th,7,Married-civ-spouse,Transport-moving,Husband,White,Male,0,0,60,United-States,0
44,Private,188331,Some-college,10,Divorced,Exec-managerial,Unmarried,White,Female,0,0,42,United-States,0
22,Private,332657,Some-college,10,Never-married,Prof-specialty,Not-in-family,White,Female,0,0,40,United-States,0
41,Private,116391,Bachelors,13,Married-civ-spouse,Handlers-cleaners,Husband,White,Male,0,0,40,Other,0
30,Private,188798,Some-college,10,Divorced,Other-service,Own-child,White,Female,0,0,20,United-States,0
19,Private,109854,HS-grad,9,Never-married,Adm-clerical,Own-child,White,Female,0,0,40,United-States,0
71,Private,180733,Masters,14,Never-married,Other-service,Not-in-family,White,Female,0,0,20,United-States,0
39,Private,114844,Bachelors,13,Never-married,Sales,Not-in-family,White,Male,0,1876,50,United-States,0
45,Private,132847,HS-grad,9,Never-married,Handlers-cleaners,Not-in-family,White,Female,0,0,40,United-States,0
62,Federal-gov,177295,HS-grad,9,Widowed,Adm-clerical,Unmarried,White,Female,0,0,40,United-States,0
31,Private,211880,Bachelors,13,Married-civ-spouse,Sales,Husband,White,Male,0,0,40,United-States,0
50,Private,150876,HS-grad,9,Married-civ-spouse,Exec-managerial,Husband,Black,Male,0,1887,55,United-States,1
19,Private,127709,HS-grad,9,Never-married,Farming-fishing,Own-child,Black,Male,0,0,30,United-States,0
33,Private,251521,11th,7,Never-married,Adm-clerical,Not-in-family,White,Female,0,0,35,United-States,0
68,Private,121846,7th-8th,4,Widowed,Other-service,Unmarried,Amer-Indian-Eskimo,Female,0,0,20,United-States,0
26,Private,158846,HS-grad,9,Married-civ-spouse,Machine-op-inspct,Husband,White,Male,0,0,45,United-States,0
23,Private,309580,Masters,14,Never-married,Prof-specialty,Not-in-family,White,Male,0,0,40,United-States,0
31,Private,332379,HS-grad,9,Never-married,Machine-op-inspct,Not-in-family,White,Male,0,0,40,United-States,0
58,Self-emp-not-inc,31732,Bachelors,13,Married-civ-spouse,Exec-managerial,Husband,White,Male,0,0,50,United-States,0
55,Self-emp-not-inc,349910,Assoc-acdm,12,Married-civ-spouse,Sales,Husband,White,Male,0,0,60,United-States,0
64,Private,151540,11th,7,Widowed,Tech-support,Unmarried,White,Female,0,0,16,United-States,0
46,Private,126513,HS-grad,9,Separated,Craft-repair,Unmarried,Black,Female,0,0,40,Other,0
24,Private,179627,HS-grad,9,Married-civ-spouse,Machine-op-inspct,Husband,White,Male,0,0,40,United-States,0
55,Private,393768,Assoc-voc,11,Married-civ-spouse,Exec-managerial,Husband,White,Male,0,0,40,United-States,0
50,Private,283676,Some-college,10,Married-civ-spouse,Craft-repair,Husband,White,Male,0,0,40,United-States,1
21,Private,57916,HS-grad,9,Never-married,Protective-serv,Own-child,White,Male,0,0,40,United-States,0
19,Private,343200,Some-college,10,Never-married,Sales,Own-child,White,Female,0,0,25,United-States,0
38,Private,196123,HS-grad,9,Married-civ-spouse,Craft-repair,Husband,White,Male,0,0,50,United-States,0
38,Private,26698,HS-grad,9,Married-civ-spouse,Tech-support,Husband,White,Male,0,0,40,United-States,0
17,Private,242773,11th,7,Never-married,Other-service,Own-child,White,Female,0,0,20,United-States,0
28,Private,124680,Bachelors,13,Never-married,Exec-managerial,Not-in-family,White,Female,6849,0,60,United-States,0
52,Local-gov,43909,HS-grad,9,Divorced,Adm-clerical,Unmarried,Black,Female,0,0,40,United-States,0
22,Private,276494,HS-grad,9,Never-married,Handlers-cleaners,Not-in-family,Black,Male,0,0,40,United-States,0
38,Self-emp-not-inc,37778,HS-grad,9,Never-married,Farming-fishing,Not-in-family,White,Male,0,0,60,United-States,0
50,Private,166565,HS-grad,9,Married-civ-spouse,Machine-op-inspct,Husband,White,Male,0,0,50,United-States,0
45,Private,199832,Bachelors,13,Married-civ-spouse,Adm-clerical,Husband,White,Male,0,0,15,United-States,0
41,Private,198196,HS-grad,9,Married-civ-spouse,Transport-moving,Husband,White,Male,0,0,40,United-States,0
34,Private,118584,Bachelors,13,Never-married,Exec-managerial,Not-in-family,White,Female,0,0,40,United-States,0
57,Private,233382,Masters,14,Never-married,Exec-managerial,Not-in-family,White,Male,0,0,40,Other,0
31,Private,118149,Some-college,10,Never-married,Exec-managerial,Not-in-family,Black,Female,0,0,40,United-States,0
35,Private,186126,Masters,14,Married-civ-spouse,Prof-specialty,Husband,White,Male,0,0,38,Other,0
49,Private,125421,HS-grad,9,Divorced,Adm-clerical,Unmarried,White,Female,0,0,38,United-States,0
48,State-gov,212954,Masters,14,Married-civ-spouse,Prof-specialty,Husband,White,Male,15024,0,40,United-States,1
21,Private,56582,11th,7,Never-married,Other-service,Own-child,White,Male,0,0,50,United-States,0
59,Private,205759,Doctorate,16,Never-married,Prof-specialty,Not-in-family,White,Male,0,0,50,United-States,0
23,Private,462294,Assoc-acdm,12,Never-married,Other-service,Own-child,Black,Male,0,0,44,United-States,0
42,Private,102085,HS-grad,9,Divorced,Other-service,Own-child,White,Female,0,0,15,United-States,0
42,Self-emp-inc,443508,Doctorate,16,Married-civ-spouse,Prof-specialty,Husband,White,Male,0,0,45,United-States,1
75,Self-emp-not-inc,218521,Some-college,10,Married-spouse-absent,Craft-repair,Not-in-family,White,Male,0,0,30,United-States,0
23,Private,170070,12th,8,Never-married,Other-service,Not-in-family,White,Female,0,0,38,United-States,0
22,Private,133833,Some-college,10,Never-married,Adm-clerical,Own-child,White,Female,0,0,40,United-States,0
22,Private,383603,Some-college,10,Never-married,Adm-clerical,Own-child,White,Female,0,0,40,United-States,0
35,Private,112512,HS-grad,9,Widowed,Other-service,Own-child,White,Female,0,0,40,United-States,0
35,Private,166549,12th,8,Married-civ-spouse,Machine-op-inspct,Husband,White,Male,0,0,40,United-States,0
30,Private,145231,Assoc-acdm,12,Divorced,Adm-clerical,Own-child,White,Female,0,1762,40,United-States,0
23,Private,177087,11th,7,Never-married,Adm-clerical,Unmarried,Black,Male,0,0,35,United-States,0
31,Private,123430,11th,7,Married-civ-spouse,Farming-fishing,Husband,White,Male,0,0,65,Mexico,0
45,Self-emp-inc,151584,Prof-school,15,Married-civ-spouse,Prof-specialty,Husband,White,Male,0,0,35,United-States,1
33,Private,389932,HS-grad,9,Divorced,Transport-moving,Not-in-family,Black,Male,0,0,55,United-States,0
34,Self-emp-not-inc,276221,10th,6,Married-civ-spouse,Farming-fishing,Husband,White,Male,0,0,40,United-States,0
47,Self-emp-not-inc,249585,Some-college,10,Married-civ-spouse,Craft-repair,Husband,White,Male,0,0,30,United-States,0
51,Private,74784,Bachelors,13,Divorced,Sales,Not-in-family,White,Female,0,0,60,United-States,0
55,Private,106740,HS-grad,9,Married-civ-spouse,Exec-managerial,Husband,White,Male,0,0,40,United-States,1
43,Private,242968,Masters,14,Married-civ-spouse,Exec-managerial,Husband,Asian-Pac-Islander,Male,0,0,40,Other,1
37,Private,177858,Some-college,10,Never-married,Exec-managerial,Not-in-family,White,Male,2174,0,40,United-States,0
47,Private,146497,Some-college,10,Separated,Adm-clerical,Unmarried,White,Female,0,0,16,Other,0
27,Private,240809,Some-college,10,Never-married,Adm-clerical,Not-in-family,White,Female,0,0,56,United-States,0
35,Private,81259,Bachelors,13,Never-married,Adm-clerical,Not-in-family,White,Female,0,0,43,United-States,0
42,Private,54202,Bachelors,13,Never-married,Sales,Not-in-family,White,Male,10520,0,50,United-States,1
43,Private,104196,Some-college,10,Married-civ-spouse,Adm-clerical,Husband,White,Male,0,0,40,United-States,0
34,Local-gov,117392,Masters,14,Never-married,Prof-specialty,Not-in-family,White,Female,0,0,40,United-States,0
37,Private,245053,Some-college,10,Divorced,Handlers-cleaners,Own-child,White,Male,0,1504,40,United-States,0
41,Private,49156,HS-grad,9,Married-civ-spouse,Craft-repair,Husband,White,Male,0,0,40,United-States,0
23,Private,189072,Bachelors,13,Never-married,Tech-support,Not-in-family,Black,Female,0,0,45,United-States,0
36,Private,33355,Some-college,10,Never-married,Other-service,Own-child,White,Male,0,0,45,United-States,0
50,Private,200960,Some-college,10,Married-civ-spouse,Sales,Husband,White,Male,0,0,50,United-States,0
30,Federal-gov,314310,Bachelors,13,Married-civ-spouse,Prof-specialty,Husband,White,Male,0,0,40,United-States,1
26,Private,188626,HS-grad,9,Married-civ-spouse,Craft-repair,Husband,White,Male,0,0,48,United-States,0
41,Private,119266,HS-grad,9,Married-civ-spouse,Other-service,Husband,White,Male,0,0,40,United-States,0
23,Private,217169,Bachelors,13,Never-married,Adm-clerical,Own-child,White,Female,0,0,40,United-States,0
46,Private,184883,9th,5,Married-civ-spouse,Machine-op-inspct,Wife,White,Female,0,0,40,United-States,0
51,Private,160703,12th,8,Married-civ-spouse,Craft-repair,Husband,White,Male,0,0,45,United-States,0
32,Private,216145,Some-college,10,Never-married,Craft-repair,Not-in-family,White,Male,4650,0,45,United-States,0
42,Private,145711,Masters,14,Married-civ-spouse,Prof-specialty,Husband,White,Male,0,1902,50,United-States,1
53,Local-gov,205005,Bachelors,13,Married-civ-spouse,Prof-specialty,Wife,White,Female,0,0,60,United-States,1
51,Private,120914,10th,6,Never-married,Farming-fishing,Own-child,White,Male,0,0,40,United-States,0
27,Private,174645,HS-grad,9,Never-married,Adm-clerical,Own-child,White,Female,0,0,40,United-States,0
47,Federal-gov,402975,Some-college,10,Married-civ-spouse,Exec-managerial,Husband,Black,Male,0,0,40,United-States,0
36,Private,143486,Bachelors,13,Married-civ-spouse,Sales,Husband,White,Male,0,0,40,United-States,1
42,Self-emp-inc,27187,Masters,14,Married-civ-spouse,Farming-fishing,Husband,White,Male,0,0,60,United-States,1
78,Self-emp-inc,237294,HS-grad,9,Widowed,Sales,Not-in-family,White,Male,0,0,45,United-States,1
30,Private,342709,HS-grad,9,Married-civ-spouse,Tech-support,Husband,White,Male,0,0,40,United-States,0
23,Private,193586,HS-grad,9,Married-civ-spouse,Adm-clerical,Wife,White,Female,3908,0,40,United-States,0
28,Private,167987,HS-grad,9,Never-married,Other-service,Own-child,White,Female,0,0,40,United-States,0
33,Private,392812,Bachelors,13,Married-civ-spouse,Exec-managerial,Husband,White,Male,0,0,45,United-States,1
29,Private,205249,Masters,14,Married-civ-spouse,Exec-managerial,Husband,Asian-Pac-Islander,Male,0,0,40,Other,0
48,Private,40666,11th,7,Married-civ-spouse,Handlers-cleaners,Husband,White,Male,0,0,60,United-States,0
19,Private,271446,Some-college,10,Never-married,Other-service,Own-child,White,Female,0,0,25,United-States,0
54,Local-gov,219276,Bachelors,13,Married-civ-spouse,Exec-managerial,Husband,Asian-Pac-Islander,Male,0,0,40,Philippines,1
57,Private,206343,HS-grad,9,Separated,Machine-op-inspct,Not-in-family,White,Male,2174,0,40,Other,0
51,Local-gov,156003,HS-grad,9,Divorced,Protective-serv,Not-in-family,White,Male,0,0,40,United-States,0
58,Federal-gov,298643,HS-grad,9,Divorced,Adm-clerical,Unmarried,Black,Female,0,0,40,United-States,0
61,Private,191188,10th,6,Widowed,Farming-fishing,Unmarried,White,Male,0,0,20,United-States,0
59,Self-emp-not-inc,309124,HS-grad,9,Married-civ-spouse,Transport-moving,Husband,White,Male,0,0,40,United-States,1
50,Private,105010,Bachelors,13,Married-civ-spouse,Farming-fishing,Husband,White,Male,0,0,45,United-States,1
50,Private,228057,HS-grad,9,Married-civ-spouse,Transport-moving,Husband,White,Male,0,0,40,United-States,0
56,Self-emp-not-inc,220187,Some-college,10,Married-civ-spouse,Other-service,Husband,White,Male,0,0,45,United-States,1
58,Local-gov,271795,7th-8th,4,Married-civ-spouse,Craft-repair,Husband,White,Male,0,0,40,United-States,0
29,Local-gov,220656,Bachelors,13,Married-civ-spouse,Exec-managerial,Husband,Black,Male,0,0,40,United-States,1
57,Federal-gov,135028,HS-grad,9,Separated,Adm-clerical,Other-relative,Black,Female,0,0,35,United-States,0
40,Private,65866,Some-college,10,Divorced,Tech-support,Unmarried,White,Female,0,213,40,United-States,0
42,Self-emp-not-inc,30759,HS-grad,9,Married-civ-spouse,Craft-repair,Husband,White,Male,0,0,35,United-States,0
60,Private,132529,HS-grad,9,Married-civ-spouse,Other-service,Husband,White,Male,0,0,40,United-States,0
53,Private,174020,Masters,14,Divorced,Prof-specialty,Unmarried,White,Female,0,1876,38,United-States,0
39,Private,184801,Bachelors,13,Married-civ-spouse,Prof-specialty,Husband,White,Male,0,0,40,United-States,1
19,Private,517036,HS-grad,9,Divorced,Craft-repair,Not-in-family,White,Female,0,0,40,Other,0
30,Local-gov,191777,HS-grad,9,Never-married,Protective-serv,Own-child,Black,Female,0,0,40,United-States,0
29,Private,157941,Bachelors,13,Never-married,Tech-support,Not-in-family,White,Male,0,0,40,United-States,0
38,Private,48779,Some-college,10,Married-civ-spouse,Transport-moving,Husband,White,Male,0,0,40,United-States,1
48,Private,141511,Masters,14,Married-civ-spouse,Exec-managerial,Husband,White,Male,0,0,40,United-States,1
57,Private,314153,Bachelors,13,Married-civ-spouse,Sales,Husband,White,Male,0,1887,55,United-States,1
28,Private,232653,Bachelors,13,Married-civ-spouse,Exec-managerial,Husband,White,Male,0,0,40,United-States,0
21,Private,83580,Some-college,10,Never-married,Prof-specialty,Own-child,Amer-Indian-Eskimo,Female,0,0,4,United-States,0
29,Private,133696,Bachelors,13,Never-married,Prof-specialty,Not-in-family,White,Male,8614,0,45,United-States,1
22,Private,390817,Primary,3,Married-civ-spouse,Craft-repair,Other-relative,White,Male,0,0,40,Mexico,0
51,Private,441637,HS-grad,9,Married-civ-spouse,Tech-support,Husband,White,Male,0,0,40,United-States,0
45,Private,97176,11th,7,Divorced,Adm-clerical,Unmarried,White,Female,0,0,16,United-States,0
38,Self-emp-not-inc,122493,10th,6,Married-civ-spouse,Sales,Husband,White,Male,0,1887,40,United-States,1
37,Private,50837,Masters,14,Married-civ-spouse,Prof-specialty,Husband,White,Male,0,0,45,United-States,1
51,Federal-gov,97934,Bachelors,13,Married-civ-spouse,Farming-fishing,Husband,White,Male,5178,0,40,United-States,1
40,Private,247880,Bachelors,13,Married-civ-spouse,Tech-support,Husband,White,Male,0,0,40,United-States,1
33,Private,122116,HS-grad,9,Married-civ-spouse,Sales,Husband,White,Male,0,0,45,United-States,0
54,Self-emp-not-inc,226497,Some-college,10,Married-civ-spouse,Sales,Husband,White,Male,0,0,50,United-States,0
61,Local-gov,180079,Doctorate,16,Married-civ-spouse,Exec-managerial,Husband,White,Male,4064,0,40,United-States,0
38,Private,91857,Some-college,10,Married-civ-spouse,Craft-repair,Husband,White,Male,0,0,41,United-States,0
55,State-gov,157639,Some-college,10,Married-civ-spouse,Protective-serv,Husband,White,Male,0,0,40,United-States,1
38,Local-gov,115634,Some-college,10,Married-civ-spouse,Exec-managerial,Husband,White,Male,0,0,40,United-States,0
36,Private,107125,HS-grad,9,Married-civ-spouse,Tech-support,Husband,White,Male,0,0,50,United-States,0
64,Private,631947,10th,6,Married-civ-spouse,Adm-clerical,Husband,White,Male,0,0,40,United-States,0
37,Private,337778,11th,7,Divorced,Farming-fishing,Not-in-family,White,Male,0,0,40,United-States,0
46,Private,174995,HS-grad,9,Divorced,Adm-clerical,Unmarried,White,Female,0,0,45,United-States,0
59,State-gov,202682,HS-grad,9,Married-civ-spouse,Sales,Husband,White,Male,0,0,40,United-States,0
55,Private,226875,HS-grad,9,Married-civ-spouse,Sales,Husband,White,Male,4064,0,40,United-States,0
43,Private,183765,Some-college,10,Divorced,Tech-support,Not-in-family,White,Male,0,0,40,Other,1
63,Federal-gov,154675,HS-grad,9,Widowed,Exec-managerial,Not-in-family,White,Female,0,0,40,United-States,0
28,Private,125321,HS-grad,9,Never-married,Machine-op-inspct,Not-in-family,White,Female,0,0,40,United-States,0
37,Private,224947,Assoc-voc,11,Never-married,Other-service,Not-in-family,White,Male,0,0,40,United-States,0
65,Private,258561,Bachelors,13,Married-civ-spouse,Other-service,Husband,White,Male,0,0,20,United-States,0
57,Self-emp-not-inc,95280,Some-college,10,Married-civ-spouse,Sales,Husband,White,Male,99999,0,45,United-States,1
59,Self-emp-inc,146477,Prof-school,15,Married-civ-spouse,Prof-specialty,Husband,White,Male,0,0,40,United-States,1
23,Private,180052,HS-grad,9,Never-married,Other-service,Own-child,White,Male,0,0,40,United-States,0
38,Private,22245,Some-college,10,Divorced,Exec-managerial,Not-in-family,White,Male,0,0,50,United-States,0
40,Private,187802,Some-college,10,Married-civ-spouse,Handlers-cleaners,Husband,White,Male,0,1887,40,United-States,1
26,Private,366900,HS-grad,9,Never-married,Craft-repair,Own-child,White,Male,0,0,40,United-States,0
44,Private,115932,Assoc-acdm,12,Married-civ-spouse,Prof-specialty,Husband,White,Male,0,0,40,United-States,0
44,Private,181762,Bachelors,13,Married-civ-spouse,Transport-moving,Husband,White,Male,15024,0,55,United-States,1
46,Private,282538,Assoc-voc,11,Separated,Machine-op-inspct,Not-in-family,Black,Female,0,0,40,United-States,0
37,Private,178948,Bachelors,13,Never-married,Prof-specialty,Not-in-family,White,Female,0,0,45,United-States,0
33,Private,87605,HS-grad,9,Never-married,Other-service,Unmarried,Black,Female,0,0,40,United-States,0
41,Private,220531,Doctorate,16,Married-civ-spouse,Prof-specialty,Husband,White,Male,0,0,50,United-States,1
27,Private,204648,Assoc-voc,11,Never-married,Machine-op-inspct,Unmarried,Black,Female,0,0,40,United-States,0
37,Private,125167,Some-college,10,Married-civ-spouse,Exec-managerial,Husband,White,Male,0,0,60,United-States,1
38,Private,66686,Assoc-voc,11,Married-civ-spouse,Machine-op-inspct,Husband,White,Male,0,0,40,United-States,1
36,Private,36423,HS-grad,9,Married-civ-spouse,Transport-moving,Husband,White,Male,0,0,25,United-States,1
57,Private,237691,HS-grad,9,Married-civ-spouse,Other-service,Husband,White,Male,0,0,40,Mexico,0
28,Private,33798,12th,8,Never-married,Transport-moving,Not-in-family,White,Male,0,0,50,United-States,0
45,Private,82797,Bachelors,13,Married-civ-spouse,Exec-managerial,Husband,White,Male,0,0,45,United-States,1
29,Local-gov,133327,Some-college,10,Never-married,Farming-fishing,Not-in-family,White,Male,0,0,40,United-States,0
58,Self-emp-not-inc,331474,HS-grad,9,Married-civ-spouse,Adm-clerical,Wife,White,Female,0,0,20,United-States,1
39,Local-gov,163278,Some-college,10,Never-married,Adm-clerical,Not-in-family,White,Female,2202,0,44,United-States,0
45,Private,178341,Masters,14,Married-civ-spouse,Prof-specialty,Husband,White,Male,0,0,50,United-States,0
19,Private,172582,Some-college,10,Never-married,Sales,Own-child,White,Male,0,0,30,United-States,0
38,Private,239397,7th-8th,4,Married-civ-spouse,Craft-repair,Husband,White,Male,0,0,36,Mexico,0
23,Private,140798,Bachelors,13,Never-married,Adm-clerical,Not-in-family,White,Female,0,0,40,United-States,0
27,Private,189530,Some-college,10,Never-married,Sales,Own-child,White,Male,0,0,35,United-States,0
21,State-gov,41183,Some-college,10,Never-married,Prof-specialty,Own-child,White,Female,0,0,20,United-States,0
56,Private,133025,HS-grad,9,Married-civ-spouse,Transport-moving,Husband,White,Male,0,0,50,United-States,0
44,Private,121130,HS-grad,9,Divorced,Other-service,Unmarried,White,Female,0,0,40,United-States,0
26,State-gov,126327,Assoc-acdm,12,Never-married,Adm-clerical,Unmarried,Black,Female,0,0,40,United-States,0
47,Private,166181,Some-college,10,Married-civ-spouse,Adm-clerical,Wife,Black,Female,0,0,48,United-States,1
36,Private,220585,Assoc-acdm,12,Married-civ-spouse,Exec-managerial,Husband,White,Male,0,0,50,United-States,1
37,Private,280966,Some-college,10,Married-civ-spouse,Machine-op-inspct,Husband,White,Male,0,0,50,United-States,1
27,Private,42734,Some-college,10,Never-married,Other-service,Not-in-family,White,Male,0,0,25,United-States,0
44,Self-emp-not-inc,115896,Assoc-voc,11,Widowed,Prof-specialty,Unmarried,White,Female,0,0,40,United-States,0
31,Private,303851,HS-grad,9,Married-civ-spouse,Transport-moving,Husband,White,Male,0,0,50,United-States,0
52,Self-emp-not-inc,240013,Masters,14,Married-civ-spouse,Sales,Husband,White,Male,0,0,70,United-States,0
24,Private,95552,HS-grad,9,Never-married,Tech-support,Own-child,White,Male,0,0,40,United-States,0
54,Private,53407,HS-grad,9,Married-civ-spouse,Craft-repair,Husband,White,Male,0,0,40,United-States,0
28,Private,375313,HS-grad,9,Never-married,Tech-support,Not-in-family,Asian-Pac-Islander,Male,0,0,50,United-States,0
17,Self-emp-inc,181608,10th,6,Never-married,Sales,Own-child,White,Male,0,0,12,United-States,0
31,Private,127610,Bachelors,13,Married-civ-spouse,Exec-managerial,Wife,White,Female,0,0,50,United-States,1
42,Private,303155,Assoc-acdm,12,Divorced,Adm-clerical,Not-in-family,White,Male,0,0,40,United-States,0
25,Private,243786,Bachelors,13,Never-married,Other-service,Not-in-family,White,Female,0,0,37,United-States,0
36,Private,159016,HS-grad,9,Married-civ-spouse,Machine-op-inspct,Husband,White,Male,0,0,38,United-States,0
58,Self-emp-not-inc,193434,HS-grad,9,Married-civ-spouse,Craft-repair,Husband,White,Male,0,0,20,United-States,0
46,Federal-gov,140664,Some-college,10,Married-civ-spouse,Exec-managerial,Husband,White,Male,0,0,48,United-States,1
41,Private,74182,HS-grad,9,Divorced,Craft-repair,Not-in-family,White,Male,0,0,40,United-States,0
36,Federal-gov,106297,Masters,14,Married-civ-spouse,Exec-managerial,Husband,White,Male,0,0,40,United-States,1
35,Self-emp-not-inc,42044,Assoc-acdm,12,Married-civ-spouse,Craft-repair,Husband,White,Male,0,0,40,United-States,0
29,Private,184806,Prof-school,15,Never-married,Prof-specialty,Other-relative,White,Male,0,0,50,United-States,0
48,Private,276664,Doctorate,16,Married-civ-spouse,Prof-specialty,Husband,White,Male,0,1902,50,United-States,1
35,Private,180988,Some-college,10,Divorced,Adm-clerical,Unmarried,White,Female,0,0,39,United-States,0
52,Private,110748,Masters,14,Married-civ-spouse,Prof-specialty,Husband,White,Male,0,0,50,United-States,1
31,Private,62374,HS-grad,9,Married-civ-spouse,Prof-specialty,Husband,White,Male,0,0,50,United-States,0
54,Private,118793,HS-grad,9,Married-civ-spouse,Adm-clerical,Husband,White,Male,0,0,45,United-States,0
42,Self-emp-not-inc,79036,Bachelors,13,Married-civ-spouse,Farming-fishing,Husband,White,Male,0,0,65,United-States,0
23,Private,120046,Assoc-acdm,12,Never-married,Adm-clerical,Own-child,White,Male,0,0,40,United-States,0
30,Private,252752,Bachelors,13,Married-civ-spouse,Prof-specialty,Wife,White,Female,0,0,40,United-States,0
31,Private,159123,Bachelors,13,Married-civ-spouse,Prof-specialty,Husband,White,Male,0,0,60,United-States,1
27,Private,160786,11th,7,Married-civ-spouse,Craft-repair,Husband,White,Male,0,1902,40,United-States,1
48,Self-emp-not-inc,370119,Some-college,10,Married-civ-spouse,Exec-managerial,Husband,White,Male,0,0,40,United-States,1
42,Local-gov,175642,Bachelors,13,Never-married,Adm-clerical,Not-in-family,White,Female,99999,0,40,United-States,1
28,Private,179949,HS-grad,9,Divorced,Transport-moving,Unmarried,Black,Female,0,0,20,United-States,0
44,Local-gov,124692,Masters,14,Married-civ-spouse,Prof-specialty,Husband,White,Male,0,0,35,United-States,1
43,Private,206833,HS-grad,9,Separated,Handlers-cleaners,Unmarried,Black,Female,0,0,45,United-States,0
30,Self-emp-not-inc,146161,HS-grad,9,Married-civ-spouse,Exec-managerial,Husband,White,Male,0,1887,50,United-States,1
27,Private,104917,Assoc-voc,11,Married-civ-spouse,Craft-repair,Husband,White,Male,0,0,40,United-States,0
31,Private,176711,HS-grad,9,Married-civ-spouse,Transport-moving,Husband,White,Male,0,0,38,United-States,0
33,Private,116508,10th,6,Married-civ-spouse,Craft-repair,Husband,White,Male,0,0,40,United-States,0
19,Self-emp-inc,164658,Some-college,10,Never-married,Farming-fishing,Own-child,White,Male,0,0,60,United-States,0
47,Local-gov,97419,Bachelors,13,Divorced,Prof-specialty,Not-in-family,Black,Female,0,0,40,United-States,0
42,Local-gov,138077,Masters,14,Married-civ-spouse,Prof-specialty,Wife,White,Female,0,0,38,United-States,1
46,Private,369538,10th,6,Married-civ-spouse,Transport-moving,Husband,White,Male,0,0,40,United-States,1
41,Private,67065,Assoc-voc,11,Married-civ-spouse,Sales,Husband,White,Male,0,0,40,United-States,0
37,Private,118681,HS-grad,9,Never-married,Machine-op-inspct,Not-in-family,White,Male,0,0,38,Other,0
39,Self-emp-not-inc,208109,HS-grad,9,Married-civ-spouse,Transport-moving,Husband,White,Male,0,0,60,United-States,1
58,Private,116901,HS-grad,9,Divorced,Other-service,Unmarried,White,Female,0,0,25,United-States,0
36,Self-emp-not-inc,405644,HS-grad,9,Married-civ-spouse,Craft-repair,Husband,White,Male,0,0,35,Mexico,0
54,Private,169719,Bachelors,13,Married-civ-spouse,Sales,Husband,White,Male,3103,0,40,United-States,1
20,Private,129240,Some-college,10,Never-married,Adm-clerical,Own-child,White,Female,0,0,20,United-States,0
19,Private,327397,HS-grad,9,Never-married,Prof-specialty,Own-child,White,Male,0,0,30,United-States,0
48,Self-emp-inc,250674,Assoc-voc,11,Married-civ-spouse,Craft-repair,Husband,White,Male,0,0,60,United-States,0
55,Local-gov,254949,HS-grad,9,Married-civ-spouse,Handlers-cleaners,Husband,White,Male,0,0,40,United-States,0
33,Private,235847,Prof-school,15,Married-civ-spouse,Exec-managerial,Wife,White,Female,0,0,40,United-States,1
33,Private,174789,Some-college,10,Never-married,Adm-clerical,Not-in-family,White,Male,0,0,50,United-States,0
25,Private,237865,Some-college,10,Never-married,Other-service,Own-child,Black,Male,0,0,42,United-States,0
21,Private,111676,Some-college,10,Never-married,Other-service,Not-in-family,White,Female,0,0,40,United-States,0
58,Private,234328,Bachelors,13,Divorced,Sales,Not-in-family,White,Male,0,0,40,United-States,0
24,Private,410439,Some-college,10,Never-married,Craft-repair,Own-child,White,Male,0,0,15,United-States,0
19,Private,25429,12th,8,Never-married,Other-service,Own-child,White,Female,0,0,20,United-States,0
33,Private,163110,HS-grad,9,Married-civ-spouse,Handlers-cleaners,Husband,White,Male,3781,0,40,United-States,0
43,Private,302041,HS-grad,9,Never-married,Adm-clerical,Not-in-family,Black,Female,0,0,40,United-States,0
59,Private,32552,Bachelors,13,Married-civ-spouse,Craft-repair,Husband,White,Male,0,0,4,United-States,0
56,Private,116143,Bachelors,13,Married-civ-spouse,Adm-clerical,Husband,White,Male,5178,0,44,United-States,1
25,Private,146117,Some-college,10,Never-married,Machine-op-inspct,Not-in-family,White,Male,0,0,42,United-States,0
51,Self-emp-not-inc,35295,HS-grad,9,Never-married,Farming-fishing,Unmarried,White,Male,0,0,45,United-States,0
55,Private,101338,10th,6,Married-civ-spouse,Craft-repair,Husband,White,Male,0,0,40,United-States,0
35,Private,166606,HS-grad,9,Married-civ-spouse,Tech-support,Husband,White,Male,0,0,40,United-States,0
27,Private,302406,Masters,14,Married-civ-spouse,Prof-specialty,Husband,White,Male,0,0,55,United-States,0
46,Federal-gov,349230,Assoc-voc,11,Married-civ-spouse,Tech-support,Husband,White,Male,0,1848,40,United-States,1
28,Private,375655,Bachelors,13,Never-married,Sales,Unmarried,White,Male,0,0,50,United-States,0
25,Local-gov,203408,Some-college,10,Married-civ-spouse,Other-service,Husband,White,Male,0,0,40,United-States,0
90,Local-gov,153602,HS-grad,9,Married-civ-spouse,Other-service,Husband,White,Male,6767,0,40,United-States,0
23,Private,300275,HS-grad,9,Never-married,Sales,Not-in-family,White,Male,0,0,48,United-States,0
35,Private,96824,Some-college,10,Divorced,Other-service,Unmarried,White,Female,0,0,40,United-States,0
29,Private,242597,Bachelors,13,Never-married,Tech-support,Not-in-family,White,Male,0,0,40,United-States,0
48,Federal-gov,435503,Masters,14,Married-civ-spouse,Prof-specialty,Husband,White,Male,0,0,40,United-States,1
55,Self-emp-not-inc,119762,10th,6,Married-civ-spouse,Transport-moving,Husband,White,Male,0,0,50,United-States,0
26,Private,105787,HS-grad,9,Never-married,Craft-repair,Own-child,White,Male,0,0,36,United-States,0
45,Private,293691,HS-grad,9,Divorced,Adm-clerical,Not-in-family,Asian-Pac-Islander,Female,0,1590,40,Other,0
24,Private,214555,Some-college,10,Married-civ-spouse,Handlers-cleaners,Husband,White,Male,0,0,40,United-States,0
22,Private,157145,Assoc-voc,11,Never-married,Craft-repair,Own-child,White,Male,0,0,50,United-States,0
34,Self-emp-not-inc,112650,7th-8th,4,Never-married,Craft-repair,Own-child,White,Male,0,0,40,United-States,0
22,Private,228465,HS-grad,9,Married-civ-spouse,Transport-moving,Husband,Black,Male,0,0,40,United-States,0
36,Private,176634,Bachelors,13,Married-civ-spouse,Sales,Wife,White,Female,0,0,35,United-States,1
36,Private,209993,Primary,2,Widowed,Other-service,Other-relative,White,Female,0,0,20,Mexico,0
25,Local-gov,206002,HS-grad,9,Divorced,Tech-support,Unmarried,White,Female,0,0,40,United-States,0
37,Private,201259,11th,7,Divorced,Transport-moving,Not-in-family,White,Male,0,0,65,United-States,0
30,Private,509500,Bachelors,13,Never-married,Tech-support,Not-in-family,White,Female,4787,0,45,United-States,1
48,Private,64479,Bachelors,13,Divorced,Exec-managerial,Not-in-family,White,Male,0,0,47,United-States,0
50,Self-emp-not-inc,221336,Some-college,10,Divorced,Exec-managerial,Unmarried,Asian-Pac-Islander,Female,0,0,40,Other,0
47,Private,128796,HS-grad,9,Married-civ-spouse,Craft-repair,Husband,White,Male,0,0,40,United-States,1
56,Private,81220,Some-college,10,Never-married,Adm-clerical,Not-in-family,White,Female,0,0,40,Other,0
44,Federal-gov,244054,Some-college,10,Divorced,Exec-managerial,Unmarried,White,Male,0,0,60,United-States,1
50,Private,94391,Assoc-voc,11,Married-civ-spouse,Craft-repair,Husband,White,Male,0,0,50,United-States,1
41,Private,82161,HS-grad,9,Married-civ-spouse,Transport-moving,Husband,White,Male,0,0,40,United-States,0
53,Private,149650,HS-grad,9,Never-married,Sales,Not-in-family,White,Male,0,2559,48,United-States,1
45,Federal-gov,168232,Bachelors,13,Never-married,Adm-clerical,Not-in-family,White,Male,0,0,55,United-States,1
51,Private,153870,HS-grad,9,Married-civ-spouse,Tech-support,Husband,White,Male,0,0,40,United-States,1
25,Private,122175,Bachelors,13,Married-civ-spouse,Prof-specialty,Husband,White,Male,0,0,45,United-States,1
33,Self-emp-not-inc,102884,Bachelors,13,Married-civ-spouse,Sales,Own-child,White,Male,0,0,20,United-States,0
28,Local-gov,335015,HS-grad,9,Married-civ-spouse,Craft-repair,Husband,White,Male,0,0,40,United-States,0
52,Self-emp-not-inc,140985,Bachelors,13,Married-civ-spouse,Adm-clerical,Wife,White,Female,99999,0,30,United-States,1
73,Private,284680,HS-grad,9,Divorced,Other-service,Not-in-family,White,Female,0,0,20,United-States,0
25,Private,213412,Some-college,10,Married-civ-spouse,Sales,Husband,White,Male,0,0,40,United-States,1
50,Private,287927,HS-grad,9,Married-civ-spouse,Prof-specialty,Wife,White,Female,0,0,16,United-States,0
49,Private,54772,HS-grad,9,Married-civ-spouse,Craft-repair,Husband,White,Male,3103,0,45,United-States,1
44,Self-emp-inc,56651,Some-college,10,Married-civ-spouse,Exec-managerial,Husband,White,Male,7688,0,45,United-States,1
46,Private,164682,Assoc-voc,11,Separated,Prof-specialty,Not-in-family,White,Male,0,0,40,United-States,0
28,Private,65171,Some-college,10,Married-civ-spouse,Tech-support,Husband,White,Male,0,0,70,United-States,0
53,Local-gov,99064,9th,5,Married-civ-spouse,Craft-repair,Husband,White,Male,0,0,40,United-States,0
53,Private,149784,HS-grad,9,Married-civ-spouse,Machine-op-inspct,Husband,White,Male,0,0,40,United-States,0
25,Private,177147,Some-college,10,Never-married,Handlers-cleaners,Not-in-family,White,Male,0,0,40,United-States,0
36,Self-emp-not-inc,48093,Some-college,10,Married-civ-spouse,Sales,Husband,White,Male,0,0,92,United-States,0
28,Private,115945,Doctorate,16,Never-married,Adm-clerical,Own-child,White,Male,0,0,18,United-States,0
83,Self-emp-inc,272248,HS-grad,9,Divorced,Sales,Not-in-family,White,Male,0,0,20,United-States,0
27,Private,176972,Assoc-voc,11,Never-married,Craft-repair,Not-in-family,White,Male,0,0,40,United-States,0
51,Local-gov,264457,11th,7,Married-civ-spouse,Handlers-cleaners,Husband,Black,Male,0,0,40,United-States,0
17,Private,29571,12th,8,Never-married,Handlers-cleaners,Own-child,White,Male,0,0,15,United-States,0
52,Local-gov,255927,Some-college,10,Widowed,Adm-clerical,Not-in-family,White,Female,0,0,24,United-States,0
29,Private,253262,Some-college,10,Never-married,Craft-repair,Not-in-family,White,Female,0,0,40,United-States,0
20,Private,158206,Some-college,10,Never-married,Sales,Not-in-family,White,Male,0,0,30,United-States,0
53,Private,89400,Some-college,10,Widowed,Exec-managerial,Unmarried,White,Female,0,0,40,United-States,0
22,Private,268145,Bachelors,13,Never-married,Sales,Not-in-family,White,Female,0,0,40,United-States,0
56,Private,104842,Bachelors,13,Divorced,Prof-specialty,Unmarried,Black,Female,0,0,50,Other,0
29,Private,259226,11th,7,Never-married,Machine-op-inspct,Own-child,White,Male,0,0,48,United-States,0
62,Local-gov,136787,HS-grad,9,Divorced,Transport-moving,Other-relative,White,Male,0,0,40,United-States,0
26,Private,266022,Some-college,10,Married-civ-spouse,Sales,Husband,White,Male,0,0,50,United-States,0
55,Private,101468,HS-grad,9,Married-civ-spouse,Craft-repair,Husband,White,Male,3103,0,40,United-States,1
53,Self-emp-not-inc,257126,12th,8,Married-civ-spouse,Craft-repair,Husband,White,Male,0,0,45,United-States,0
44,Local-gov,124924,Assoc-voc,11,Never-married,Craft-repair,Not-in-family,White,Male,0,0,44,United-States,0
46,Private,109227,Some-college,10,Divorced,Exec-managerial,Unmarried,White,Female,0,0,70,United-States,0
61,Self-emp-inc,253101,Some-college,10,Widowed,Sales,Not-in-family,White,Female,0,0,20,United-States,0
33,Private,251120,Bachelors,13,Married-civ-spouse,Sales,Husband,White,Male,7688,0,50,United-States,1
41,Local-gov,213019,Masters,14,Divorced,Prof-specialty,Unmarried,White,Female,0,0,40,United-States,0
33,Private,168981,Assoc-voc,11,Never-married,Prof-specialty,Unmarried,White,Female,0,0,55,United-States,0
31,Private,139753,Bachelors,13,Married-spouse-absent,Adm-clerical,Not-in-family,White,Female,0,0,40,United-States,0
35,Private,103986,Assoc-voc,11,Married-civ-spouse,Tech-support,Husband,White,Male,0,0,40,United-States,1
23,Private,162945,HS-grad,9,Married-civ-spouse,Sales,Husband,White,Male,0,2377,40,United-States,0
55,Private,193130,HS-grad,9,Married-civ-spouse,Handlers-cleaners,Husband,White,Male,0,1887,40,United-States,1
38,Private,218729,HS-grad,9,Divorced,Other-service,Not-in-family,White,Female,0,0,25,United-States,0
63,Private,219540,HS-grad,9,Divorced,Craft-repair,Not-in-family,White,Female,0,0,40,United-States,0
44,Private,225879,Some-college,10,Married-civ-spouse,Adm-clerical,Wife,Other,Female,0,0,30,Mexico,1
25,Private,236267,HS-grad,9,Married-civ-spouse,Handlers-cleaners,Husband,White,Male,0,0,40,United-States,0
25,Private,292058,HS-grad,9,Never-married,Other-service,Other-relative,White,Male,0,0,30,United-States,0
22,Private,316509,HS-grad,9,Never-married,Craft-repair,Not-in-family,White,Male,0,0,50,United-States,0
23,Private,214542,Some-college,10,Never-married,Farming-fishing,Own-child,White,Male,0,0,40,United-States,0
30,Private,323069,Bachelors,13,Never-married,Sales,Not-in-family,White,Female,0,0,40,United-States,0
43,Local-gov,196308,HS-grad,9,Divorced,Exec-managerial,Unmarried,Amer-Indian-Eskimo,Female,0,0,40,United-States,0
22,Private,234474,Some-college,10,Never-married,Adm-clerical,Own-child,Black,Female,0,0,25,United-States,0
55,Local-gov,107308,Masters,14,Married-civ-spouse,Prof-specialty,Husband,White,Male,0,0,40,United-States,1
53,Self-emp-not-inc,145419,Primary,2,Married-civ-spouse,Exec-managerial,Husband,White,Male,7688,0,67,Other,1
54,Private,319697,Some-college,10,Married-civ-spouse,Prof-specialty,Wife,White,Female,0,0,40,United-States,0
32,Private,27882,Some-college,10,Never-married,Machine-op-inspct,Other-relative,White,Female,0,2205,40,Other,0
43,Private,253759,HS-grad,9,Divorced,Adm-clerical,Unmarried,Black,Female,0,0,45,United-States,0
22,Private,615367,Bachelors,13,Never-married,Sales,Not-in-family,White,Female,0,0,60,United-States,0
37,Private,167415,Prof-school,15,Married-civ-spouse,Prof-specialty,Husband,White,Male,0,0,60,United-States,1
28,Self-emp-not-inc,51461,HS-grad,9,Married-civ-spouse,Farming-fishing,Husband,White,Male,0,0,40,United-States,0
27,Private,38918,HS-grad,9,Never-married,Transport-moving,Not-in-family,White,Male,0,1876,75,United-States,0
23,Self-emp-not-inc,174714,10th,6,Never-married,Craft-repair,Not-in-family,White,Male,0,0,60,United-States,0
17,Private,152652,11th,7,Never-married,Handlers-cleaners,Own-child,White,Male,0,0,25,United-States,0
46,Local-gov,33373,Bachelors,13,Divorced,Prof-specialty,Unmarried,White,Female,0,0,40,United-States,0
38,Private,260997,Some-college,10,Married-civ-spouse,Machine-op-inspct,Husband,Black,Male,0,0,40,United-States,0
23,Private,102942,Bachelors,13,Never-married,Prof-specialty,Own-child,White,Female,0,2258,40,United-States,1
33,Self-emp-not-inc,192256,Bachelors,13,Married-civ-spouse,Craft-repair,Husband,White,Male,0,0,50,United-States,0
20,Private,266467,HS-grad,9,Married-civ-spouse,Craft-repair,Husband,White,Male,0,0,40,United-States,0
33,Private,295589,Bachelors,13,Never-married,Prof-specialty,Not-in-family,Black,Male,0,0,50,United-States,1
31,Private,56510,Some-college,10,Married-civ-spouse,Craft-repair,Husband,Asian-Pac-Islander,Male,0,0,40,United-States,0
49,Private,240841,7th-8th,4,Divorced,Other-service,Unmarried,White,Female,0,0,35,United-States,0
59,Private,176647,HS-grad,9,Married-civ-spouse,Craft-repair,Husband,White,Male,0,0,40,United-States,1
47,Local-gov,81654,Some-college,10,Divorced,Exec-managerial,Not-in-family,White,Male,0,0,56,United-States,1
31,Private,111363,Bachelors,13,Never-married,Exec-managerial,Not-in-family,White,Male,0,0,40,United-States,0
21,Private,82497,Some-college,10,Never-married,Other-service,Not-in-family,White,Female,0,0,30,United-States,0
79,Private,172220,7th-8th,4,Widowed,Priv-house-serv,Not-in-family,White,Female,2964,0,30,United-States,0
60,Private,163729,HS-grad,9,Divorced,Tech-support,Unmarried,White,Female,2597,0,40,United-States,0
34,Self-emp-inc,202450,HS-grad,9,Married-civ-spouse,Craft-repair,Husband,White,Male,0,0,50,United-States,0
60,Private,101096,Doctorate,16,Never-married,Prof-specialty,Not-in-family,White,Female,0,0,65,United-States,1
39,Private,236391,HS-grad,9,Married-civ-spouse,Transport-moving,Husband,White,Male,0,0,50,United-States,1
21,Private,308237,Primary,3,Married-civ-spouse,Handlers-cleaners,Husband,White,Male,0,0,40,Mexico,0
46,Private,185847,HS-grad,9,Divorced,Transport-moving,Not-in-family,White,Male,0,0,54,United-States,0
25,Self-emp-inc,148888,HS-grad,9,Married-civ-spouse,Exec-managerial,Husband,White,Male,0,0,60,United-States,1
23,Local-gov,324637,Some-college,10,Never-married,Adm-clerical,Not-in-family,White,Male,0,0,30,United-States,0
29,Private,119004,HS-grad,9,Married-civ-spouse,Adm-clerical,Wife,White,Female,0,2179,40,United-States,0
58,Self-emp-inc,190763,Bachelors,13,Married-civ-spouse,Prof-specialty,Husband,White,Male,0,0,40,United-States,1
23,Private,99543,12th,8,Never-married,Transport-moving,Not-in-family,White,Male,0,0,46,United-States,0
26,Private,154785,Some-college,10,Married-spouse-absent,Adm-clerical,Own-child,Other,Female,0,0,35,United-States,0
21,Private,213041,HS-grad,9,Never-married,Adm-clerical,Own-child,White,Female,0,0,40,Other,0
67,Private,118363,Bachelors,13,Divorced,Exec-managerial,Not-in-family,White,Female,0,2206,5,United-States,0
38,Self-emp-inc,299036,Bachelors,13,Married-civ-spouse,Sales,Husband,White,Male,0,0,55,United-States,1
21,Private,232591,HS-grad,9,Never-married,Adm-clerical,Own-child,White,Male,0,0,40,United-States,0
36,Self-emp-not-inc,89622,HS-grad,9,Married-civ-spouse,Craft-repair,Husband,White,Male,0,0,80,United-States,1
35,Private,105821,HS-grad,9,Married-civ-spouse,Exec-managerial,Husband,White,Male,5178,0,40,United-States,1
48,Private,173243,Doctorate,16,Married-civ-spouse,Prof-specialty,Husband,White,Male,0,0,45,United-States,1
49,Private,265295,HS-grad,9,Never-married,Craft-repair,Not-in-family,White,Male,0,0,40,United-States,0
46,Private,110171,Some-college,10,Married-civ-spouse,Craft-repair,Husband,White,Male,7688,0,40,United-States,1
35,Private,183892,10th,6,Married-civ-spouse,Craft-repair,Husband,White,Male,0,0,40,United-States,0
63,Self-emp-not-inc,404547,HS-grad,9,Married-civ-spouse,Craft-repair,Husband,White,Male,0,0,30,United-States,0
35,Private,224512,Masters,14,Married-civ-spouse,Sales,Husband,White,Male,0,0,55,United-States,1
39,Private,194287,7th-8th,4,Never-married,Other-service,Own-child,White,Male,0,1602,35,United-States,0
44,Private,67065,Assoc-voc,11,Never-married,Priv-house-serv,Not-in-family,White,Male,594,0,25,United-States,0
41,Private,204235,Assoc-voc,11,Married-civ-spouse,Sales,Husband,White,Male,0,0,40,United-States,1
44,Private,377018,Assoc-voc,11,Married-civ-spouse,Craft-repair,Husband,White,Male,0,0,40,United-States,1
42,Local-gov,227890,Bachelors,13,Married-civ-spouse,Exec-managerial,Husband,White,Male,0,1485,40,United-States,0
52,Self-emp-inc,114758,Bachelors,13,Married-civ-spouse,Sales,Husband,White,Male,15024,0,50,United-States,1
60,Self-emp-not-inc,135285,Masters,14,Married-civ-spouse,Prof-specialty,Husband,White,Male,0,0,40,United-States,0
54,Private,97778,7th-8th,4,Married-civ-spouse,Craft-repair,Husband,White,Male,0,0,40,United-States,0
36,State-gov,223020,Some-college,10,Divorced,Other-service,Unmarried,Black,Female,0,0,20,United-States,0
35,Private,193241,Some-college,10,Married-civ-spouse,Adm-clerical,Husband,White,Male,0,0,38,United-States,0
48,Private,159726,HS-grad,9,Married-civ-spouse,Transport-moving,Husband,White,Male,0,0,55,United-States,1
35,Private,202397,Bachelors,13,Married-civ-spouse,Craft-repair,Husband,Asian-Pac-Islander,Male,0,0,40,Philippines,1
22,Private,52596,Some-college,10,Never-married,Sales,Own-child,White,Male,0,0,8,United-States,0
59,State-gov,132717,10th,6,Married-civ-spouse,Farming-fishing,Husband,White,Male,0,0,40,United-States,0
52,Private,138944,11th,7,Married-civ-spouse,Craft-repair,Husband,White,Male,0,0,40,United-States,1
42,Private,106698,Some-college,10,Divorced,Other-service,Unmarried,White,Female,0,0,32,United-States,0
66,Private,214469,HS-grad,9,Widowed,Adm-clerical,Not-in-family,White,Female,0,0,13,United-States,0
50,Federal-gov,65160,Bachelors,13,Married-civ-spouse,Exec-managerial,Husband,White,Male,0,0,40,United-States,0
70,Self-emp-inc,272896,Doctorate,16,Married-civ-spouse,Exec-managerial,Husband,White,Male,0,0,40,United-States,1
46,Private,403911,HS-grad,9,Married-civ-spouse,Craft-repair,Husband,Black,Male,0,1902,40,United-States,1
20,Private,249543,Some-college,10,Never-married,Protective-serv,Own-child,White,Female,0,0,16,United-States,0
46,Local-gov,230979,Bachelors,13,Divorced,Prof-specialty,Not-in-family,White,Female,4787,0,25,United-States,1
50,Private,38310,7th-8th,4,Divorced,Other-service,Other-relative,White,Female,0,0,40,United-States,0
24,Private,187937,Bachelors,13,Never-married,Prof-specialty,Unmarried,White,Female,0,0,40,United-States,0
60,Private,96099,Some-college,10,Married-civ-spouse,Sales,Husband,White,Male,0,0,40,United-States,1
39,Private,409189,Primary,3,Married-civ-spouse,Other-service,Husband,White,Male,0,0,40,Mexico,0
21,State-gov,184678,Some-college,10,Never-married,Adm-clerical,Own-child,White,Female,0,0,35,United-States,0
47,Private,387468,Some-college,10,Married-civ-spouse,Prof-specialty,Husband,White,Male,0,0,40,Other,1
32,Private,317809,Bachelors,13,Married-civ-spouse,Exec-managerial,Husband,White,Male,4064,0,50,United-States,0
50,Private,410186,HS-grad,9,Married-civ-spouse,Craft-repair,Husband,White,Male,0,0,40,United-States,0
19,Self-emp-not-inc,100999,11th,7,Never-married,Adm-clerical,Own-child,White,Female,0,0,30,United-States,0
61,Private,72442,11th,7,Married-civ-spouse,Other-service,Husband,White,Male,0,0,40,United-States,1
29,Local-gov,419722,Assoc-acdm,12,Never-married,Adm-clerical,Not-in-family,White,Male,3674,0,40,United-States,0
50,Self-emp-not-inc,30731,Assoc-voc,11,Never-married,Other-service,Not-in-family,White,Male,0,0,50,United-States,0
36,Local-gov,251091,Some-college,10,Married-civ-spouse,Protective-serv,Husband,White,Male,0,0,40,United-States,1
24,Private,59146,HS-grad,9,Separated,Sales,Unmarried,White,Female,0,0,48,United-States,0
49,Federal-gov,118701,HS-grad,9,Divorced,Adm-clerical,Unmarried,Black,Female,0,0,40,United-States,0
44,Local-gov,68318,Masters,14,Never-married,Prof-specialty,Own-child,White,Female,0,0,55,United-States,0
42,Private,306496,HS-grad,9,Married-civ-spouse,Other-service,Husband,White,Male,0,0,40,United-States,0
17,Private,53367,9th,5,Never-married,Other-service,Own-child,White,Female,0,0,35,United-States,0
46,Self-emp-not-inc,95256,HS-grad,9,Divorced,Transport-moving,Not-in-family,White,Male,0,0,50,United-States,0
57,Self-emp-inc,199768,HS-grad,9,Married-civ-spouse,Sales,Husband,White,Male,0,1902,30,United-States,1
17,Private,93235,12th,8,Never-married,Other-service,Own-child,White,Female,0,1721,25,United-States,0
34,State-gov,177331,Some-college,10,Married-civ-spouse,Prof-specialty,Husband,Black,Male,4386,0,40,United-States,1
32,Local-gov,235109,Bachelors,13,Married-civ-spouse,Adm-clerical,Wife,White,Female,0,0,40,United-States,0
43,Federal-gov,114537,Bachelors,13,Married-civ-spouse,Prof-specialty,Husband,White,Male,0,0,40,United-States,0
37,Private,405644,Primary,2,Married-spouse-absent,Farming-fishing,Other-relative,White,Male,0,0,77,Mexico,0
57,Private,173090,HS-grad,9,Widowed,Sales,Unmarried,White,Female,0,0,32,United-States,0
35,Private,240467,HS-grad,9,Married-spouse-absent,Adm-clerical,Unmarried,Black,Female,0,0,40,United-States,0
57,Federal-gov,140711,Bachelors,13,Married-civ-spouse,Prof-specialty,Husband,White,Male,0,0,40,United-States,1
52,Private,195635,HS-grad,9,Married-civ-spouse,Machine-op-inspct,Husband,White,Male,0,2051,38,United-States,0
50,Self-emp-inc,175070,Prof-school,15,Married-civ-spouse,Prof-specialty,Husband,White,Male,0,0,45,United-States,1
22,Private,203182,Some-college,10,Separated,Sales,Unmarried,White,Female,0,0,43,United-States,0
27,Local-gov,151626,HS-grad,9,Never-married,Prof-specialty,Own-child,Black,Female,0,0,40,United-States,0
25,Private,197303,Bachelors,13,Never-married,Prof-specialty,Own-child,White,Female,0,0,40,United-States,0
45,Private,138626,Assoc-voc,11,Divorced,Exec-managerial,Not-in-family,White,Male,2174,0,50,United-States,0
71,Private,149040,12th,8,Never-married,Other-service,Not-in-family,White,Female,0,0,40,United-States,0
44,Private,320984,Bachelors,13,Married-civ-spouse,Sales,Husband,White,Male,0,0,60,United-States,1
42,Local-gov,182302,HS-grad,9,Married-civ-spouse,Craft-repair,Husband,White,Male,0,0,40,United-States,0
51,Federal-gov,217647,Some-college,10,Divorced,Prof-specialty,Not-in-family,Black,Female,0,0,40,United-States,0
37,Private,46385,HS-grad,9,Married-civ-spouse,Machine-op-inspct,Husband,White,Male,0,0,40,United-States,0
50,Private,138852,Masters,14,Married-civ-spouse,Exec-managerial,Husband,White,Male,15024,0,50,United-States,1
47,State-gov,306473,Assoc-acdm,12,Married-civ-spouse,Transport-moving,Husband,White,Male,0,0,40,United-States,0
33,Private,106976,HS-grad,9,Divorced,Other-service,Unmarried,White,Female,0,0,40,United-States,0
46,Private,185385,HS-grad,9,Married-civ-spouse,Sales,Husband,White,Male,0,0,65,United-States,1
41,Private,187802,Some-college,10,Divorced,Tech-support,Not-in-family,White,Male,0,0,50,United-States,0
24,Private,97212,Assoc-acdm,12,Married-civ-spouse,Adm-clerical,Wife,White,Female,0,0,40,United-States,0
40,Private,47902,HS-grad,9,Married-civ-spouse,Exec-managerial,Husband,White,Male,0,0,40,United-States,0
18,Local-gov,159032,7th-8th,4,Never-married,Farming-fishing,Own-child,White,Male,0,0,40,United-States,0
24,Private,229553,HS-grad,9,Never-married,Other-service,Own-child,Black,Female,0,0,20,Other,0
24,State-gov,155775,HS-grad,9,Married-civ-spouse,Tech-support,Husband,White,Male,0,0,40,United-States,0
33,Private,232356,HS-grad,9,Married-civ-spouse,Sales,Husband,White,Male,0,1672,55,United-States,0
31,Private,113364,Assoc-acdm,12,Married-civ-spouse,Machine-op-inspct,Husband,White,Male,0,0,20,United-States,0
26,Private,213385,Some-college,10,Never-married,Other-service,Not-in-family,White,Male,0,0,20,United-States,0
51,Private,104748,Some-college,10,Married-civ-spouse,Exec-managerial,Husband,White,Male,0,0,45,United-States,0
32,Local-gov,144949,HS-grad,9,Married-civ-spouse,Protective-serv,Husband,White,Male,0,0,40,United-States,0
35,Private,186934,Bachelors,13,Married-civ-spouse,Sales,Husband,White,Male,0,0,50,United-States,1
26,Private,102476,Bachelors,13,Never-married,Prof-specialty,Own-child,White,Male,10520,0,64,United-States,1
56,Federal-gov,156842,Some-college,10,Separated,Other-service,Not-in-family,Black,Male,0,0,40,United-States,0
34,Federal-gov,199934,Some-college,10,Married-civ-spouse,Adm-clerical,Husband,Black,Male,0,0,40,United-States,1
23,Private,272185,Assoc-voc,11,Never-married,Craft-repair,Own-child,White,Male,0,0,33,United-States,0
36,Private,220696,HS-grad,9,Divorced,Machine-op-inspct,Not-in-family,White,Male,0,0,40,United-States,0
30,Private,32008,Bachelors,13,Never-married,Tech-support,Not-in-family,White,Female,0,0,72,United-States,0
44,Private,221172,HS-grad,9,Never-married,Craft-repair,Not-in-family,White,Male,0,0,30,United-States,0
29,Self-emp-not-inc,116207,HS-grad,9,Married-civ-spouse,Prof-specialty,Husband,White,Male,0,0,65,United-States,1
55,Private,342121,Some-college,10,Married-civ-spouse,Tech-support,Husband,White,Male,0,0,40,United-States,0
52,Private,98588,HS-grad,9,Married-civ-spouse,Craft-repair,Husband,White,Male,0,0,40,United-States,0
30,Private,142977,Some-college,10,Divorced,Craft-repair,Not-in-family,White,Male,0,0,65,United-States,0
52,Self-emp-not-inc,189216,HS-grad,9,Divorced,Transport-moving,Not-in-family,White,Male,0,0,65,United-States,0
40,Private,286750,11th,7,Separated,Machine-op-inspct,Not-in-family,Black,Male,0,0,36,United-States,0
20,Private,147884,HS-grad,9,Never-married,Adm-clerical,Own-child,White,Female,0,0,40,United-States,0
41,Local-gov,107327,Assoc-voc,11,Divorced,Prof-specialty,Unmarried,White,Female,0,0,40,United-States,0
60,Private,226949,HS-grad,9,Divorced,Adm-clerical,Unmarried,White,Female,0,0,37,United-States,0
21,Private,221955,9th,5,Never-married,Handlers-cleaners,Other-relative,White,Male,0,0,40,Mexico,0
26,Self-emp-not-inc,253899,Bachelors,13,Divorced,Sales,Not-in-family,White,Male,0,0,40,United-States,0
31,Private,90668,10th,6,Never-married,Other-service,Not-in-family,White,Female,0,0,40,United-States,0
29,Private,145011,Some-college,10,Never-married,Craft-repair,Own-child,White,Male,0,0,40,United-States,0
24,Private,52028,Primary,2,Married-civ-spouse,Other-service,Own-child,Asian-Pac-Islander,Female,0,0,5,Other,0
31,Private,145791,Assoc-voc,11,Divorced,Tech-support,Unmarried,White,Female,0,0,40,United-States,0
35,Private,184655,11th,7,Divorced,Transport-moving,Not-in-family,White,Male,0,0,50,United-States,0
23,Private,283796,12th,8,Never-married,Machine-op-inspct,Other-relative,White,Male,0,0,30,Mexico,0
35,Private,65876,HS-grad,9,Married-civ-spouse,Craft-repair,Husband,White,Male,0,0,40,United-States,0
43,Private,154076,Some-college,10,Married-civ-spouse,Handlers-cleaners,Husband,White,Male,0,0,40,United-States,1
70,Private,280307,Bachelors,13,Married-civ-spouse,Exec-managerial,Husband,White,Male,0,0,20,Other,0
76,Local-gov,259612,HS-grad,9,Married-civ-spouse,Protective-serv,Husband,White,Male,0,0,15,United-States,0
38,Federal-gov,172571,Some-college,10,Divorced,Adm-clerical,Not-in-family,White,Male,0,0,40,United-States,1
22,Private,88126,Bachelors,13,Never-married,Exec-managerial,Own-child,White,Male,0,0,40,United-States,0
54,Private,179291,Some-college,10,Married-civ-spouse,Prof-specialty,Husband,Black,Male,0,0,56,Other,1
58,Private,247276,7th-8th,4,Widowed,Other-service,Not-in-family,Other,Female,0,0,30,United-States,0
34,Private,213887,Some-college,10,Married-civ-spouse,Craft-repair,Husband,White,Male,0,0,40,United-States,0
63,Self-emp-inc,110610,10th,6,Married-civ-spouse,Farming-fishing,Husband,White,Male,0,0,50,United-States,0
45,Private,55720,Bachelors,13,Married-civ-spouse,Prof-specialty,Husband,White,Male,0,0,40,United-States,1
37,Private,360743,Some-college,10,Married-civ-spouse,Craft-repair,Husband,Black,Male,0,0,40,United-States,0
27,Private,197905,Some-college,10,Married-civ-spouse,Other-service,Husband,White,Male,0,0,40,United-States,0
17,Private,25051,10th,6,Never-married,Other-service,Own-child,White,Male,0,0,16,United-States,0
33,Private,283921,Some-college,10,Married-civ-spouse,Craft-repair,Husband,White,Male,0,0,40,United-States,0
58,Private,147707,HS-grad,9,Married-civ-spouse,Exec-managerial,Husband,White,Male,15024,0,60,United-States,1
42,State-gov,345969,Bachelors,13,Married-civ-spouse,Exec-managerial,Husband,White,Male,0,0,48,United-States,1
29,Private,143582,HS-grad,9,Married-civ-spouse,Adm-clerical,Wife,Asian-Pac-Islander,Female,0,0,35,Other,0
44,Private,291568,HS-grad,9,Married-civ-spouse,Farming-fishing,Husband,Other,Male,0,0,40,United-States,0
61,Private,95929,9th,5,Divorced,Other-service,Not-in-family,White,Male,0,0,40,United-States,0
33,Private,220362,Assoc-voc,11,Married-civ-spouse,Transport-moving,Husband,White,Male,0,0,84,United-States,1
23,Private,167424,Some-college,10,Never-married,Other-service,Own-child,White,Female,0,0,35,United-States,0
65,Private,105252,HS-grad,9,Married-civ-spouse,Tech-support,Husband,White,Male,0,0,40,United-States,1
35,Private,167735,11th,7,Never-married,Craft-repair,Own-child,White,Male,6849,0,40,United-States,0
50,Private,146310,9th,5,Married-civ-spouse,Machine-op-inspct,Husband,White,Male,0,0,40,United-States,0
29,Private,137476,Bachelors,13,Married-civ-spouse,Prof-specialty,Wife,White,Female,0,0,35,United-States,1
20,Private,151780,Assoc-voc,11,Never-married,Sales,Not-in-family,Black,Female,0,0,35,United-States,0
38,State-gov,203628,Bachelors,13,Married-civ-spouse,Prof-specialty,Husband,White,Male,0,0,45,United-States,1
51,Self-emp-inc,183173,HS-grad,9,Married-civ-spouse,Exec-managerial,Husband,White,Male,0,0,70,United-States,1
42,Self-emp-not-inc,320744,HS-grad,9,Married-civ-spouse,Sales,Husband,White,Male,3908,0,45,United-States,0
33,Private,178449,Some-college,10,Never-married,Adm-clerical,Not-in-family,White,Male,0,0,49,United-States,0
27,Private,208249,HS-grad,9,Married-civ-spouse,Handlers-cleaners,Husband,White,Male,0,0,62,United-States,0
23,Private,198992,HS-grad,9,Never-married,Adm-clerical,Own-child,White,Female,0,0,35,United-States,0
41,Federal-gov,36651,Masters,14,Married-civ-spouse,Exec-managerial,Husband,White,Male,0,1848,40,United-States,1
41,Private,126622,11th,7,Divorced,Handlers-cleaners,Unmarried,White,Female,0,0,40,United-States,0
41,Private,174189,9th,5,Separated,Other-service,Not-in-family,White,Male,0,0,40,United-States,0
29,Federal-gov,41013,Prof-school,15,Never-married,Prof-specialty,Not-in-family,White,Female,0,0,55,United-States,0
50,Private,188186,Masters,14,Divorced,Sales,Not-in-family,White,Female,0,1590,45,United-States,0
26,Private,195555,Bachelors,13,Never-married,Sales,Not-in-family,White,Female,0,0,40,United-States,0
24,Private,196678,Primary,1,Never-married,Machine-op-inspct,Own-child,White,Female,0,0,30,United-States,0
62,Self-emp-inc,236096,HS-grad,9,Divorced,Exec-managerial,Not-in-family,Black,Male,0,0,40,United-States,0
37,Private,329980,Some-college,10,Married-civ-spouse,Craft-repair,Husband,White,Male,0,0,40,United-States,0
63,Private,206052,HS-grad,9,Married-civ-spouse,Craft-repair,Husband,White,Male,0,0,40,United-States,0
32,Private,118551,Masters,14,Never-married,Exec-managerial,Not-in-family,White,Female,0,0,45,United-States,1
31,Private,325658,HS-grad,9,Divorced,Craft-repair,Unmarried,White,Male,0,0,40,United-States,0
23,Private,203078,Bachelors,13,Never-married,Adm-clerical,Own-child,Black,Male,0,0,24,United-States,0
42,Private,210275,Masters,14,Divorced,Tech-support,Unmarried,Black,Female,4687,0,35,United-States,1
29,Private,157612,Bachelors,13,Never-married,Prof-specialty,Not-in-family,White,Female,14344,0,40,United-States,1
52,Self-emp-inc,89041,Masters,14,Married-civ-spouse,Exec-managerial,Husband,White,Male,15024,0,60,United-States,1
33,Private,69748,HS-grad,9,Married-civ-spouse,Exec-managerial,Wife,White,Female,0,0,40,United-States,0
29,Private,175738,Bachelors,13,Never-married,Exec-managerial,Not-in-family,White,Female,0,0,45,United-States,1
37,Self-emp-inc,188774,11th,7,Married-spouse-absent,Sales,Not-in-family,White,Male,0,0,60,Other,0
30,Private,33688,HS-grad,9,Never-married,Transport-moving,Unmarried,White,Female,0,1669,70,United-States,0
20,Private,117210,HS-grad,9,Never-married,Handlers-cleaners,Own-child,White,Male,0,0,40,United-States,0
44,Self-emp-not-inc,163985,Prof-school,15,Married-civ-spouse,Prof-specialty,Husband,White,Male,0,0,32,United-States,1
30,Private,197558,HS-grad,9,Married-civ-spouse,Handlers-cleaners,Husband,White,Male,0,0,40,United-States,0
45,Private,154308,Masters,14,Married-civ-spouse,Exec-managerial,Husband,Black,Male,0,0,40,United-States,1
38,Private,203169,Assoc-voc,11,Married-civ-spouse,Craft-repair,Husband,White,Male,0,0,50,United-States,1
29,Private,178778,Some-college,10,Never-married,Other-service,Not-in-family,White,Male,0,0,40,United-States,0
38,Private,179668,HS-grad,9,Married-civ-spouse,Protective-serv,Husband,White,Male,0,0,40,Other,0
33,Private,185336,Assoc-voc,11,Married-civ-spouse,Adm-clerical,Wife,Black,Female,0,0,40,United-States,0
21,Private,262819,Some-college,10,Never-married,Other-service,Not-in-family,White,Female,0,0,20,United-States,0
55,Private,76860,HS-grad,9,Married-civ-spouse,Other-service,Other-relative,Asian-Pac-Islander,Male,0,0,40,Philippines,0
20,Private,70076,Some-college,10,Never-married,Machine-op-inspct,Own-child,White,Female,0,0,40,United-States,0
43,Private,35824,Some-college,10,Separated,Prof-specialty,Unmarried,White,Female,0,0,40,United-States,0
26,Private,391349,Bachelors,13,Married-civ-spouse,Adm-clerical,Wife,White,Female,0,0,40,United-States,1
57,Private,178353,HS-grad,9,Married-civ-spouse,Craft-repair,Husband,White,Male,0,0,50,United-States,1
56,Private,179781,HS-grad,9,Married-civ-spouse,Exec-managerial,Husband,White,Male,0,0,40,United-States,1
37,Private,172232,HS-grad,9,Divorced,Other-service,Not-in-family,Black,Female,0,0,30,United-States,0
42,Private,109067,Bachelors,13,Separated,Tech-support,Not-in-family,White,Male,0,0,40,United-States,0
33,Private,142383,Assoc-acdm,12,Never-married,Sales,Not-in-family,Other,Male,0,0,36,United-States,0
20,Private,219262,11th,7,Never-married,Craft-repair,Not-in-family,White,Male,0,0,60,United-States,0
30,Private,104052,HS-grad,9,Never-married,Machine-op-inspct,Not-in-family,White,Male,0,1741,42,United-States,0
20,Private,68358,Some-college,10,Never-married,Adm-clerical,Own-child,White,Female,0,0,12,United-States,0
27,Private,214695,HS-grad,9,Never-married,Sales,Own-child,Black,Male,0,0,60,United-States,0
57,Self-emp-not-inc,35561,HS-grad,9,Married-civ-spouse,Farming-fishing,Husband,White,Male,0,0,60,United-States,1
35,Private,77820,Some-college,10,Married-civ-spouse,Craft-repair,Husband,White,Male,0,0,60,United-States,0
34,Private,58305,HS-grad,9,Married-civ-spouse,Craft-repair,Husband,White,Male,0,1573,40,United-States,0
23,Private,359759,HS-grad,9,Never-married,Craft-repair,Own-child,Asian-Pac-Islander,Male,0,0,40,Philippines,0
53,Private,48413,HS-grad,9,Married-civ-spouse,Craft-repair,Husband,White,Male,0,0,40,United-States,0
35,Private,287658,Some-college,10,Never-married,Adm-clerical,Unmarried,Black,Male,0,0,40,United-States,0
49,Private,31267,7th-8th,4,Married-civ-spouse,Craft-repair,Husband,White,Male,0,0,40,United-States,0
28,Private,250135,Some-college,10,Divorced,Exec-managerial,Not-in-family,White,Female,0,0,40,United-States,0
57,Private,141570,Masters,14,Married-civ-spouse,Exec-managerial,Husband,Black,Male,0,1977,40,United-States,1
42,Private,336891,Some-college,10,Divorced,Adm-clerical,Not-in-family,Black,Female,0,0,40,United-States,0
36,State-gov,205555,Prof-school,15,Divorced,Prof-specialty,Own-child,Asian-Pac-Islander,Female,0,0,40,Philippines,0
38,Self-emp-inc,187934,HS-grad,9,Married-civ-spouse,Other-service,Wife,White,Female,0,0,20,Other,0
40,Private,109762,Some-college,10,Divorced,Craft-repair,Unmarried,White,Male,0,0,40,United-States,0
50,Local-gov,46401,Bachelors,13,Divorced,Prof-specialty,Unmarried,White,Female,0,0,50,United-States,0
36,Self-emp-inc,180477,Some-college,10,Married-civ-spouse,Exec-managerial,Husband,White,Male,0,0,50,United-States,1
20,Private,181761,HS-grad,9,Never-married,Adm-clerical,Own-child,White,Female,0,0,40,United-States,0
45,Private,178922,9th,5,Never-married,Other-service,Not-in-family,White,Female,0,0,15,United-States,0
35,Private,388252,Assoc-voc,11,Married-civ-spouse,Adm-clerical,Husband,Black,Male,0,0,40,United-States,0
32,Private,317219,Masters,14,Never-married,Prof-specialty,Not-in-family,White,Female,0,1590,40,United-States,0
30,Private,161815,Some-college,10,Divorced,Other-service,Unmarried,White,Female,0,0,35,United-States,0
36,Private,109133,HS-grad,9,Married-civ-spouse,Craft-repair,Husband,White,Male,0,0,40,United-States,0
27,Private,198258,Bachelors,13,Never-married,Sales,Own-child,White,Male,0,0,35,United-States,0
56,Private,165315,10th,6,Married-civ-spouse,Craft-repair,Husband,White,Male,0,0,70,Other,0
38,Private,149018,HS-grad,9,Married-civ-spouse,Craft-repair,Husband,White,Male,0,0,40,United-States,0
44,Private,33521,Some-college,10,Married-civ-spouse,Exec-managerial,Husband,White,Male,0,0,40,United-States,1
53,State-gov,105728,HS-grad,9,Married-civ-spouse,Other-service,Wife,Amer-Indian-Eskimo,Female,0,0,28,United-States,1
48,Private,152915,Some-college,10,Never-married,Adm-clerical,Not-in-family,White,Female,0,0,40,United-States,0
26,Private,159759,Bachelors,13,Never-married,Other-service,Own-child,White,Male,0,0,40,United-States,0
42,Private,188808,Bachelors,13,Divorced,Adm-clerical,Unmarried,White,Male,0,0,30,United-States,0
56,Private,232139,HS-grad,9,Divorced,Transport-moving,Not-in-family,White,Male,0,0,40,United-States,0
27,Private,38606,Bachelors,13,Never-married,Sales,Not-in-family,White,Male,0,1504,45,United-States,0
52,Local-gov,84808,HS-grad,9,Divorced,Adm-clerical,Unmarried,Black,Female,0,0,40,United-States,0
45,Private,54260,Some-college,10,Divorced,Craft-repair,Unmarried,White,Male,0,0,99,United-States,0
90,Private,52386,Bachelors,13,Never-married,Prof-specialty,Not-in-family,Asian-Pac-Islander,Male,0,0,40,United-States,0
47,Private,191957,HS-grad,9,Married-civ-spouse,Sales,Husband,Black,Male,0,0,40,United-States,1
46,Private,167915,HS-grad,9,Married-civ-spouse,Craft-repair,Husband,White,Male,0,0,40,United-States,0
41,Private,45156,HS-grad,9,Never-married,Machine-op-inspct,Not-in-family,White,Male,2174,0,41,United-States,0
28,Private,233796,Some-college,10,Married-civ-spouse,Adm-clerical,Wife,White,Female,7298,0,32,United-States,1
34,Self-emp-not-inc,527162,Some-college,10,Married-civ-spouse,Exec-managerial,Husband,White,Male,0,0,30,United-States,0
45,Private,353012,HS-grad,9,Divorced,Transport-moving,Not-in-family,White,Male,0,0,40,United-States,0
56,Private,83922,Some-college,10,Married-civ-spouse,Craft-repair,Husband,White,Male,0,0,40,United-States,1
56,Self-emp-not-inc,346635,Masters,14,Divorced,Sales,Unmarried,White,Female,0,2339,60,United-States,0
61,Self-emp-not-inc,315977,HS-grad,9,Married-civ-spouse,Transport-moving,Husband,Black,Male,0,0,40,United-States,0
33,Local-gov,293063,Bachelors,13,Married-spouse-absent,Prof-specialty,Other-relative,Black,Male,0,0,40,Other,0
46,Private,166546,Some-college,10,Divorced,Adm-clerical,Not-in-family,White,Female,0,0,24,United-States,0
31,Private,416415,HS-grad,9,Separated,Adm-clerical,Not-in-family,White,Male,0,0,45,United-States,0
34,Private,422836,HS-grad,9,Divorced,Prof-specialty,Unmarried,White,Male,0,0,40,Mexico,0
68,Private,163346,HS-grad,9,Widowed,Machine-op-inspct,Not-in-family,White,Female,0,0,32,United-States,0
34,Private,113838,Some-college,10,Married-civ-spouse,Sales,Husband,White,Male,0,0,45,United-States,1
37,Private,67433,HS-grad,9,Married-civ-spouse,Adm-clerical,Wife,White,Female,0,0,40,United-States,1
50,Self-emp-not-inc,172281,HS-grad,9,Married-civ-spouse,Exec-managerial,Husband,White,Male,7688,0,50,United-States,1
39,Self-emp-not-inc,65738,Some-college,10,Married-civ-spouse,Other-service,Wife,White,Female,0,0,15,United-States,1
24,Private,229393,11th,7,Never-married,Farming-fishing,Unmarried,White,Male,2463,0,40,United-States,0
42,Self-emp-not-inc,175674,HS-grad,9,Married-civ-spouse,Sales,Husband,White,Male,0,0,60,United-States,0
31,Private,194901,HS-grad,9,Married-civ-spouse,Sales,Husband,White,Male,0,0,50,United-States,1
57,Local-gov,121111,HS-grad,9,Divorced,Adm-clerical,Unmarried,White,Female,0,0,40,United-States,0
37,Private,294919,Some-college,10,Divorced,Transport-moving,Not-in-family,White,Male,0,0,40,United-States,0
34,Private,305619,HS-grad,9,Married-civ-spouse,Craft-repair,Husband,White,Male,0,0,40,United-States,1
20,Private,173736,9th,5,Never-married,Machine-op-inspct,Own-child,White,Male,0,0,40,United-States,0
59,Local-gov,93211,Bachelors,13,Married-civ-spouse,Exec-managerial,Wife,White,Female,0,0,22,United-States,1
42,Private,208726,Some-college,10,Divorced,Exec-managerial,Unmarried,White,Female,0,0,45,United-States,0
46,Private,330416,Some-college,10,Married-civ-spouse,Adm-clerical,Husband,White,Male,0,0,40,United-States,0
56,Self-emp-not-inc,95763,HS-grad,9,Married-civ-spouse,Craft-repair,Husband,White,Male,0,0,55,United-States,0
42,Private,171841,Prof-school,15,Married-civ-spouse,Prof-specialty,Husband,White,Male,0,0,60,United-States,0
29,Private,146949,Assoc-voc,11,Married-civ-spouse,Prof-specialty,Husband,White,Male,0,0,43,United-States,0
21,Private,410439,Some-college,10,Never-married,Sales,Own-child,White,Male,0,0,24,United-States,0
34,Private,215047,Some-college,10,Never-married,Exec-managerial,Not-in-family,White,Male,0,0,45,United-States,0
17,Private,198146,11th,7,Never-married,Sales,Own-child,White,Female,0,0,16,United-States,0
45,Local-gov,192684,Some-college,10,Divorced,Adm-clerical,Unmarried,Black,Female,0,0,38,United-States,0
51,Self-emp-not-inc,246820,HS-grad,9,Married-civ-spouse,Craft-repair,Husband,White,Male,7298,0,48,United-States,1
60,Self-emp-inc,189098,HS-grad,9,Married-civ-spouse,Other-service,Husband,White,Male,0,0,40,United-States,0
39,Private,37314,Masters,14,Never-married,Exec-managerial,Not-in-family,White,Male,0,0,50,United-States,1
38,Private,103925,HS-grad,9,Married-civ-spouse,Adm-clerical,Wife,White,Female,0,0,40,United-States,1
19,Private,220819,HS-grad,9,Never-married,Farming-fishing,Own-child,White,Female,0,0,40,United-States,0
39,Private,216256,Bachelors,13,Married-civ-spouse,Exec-managerial,Husband,White,Male,0,0,60,Other,1
53,Private,200190,Some-college,10,Divorced,Craft-repair,Not-in-family,White,Male,0,0,40,United-States,1
19,Private,111232,12th,8,Never-married,Transport-moving,Own-child,White,Male,0,0,15,United-States,0
26,Private,212748,HS-grad,9,Married-civ-spouse,Transport-moving,Husband,White,Male,0,0,40,United-States,0
24,Private,306779,Some-college,10,Never-married,Sales,Not-in-family,White,Male,0,0,65,United-States,0
47,Local-gov,166863,HS-grad,9,Married-civ-spouse,Exec-managerial,Husband,White,Male,0,0,40,United-States,1
38,Private,112497,HS-grad,9,Never-married,Prof-specialty,Not-in-family,White,Male,0,0,40,United-States,1
31,Private,288983,Some-college,10,Never-married,Protective-serv,Not-in-family,White,Male,0,0,40,United-States,0
36,Self-emp-not-inc,175769,Prof-school,15,Married-civ-spouse,Craft-repair,Husband,White,Male,0,0,60,United-States,0
34,Private,177596,Assoc-voc,11,Married-civ-spouse,Exec-managerial,Wife,White,Female,0,0,40,Other,1
32,Local-gov,191731,Some-college,10,Never-married,Adm-clerical,Unmarried,Black,Female,0,0,40,United-States,0
29,Private,29361,HS-grad,9,Never-married,Other-service,Not-in-family,White,Female,0,0,38,United-States,0
33,Private,153588,HS-grad,9,Married-civ-spouse,Machine-op-inspct,Husband,White,Male,0,0,40,United-States,0
42,Private,174112,Masters,14,Never-married,Prof-specialty,Not-in-family,White,Female,0,0,40,United-States,0
24,Private,67804,HS-grad,9,Never-married,Other-service,Own-child,Black,Male,0,0,40,United-States,0
23,Private,113309,Some-college,10,Never-married,Transport-moving,Not-in-family,White,Male,0,0,40,United-States,0
37,Local-gov,48976,Bachelors,13,Never-married,Prof-specialty,Not-in-family,White,Female,4865,0,45,United-States,0
40,Private,180032,Masters,14,Never-married,Prof-specialty,Not-in-family,White,Female,0,1669,40,United-States,0
58,Private,136951,Bachelors,13,Married-civ-spouse,Adm-clerical,Husband,Asian-Pac-Islander,Male,0,0,40,Philippines,0
25,Private,103358,Some-college,10,Never-married,Machine-op-inspct,Own-child,White,Male,0,0,40,Other,0
47,Local-gov,126754,Masters,14,Married-civ-spouse,Prof-specialty,Husband,White,Male,0,0,40,United-States,1
57,Private,122497,9th,5,Widowed,Other-service,Unmarried,Black,Male,0,0,52,Other,0
60,State-gov,198815,Assoc-acdm,12,Married-civ-spouse,Prof-specialty,Husband,White,Male,0,0,20,Mexico,0
64,Private,22186,Some-college,10,Widowed,Tech-support,Not-in-family,White,Female,0,0,35,United-States,0
40,Private,83859,HS-grad,9,Widowed,Machine-op-inspct,Own-child,White,Female,0,0,30,United-States,0
41,Private,421837,HS-grad,9,Married-civ-spouse,Transport-moving,Husband,White,Male,0,0,40,United-States,0
38,Private,224566,Assoc-voc,11,Married-civ-spouse,Handlers-cleaners,Husband,White,Male,0,0,50,United-States,0
34,Private,351810,Bachelors,13,Never-married,Prof-specialty,Not-in-family,White,Female,0,0,45,Other,0
17,Private,54257,11th,7,Never-married,Adm-clerical,Own-child,White,Female,0,0,20,United-States,0
21,Private,184135,HS-grad,9,Never-married,Machine-op-inspct,Own-child,Black,Male,0,0,1,United-States,0
33,Self-emp-not-inc,24504,Some-college,10,Married-civ-spouse,Craft-repair,Husband,White,Male,0,0,60,United-States,0
59,Private,195820,HS-grad,9,Married-civ-spouse,Transport-moving,Husband,White,Male,0,0,40,United-States,1
41,Private,116103,Some-college,10,Never-married,Exec-managerial,Not-in-family,White,Male,0,0,50,United-States,0
47,Self-emp-inc,186410,Prof-school,15,Never-married,Other-service,Not-in-family,White,Male,0,0,60,United-States,1
34,Self-emp-not-inc,100079,Bachelors,13,Married-civ-spouse,Sales,Husband,Asian-Pac-Islander,Male,0,0,55,Other,0
49,Self-emp-not-inc,232664,Bachelors,13,Never-married,Exec-managerial,Own-child,White,Female,0,0,40,United-States,0
68,Private,170376,Bachelors,13,Married-civ-spouse,Exec-managerial,Husband,White,Male,0,0,40,United-States,1
56,Self-emp-not-inc,175964,Some-college,10,Divorced,Other-service,Not-in-family,White,Female,0,0,40,United-States,0
35,Private,105813,Bachelors,13,Married-civ-spouse,Prof-specialty,Husband,White,Male,0,0,48,United-States,1
39,Private,129495,Some-college,10,Separated,Adm-clerical,Unmarried,Black,Female,0,0,40,United-States,0
50,Private,43764,Doctorate,16,Married-civ-spouse,Prof-specialty,Husband,White,Male,15024,0,50,United-States,1
40,Private,89226,Bachelors,13,Married-civ-spouse,Sales,Husband,White,Male,0,0,40,United-States,1
20,Private,124751,Some-college,10,Never-married,Adm-clerical,Own-child,White,Female,0,0,24,United-States,0
48,Local-gov,144122,Masters,14,Divorced,Prof-specialty,Not-in-family,White,Female,0,0,40,United-States,1
21,State-gov,145651,Some-college,10,Never-married,Sales,Own-child,Black,Female,0,1602,12,United-States,0
41,Private,171351,Some-college,10,Married-civ-spouse,Craft-repair,Husband,White,Male,0,0,40,United-States,0
27,Private,106316,Prof-school,15,Divorced,Prof-specialty,Not-in-family,White,Female,0,0,12,United-States,0
37,Self-emp-not-inc,204501,Bachelors,13,Married-civ-spouse,Sales,Husband,White,Male,0,0,20,Other,1
41,Private,162140,HS-grad,9,Divorced,Craft-repair,Not-in-family,White,Male,0,2339,40,United-States,0
34,Private,69491,HS-grad,9,Married-civ-spouse,Other-service,Husband,White,Male,0,0,40,United-States,0
35,Private,190728,HS-grad,9,Divorced,Prof-specialty,Unmarried,White,Female,0,0,40,United-States,0
22,Private,59184,Assoc-acdm,12,Never-married,Adm-clerical,Not-in-family,White,Male,0,0,45,United-States,0
40,Self-emp-inc,225165,HS-grad,9,Married-civ-spouse,Exec-managerial,Husband,White,Male,0,0,40,United-States,0
27,Private,224105,HS-grad,9,Married-civ-spouse,Machine-op-inspct,Husband,White,Male,7298,0,40,United-States,1
20,Private,243010,HS-grad,9,Never-married,Machine-op-inspct,Other-relative,Other,Male,0,0,32,United-States,0
20,Private,148509,HS-grad,9,Never-married,Other-service,Not-in-family,White,Female,0,0,40,United-States,0
39,Private,106183,HS-grad,9,Divorced,Other-service,Unmarried,Amer-Indian-Eskimo,Female,6849,0,40,United-States,0
23,Private,122272,HS-grad,9,Never-married,Craft-repair,Own-child,White,Female,0,0,40,United-States,0
23,Private,134997,HS-grad,9,Divorced,Other-service,Unmarried,White,Female,0,0,80,United-States,0
28,Private,392487,HS-grad,9,Married-civ-spouse,Sales,Wife,White,Female,0,0,40,United-States,0
51,Private,173987,9th,5,Married-civ-spouse,Sales,Husband,White,Male,0,0,40,United-States,0
66,Self-emp-not-inc,427422,Doctorate,16,Married-civ-spouse,Sales,Husband,White,Male,0,2377,25,United-States,1
59,Self-emp-inc,103948,HS-grad,9,Married-civ-spouse,Sales,Husband,White,Male,0,0,60,United-States,1
38,Private,40319,Some-college,10,Divorced,Exec-managerial,Not-in-family,White,Female,0,0,42,United-States,0
17,Private,98675,9th,5,Never-married,Other-service,Unmarried,White,Female,0,0,20,United-States,0
39,Self-emp-not-inc,154641,HS-grad,9,Divorced,Farming-fishing,Not-in-family,White,Male,8614,0,50,United-States,1
21,Private,83704,12th,8,Married-civ-spouse,Craft-repair,Husband,White,Male,0,0,40,United-States,0
37,Private,292855,Assoc-voc,11,Married-civ-spouse,Prof-specialty,Wife,White,Female,0,1887,35,United-States,1
39,Private,284166,Bachelors,13,Married-civ-spouse,Prof-specialty,Husband,White,Male,0,1902,50,United-States,1
44,Self-emp-inc,357679,Bachelors,13,Married-civ-spouse,Farming-fishing,Husband,White,Male,15024,0,65,United-States,1
31,Federal-gov,101345,HS-grad,9,Never-married,Handlers-cleaners,Own-child,White,Female,0,0,40,United-States,0
36,Self-emp-inc,306156,Some-college,10,Married-civ-spouse,Sales,Husband,White,Male,15024,0,60,United-States,1
29,Private,144808,Some-college,10,Married-civ-spouse,Exec-managerial,Own-child,Black,Female,0,0,40,United-States,0
34,Private,144798,Some-college,10,Never-married,Adm-clerical,Not-in-family,White,Female,0,0,40,United-States,0
28,Private,207513,HS-grad,9,Never-married,Sales,Own-child,White,Male,0,0,48,United-States,0
37,Private,192939,Bachelors,13,Married-civ-spouse,Craft-repair,Husband,White,Male,0,0,40,United-States,1
25,Local-gov,249214,Some-college,10,Never-married,Adm-clerical,Unmarried,Black,Female,0,0,40,United-States,0
48,Private,102597,Some-college,10,Separated,Adm-clerical,Unmarried,White,Female,0,0,44,United-States,0
63,Self-emp-not-inc,28612,HS-grad,9,Widowed,Sales,Not-in-family,White,Male,0,0,70,United-States,0
26,Private,459548,HS-grad,9,Never-married,Handlers-cleaners,Not-in-family,White,Male,0,0,20,Mexico,0
39,Private,186130,Prof-school,15,Married-civ-spouse,Exec-managerial,Husband,White,Male,0,0,55,United-States,1
43,Private,143583,10th,6,Married-civ-spouse,Handlers-cleaners,Husband,Black,Male,0,0,40,United-States,0
56,State-gov,93415,HS-grad,9,Widowed,Adm-clerical,Unmarried,Asian-Pac-Islander,Female,0,0,40,United-States,0
58,Private,187067,Bachelors,13,Never-married,Prof-specialty,Not-in-family,White,Female,0,0,62,Other,0
76,Private,142535,HS-grad,9,Widowed,Adm-clerical,Not-in-family,White,Male,0,0,6,United-States,0
46,Local-gov,303918,HS-grad,9,Married-civ-spouse,Protective-serv,Husband,White,Male,7688,0,96,United-States,1
22,Private,81145,HS-grad,9,Never-married,Other-service,Not-in-family,White,Female,0,0,25,United-States,0
25,Private,248851,Bachelors,13,Never-married,Other-service,Own-child,White,Male,0,0,40,United-States,0
50,Self-emp-not-inc,29231,HS-grad,9,Married-civ-spouse,Exec-managerial,Husband,White,Male,0,0,45,United-States,1
41,Private,102085,HS-grad,9,Never-married,Machine-op-inspct,Unmarried,White,Female,0,0,40,United-States,0
65,Private,95303,HS-grad,9,Married-civ-spouse,Exec-managerial,Husband,White,Male,0,0,40,United-States,1
49,Private,155489,Masters,14,Married-civ-spouse,Prof-specialty,Husband,White,Male,0,0,50,United-States,1
24,Private,187551,Some-college,10,Never-married,Adm-clerical,Own-child,Black,Female,0,0,20,United-States,0
47,Local-gov,218596,Assoc-voc,11,Divorced,Adm-clerical,Not-in-family,White,Female,0,0,40,United-States,0
27,Local-gov,236472,Bachelors,13,Divorced,Prof-specialty,Other-relative,White,Female,0,0,40,United-States,0
37,Private,111499,Some-college,10,Never-married,Exec-managerial,Not-in-family,White,Female,0,0,40,United-States,0
41,Private,214242,Bachelors,13,Married-civ-spouse,Prof-specialty,Husband,White,Male,0,1887,40,United-States,1
72,Private,497280,9th,5,Widowed,Other-service,Unmarried,Black,Female,0,0,20,United-States,0
36,Private,133299,Assoc-voc,11,Married-civ-spouse,Craft-repair,Husband,White,Male,0,0,40,United-States,0
58,Federal-gov,200042,Some-college,10,Married-civ-spouse,Exec-managerial,Husband,White,Male,15024,0,40,United-States,1
41,State-gov,187322,Bachelors,13,Never-married,Prof-specialty,Not-in-family,White,Male,0,0,40,United-States,0
44,Private,173682,Some-college,10,Married-civ-spouse,Transport-moving,Husband,White,Male,0,0,40,United-States,0
27,Private,168470,Bachelors,13,Never-married,Exec-managerial,Not-in-family,White,Male,0,0,40,United-States,0
27,Private,186454,Bachelors,13,Never-married,Prof-specialty,Not-in-family,Asian-Pac-Islander,Male,13550,0,40,United-States,1
43,Private,183891,HS-grad,9,Divorced,Exec-managerial,Unmarried,White,Female,0,0,40,United-States,0
31,Private,150309,Doctorate,16,Married-civ-spouse,Prof-specialty,Wife,White,Female,0,0,90,United-States,0
40,Private,270147,Masters,14,Never-married,Exec-managerial,Not-in-family,White,Female,0,0,40,United-States,1
33,Private,618191,HS-grad,9,Never-married,Exec-managerial,Not-in-family,White,Female,0,0,40,United-States,0
19,Private,376683,Some-college,10,Never-married,Other-service,Unmarried,Black,Female,2036,0,30,United-States,0
30,Private,94245,Some-college,10,Married-civ-spouse,Handlers-cleaners,Husband,White,Male,0,0,40,United-States,0
60,Private,116707,Some-college,10,Married-civ-spouse,Sales,Husband,White,Male,7298,0,40,United-States,1
51,Private,178054,Some-college,10,Married-civ-spouse,Sales,Husband,White,Male,0,0,40,Other,1
18,Private,166889,Some-college,10,Never-married,Handlers-cleaners,Own-child,Black,Female,0,1602,35,United-States,0
24,Private,117789,Bachelors,13,Never-married,Exec-managerial,Own-child,White,Female,0,0,40,United-States,0
21,Private,238917,Primary,3,Married-civ-spouse,Other-service,Husband,White,Male,0,0,40,Mexico,0
30,Private,361742,Some-college,10,Married-civ-spouse,Exec-managerial,Husband,White,Male,0,0,50,United-States,0
30,Private,260782,HS-grad,9,Never-married,Craft-repair,Unmarried,White,Male,0,0,40,Other,0
51,Private,203435,HS-grad,9,Never-married,Handlers-cleaners,Own-child,White,Female,0,0,40,United-States,0
46,Private,87250,Bachelors,13,Separated,Tech-support,Unmarried,White,Female,0,0,40,United-States,0
34,Self-emp-inc,544268,HS-grad,9,Divorced,Sales,Not-in-family,White,Female,0,0,50,United-States,0
47,Private,145868,11th,7,Divorced,Other-service,Unmarried,Black,Female,0,0,40,United-States,0
22,Private,211678,HS-grad,9,Never-married,Handlers-cleaners,Own-child,White,Male,0,0,40,United-States,0
44,Private,267521,Bachelors,13,Divorced,Adm-clerical,Unmarried,White,Female,0,0,40,United-States,0
37,Private,126954,Bachelors,13,Married-civ-spouse,Exec-managerial,Husband,White,Male,0,0,50,United-States,1
51,Federal-gov,314007,HS-grad,9,Divorced,Exec-managerial,Not-in-family,White,Female,0,0,40,United-States,0
49,Private,138370,Masters,14,Married-spouse-absent,Protective-serv,Not-in-family,Asian-Pac-Islander,Male,0,0,40,Other,0
26,Private,151810,10th,6,Never-married,Farming-fishing,Not-in-family,Black,Male,0,0,40,United-States,0
29,Private,423024,Primary,3,Married-civ-spouse,Farming-fishing,Husband,White,Male,0,0,40,Mexico,0
42,Private,157425,Bachelors,13,Divorced,Exec-managerial,Unmarried,White,Female,0,0,45,United-States,0
32,Private,24961,Assoc-voc,11,Married-civ-spouse,Tech-support,Husband,White,Male,0,0,40,United-States,0
38,Self-emp-not-inc,58972,HS-grad,9,Married-civ-spouse,Exec-managerial,Husband,White,Male,0,0,50,United-States,0
36,Private,104858,Some-college,10,Married-civ-spouse,Farming-fishing,Husband,White,Male,0,0,56,United-States,1
41,Local-gov,195897,Masters,14,Married-civ-spouse,Prof-specialty,Husband,White,Male,0,0,60,United-States,0
62,Private,345780,Assoc-voc,11,Divorced,Other-service,Not-in-family,White,Male,0,0,40,United-States,0
41,Private,152636,HS-grad,9,Divorced,Craft-repair,Unmarried,White,Female,0,0,50,United-States,0
51,Private,134808,HS-grad,9,Separated,Handlers-cleaners,Unmarried,White,Female,0,0,40,United-States,0
27,Private,85625,HS-grad,9,Never-married,Other-service,Own-child,White,Male,0,0,22,United-States,0
60,Private,118197,Some-college,10,Married-civ-spouse,Craft-repair,Husband,White,Male,0,0,65,United-States,0
59,Private,174040,Some-college,10,Divorced,Prof-specialty,Unmarried,White,Male,0,0,40,United-States,0
64,State-gov,105748,HS-grad,9,Married-civ-spouse,Farming-fishing,Husband,White,Male,0,0,40,United-States,0
47,Self-emp-not-inc,235646,Masters,14,Married-civ-spouse,Prof-specialty,Husband,White,Male,0,0,40,United-States,1
32,Private,53277,Masters,14,Married-civ-spouse,Exec-managerial,Husband,White,Male,0,0,60,United-States,1
23,Private,293091,HS-grad,9,Never-married,Sales,Own-child,White,Male,0,0,30,United-States,0
19,Private,84610,Some-college,10,Never-married,Other-service,Own-child,White,Female,0,0,30,United-States,0
22,Private,385077,HS-grad,9,Never-married,Craft-repair,Own-child,White,Male,2907,0,40,United-States,0
35,Private,341643,Bachelors,13,Never-married,Sales,Not-in-family,White,Male,0,0,55,United-States,0
34,Private,205733,HS-grad,9,Never-married,Adm-clerical,Not-in-family,White,Female,0,0,40,United-States,0
19,Private,170720,HS-grad,9,Never-married,Sales,Own-child,White,Male,0,0,20,United-States,0
50,Private,206862,Masters,14,Married-civ-spouse,Exec-managerial,Husband,White,Male,0,0,65,United-States,1
20,Private,143062,Some-college,10,Never-married,Farming-fishing,Own-child,White,Male,0,0,40,United-States,0
46,Self-emp-not-inc,353012,Doctorate,16,Married-civ-spouse,Prof-specialty,Husband,White,Male,0,1902,50,United-States,1
52,Private,109413,HS-grad,9,Never-married,Sales,Not-in-family,White,Male,0,0,40,United-States,0
27,Private,176683,Assoc-voc,11,Married-civ-spouse,Other-service,Husband,White,Male,0,0,60,United-States,0
26,Private,104045,Bachelors,13,Never-married,Exec-managerial,Not-in-family,White,Female,0,0,40,United-States,0
32,Private,199416,Bachelors,13,Married-civ-spouse,Prof-specialty,Husband,White,Male,0,0,40,United-States,0
32,Local-gov,186784,Bachelors,13,Married-civ-spouse,Prof-specialty,Wife,White,Female,5013,0,45,United-States,0
39,Local-gov,327435,HS-grad,9,Divorced,Craft-repair,Unmarried,White,Female,0,0,40,United-States,0
38,Private,78247,Some-college,10,Married-civ-spouse,Exec-managerial,Husband,White,Male,0,0,40,United-States,0
57,Self-emp-not-inc,56480,HS-grad,9,Married-civ-spouse,Exec-managerial,Husband,White,Male,0,0,1,United-States,0
51,Private,159755,Bachelors,13,Married-civ-spouse,Exec-managerial,Husband,White,Male,7688,0,40,United-States,1
65,Private,398001,HS-grad,9,Widowed,Adm-clerical,Not-in-family,White,Female,0,0,20,United-States,0
22,Private,115244,Assoc-acdm,12,Married-civ-spouse,Prof-specialty,Wife,White,Female,0,0,40,United-States,0
19,Private,198459,HS-grad,9,Never-married,Adm-clerical,Own-child,White,Male,0,2001,40,United-States,0
52,Private,35305,7th-8th,4,Never-married,Other-service,Own-child,White,Female,0,0,7,United-States,0
31,Private,136651,HS-grad,9,Married-civ-spouse,Craft-repair,Husband,White,Male,0,0,40,Mexico,0
32,Private,195891,Assoc-acdm,12,Married-civ-spouse,Prof-specialty,Husband,White,Male,0,0,45,United-States,1
62,Private,132917,Some-college,10,Married-civ-spouse,Transport-moving,Husband,Black,Male,0,0,20,United-States,0
20,Private,71475,Some-college,10,Never-married,Adm-clerical,Own-child,White,Female,0,0,40,United-States,0
35,Private,225860,Assoc-voc,11,Married-civ-spouse,Craft-repair,Husband,White,Male,0,0,40,United-States,1
25,Self-emp-not-inc,368115,Bachelors,13,Never-married,Exec-managerial,Not-in-family,White,Male,13550,0,35,United-States,1
35,Private,77146,Bachelors,13,Married-civ-spouse,Sales,Husband,White,Male,0,0,45,United-States,1
33,Self-emp-not-inc,134886,Bachelors,13,Married-civ-spouse,Prof-specialty,Wife,White,Female,0,0,50,United-States,1
29,Private,349116,HS-grad,9,Separated,Sales,Unmarried,White,Female,0,0,25,United-States,0
26,Private,214637,HS-grad,9,Divorced,Other-service,Unmarried,White,Female,0,0,35,United-States,0
61,Private,241013,7th-8th,4,Widowed,Farming-fishing,Not-in-family,Black,Male,0,0,40,United-States,0
42,Self-emp-not-inc,185129,Prof-school,15,Married-civ-spouse,Prof-specialty,Husband,White,Male,0,1887,40,United-States,1
29,Private,192384,HS-grad,9,Never-married,Craft-repair,Not-in-family,White,Male,0,0,40,United-States,0
47,Private,278322,Some-college,10,Married-civ-spouse,Prof-specialty,Husband,White,Male,7688,0,40,United-States,1
23,Private,57827,Bachelors,13,Never-married,Farming-fishing,Not-in-family,White,Male,0,0,40,United-States,0
55,Local-gov,253062,Some-college,10,Married-civ-spouse,Prof-specialty,Husband,White,Male,0,0,40,United-States,1
32,Private,217304,Bachelors,13,Never-married,Protective-serv,Not-in-family,Black,Male,0,0,30,United-States,0
41,Private,149102,Bachelors,13,Married-civ-spouse,Exec-managerial,Husband,White,Male,0,0,60,United-States,1
40,Private,119225,Assoc-voc,11,Married-civ-spouse,Prof-specialty,Husband,White,Male,0,0,40,United-States,0
34,Private,48014,Bachelors,13,Separated,Exec-managerial,Not-in-family,White,Female,0,0,35,United-States,0
45,Private,473171,HS-grad,9,Married-civ-spouse,Craft-repair,Husband,White,Male,0,0,40,United-States,0
43,Private,236985,HS-grad,9,Married-civ-spouse,Craft-repair,Husband,Black,Male,0,0,40,United-States,0
35,Private,207568,10th,6,Never-married,Other-service,Own-child,White,Male,0,0,40,United-States,0
29,State-gov,271012,10th,6,Never-married,Other-service,Own-child,Black,Female,0,0,40,United-States,0
33,Private,284531,Bachelors,13,Never-married,Sales,Not-in-family,White,Female,0,0,40,United-States,0
26,Private,206307,HS-grad,9,Married-civ-spouse,Craft-repair,Husband,White,Male,0,0,40,United-States,1
49,Private,126754,Bachelors,13,Never-married,Exec-managerial,Not-in-family,White,Male,0,0,45,United-States,1
47,Private,267205,Assoc-voc,11,Married-civ-spouse,Craft-repair,Husband,White,Male,0,0,60,Other,1
30,Private,398662,HS-grad,9,Never-married,Machine-op-inspct,Own-child,White,Male,0,0,40,United-States,0
39,Private,341672,Assoc-voc,11,Married-civ-spouse,Tech-support,Husband,Asian-Pac-Islander,Male,0,0,40,Philippines,0
20,Private,250630,Some-college,10,Never-married,Sales,Not-in-family,White,Female,0,0,20,United-States,0
22,Private,175883,HS-grad,9,Never-married,Adm-clerical,Own-child,White,Female,0,0,40,United-States,0
62,Private,232308,Bachelors,13,Married-civ-spouse,Exec-managerial,Husband,White,Male,0,0,40,United-States,1
57,Private,78707,HS-grad,9,Never-married,Adm-clerical,Own-child,White,Female,0,0,40,United-States,0
19,Private,351802,HS-grad,9,Never-married,Machine-op-inspct,Own-child,White,Male,0,0,35,United-States,0
35,Self-emp-inc,175769,HS-grad,9,Married-civ-spouse,Sales,Husband,White,Male,0,0,65,United-States,1
29,State-gov,159782,Masters,14,Married-civ-spouse,Prof-specialty,Wife,White,Female,0,0,45,United-States,1
36,Private,187098,HS-grad,9,Divorced,Adm-clerical,Unmarried,White,Female,0,0,40,United-States,0
46,Private,117059,Assoc-voc,11,Married-civ-spouse,Transport-moving,Husband,Amer-Indian-Eskimo,Male,0,0,60,United-States,0
33,Private,134886,HS-grad,9,Never-married,Sales,Own-child,White,Female,0,0,20,United-States,0
22,Private,117363,Some-college,10,Never-married,Adm-clerical,Not-in-family,White,Female,0,0,35,United-States,0
38,Private,198170,Assoc-voc,11,Married-civ-spouse,Sales,Husband,White,Male,0,0,40,United-States,0
68,Private,117236,Bachelors,13,Married-civ-spouse,Exec-managerial,Husband,White,Male,20051,0,45,United-States,1
53,Private,113176,HS-grad,9,Divorced,Sales,Not-in-family,White,Female,2597,0,40,United-States,0
34,Private,179877,Some-college,10,Married-civ-spouse,Machine-op-inspct,Husband,White,Male,0,0,40,United-States,1
67,Private,336163,HS-grad,9,Married-civ-spouse,Handlers-cleaners,Husband,White,Male,0,0,24,United-States,0
57,Private,112840,Masters,14,Married-civ-spouse,Prof-specialty,Husband,White,Male,0,0,55,United-States,1
25,Self-emp-not-inc,259299,Some-college,10,Married-civ-spouse,Craft-repair,Husband,White,Male,3103,0,50,United-States,1
51,Private,162238,Masters,14,Married-civ-spouse,Exec-managerial,Husband,White,Male,0,1887,47,United-States,1
42,Private,433170,Some-college,10,Married-civ-spouse,Craft-repair,Husband,White,Male,0,0,60,United-States,1
51,Private,21698,HS-grad,9,Never-married,Adm-clerical,Not-in-family,White,Female,0,0,40,United-States,0
54,Private,288992,10th,6,Divorced,Prof-specialty,Unmarried,White,Male,14344,0,68,United-States,1
37,Self-emp-not-inc,188563,Some-college,10,Married-civ-spouse,Exec-managerial,Husband,White,Male,4386,0,50,United-States,1
42,Self-emp-not-inc,93853,Some-college,10,Married-civ-spouse,Craft-repair,Husband,White,Male,0,0,45,United-States,0
32,Private,184207,HS-grad,9,Divorced,Craft-repair,Not-in-family,White,Male,0,0,40,United-States,0
43,Private,196545,Bachelors,13,Married-civ-spouse,Machine-op-inspct,Husband,White,Male,0,1902,40,United-States,1
47,Private,144844,HS-grad,9,Married-civ-spouse,Craft-repair,Husband,White,Male,0,0,40,United-States,0
44,Local-gov,73199,Assoc-voc,11,Divorced,Tech-support,Unmarried,Asian-Pac-Islander,Male,0,0,40,United-States,0
18,Private,186954,11th,7,Never-married,Other-service,Own-child,White,Female,0,0,20,United-States,0
52,Private,162238,Bachelors,13,Married-civ-spouse,Prof-specialty,Husband,White,Male,0,0,38,United-States,1
31,Private,168782,HS-grad,9,Divorced,Handlers-cleaners,Not-in-family,White,Male,0,0,40,United-States,0
47,Private,266275,HS-grad,9,Divorced,Other-service,Unmarried,White,Female,0,0,40,United-States,0
45,Private,246392,HS-grad,9,Never-married,Priv-house-serv,Unmarried,Black,Female,0,0,30,United-States,0
61,Private,191417,9th,5,Widowed,Exec-managerial,Not-in-family,Black,Male,0,0,65,United-States,0
32,Private,232855,HS-grad,9,Never-married,Machine-op-inspct,Unmarried,Black,Female,0,0,40,United-States,0
34,Private,102858,HS-grad,9,Separated,Adm-clerical,Unmarried,White,Male,0,0,40,United-States,0
46,Private,74895,Assoc-acdm,12,Married-civ-spouse,Craft-repair,Husband,White,Male,0,1485,55,United-States,0
31,Federal-gov,113688,HS-grad,9,Never-married,Machine-op-inspct,Unmarried,White,Female,0,0,40,United-States,0
34,Private,199934,Some-college,10,Married-civ-spouse,Machine-op-inspct,Husband,Black,Male,7298,0,40,United-States,1
65,Self-emp-inc,66360,11th,7,Married-civ-spouse,Exec-managerial,Husband,White,Male,6418,0,35,United-States,1
48,Federal-gov,497486,HS-grad,9,Married-spouse-absent,Adm-clerical,Unmarried,White,Female,1471,0,40,United-States,0
25,Private,178478,Bachelors,13,Never-married,Adm-clerical,Own-child,White,Female,0,0,40,United-States,0
35,Private,129597,Some-college,10,Married-civ-spouse,Sales,Husband,White,Male,0,0,46,United-States,0
23,Private,224059,HS-grad,9,Married-civ-spouse,Machine-op-inspct,Husband,White,Male,0,0,40,United-States,0
48,Private,148549,Bachelors,13,Never-married,Exec-managerial,Not-in-family,White,Male,0,0,50,United-States,0
43,Self-emp-inc,140988,Bachelors,13,Married-civ-spouse,Sales,Other-relative,Asian-Pac-Islander,Male,0,0,45,Other,0
27,Private,87006,Some-college,10,Married-civ-spouse,Adm-clerical,Wife,White,Female,0,1579,40,United-States,0
57,State-gov,283635,Some-college,10,Divorced,Craft-repair,Not-in-family,White,Female,0,0,40,United-States,0
52,Private,89041,HS-grad,9,Married-civ-spouse,Craft-repair,Husband,White,Male,0,0,40,United-States,0
19,Private,236940,HS-grad,9,Never-married,Farming-fishing,Own-child,White,Male,0,0,40,United-States,0
20,Private,197997,Some-college,10,Never-married,Prof-specialty,Own-child,White,Male,0,0,40,United-States,0
34,Private,178615,HS-grad,9,Never-married,Handlers-cleaners,Not-in-family,White,Male,0,0,40,United-States,0
46,Private,165937,Assoc-voc,11,Divorced,Machine-op-inspct,Unmarried,White,Male,0,0,40,United-States,0
30,Private,382368,HS-grad,9,Married-civ-spouse,Handlers-cleaners,Husband,White,Male,0,0,40,United-States,0
44,Private,194049,Some-college,10,Divorced,Other-service,Unmarried,Black,Female,0,0,35,United-States,0
49,Self-emp-not-inc,175622,Bachelors,13,Married-civ-spouse,Prof-specialty,Husband,White,Male,0,0,40,United-States,1
29,Private,308136,Some-college,10,Married-civ-spouse,Craft-repair,Husband,White,Male,0,0,40,United-States,0
21,Private,229826,Some-college,10,Married-civ-spouse,Machine-op-inspct,Husband,White,Male,0,0,20,United-States,0
37,Local-gov,105266,Some-college,10,Married-civ-spouse,Transport-moving,Husband,White,Male,0,0,40,United-States,0
37,Private,249208,Assoc-voc,11,Married-civ-spouse,Prof-specialty,Husband,White,Male,0,0,48,United-States,1
31,Private,91666,HS-grad,9,Never-married,Exec-managerial,Own-child,White,Male,0,0,60,United-States,0
31,State-gov,63704,Bachelors,13,Never-married,Prof-specialty,Not-in-family,White,Female,0,0,40,United-States,0
43,State-gov,206927,HS-grad,9,Married-civ-spouse,Prof-specialty,Husband,White,Male,0,0,40,United-States,0
47,Self-emp-inc,207540,7th-8th,4,Married-civ-spouse,Craft-repair,Husband,White,Male,0,0,40,Other,0
57,State-gov,399246,Bachelors,13,Married-civ-spouse,Adm-clerical,Husband,Asian-Pac-Islander,Male,0,1485,40,Other,0
40,Self-emp-not-inc,406811,Some-college,10,Married-civ-spouse,Prof-specialty,Wife,White,Female,0,0,40,United-States,1
40,Self-emp-not-inc,165108,Bachelors,13,Married-civ-spouse,Adm-clerical,Husband,White,Male,0,0,40,Other,0
20,Private,406641,Some-college,10,Never-married,Adm-clerical,Own-child,White,Female,0,0,35,United-States,0
38,Private,119177,HS-grad,9,Married-civ-spouse,Sales,Husband,White,Male,0,0,55,United-States,1
24,Private,124963,HS-grad,9,Never-married,Machine-op-inspct,Own-child,White,Male,0,0,30,United-States,0
45,Private,118889,Assoc-voc,11,Married-civ-spouse,Craft-repair,Husband,White,Male,0,0,40,United-States,0
38,Private,171344,11th,7,Married-spouse-absent,Transport-moving,Own-child,White,Male,0,0,36,Mexico,0
42,Self-emp-not-inc,29320,Prof-school,15,Divorced,Prof-specialty,Unmarried,White,Male,0,0,60,United-States,1
23,Private,240049,Primary,1,Never-married,Other-service,Not-in-family,Asian-Pac-Islander,Female,0,0,40,Other,0
37,Private,206699,HS-grad,9,Divorced,Tech-support,Own-child,White,Male,0,0,45,United-States,0
24,State-gov,330836,HS-grad,9,Married-civ-spouse,Protective-serv,Husband,White,Male,0,0,40,United-States,0
38,Private,117312,HS-grad,9,Married-civ-spouse,Exec-managerial,Wife,White,Female,15024,0,40,United-States,1
36,Private,171968,HS-grad,9,Married-civ-spouse,Craft-repair,Husband,White,Male,0,0,40,United-States,0
50,Self-emp-inc,201689,7th-8th,4,Married-civ-spouse,Craft-repair,Husband,White,Male,0,1977,63,Other,1
51,Private,197163,Prof-school,15,Never-married,Prof-specialty,Not-in-family,White,Female,0,2559,50,United-States,1
17,Private,241185,12th,8,Never-married,Prof-specialty,Own-child,White,Male,0,0,20,United-States,0
42,Private,198422,Some-college,10,Divorced,Adm-clerical,Own-child,White,Female,0,0,40,United-States,0
47,Private,185866,Prof-school,15,Married-civ-spouse,Prof-specialty,Husband,White,Male,0,0,60,Other,1
60,Private,139586,Assoc-voc,11,Widowed,Exec-managerial,Unmarried,Asian-Pac-Islander,Female,0,0,40,United-States,1
32,Private,419691,12th,8,Married-civ-spouse,Sales,Husband,White,Male,0,0,40,United-States,1
37,Self-emp-not-inc,42044,Some-college,10,Married-civ-spouse,Farming-fishing,Husband,White,Male,0,0,84,United-States,0
36,Private,186415,HS-grad,9,Married-civ-spouse,Handlers-cleaners,Husband,White,Male,0,0,65,United-States,0
64,Local-gov,113324,HS-grad,9,Widowed,Exec-managerial,Not-in-family,White,Male,0,0,40,United-States,0
65,Private,89681,Masters,14,Never-married,Prof-specialty,Not-in-family,White,Male,0,0,99,United-States,0
41,Self-emp-not-inc,375574,Some-college,10,Married-civ-spouse,Sales,Husband,White,Male,0,0,60,Mexico,1
21,Private,102766,Some-college,10,Divorced,Craft-repair,Own-child,White,Male,0,0,40,United-States,0
26,Private,136309,Bachelors,13,Never-married,Other-service,Not-in-family,White,Male,0,0,40,United-States,0
21,Private,119474,HS-grad,9,Never-married,Other-service,Other-relative,White,Female,0,0,40,United-States,0
40,Private,153238,Bachelors,13,Married-civ-spouse,Exec-managerial,Husband,White,Male,0,1902,32,United-States,1
59,Private,102193,HS-grad,9,Married-civ-spouse,Transport-moving,Husband,White,Male,0,0,45,United-States,0
47,Private,316101,HS-grad,9,Divorced,Adm-clerical,Not-in-family,White,Female,0,0,40,United-States,0
34,Private,34080,Assoc-voc,11,Married-civ-spouse,Craft-repair,Husband,White,Male,0,0,40,Other,0
49,Self-emp-not-inc,219718,Bachelors,13,Married-civ-spouse,Sales,Husband,White,Male,15024,0,40,United-States,1
18,Private,60981,Some-college,10,Never-married,Sales,Own-child,White,Female,2176,0,35,United-States,0
59,Private,77884,Assoc-voc,11,Never-married,Craft-repair,Not-in-family,Asian-Pac-Islander,Male,0,0,40,United-States,0
17,Private,266134,10th,6,Never-married,Other-service,Own-child,White,Male,0,0,12,United-States,0
26,Private,181666,Assoc-acdm,12,Married-civ-spouse,Adm-clerical,Own-child,White,Female,0,0,40,Other,0
56,Self-emp-inc,109856,Bachelors,13,Married-civ-spouse,Exec-managerial,Husband,White,Male,15024,0,50,United-States,1
33,Private,160784,10th,6,Married-civ-spouse,Craft-repair,Husband,White,Male,0,0,40,United-States,0
58,Private,374108,Some-college,10,Divorced,Prof-specialty,Unmarried,White,Female,0,0,40,United-States,0
67,State-gov,160158,Some-college,10,Married-civ-spouse,Farming-fishing,Husband,White,Male,0,0,8,United-States,0
27,Local-gov,163862,HS-grad,9,Married-civ-spouse,Transport-moving,Husband,White,Male,0,0,60,United-States,0
38,State-gov,321943,Doctorate,16,Married-civ-spouse,Prof-specialty,Husband,White,Male,0,0,40,United-States,1
30,Private,251411,Some-college,10,Divorced,Adm-clerical,Unmarried,White,Female,0,0,40,United-States,0
43,Private,193882,Some-college,10,Never-married,Adm-clerical,Not-in-family,White,Male,0,0,55,United-States,0
58,Private,160662,10th,6,Married-civ-spouse,Craft-repair,Husband,White,Male,0,0,40,United-States,1
43,Private,245056,HS-grad,9,Married-civ-spouse,Adm-clerical,Husband,Black,Male,0,0,40,United-States,1
39,Private,134367,Masters,14,Married-civ-spouse,Prof-specialty,Wife,White,Female,0,1977,24,United-States,1
17,Private,123335,10th,6,Never-married,Sales,Own-child,White,Female,0,0,20,United-States,0
34,Private,238376,Primary,2,Married-civ-spouse,Craft-repair,Husband,White,Male,0,0,40,Mexico,0
36,Self-emp-not-inc,224886,Bachelors,13,Married-civ-spouse,Exec-managerial,Husband,White,Male,2407,0,40,United-States,0
33,Private,129529,HS-grad,9,Divorced,Machine-op-inspct,Not-in-family,White,Male,0,0,40,United-States,0
43,Private,334991,Some-college,10,Separated,Transport-moving,Unmarried,White,Male,4934,0,51,United-States,1
28,Private,288598,HS-grad,9,Married-civ-spouse,Craft-repair,Husband,White,Male,0,0,35,United-States,0
20,Private,266467,HS-grad,9,Never-married,Other-service,Own-child,White,Male,0,0,25,United-States,0
56,Self-emp-inc,98418,Prof-school,15,Married-civ-spouse,Prof-specialty,Husband,White,Male,99999,0,40,United-States,1
27,Private,118230,Bachelors,13,Never-married,Exec-managerial,Own-child,White,Female,0,0,40,United-States,0
22,Private,218886,12th,8,Never-married,Handlers-cleaners,Own-child,Amer-Indian-Eskimo,Male,0,0,40,United-States,0
34,Private,293900,11th,7,Married-spouse-absent,Craft-repair,Not-in-family,Black,Male,0,0,55,United-States,0
49,Private,175070,Some-college,10,Divorced,Other-service,Unmarried,White,Female,0,0,40,United-States,0
59,Private,214865,HS-grad,9,Widowed,Exec-managerial,Unmarried,White,Female,0,0,50,United-States,0
40,Private,244945,HS-grad,9,Married-civ-spouse,Craft-repair,Husband,White,Male,0,0,40,United-States,0
73,Self-emp-not-inc,241121,7th-8th,4,Married-civ-spouse,Farming-fishing,Husband,White,Male,0,0,40,United-States,0
26,Private,181920,Bachelors,13,Married-civ-spouse,Prof-specialty,Wife,White,Female,0,0,45,United-States,1
35,Self-emp-not-inc,95455,Bachelors,13,Divorced,Exec-managerial,Unmarried,White,Female,0,0,55,United-States,0
41,Private,289669,HS-grad,9,Widowed,Machine-op-inspct,Not-in-family,White,Female,0,0,40,United-States,0
40,Private,53835,Bachelors,13,Married-civ-spouse,Sales,Husband,White,Male,0,0,50,United-States,1
38,Local-gov,194630,Bachelors,13,Never-married,Protective-serv,Not-in-family,White,Female,4787,0,43,United-States,1
22,Private,229987,Some-college,10,Never-married,Tech-support,Other-relative,Asian-Pac-Islander,Female,0,0,32,United-States,0
60,Self-emp-not-inc,27886,Some-college,10,Married-civ-spouse,Exec-managerial,Husband,White,Male,0,0,40,United-States,1
36,Private,306567,HS-grad,9,Married-civ-spouse,Transport-moving,Wife,White,Female,0,0,40,United-States,1
46,Local-gov,187749,Bachelors,13,Married-civ-spouse,Prof-specialty,Husband,Asian-Pac-Islander,Male,0,0,40,Philippines,1
46,Private,182715,7th-8th,4,Divorced,Exec-managerial,Not-in-family,White,Male,0,0,40,United-States,0
27,Private,142075,Some-college,10,Never-married,Other-service,Own-child,White,Male,0,0,24,United-States,0
28,Private,251905,Prof-school,15,Never-married,Prof-specialty,Not-in-family,White,Male,0,2339,40,Other,0
19,Private,270551,HS-grad,9,Never-married,Other-service,Own-child,White,Male,0,0,20,United-States,0
27,Private,190525,Assoc-voc,11,Never-married,Machine-op-inspct,Unmarried,White,Male,0,0,45,United-States,0
23,Private,210053,Some-college,10,Never-married,Other-service,Not-in-family,White,Female,0,0,28,United-States,0
46,Self-emp-not-inc,82572,HS-grad,9,Widowed,Other-service,Other-relative,White,Female,0,0,40,United-States,0
53,Federal-gov,227836,Some-college,10,Divorced,Farming-fishing,Not-in-family,White,Male,0,0,40,United-States,0
37,Private,146398,Bachelors,13,Never-married,Prof-specialty,Not-in-family,Black,Female,0,0,40,United-States,0
36,Self-emp-not-inc,67728,Bachelors,13,Married-civ-spouse,Sales,Husband,White,Male,0,0,50,United-States,1
42,Self-emp-not-inc,102069,7th-8th,4,Married-civ-spouse,Sales,Husband,White,Male,0,0,30,United-States,0
27,Private,493689,Bachelors,13,Never-married,Tech-support,Not-in-family,Black,Female,0,0,40,Other,0
55,Self-emp-inc,182273,Some-college,10,Married-civ-spouse,Sales,Husband,White,Male,0,0,40,United-States,0
28,Self-emp-not-inc,227890,Bachelors,13,Never-married,Prof-specialty,Not-in-family,Black,Male,0,0,50,United-States,1
30,Private,162572,Bachelors,13,Never-married,Exec-managerial,Not-in-family,White,Male,0,0,70,United-States,1
53,Private,91911,HS-grad,9,Divorced,Craft-repair,Unmarried,Black,Female,0,0,48,United-States,0
27,Private,252813,Prof-school,15,Never-married,Prof-specialty,Not-in-family,White,Female,0,0,45,United-States,0
38,Private,136629,Bachelors,13,Married-civ-spouse,Machine-op-inspct,Husband,White,Male,0,0,40,Other,0
43,Private,167265,Bachelors,13,Married-civ-spouse,Craft-repair,Husband,White,Male,0,0,84,United-States,1
34,Private,148226,HS-grad,9,Never-married,Machine-op-inspct,Unmarried,Black,Female,0,0,48,United-States,0
55,Private,256953,HS-grad,9,Widowed,Machine-op-inspct,Unmarried,Black,Female,0,0,44,United-States,0
41,Local-gov,201435,HS-grad,9,Married-civ-spouse,Transport-moving,Husband,Black,Male,0,0,40,United-States,0
44,Local-gov,212665,Some-college,10,Married-civ-spouse,Protective-serv,Husband,Black,Male,0,0,99,United-States,0
59,Self-emp-not-inc,247552,HS-grad,9,Married-civ-spouse,Exec-managerial,Husband,White,Male,0,0,40,United-States,0
25,Private,242700,Some-college,10,Never-married,Transport-moving,Not-in-family,White,Male,10520,0,50,United-States,1
23,Private,292023,HS-grad,9,Never-married,Machine-op-inspct,Own-child,White,Male,0,0,30,United-States,0
50,Private,116933,HS-grad,9,Divorced,Sales,Not-in-family,White,Female,0,0,33,United-States,0
38,Self-emp-not-inc,127772,HS-grad,9,Divorced,Farming-fishing,Own-child,White,Male,0,0,50,United-States,0
41,State-gov,33126,Bachelors,13,Married-civ-spouse,Farming-fishing,Husband,White,Male,0,0,40,United-States,1
39,Self-emp-not-inc,122353,Bachelors,13,Married-civ-spouse,Exec-managerial,Husband,White,Male,0,0,40,United-States,0
39,Private,245053,Bachelors,13,Married-civ-spouse,Prof-specialty,Husband,White,Male,0,0,50,United-States,1
38,Private,183585,HS-grad,9,Never-married,Prof-specialty,Not-in-family,White,Female,0,0,40,United-States,0
23,Private,186666,Some-college,10,Never-married,Machine-op-inspct,Not-in-family,White,Male,0,0,40,United-States,0
47,Self-emp-inc,120131,Bachelors,13,Married-civ-spouse,Exec-managerial,Husband,White,Male,0,0,50,Other,1
19,Private,208506,Some-college,10,Never-married,Exec-managerial,Own-child,White,Female,0,0,28,United-States,0
37,Private,179481,Bachelors,13,Married-civ-spouse,Machine-op-inspct,Husband,White,Male,0,0,40,United-States,1
61,Self-emp-inc,171831,HS-grad,9,Married-civ-spouse,Exec-managerial,Husband,White,Male,2829,0,45,United-States,0
39,Private,38312,Some-college,10,Married-spouse-absent,Craft-repair,Unmarried,White,Male,0,0,40,United-States,1
38,Private,277022,Some-college,10,Divorced,Adm-clerical,Unmarried,White,Female,0,0,40,Other,0
46,Private,216164,HS-grad,9,Married-civ-spouse,Handlers-cleaners,Husband,White,Male,0,0,40,United-States,0
21,Private,202373,Some-college,10,Married-civ-spouse,Handlers-cleaners,Husband,Black,Male,0,0,40,United-States,0
50,Federal-gov,32801,Bachelors,13,Married-civ-spouse,Exec-managerial,Wife,Amer-Indian-Eskimo,Female,0,0,40,United-States,1
51,Local-gov,96678,Masters,14,Married-civ-spouse,Prof-specialty,Husband,White,Male,0,0,60,United-States,0
29,Private,180299,Some-college,10,Married-civ-spouse,Transport-moving,Husband,White,Male,0,0,35,United-States,0
27,Private,394927,Bachelors,13,Married-civ-spouse,Sales,Husband,White,Male,0,0,55,United-States,0
48,Self-emp-inc,81513,Bachelors,13,Married-civ-spouse,Exec-managerial,Husband,White,Male,0,0,50,United-States,1
27,Private,207352,Bachelors,13,Married-civ-spouse,Tech-support,Husband,Asian-Pac-Islander,Male,0,0,40,Other,1
18,Private,156950,HS-grad,9,Never-married,Adm-clerical,Own-child,White,Male,0,0,35,United-States,0
53,Private,215572,HS-grad,9,Never-married,Craft-repair,Not-in-family,White,Male,0,0,40,United-States,0
26,Private,173593,Masters,14,Married-civ-spouse,Machine-op-inspct,Husband,White,Male,0,0,20,Other,0
55,Private,193374,Some-college,10,Married-civ-spouse,Tech-support,Husband,White,Male,0,0,40,United-States,1
36,Private,214807,HS-grad,9,Divorced,Handlers-cleaners,Unmarried,White,Female,0,0,37,United-States,0
43,Private,498079,Bachelors,13,Divorced,Exec-managerial,Unmarried,White,Female,0,0,40,United-States,0
33,Private,188467,HS-grad,9,Never-married,Farming-fishing,Not-in-family,White,Male,0,0,40,United-States,0
59,Federal-gov,178660,Assoc-acdm,12,Married-civ-spouse,Adm-clerical,Husband,White,Male,0,0,40,United-States,0
35,Self-emp-not-inc,22641,HS-grad,9,Married-civ-spouse,Transport-moving,Husband,Amer-Indian-Eskimo,Male,0,0,40,United-States,0
59,Private,316027,HS-grad,9,Married-civ-spouse,Other-service,Husband,White,Male,0,0,45,Other,0
64,Federal-gov,388594,Prof-school,15,Married-civ-spouse,Prof-specialty,Husband,White,Male,15024,0,45,Other,1
32,Private,132601,Prof-school,15,Married-civ-spouse,Prof-specialty,Husband,White,Male,0,0,40,United-States,1
41,Self-emp-inc,93227,Bachelors,13,Married-civ-spouse,Exec-managerial,Husband,Asian-Pac-Islander,Male,0,1977,60,Other,1
60,Private,224644,10th,6,Married-civ-spouse,Sales,Husband,White,Male,0,0,40,United-States,0
48,Private,123075,Assoc-voc,11,Married-civ-spouse,Tech-support,Husband,White,Male,0,0,40,United-States,1
30,Private,168443,HS-grad,9,Separated,Other-service,Unmarried,White,Female,0,0,30,United-States,0
43,Private,211860,HS-grad,9,Never-married,Other-service,Unmarried,Black,Female,0,0,24,United-States,0
51,Private,137815,Some-college,10,Married-civ-spouse,Adm-clerical,Husband,White,Male,7298,0,40,United-States,1
25,Private,193051,Bachelors,13,Married-civ-spouse,Tech-support,Husband,White,Male,0,0,35,United-States,0
19,Private,95078,HS-grad,9,Never-married,Adm-clerical,Own-child,White,Female,0,0,15,United-States,0
41,Private,136419,Assoc-acdm,12,Married-civ-spouse,Tech-support,Husband,White,Male,0,0,75,United-States,1
24,Private,279041,HS-grad,9,Never-married,Handlers-cleaners,Own-child,Black,Male,0,0,40,United-States,0
62,Local-gov,223637,HS-grad,9,Divorced,Other-service,Not-in-family,Black,Female,0,0,35,United-States,0
42,Private,182302,HS-grad,9,Married-civ-spouse,Exec-managerial,Husband,White,Male,0,0,40,United-States,0
50,State-gov,297551,HS-grad,9,Married-civ-spouse,Prof-specialty,Husband,White,Male,0,0,52,United-States,0
20,Private,204641,HS-grad,9,Never-married,Adm-clerical,Own-child,White,Male,0,0,20,United-States,0
40,State-gov,377018,Bachelors,13,Married-civ-spouse,Prof-specialty,Husband,White,Male,0,0,60,United-States,1
35,Private,297574,Assoc-acdm,12,Married-civ-spouse,Exec-managerial,Husband,White,Male,0,0,99,United-States,1
36,Private,226013,HS-grad,9,Married-civ-spouse,Machine-op-inspct,Husband,Black,Male,5178,0,40,United-States,1
38,Private,52738,Some-college,10,Married-civ-spouse,Craft-repair,Husband,White,Male,0,0,40,United-States,0
21,Private,252024,HS-grad,9,Never-married,Handlers-cleaners,Other-relative,White,Male,0,0,20,Mexico,0
33,State-gov,111994,Some-college,10,Divorced,Adm-clerical,Unmarried,White,Female,0,0,45,United-States,0
28,Private,211184,Some-college,10,Never-married,Sales,Not-in-family,White,Female,0,0,50,United-States,0
23,Private,101885,10th,6,Never-married,Craft-repair,Not-in-family,White,Female,0,0,40,United-States,0
41,Self-emp-not-inc,134130,HS-grad,9,Married-civ-spouse,Farming-fishing,Husband,White,Male,0,0,60,United-States,0
56,Self-emp-not-inc,48102,Some-college,10,Married-civ-spouse,Exec-managerial,Wife,White,Female,0,1977,50,United-States,1
30,Private,196342,Masters,14,Never-married,Prof-specialty,Not-in-family,White,Male,0,0,40,Other,0
38,Private,172538,Bachelors,13,Married-civ-spouse,Tech-support,Husband,White,Male,0,1977,40,United-States,1
20,State-gov,200819,HS-grad,9,Never-married,Transport-moving,Own-child,White,Male,0,0,40,United-States,0
54,Private,153486,HS-grad,9,Divorced,Transport-moving,Not-in-family,White,Male,0,0,56,United-States,1
28,Private,412149,10th,6,Never-married,Farming-fishing,Other-relative,White,Male,0,0,35,Mexico,0
42,Self-emp-inc,78765,Some-college,10,Divorced,Exec-managerial,Unmarried,White,Male,0,0,90,United-States,1
35,State-gov,190895,HS-grad,9,Married-civ-spouse,Craft-repair,Husband,White,Male,0,0,40,United-States,0
25,Private,202033,Bachelors,13,Married-civ-spouse,Prof-specialty,Husband,White,Male,0,0,40,United-States,0
18,Local-gov,55658,10th,6,Never-married,Other-service,Own-child,White,Male,0,0,25,United-States,0
39,Private,160623,Assoc-acdm,12,Never-married,Craft-repair,Own-child,White,Male,0,0,40,United-States,0
53,Private,64322,HS-grad,9,Married-civ-spouse,Exec-managerial,Husband,White,Male,0,0,40,United-States,0
42,Private,319588,Bachelors,13,Married-spouse-absent,Transport-moving,Not-in-family,White,Male,0,0,60,United-States,0
23,Private,353010,11th,7,Never-married,Craft-repair,Unmarried,White,Male,0,0,35,United-States,0
41,Private,178431,HS-grad,9,Married-civ-spouse,Craft-repair,Husband,Asian-Pac-Islander,Male,0,0,40,Other,0
36,Private,115700,HS-grad,9,Married-civ-spouse,Sales,Husband,White,Male,0,0,50,United-States,0
34,Private,218164,HS-grad,9,Divorced,Craft-repair,Unmarried,White,Male,0,0,44,United-States,0
22,Private,205970,10th,6,Separated,Other-service,Unmarried,White,Female,0,0,35,United-States,0
30,Private,26009,HS-grad,9,Married-civ-spouse,Prof-specialty,Husband,White,Male,0,0,35,United-States,1
25,Local-gov,109526,HS-grad,9,Married-civ-spouse,Craft-repair,Husband,White,Male,0,0,38,United-States,0
35,Private,268661,Some-college,10,Married-civ-spouse,Sales,Husband,White,Male,0,0,50,United-States,0
50,Private,117295,10th,6,Married-civ-spouse,Craft-repair,Husband,White,Male,0,0,40,United-States,0
45,Private,192835,Some-college,10,Married-civ-spouse,Exec-managerial,Husband,White,Male,0,0,40,United-States,0
19,State-gov,144429,Some-college,10,Never-married,Prof-specialty,Own-child,White,Male,0,0,10,United-States,0
17,Private,271122,12th,8,Never-married,Other-service,Own-child,White,Female,0,0,16,United-States,0
63,Private,30813,Masters,14,Married-civ-spouse,Prof-specialty,Husband,White,Male,0,0,50,United-States,1
37,Private,193689,Assoc-voc,11,Married-civ-spouse,Machine-op-inspct,Husband,White,Male,0,0,42,United-States,1
67,Private,174693,Some-college,10,Widowed,Sales,Not-in-family,White,Female,0,0,25,Other,0
49,Private,357540,HS-grad,9,Married-civ-spouse,Farming-fishing,Husband,White,Male,0,0,25,United-States,0
29,Self-emp-not-inc,109001,Some-college,10,Married-civ-spouse,Craft-repair,Husband,White,Male,0,0,35,United-States,0
47,Self-emp-not-inc,159869,HS-grad,9,Married-civ-spouse,Farming-fishing,Husband,White,Male,0,0,56,United-States,1
28,Private,297742,Some-college,10,Never-married,Machine-op-inspct,Own-child,White,Female,0,0,40,United-States,0
32,Private,321313,Masters,14,Never-married,Sales,Own-child,Black,Male,0,0,40,United-States,0
36,Private,250238,Primary,2,Never-married,Other-service,Other-relative,Other,Female,0,0,40,Other,0
51,Private,25031,Some-college,10,Married-civ-spouse,Exec-managerial,Wife,White,Female,0,0,10,United-States,1
45,Private,111979,HS-grad,9,Married-civ-spouse,Handlers-cleaners,Husband,White,Male,0,0,40,United-States,0
55,Private,408537,9th,5,Divorced,Craft-repair,Unmarried,White,Female,99999,0,37,United-States,1
27,Private,292120,HS-grad,9,Divorced,Tech-support,Not-in-family,White,Female,0,0,45,United-States,0
24,Private,177526,Assoc-voc,11,Never-married,Craft-repair,Own-child,White,Male,0,0,40,United-States,0
17,Private,152696,12th,8,Never-married,Other-service,Own-child,White,Female,0,0,30,United-States,0
49,Private,281647,Bachelors,13,Married-civ-spouse,Sales,Husband,White,Male,0,0,45,United-States,1
30,Private,145714,Assoc-voc,11,Never-married,Prof-specialty,Not-in-family,White,Male,0,0,40,United-States,0
28,Private,411587,Some-college,10,Never-married,Protective-serv,Own-child,White,Male,0,0,40,Other,0
60,Private,93997,Bachelors,13,Married-civ-spouse,Exec-managerial,Husband,White,Male,15024,0,45,United-States,1
34,Private,24266,Assoc-voc,11,Married-civ-spouse,Craft-repair,Husband,White,Male,7688,0,40,United-States,1
33,Private,170148,HS-grad,9,Divorced,Adm-clerical,Unmarried,White,Female,0,0,45,United-States,0
30,Private,114912,Bachelors,13,Married-civ-spouse,Exec-managerial,Husband,White,Male,3103,0,60,United-States,1
51,Self-emp-not-inc,353281,HS-grad,9,Separated,Other-service,Unmarried,White,Female,0,0,20,United-States,0
35,Local-gov,268292,Some-college,10,Married-civ-spouse,Craft-repair,Husband,White,Male,0,0,40,United-States,0
49,Private,83622,Assoc-acdm,12,Separated,Adm-clerical,Not-in-family,White,Female,2597,0,40,United-States,0
49,Private,124604,HS-grad,9,Divorced,Adm-clerical,Not-in-family,White,Male,0,0,32,United-States,0
28,Federal-gov,53147,Bachelors,13,Never-married,Exec-managerial,Not-in-family,Black,Male,0,0,40,United-States,0
48,Self-emp-not-inc,107231,Bachelors,13,Married-civ-spouse,Exec-managerial,Husband,White,Male,99999,0,50,United-States,1
38,Private,125933,Bachelors,13,Separated,Exec-managerial,Not-in-family,White,Male,27828,0,45,United-States,1
59,State-gov,139616,Masters,14,Married-civ-spouse,Exec-managerial,Husband,White,Male,0,0,50,United-States,1
26,Private,39212,HS-grad,9,Married-civ-spouse,Machine-op-inspct,Husband,White,Male,0,0,45,United-States,0
47,Private,170850,Bachelors,13,Married-civ-spouse,Tech-support,Husband,White,Male,0,0,48,United-States,0
17,Private,340557,11th,7,Never-married,Other-service,Own-child,White,Male,0,0,25,United-States,0
26,Private,298225,HS-grad,9,Married-civ-spouse,Adm-clerical,Husband,White,Male,0,0,45,United-States,0
36,State-gov,243666,HS-grad,9,Divorced,Adm-clerical,Own-child,Black,Female,0,0,40,United-States,0
26,Self-emp-not-inc,118523,HS-grad,9,Married-civ-spouse,Adm-clerical,Husband,White,Male,0,0,40,United-States,0
62,State-gov,202056,Bachelors,13,Divorced,Prof-specialty,Not-in-family,White,Male,14084,0,40,United-States,1
45,State-gov,264052,HS-grad,9,Married-civ-spouse,Craft-repair,Husband,White,Male,0,0,40,United-States,0
28,Private,133625,HS-grad,9,Married-civ-spouse,Transport-moving,Husband,Black,Male,0,0,40,United-States,0
34,Private,149507,HS-grad,9,Married-civ-spouse,Craft-repair,Husband,White,Male,0,0,55,United-States,1
31,Local-gov,206609,HS-grad,9,Married-civ-spouse,Protective-serv,Husband,White,Male,0,0,40,United-States,1
63,Private,208862,HS-grad,9,Never-married,Craft-repair,Not-in-family,White,Male,0,0,40,United-States,0
23,Private,141272,Bachelors,13,Never-married,Other-service,Own-child,Black,Female,0,0,30,United-States,0
52,Private,155983,Bachelors,13,Married-civ-spouse,Exec-managerial,Husband,White,Male,0,0,40,United-States,1
33,Private,194901,Assoc-voc,11,Separated,Craft-repair,Not-in-family,White,Male,0,2444,42,United-States,1
35,Private,310290,HS-grad,9,Married-civ-spouse,Transport-moving,Wife,Black,Female,0,0,40,United-States,0
48,Private,118023,Prof-school,15,Divorced,Sales,Not-in-family,White,Male,0,0,13,United-States,0
33,Private,179509,Bachelors,13,Married-civ-spouse,Handlers-cleaners,Husband,White,Male,0,0,40,United-States,0
22,Private,187052,11th,7,Never-married,Sales,Unmarried,White,Female,0,0,30,United-States,0
42,Private,201723,HS-grad,9,Divorced,Adm-clerical,Unmarried,White,Male,0,0,40,United-States,0
34,Private,346034,Bachelors,13,Never-married,Other-service,Not-in-family,White,Male,0,0,40,Other,0
34,Private,108837,Some-college,10,Married-civ-spouse,Handlers-cleaners,Husband,White,Male,0,0,40,United-States,1
34,Private,173495,Some-college,10,Married-civ-spouse,Craft-repair,Husband,White,Male,0,0,48,United-States,1
36,Private,227615,Primary,3,Married-spouse-absent,Craft-repair,Other-relative,White,Male,0,0,32,Mexico,0
19,Private,97261,12th,8,Never-married,Handlers-cleaners,Not-in-family,White,Male,0,0,40,United-States,0
30,Private,396538,HS-grad,9,Separated,Exec-managerial,Unmarried,White,Female,0,0,29,United-States,0
46,Self-emp-inc,204928,Some-college,10,Married-civ-spouse,Sales,Husband,White,Male,0,0,40,United-States,0
29,Private,133625,HS-grad,9,Married-civ-spouse,Handlers-cleaners,Husband,Black,Male,0,0,40,United-States,0
39,Private,248011,Assoc-voc,11,Married-civ-spouse,Machine-op-inspct,Husband,White,Male,5178,0,40,United-States,1
23,Local-gov,247731,HS-grad,9,Divorced,Adm-clerical,Own-child,White,Female,0,0,40,Other,0
55,Self-emp-not-inc,170166,Bachelors,13,Married-civ-spouse,Exec-managerial,Wife,White,Female,0,0,25,United-States,0
34,Private,379798,Masters,14,Married-civ-spouse,Exec-managerial,Husband,White,Male,0,0,40,United-States,1
38,Private,103925,HS-grad,9,Never-married,Adm-clerical,Unmarried,White,Female,0,0,35,United-States,0
32,Private,74883,Bachelors,13,Never-married,Tech-support,Not-in-family,Asian-Pac-Islander,Female,0,0,40,Philippines,0
38,Private,105150,Bachelors,13,Married-civ-spouse,Prof-specialty,Husband,White,Male,0,0,45,United-States,1
28,Private,261278,Assoc-voc,11,Never-married,Tech-support,Not-in-family,Black,Female,0,0,40,United-States,0
44,Private,62258,11th,7,Never-married,Other-service,Not-in-family,White,Female,0,0,40,United-States,0
52,Private,317032,HS-grad,9,Married-civ-spouse,Craft-repair,Husband,White,Male,0,0,50,United-States,1
45,Private,32896,Primary,3,Never-married,Machine-op-inspct,Own-child,White,Female,0,0,35,United-States,0
17,Private,112291,11th,7,Never-married,Handlers-cleaners,Own-child,White,Male,0,0,12,United-States,0
30,Private,208668,Assoc-acdm,12,Never-married,Prof-specialty,Not-in-family,Black,Female,0,0,25,United-States,0
47,Private,164423,HS-grad,9,Divorced,Exec-managerial,Unmarried,White,Female,0,0,43,United-States,0
22,Private,500720,HS-grad,9,Never-married,Adm-clerical,Own-child,White,Female,0,0,40,Mexico,0
42,Private,182108,Bachelors,13,Never-married,Exec-managerial,Not-in-family,White,Female,0,0,35,United-States,0
38,Private,179262,Some-college,10,Divorced,Adm-clerical,Unmarried,White,Female,0,0,30,United-States,0
19,Private,163578,Some-college,10,Never-married,Sales,Own-child,White,Male,0,0,30,United-States,0
29,Private,188729,Bachelors,13,Never-married,Adm-clerical,Not-in-family,White,Female,0,0,45,United-States,0
35,Private,215323,Assoc-voc,11,Divorced,Other-service,Unmarried,White,Female,0,0,35,United-States,0
36,Local-gov,150309,Assoc-voc,11,Married-civ-spouse,Transport-moving,Husband,Amer-Indian-Eskimo,Male,0,0,40,United-States,0
65,Federal-gov,23494,Some-college,10,Married-civ-spouse,Exec-managerial,Husband,Black,Male,0,2174,40,United-States,1
17,Private,57723,11th,7,Never-married,Sales,Own-child,White,Male,0,0,30,United-States,0
46,Self-emp-not-inc,233974,HS-grad,9,Married-civ-spouse,Farming-fishing,Husband,White,Male,0,0,35,United-States,0
19,Private,268524,Some-college,10,Never-married,Sales,Own-child,White,Female,0,0,15,United-States,0
37,Private,174844,Some-college,10,Married-civ-spouse,Other-service,Husband,White,Male,0,0,17,United-States,0
28,Private,360527,Some-college,10,Never-married,Sales,Not-in-family,White,Male,0,0,45,United-States,0
39,Private,225544,12th,8,Never-married,Handlers-cleaners,Not-in-family,White,Male,0,0,40,United-States,0
33,Self-emp-not-inc,108438,HS-grad,9,Married-civ-spouse,Craft-repair,Husband,White,Male,0,0,40,United-States,1
32,Private,158002,Some-college,10,Never-married,Machine-op-inspct,Other-relative,White,Male,0,0,55,Other,0
23,Private,409230,Bachelors,13,Never-married,Sales,Not-in-family,White,Male,0,0,25,United-States,0
55,Private,125000,Prof-school,15,Married-civ-spouse,Exec-managerial,Husband,White,Male,0,0,60,United-States,1
54,Private,338620,Masters,14,Married-civ-spouse,Exec-managerial,Husband,White,Male,0,0,52,United-States,1
26,Private,33610,HS-grad,9,Never-married,Transport-moving,Own-child,White,Male,0,0,40,United-States,0
30,Local-gov,311913,HS-grad,9,Married-civ-spouse,Adm-clerical,Wife,White,Female,0,0,40,United-States,1
33,Local-gov,300681,HS-grad,9,Never-married,Other-service,Not-in-family,Black,Male,0,0,40,United-States,0
29,Private,46442,Bachelors,13,Married-civ-spouse,Prof-specialty,Wife,White,Female,0,1902,50,United-States,1
21,State-gov,478457,Some-college,10,Never-married,Other-service,Own-child,Black,Female,0,0,12,United-States,0
34,Private,148207,Some-college,10,Married-civ-spouse,Exec-managerial,Husband,White,Male,0,0,65,United-States,1
53,Private,22978,Masters,14,Married-civ-spouse,Exec-managerial,Wife,White,Female,0,0,50,United-States,1
56,Private,182062,Bachelors,13,Married-civ-spouse,Tech-support,Husband,White,Male,0,0,48,United-States,1
54,Private,35459,HS-grad,9,Never-married,Sales,Not-in-family,White,Male,0,0,40,United-States,0
35,Private,98986,7th-8th,4,Never-married,Machine-op-inspct,Own-child,White,Female,0,0,30,United-States,0
46,Private,90042,Some-college,10,Married-civ-spouse,Craft-repair,Husband,White,Male,0,0,40,United-States,1
28,Private,215955,HS-grad,9,Married-civ-spouse,Craft-repair,Husband,White,Male,0,0,40,United-States,0
35,Private,82552,Assoc-acdm,12,Married-civ-spouse,Tech-support,Husband,White,Male,0,0,40,United-States,0
19,Self-emp-not-inc,36012,HS-grad,9,Never-married,Craft-repair,Own-child,White,Male,0,0,40,United-States,0
33,Private,362747,Some-college,10,Never-married,Other-service,Not-in-family,Black,Female,0,0,35,United-States,0
31,Self-emp-not-inc,144949,Bachelors,13,Divorced,Craft-repair,Not-in-family,White,Male,0,0,60,United-States,0
32,Private,97723,HS-grad,9,Married-civ-spouse,Craft-repair,Husband,White,Male,0,1672,40,United-States,0
38,Private,109231,HS-grad,9,Married-civ-spouse,Craft-repair,Husband,White,Male,0,0,40,United-States,0
45,Private,122195,HS-grad,9,Widowed,Craft-repair,Unmarried,Black,Female,0,0,40,United-States,0
58,Private,81038,Some-college,10,Married-civ-spouse,Sales,Husband,White,Male,0,0,12,United-States,0
50,Private,183638,HS-grad,9,Widowed,Sales,Unmarried,White,Female,0,0,40,United-States,0
44,Private,277647,HS-grad,9,Married-civ-spouse,Sales,Husband,White,Male,0,1902,40,United-States,1
30,Private,200192,Some-college,10,Married-civ-spouse,Other-service,Wife,White,Female,0,0,45,United-States,0
19,Private,105908,HS-grad,9,Never-married,Handlers-cleaners,Other-relative,White,Male,0,0,70,United-States,0
36,Private,73023,HS-grad,9,Divorced,Craft-repair,Not-in-family,White,Male,0,0,55,United-States,0
40,Self-emp-not-inc,30759,Assoc-voc,11,Married-civ-spouse,Farming-fishing,Husband,White,Male,0,0,60,United-States,0
19,Private,210308,Some-college,10,Never-married,Adm-clerical,Own-child,White,Female,0,0,15,United-States,0
36,Private,30267,HS-grad,9,Married-civ-spouse,Transport-moving,Husband,White,Male,0,0,50,United-States,0
31,Self-emp-not-inc,203463,Bachelors,13,Never-married,Tech-support,Not-in-family,White,Female,0,0,40,United-States,0
29,Private,499197,Some-college,10,Married-civ-spouse,Prof-specialty,Husband,White,Male,0,0,40,United-States,0
32,Private,201988,Prof-school,15,Married-civ-spouse,Sales,Husband,White,Male,4508,0,40,Other,0
35,Private,296478,Some-college,10,Married-civ-spouse,Sales,Husband,White,Male,0,0,40,United-States,0
37,Self-emp-not-inc,353298,HS-grad,9,Married-civ-spouse,Sales,Husband,White,Male,99999,0,50,United-States,1
42,Private,142424,Assoc-voc,11,Never-married,Adm-clerical,Not-in-family,White,Female,0,0,40,United-States,0
48,Private,147860,HS-grad,9,Married-civ-spouse,Handlers-cleaners,Wife,Black,Female,0,0,40,United-States,0
34,Federal-gov,190228,Bachelors,13,Married-civ-spouse,Protective-serv,Husband,White,Male,0,1902,48,United-States,1
47,Local-gov,128401,Doctorate,16,Never-married,Prof-specialty,Unmarried,White,Female,0,0,40,United-States,0
21,Private,209955,HS-grad,9,Never-married,Craft-repair,Not-in-family,White,Male,0,0,48,United-States,0
24,Private,130741,Bachelors,13,Never-married,Sales,Own-child,White,Male,0,0,40,United-States,0
21,Private,304302,HS-grad,9,Never-married,Handlers-cleaners,Own-child,Amer-Indian-Eskimo,Male,0,0,40,United-States,0
35,Private,110538,HS-grad,9,Divorced,Farming-fishing,Not-in-family,White,Male,0,0,70,United-States,0
52,Local-gov,392668,Assoc-voc,11,Married-civ-spouse,Protective-serv,Husband,White,Male,0,0,40,United-States,1
37,Private,87076,HS-grad,9,Never-married,Machine-op-inspct,Own-child,White,Male,0,0,40,United-States,0
58,Private,224854,HS-grad,9,Never-married,Adm-clerical,Not-in-family,White,Female,0,0,40,United-States,0
44,Private,90688,HS-grad,9,Never-married,Machine-op-inspct,Not-in-family,Asian-Pac-Islander,Female,0,0,45,Other,0
50,Private,301583,HS-grad,9,Never-married,Machine-op-inspct,Not-in-family,White,Male,0,0,40,United-States,0
26,Private,50103,Some-college,10,Never-married,Sales,Not-in-family,White,Female,0,0,40,United-States,0
37,Private,95855,HS-grad,9,Divorced,Protective-serv,Unmarried,White,Female,0,0,40,United-States,0
44,Self-emp-not-inc,343190,Some-college,10,Married-civ-spouse,Craft-repair,Husband,White,Male,0,1887,55,United-States,1
50,Private,196193,Bachelors,13,Married-civ-spouse,Craft-repair,Husband,White,Male,0,0,40,Other,0
59,Self-emp-inc,122390,Some-college,10,Married-civ-spouse,Exec-managerial,Husband,White,Male,0,1977,48,United-States,1
41,Private,321824,HS-grad,9,Married-civ-spouse,Craft-repair,Husband,White,Male,0,0,8,United-States,0
35,Private,244803,HS-grad,9,Never-married,Handlers-cleaners,Other-relative,White,Male,0,0,40,Other,0
69,State-gov,163689,Some-college,10,Married-civ-spouse,Transport-moving,Husband,White,Male,0,0,16,United-States,0
30,Private,206322,HS-grad,9,Married-civ-spouse,Transport-moving,Husband,White,Male,0,0,73,United-States,1
73,Private,105886,Bachelors,13,Married-civ-spouse,Prof-specialty,Husband,White,Male,1173,0,75,United-States,0
32,Private,177675,HS-grad,9,Never-married,Craft-repair,Own-child,White,Male,0,0,40,United-States,0
51,Private,152810,HS-grad,9,Married-civ-spouse,Prof-specialty,Husband,White,Male,0,0,40,United-States,1
46,Private,261059,Masters,14,Married-civ-spouse,Prof-specialty,Husband,White,Male,0,1977,50,United-States,1
40,Private,188465,HS-grad,9,Divorced,Other-service,Not-in-family,White,Female,0,0,35,United-States,0
28,Private,182344,HS-grad,9,Never-married,Other-service,Not-in-family,Black,Male,0,0,40,United-States,0
39,Federal-gov,30673,9th,5,Married-civ-spouse,Machine-op-inspct,Husband,White,Male,0,0,40,United-States,1
55,Self-emp-not-inc,100569,HS-grad,9,Separated,Farming-fishing,Unmarried,White,Female,0,0,55,United-States,0
60,Local-gov,255711,Bachelors,13,Widowed,Prof-specialty,Unmarried,White,Female,0,0,60,United-States,1
35,Private,187625,Some-college,10,Never-married,Other-service,Not-in-family,White,Female,0,0,65,United-States,0
43,Private,169383,Bachelors,13,Married-civ-spouse,Exec-managerial,Husband,White,Male,0,0,45,United-States,1
28,Private,42881,10th,6,Divorced,Machine-op-inspct,Own-child,White,Female,0,0,40,United-States,0
25,Private,124111,Bachelors,13,Never-married,Adm-clerical,Own-child,White,Female,0,0,40,United-States,0
41,Private,172828,9th,5,Married-civ-spouse,Other-service,Husband,White,Male,0,0,55,Other,0
47,Local-gov,154033,Some-college,10,Divorced,Prof-specialty,Not-in-family,White,Female,0,1876,40,United-States,0
36,Private,115360,10th,6,Married-civ-spouse,Machine-op-inspct,Own-child,White,Female,3464,0,40,United-States,0
25,Private,154941,Bachelors,13,Married-civ-spouse,Sales,Husband,White,Male,0,0,40,United-States,1
26,Private,124111,Assoc-acdm,12,Never-married,Prof-specialty,Not-in-family,White,Female,0,0,36,United-States,0
45,Private,200363,Assoc-voc,11,Divorced,Exec-managerial,Not-in-family,White,Female,0,0,44,United-States,0
64,Private,180247,7th-8th,4,Married-civ-spouse,Craft-repair,Husband,Black,Male,0,0,40,United-States,0
45,Local-gov,170099,Assoc-acdm,12,Married-civ-spouse,Handlers-cleaners,Husband,White,Male,0,0,40,United-States,0
39,State-gov,318918,Bachelors,13,Married-civ-spouse,Exec-managerial,Husband,White,Male,0,0,40,United-States,0
44,Private,219591,Some-college,10,Divorced,Handlers-cleaners,Own-child,White,Male,0,0,40,United-States,0
21,Private,314165,Some-college,10,Never-married,Sales,Own-child,White,Male,0,0,40,Other,0
31,Private,176969,Bachelors,13,Never-married,Exec-managerial,Not-in-family,White,Male,0,0,55,United-States,0
43,Private,132393,HS-grad,9,Never-married,Handlers-cleaners,Own-child,White,Male,0,0,40,Other,0
44,Private,194924,HS-grad,9,Married-civ-spouse,Sales,Husband,White,Male,0,0,35,United-States,1
40,Private,478205,Bachelors,13,Never-married,Prof-specialty,Other-relative,White,Female,0,0,40,United-States,0
40,Private,121874,Assoc-acdm,12,Married-civ-spouse,Sales,Husband,White,Male,7688,0,50,United-States,1
29,Private,151382,Assoc-voc,11,Divorced,Handlers-cleaners,Unmarried,White,Male,0,0,50,United-States,0
17,Private,271837,Some-college,10,Never-married,Craft-repair,Own-child,White,Male,0,0,16,United-States,0
21,Private,174907,Assoc-acdm,12,Never-married,Sales,Own-child,White,Female,0,0,32,United-States,0
55,Federal-gov,176904,HS-grad,9,Married-civ-spouse,Exec-managerial,Husband,White,Male,0,0,40,United-States,0
45,Self-emp-not-inc,216402,Prof-school,15,Married-civ-spouse,Prof-specialty,Husband,Asian-Pac-Islander,Male,0,0,50,Other,1
22,Private,95566,Some-college,10,Married-spouse-absent,Sales,Own-child,Other,Female,0,0,22,Other,0
36,Private,386726,Masters,14,Married-civ-spouse,Prof-specialty,Wife,White,Female,0,1977,44,United-States,1
38,Local-gov,282753,Assoc-voc,11,Divorced,Exec-managerial,Own-child,White,Male,0,0,40,United-States,0
32,Private,137367,11th,7,Never-married,Craft-repair,Not-in-family,Asian-Pac-Islander,Male,0,0,40,Other,0
33,Private,152933,Some-college,10,Never-married,Exec-managerial,Not-in-family,White,Male,0,0,45,United-States,0
66,Private,174276,Some-college,10,Widowed,Sales,Unmarried,White,Female,0,0,50,United-States,1
20,Private,415913,Some-college,10,Never-married,Handlers-cleaners,Not-in-family,White,Male,0,0,30,United-States,0
52,State-gov,189728,HS-grad,9,Separated,Other-service,Not-in-family,White,Female,0,0,35,United-States,0
55,Private,41108,Some-college,10,Widowed,Farming-fishing,Not-in-family,White,Male,0,2258,62,United-States,1
25,Private,149875,Bachelors,13,Widowed,Exec-managerial,Not-in-family,White,Female,0,0,40,United-States,0
59,Private,131916,HS-grad,9,Married-civ-spouse,Machine-op-inspct,Wife,White,Female,0,0,40,Other,1
39,Private,61178,Bachelors,13,Divorced,Adm-clerical,Unmarried,White,Male,0,0,40,United-States,0
36,Private,207789,HS-grad,9,Divorced,Exec-managerial,Not-in-family,White,Male,0,0,52,United-States,0
32,Self-emp-not-inc,267161,Bachelors,13,Divorced,Exec-managerial,Unmarried,Black,Female,0,0,30,United-States,0
18,Self-emp-not-inc,42857,Some-college,10,Never-married,Craft-repair,Not-in-family,White,Female,0,0,35,United-States,0
50,Self-emp-not-inc,183915,Bachelors,13,Married-civ-spouse,Craft-repair,Husband,White,Male,0,0,45,United-States,1
46,Self-emp-inc,120902,Bachelors,13,Married-civ-spouse,Exec-managerial,Husband,White,Male,3103,0,37,United-States,1
32,Private,175856,Some-college,10,Married-civ-spouse,Sales,Husband,White,Male,0,0,40,United-States,0
47,Federal-gov,197332,Bachelors,13,Divorced,Prof-specialty,Not-in-family,White,Male,0,0,40,United-States,0
39,Private,30916,HS-grad,9,Married-civ-spouse,Craft-repair,Husband,White,Male,0,0,40,United-States,0
18,Private,187770,HS-grad,9,Never-married,Handlers-cleaners,Own-child,White,Male,0,0,30,United-States,0
62,Private,123411,7th-8th,4,Married-civ-spouse,Transport-moving,Husband,White,Male,0,0,53,United-States,0
47,Private,264052,Bachelors,13,Married-civ-spouse,Exec-managerial,Husband,White,Male,15024,0,50,United-States,1
40,Private,242521,Assoc-voc,11,Married-civ-spouse,Craft-repair,Husband,White,Male,0,0,40,United-States,1
36,Private,129263,HS-grad,9,Widowed,Other-service,Not-in-family,White,Female,0,0,40,United-States,0
38,State-gov,34364,Masters,14,Divorced,Adm-clerical,Not-in-family,White,Female,0,0,40,United-States,0
26,Private,248612,Bachelors,13,Never-married,Prof-specialty,Own-child,White,Male,0,0,30,United-States,0
33,Private,405913,Some-college,10,Married-civ-spouse,Prof-specialty,Husband,White,Male,0,0,40,Other,1
20,Private,218215,Some-college,10,Never-married,Sales,Own-child,White,Female,0,0,30,United-States,0
46,Self-emp-not-inc,51271,HS-grad,9,Married-civ-spouse,Farming-fishing,Husband,White,Male,4386,0,70,United-States,0
47,Private,121124,Bachelors,13,Married-civ-spouse,Craft-repair,Husband,White,Male,15024,0,50,United-States,1
22,Private,99829,Some-college,10,Never-married,Machine-op-inspct,Own-child,White,Female,0,0,30,United-States,0
43,State-gov,182254,Some-college,10,Divorced,Adm-clerical,Unmarried,White,Female,0,0,40,United-States,0
46,State-gov,363875,Some-college,10,Divorced,Protective-serv,Unmarried,Amer-Indian-Eskimo,Female,0,0,40,United-States,0
25,Private,189897,HS-grad,9,Married-civ-spouse,Craft-repair,Own-child,White,Male,0,0,40,United-States,0
27,Local-gov,137629,HS-grad,9,Married-civ-spouse,Exec-managerial,Husband,White,Male,0,0,80,United-States,1
38,Self-emp-not-inc,192939,HS-grad,9,Married-civ-spouse,Craft-repair,Husband,White,Male,0,0,50,United-States,0
47,State-gov,216414,Doctorate,16,Married-civ-spouse,Prof-specialty,Husband,White,Male,0,0,40,United-States,1
23,Private,315065,Some-college,10,Never-married,Other-service,Unmarried,White,Male,0,0,35,Mexico,0
21,Private,221661,HS-grad,9,Never-married,Sales,Own-child,White,Female,0,0,35,United-States,0
54,Private,123011,Some-college,10,Married-civ-spouse,Craft-repair,Husband,White,Male,0,0,40,United-States,1
43,Private,351576,Bachelors,13,Never-married,Sales,Not-in-family,White,Male,0,0,50,United-States,1
20,Private,305874,Some-college,10,Never-married,Transport-moving,Own-child,White,Male,0,0,40,United-States,0
64,Private,75577,7th-8th,4,Married-civ-spouse,Adm-clerical,Husband,White,Male,2580,0,50,United-States,0
37,Private,292370,Bachelors,13,Married-civ-spouse,Prof-specialty,Husband,Other,Male,0,0,50,Other,1
22,Private,300871,Some-college,10,Married-civ-spouse,Tech-support,Husband,White,Male,0,0,40,United-States,0
36,Private,37778,Some-college,10,Married-civ-spouse,Exec-managerial,Husband,White,Male,0,0,40,United-States,0
27,Private,103164,11th,7,Married-civ-spouse,Craft-repair,Husband,White,Male,0,0,40,United-States,0
38,Private,207202,HS-grad,9,Married-civ-spouse,Machine-op-inspct,Husband,White,Male,0,0,48,United-States,1
39,Private,273362,HS-grad,9,Married-civ-spouse,Craft-repair,Husband,White,Male,0,0,40,United-States,1
41,Private,100451,HS-grad,9,Married-civ-spouse,Craft-repair,Husband,White,Male,7688,0,38,United-States,1
48,Private,121253,Bachelors,13,Married-spouse-absent,Sales,Unmarried,White,Female,0,2472,70,United-States,1
48,Private,155509,HS-grad,9,Never-married,Adm-clerical,Not-in-family,Black,Female,0,0,16,Other,0
27,Private,37250,Some-college,10,Married-civ-spouse,Machine-op-inspct,Husband,White,Male,0,1651,40,United-States,0
33,Private,285131,HS-grad,9,Married-civ-spouse,Craft-repair,Husband,White,Male,0,0,40,United-States,0
23,Private,314894,HS-grad,9,Never-married,Exec-managerial,Own-child,White,Female,0,0,45,United-States,0
31,Private,210562,HS-grad,9,Married-civ-spouse,Transport-moving,Husband,White,Male,0,0,65,United-States,0
26,Private,227489,Some-college,10,Never-married,Handlers-cleaners,Other-relative,Black,Male,0,0,40,Other,0
59,Private,96459,11th,7,Never-married,Machine-op-inspct,Not-in-family,White,Male,0,0,40,United-States,0
33,Self-emp-not-inc,177828,HS-grad,9,Divorced,Craft-repair,Not-in-family,White,Male,0,0,50,United-States,0
28,Private,303440,Bachelors,13,Separated,Exec-managerial,Not-in-family,White,Female,0,0,50,United-States,1
26,Local-gov,72594,Some-college,10,Married-civ-spouse,Protective-serv,Husband,White,Male,0,0,55,United-States,1
49,Private,151584,Some-college,10,Married-civ-spouse,Other-service,Husband,White,Male,0,0,32,United-States,0
25,Private,229287,Bachelors,13,Never-married,Exec-managerial,Other-relative,White,Female,0,0,25,United-States,0
19,Private,100790,HS-grad,9,Never-married,Prof-specialty,Not-in-family,White,Female,0,0,40,United-States,0
39,Private,179016,HS-grad,9,Never-married,Machine-op-inspct,Not-in-family,Black,Male,0,0,40,United-States,0
50,Private,146325,HS-grad,9,Married-civ-spouse,Craft-repair,Husband,White,Male,0,0,44,United-States,1
37,Private,212437,Some-college,10,Widowed,Machine-op-inspct,Unmarried,Black,Female,0,0,48,United-States,0
69,Self-emp-not-inc,185039,HS-grad,9,Married-civ-spouse,Exec-managerial,Husband,White,Male,9386,0,12,United-States,1
26,State-gov,294400,HS-grad,9,Married-civ-spouse,Protective-serv,Husband,White,Male,0,0,38,United-States,0
55,Private,189719,Bachelors,13,Married-civ-spouse,Exec-managerial,Husband,White,Male,0,0,45,United-States,1
22,Private,109815,Some-college,10,Never-married,Adm-clerical,Not-in-family,White,Female,0,0,40,United-States,0
23,Private,60409,HS-grad,9,Never-married,Exec-managerial,Not-in-family,White,Female,0,0,40,United-States,0
39,Private,306646,Assoc-acdm,12,Married-civ-spouse,Exec-managerial,Husband,White,Male,0,0,50,United-States,1
52,Private,145879,Some-college,10,Married-civ-spouse,Sales,Husband,White,Male,0,0,65,United-States,0
27,Private,153869,HS-grad,9,Never-married,Handlers-cleaners,Own-child,White,Male,0,0,37,United-States,0
75,Self-emp-not-inc,213349,HS-grad,9,Married-civ-spouse,Farming-fishing,Husband,White,Male,0,0,20,United-States,0
47,Private,192776,Bachelors,13,Married-civ-spouse,Prof-specialty,Husband,White,Male,0,0,50,United-States,0
21,Private,200089,Primary,2,Married-civ-spouse,Other-service,Other-relative,White,Male,0,0,40,Other,0
55,Private,189933,Some-college,10,Married-civ-spouse,Transport-moving,Husband,White,Male,0,0,84,United-States,0
44,Private,277488,Some-college,10,Married-civ-spouse,Machine-op-inspct,Husband,White,Male,3103,0,40,United-States,1
34,Private,242984,Bachelors,13,Never-married,Sales,Not-in-family,White,Male,0,0,40,United-States,0
30,Private,24292,Bachelors,13,Married-civ-spouse,Sales,Husband,White,Male,0,0,45,United-States,1
35,Private,281982,Some-college,10,Married-civ-spouse,Prof-specialty,Husband,White,Male,0,0,40,United-States,1
74,Private,84197,Masters,14,Divorced,Sales,Not-in-family,White,Female,0,0,10,United-States,0
21,Private,57916,HS-grad,9,Separated,Farming-fishing,Own-child,White,Male,0,0,40,United-States,0
51,Private,306790,HS-grad,9,Divorced,Craft-repair,Not-in-family,White,Male,0,0,40,United-States,0
19,State-gov,127085,Some-college,10,Never-married,Other-service,Own-child,White,Male,0,0,10,United-States,0
36,Private,111387,10th,6,Divorced,Sales,Own-child,White,Male,0,0,40,United-States,0
21,Private,161210,HS-grad,9,Married-civ-spouse,Machine-op-inspct,Husband,White,Male,0,0,50,United-States,0
50,Private,226497,Some-college,10,Married-civ-spouse,Tech-support,Husband,White,Male,0,0,45,United-States,1
29,Private,78261,HS-grad,9,Married-civ-spouse,Machine-op-inspct,Husband,White,Male,0,0,40,United-States,0
42,Federal-gov,34218,Bachelors,13,Married-civ-spouse,Exec-managerial,Husband,White,Male,7298,0,50,United-States,1
18,Private,232082,HS-grad,9,Never-married,Machine-op-inspct,Own-child,White,Male,0,0,40,United-States,0
47,Private,84790,Some-college,10,Married-civ-spouse,Craft-repair,Husband,White,Male,0,0,40,United-States,0
28,Private,116613,Some-college,10,Never-married,Tech-support,Own-child,White,Female,0,0,24,United-States,0
38,Private,125933,Bachelors,13,Married-civ-spouse,Exec-managerial,Husband,White,Male,0,0,40,Other,1
55,Private,327589,HS-grad,9,Divorced,Machine-op-inspct,Not-in-family,White,Female,0,0,40,United-States,0
27,Private,193898,Bachelors,13,Divorced,Exec-managerial,Not-in-family,White,Male,0,0,52,United-States,0
35,Self-emp-not-inc,188540,9th,5,Married-civ-spouse,Craft-repair,Husband,White,Male,0,0,50,United-States,0
55,Private,184882,Assoc-voc,11,Married-civ-spouse,Transport-moving,Husband,White,Male,5178,0,50,United-States,1
58,Private,407138,7th-8th,4,Married-civ-spouse,Machine-op-inspct,Husband,White,Male,2936,0,50,Mexico,0
58,Private,31732,Some-college,10,Married-civ-spouse,Sales,Husband,White,Male,0,0,45,United-States,1
34,Private,100593,Some-college,10,Divorced,Prof-specialty,Unmarried,White,Female,0,0,6,United-States,0
33,Local-gov,162623,Masters,14,Never-married,Prof-specialty,Not-in-family,White,Female,0,0,50,United-States,0
29,Private,114158,Bachelors,13,Never-married,Exec-managerial,Own-child,White,Female,3325,0,10,United-States,0
25,Private,231357,HS-grad,9,Never-married,Adm-clerical,Not-in-family,White,Female,0,0,40,United-States,0
35,Private,320305,HS-grad,9,Married-civ-spouse,Craft-repair,Husband,White,Male,0,0,32,United-States,0
30,Private,195488,HS-grad,9,Never-married,Priv-house-serv,Own-child,White,Female,0,0,40,Other,0
35,Private,41777,12th,8,Never-married,Farming-fishing,Not-in-family,White,Male,0,0,20,United-States,0
21,Private,132053,Some-college,10,Never-married,Adm-clerical,Own-child,White,Female,0,1721,35,United-States,0
25,Private,69413,Some-college,10,Never-married,Sales,Own-child,White,Female,0,0,40,United-States,0
19,Private,333953,12th,8,Never-married,Other-service,Other-relative,White,Female,0,0,30,United-States,0
42,Private,135056,HS-grad,9,Never-married,Sales,Own-child,White,Female,0,0,40,United-States,0
46,Private,177633,HS-grad,9,Married-civ-spouse,Machine-op-inspct,Husband,White,Male,0,0,50,United-States,1
54,Self-emp-not-inc,156800,Bachelors,13,Married-civ-spouse,Craft-repair,Husband,White,Male,0,0,50,United-States,0
28,Local-gov,213195,Assoc-acdm,12,Married-civ-spouse,Adm-clerical,Wife,White,Female,0,0,40,United-States,1
41,Private,169104,Bachelors,13,Married-civ-spouse,Craft-repair,Husband,Asian-Pac-Islander,Male,0,0,40,Other,1
17,Private,78602,11th,7,Never-married,Other-service,Other-relative,White,Female,0,0,20,United-States,0
61,Private,141745,HS-grad,9,Divorced,Other-service,Not-in-family,Black,Female,0,0,40,United-States,0
32,Private,48520,Some-college,10,Married-civ-spouse,Craft-repair,Husband,White,Male,0,0,40,United-States,0
40,Private,205195,Assoc-acdm,12,Married-civ-spouse,Sales,Husband,White,Male,0,0,60,United-States,1
50,Private,154728,Some-college,10,Married-civ-spouse,Tech-support,Husband,White,Male,0,0,40,United-States,1
33,Private,347623,Masters,14,Never-married,Exec-managerial,Unmarried,White,Male,0,0,40,United-States,0
40,Private,117917,HS-grad,9,Married-civ-spouse,Prof-specialty,Husband,Amer-Indian-Eskimo,Male,0,0,50,United-States,0
40,Private,151365,HS-grad,9,Divorced,Craft-repair,Not-in-family,White,Female,0,0,40,United-States,0
40,Private,360884,Some-college,10,Never-married,Tech-support,Not-in-family,White,Female,0,0,50,United-States,1
20,Private,155775,HS-grad,9,Never-married,Craft-repair,Own-child,White,Male,0,0,30,United-States,0
34,Private,81223,HS-grad,9,Divorced,Exec-managerial,Not-in-family,White,Female,0,0,48,United-States,0
42,Federal-gov,460214,Some-college,10,Married-civ-spouse,Adm-clerical,Husband,White,Male,0,0,40,United-States,1
38,Private,91039,Masters,14,Married-civ-spouse,Exec-managerial,Husband,White,Male,0,0,65,United-States,1
20,Private,66917,11th,7,Married-civ-spouse,Farming-fishing,Own-child,White,Male,0,0,40,Mexico,0
49,Private,121602,Bachelors,13,Married-civ-spouse,Exec-managerial,Husband,White,Male,0,0,40,United-States,0
69,Private,361561,Prof-school,15,Married-civ-spouse,Prof-specialty,Husband,White,Male,0,0,3,United-States,0
37,State-gov,74163,Bachelors,13,Never-married,Prof-specialty,Not-in-family,White,Female,0,0,40,United-States,0
23,Private,386019,9th,5,Never-married,Farming-fishing,Unmarried,White,Male,0,0,70,United-States,0
48,Private,332465,Bachelors,13,Married-civ-spouse,Prof-specialty,Husband,White,Male,0,0,35,United-States,0
20,Private,137974,Some-college,10,Never-married,Other-service,Own-child,White,Female,0,0,30,United-States,0
64,Self-emp-inc,161325,Assoc-acdm,12,Married-civ-spouse,Sales,Husband,White,Male,0,1887,50,United-States,1
45,Self-emp-not-inc,149218,Bachelors,13,Married-civ-spouse,Farming-fishing,Husband,White,Male,0,0,77,United-States,0
45,Local-gov,61885,Masters,14,Married-civ-spouse,Prof-specialty,Husband,White,Male,0,0,37,United-States,1
41,Private,188307,HS-grad,9,Divorced,Craft-repair,Unmarried,White,Female,0,0,40,United-States,0
48,Private,119471,Assoc-voc,11,Married-civ-spouse,Other-service,Husband,Asian-Pac-Islander,Male,0,0,56,Philippines,1
61,Local-gov,167347,Some-college,10,Married-civ-spouse,Adm-clerical,Husband,White,Male,0,0,35,United-States,0
24,Local-gov,69640,Some-college,10,Never-married,Protective-serv,Not-in-family,White,Male,0,0,40,United-States,0
18,Private,279593,11th,7,Never-married,Prof-specialty,Own-child,White,Female,0,0,2,United-States,0
19,Private,166153,HS-grad,9,Never-married,Sales,Own-child,White,Female,0,0,30,United-States,0
17,Private,160029,11th,7,Never-married,Other-service,Other-relative,White,Female,0,0,22,United-States,0
24,Private,214542,Some-college,10,Never-married,Craft-repair,Own-child,White,Male,0,0,60,Other,0
40,Private,25005,Bachelors,13,Married-civ-spouse,Prof-specialty,Husband,White,Male,15024,0,99,United-States,1
58,Private,110213,HS-grad,9,Widowed,Adm-clerical,Not-in-family,White,Female,0,0,40,United-States,1
35,Private,162601,HS-grad,9,Divorced,Adm-clerical,Unmarried,White,Female,0,0,40,United-States,0
60,Private,250552,HS-grad,9,Married-civ-spouse,Other-service,Husband,White,Male,0,0,40,United-States,1
28,Private,407043,HS-grad,9,Married-civ-spouse,Adm-clerical,Husband,Black,Male,0,0,40,United-States,0
48,Private,349986,Assoc-voc,11,Married-spouse-absent,Prof-specialty,Not-in-family,White,Male,0,0,40,United-States,0
30,Private,426431,Masters,14,Never-married,Prof-specialty,Not-in-family,White,Male,10520,0,40,United-States,1
34,Private,84154,Bachelors,13,Married-civ-spouse,Sales,Husband,White,Male,0,0,50,United-States,0
38,Private,65624,HS-grad,9,Divorced,Exec-managerial,Not-in-family,White,Male,0,0,40,United-States,0
21,Private,149637,Some-college,10,Never-married,Adm-clerical,Not-in-family,White,Female,0,0,25,United-States,0
24,Private,330571,Bachelors,13,Married-civ-spouse,Prof-specialty,Wife,White,Female,0,0,40,United-States,0
43,Self-emp-not-inc,237670,Assoc-voc,11,Divorced,Exec-managerial,Not-in-family,White,Male,0,0,25,United-States,0
43,Private,193459,11th,7,Married-civ-spouse,Handlers-cleaners,Husband,White,Male,0,0,40,United-States,0
23,Private,236804,11th,7,Married-civ-spouse,Other-service,Husband,White,Male,0,0,40,United-States,0
24,Private,182342,HS-grad,9,Never-married,Handlers-cleaners,Not-in-family,White,Male,0,0,40,United-States,0
55,Private,156430,Bachelors,13,Married-civ-spouse,Prof-specialty,Husband,White,Male,0,0,40,United-States,1
72,Private,116640,Some-college,10,Married-civ-spouse,Prof-specialty,Husband,White,Male,3471,0,20,United-States,0
64,Local-gov,116620,Masters,14,Married-civ-spouse,Prof-specialty,Husband,White,Male,0,0,25,United-States,0
32,Private,161075,HS-grad,9,Never-married,Craft-repair,Unmarried,White,Male,0,0,40,United-States,0
23,Private,256278,7th-8th,4,Married-civ-spouse,Handlers-cleaners,Other-relative,Other,Female,0,0,30,Other,0
18,Private,285013,HS-grad,9,Never-married,Sales,Own-child,White,Male,0,0,10,United-States,0
29,Private,375482,Bachelors,13,Never-married,Prof-specialty,Not-in-family,White,Male,0,0,50,Other,0
47,Private,140644,HS-grad,9,Married-civ-spouse,Exec-managerial,Husband,White,Male,0,0,40,United-States,1
54,Private,68684,HS-grad,9,Married-civ-spouse,Craft-repair,Husband,White,Male,0,0,44,United-States,0
41,Private,124692,Some-college,10,Married-civ-spouse,Exec-managerial,Own-child,White,Male,0,0,40,United-States,1
21,Private,238068,HS-grad,9,Married-civ-spouse,Machine-op-inspct,Husband,White,Male,0,0,40,United-States,0
21,Private,115420,HS-grad,9,Married-civ-spouse,Craft-repair,Husband,White,Male,0,0,50,United-States,0
44,Private,188331,Some-college,10,Separated,Tech-support,Not-in-family,White,Female,0,0,38,United-States,0
40,Private,43711,HS-grad,9,Never-married,Machine-op-inspct,Not-in-family,White,Male,0,0,45,United-States,0
23,Private,233923,Some-college,10,Never-married,Other-service,Own-child,White,Female,0,0,20,United-States,0
29,Private,163265,HS-grad,9,Married-civ-spouse,Transport-moving,Husband,White,Male,0,0,40,United-States,0
24,Private,170070,HS-grad,9,Never-married,Machine-op-inspct,Own-child,White,Female,0,0,25,United-States,0
46,State-gov,192323,HS-grad,9,Divorced,Exec-managerial,Not-in-family,White,Male,0,0,40,United-States,0
19,Private,208366,HS-grad,9,Never-married,Handlers-cleaners,Not-in-family,White,Male,0,0,40,United-States,0
36,Private,255454,HS-grad,9,Never-married,Craft-repair,Own-child,Black,Male,0,0,30,United-States,0
42,Private,183319,Primary,3,Married-civ-spouse,Craft-repair,Husband,White,Male,0,0,60,United-States,0
50,Self-emp-not-inc,371305,HS-grad,9,Married-civ-spouse,Sales,Husband,White,Male,0,1902,60,United-States,1
46,Private,102359,Some-college,10,Married-civ-spouse,Exec-managerial,Husband,White,Male,0,0,50,United-States,1
47,State-gov,207120,Assoc-voc,11,Married-civ-spouse,Exec-managerial,Husband,White,Male,0,0,38,United-States,1
55,Private,134120,10th,6,Married-civ-spouse,Craft-repair,Husband,White,Male,99999,0,40,United-States,1
43,Private,87284,Some-college,10,Never-married,Handlers-cleaners,Not-in-family,White,Male,0,0,40,United-States,0
38,Private,96185,HS-grad,9,Divorced,Other-service,Unmarried,Black,Female,0,0,32,United-States,0
61,Self-emp-not-inc,140300,HS-grad,9,Never-married,Sales,Not-in-family,White,Female,0,0,44,United-States,0
21,Private,237051,Some-college,10,Never-married,Other-service,Own-child,White,Female,0,0,25,United-States,0
21,Private,502837,HS-grad,9,Never-married,Machine-op-inspct,Own-child,White,Female,0,0,40,Other,0
33,Private,87310,9th,5,Never-married,Machine-op-inspct,Not-in-family,White,Male,0,0,50,United-States,0
47,Private,45564,Some-college,10,Married-civ-spouse,Exec-managerial,Husband,White,Male,0,0,40,United-States,1
18,Private,237646,Some-college,10,Never-married,Adm-clerical,Own-child,White,Male,0,0,30,United-States,0
22,Private,50058,Some-college,10,Never-married,Adm-clerical,Not-in-family,White,Female,0,0,35,United-States,0
52,Private,167651,Assoc-voc,11,Married-civ-spouse,Craft-repair,Husband,White,Male,0,0,40,United-States,1
43,Private,342567,Bachelors,13,Married-spouse-absent,Adm-clerical,Unmarried,White,Female,0,0,40,United-States,0
41,Private,202872,10th,6,Married-spouse-absent,Craft-repair,Not-in-family,White,Female,0,0,40,United-States,0
45,Private,343377,Some-college,10,Married-civ-spouse,Adm-clerical,Husband,White,Male,0,0,40,United-States,0
63,Private,181929,HS-grad,9,Widowed,Exec-managerial,Unmarried,White,Male,0,0,50,United-States,1
34,Private,265807,HS-grad,9,Married-civ-spouse,Transport-moving,Husband,White,Male,0,2051,55,United-States,0
45,Private,155659,HS-grad,9,Married-civ-spouse,Craft-repair,Husband,White,Male,0,0,40,United-States,1
57,Private,199847,Bachelors,13,Married-civ-spouse,Exec-managerial,Husband,White,Male,15024,0,60,United-States,1
27,Private,59068,HS-grad,9,Married-civ-spouse,Handlers-cleaners,Husband,White,Male,0,0,40,United-States,0
18,Private,240330,12th,8,Never-married,Other-service,Own-child,White,Male,0,0,18,United-States,0
25,Private,166971,HS-grad,9,Married-civ-spouse,Sales,Husband,White,Male,0,0,52,United-States,0
41,Private,347653,Prof-school,15,Married-civ-spouse,Prof-specialty,Husband,White,Male,0,1977,50,United-States,1
39,Private,91367,Masters,14,Married-civ-spouse,Exec-managerial,Husband,White,Male,0,1848,45,United-States,1
24,Private,241752,HS-grad,9,Never-married,Handlers-cleaners,Not-in-family,White,Male,0,0,40,United-States,0
47,Private,142061,Some-college,10,Divorced,Exec-managerial,Unmarried,White,Female,0,0,40,United-States,0
37,Private,29145,Assoc-voc,11,Never-married,Other-service,Not-in-family,White,Male,0,0,40,United-States,0
35,Private,40135,HS-grad,9,Never-married,Other-service,Own-child,White,Male,0,0,30,United-States,0
58,Private,236596,Some-college,10,Married-civ-spouse,Exec-managerial,Husband,White,Male,0,0,40,United-States,1
36,Private,126569,HS-grad,9,Married-civ-spouse,Prof-specialty,Husband,White,Male,0,0,45,Other,1
29,Private,229656,HS-grad,9,Divorced,Adm-clerical,Unmarried,White,Female,0,0,50,United-States,0
28,Local-gov,175796,Assoc-acdm,12,Never-married,Adm-clerical,Not-in-family,White,Female,0,0,40,United-States,0
22,State-gov,34310,Some-college,10,Never-married,Transport-moving,Own-child,White,Male,0,0,25,United-States,0
25,Private,110978,Assoc-acdm,12,Married-civ-spouse,Adm-clerical,Wife,Asian-Pac-Islander,Female,0,0,37,Other,1
42,Private,118947,Bachelors,13,Married-civ-spouse,Exec-managerial,Husband,White,Male,0,0,40,United-States,1
37,Private,238433,Primary,2,Married-civ-spouse,Transport-moving,Husband,White,Male,0,0,40,Other,0
38,Private,181716,12th,8,Married-civ-spouse,Craft-repair,Husband,White,Male,0,0,48,United-States,0
24,Private,293091,HS-grad,9,Married-civ-spouse,Handlers-cleaners,Husband,White,Male,0,0,40,United-States,0
55,Self-emp-not-inc,105582,Masters,14,Married-civ-spouse,Sales,Husband,White,Male,2228,0,50,United-States,0
39,Private,230356,Bachelors,13,Never-married,Adm-clerical,Not-in-family,White,Female,0,0,40,United-States,0
19,Private,178811,HS-grad,9,Never-married,Machine-op-inspct,Own-child,Black,Female,0,0,20,United-States,0
50,State-gov,238187,Bachelors,13,Divorced,Adm-clerical,Not-in-family,Black,Female,0,0,37,United-States,0
22,Private,191444,HS-grad,9,Never-married,Sales,Other-relative,White,Male,0,0,40,United-States,0
39,Self-emp-not-inc,251323,9th,5,Married-civ-spouse,Farming-fishing,Other-relative,White,Male,0,0,40,Other,0
61,State-gov,379885,Doctorate,16,Married-civ-spouse,Prof-specialty,Husband,White,Male,0,1902,40,United-States,1
49,Private,193366,Masters,14,Married-civ-spouse,Exec-managerial,Husband,White,Male,0,0,65,United-States,1
24,Private,136687,HS-grad,9,Separated,Machine-op-inspct,Unmarried,Other,Female,0,0,40,United-States,0
43,Private,158528,HS-grad,9,Married-civ-spouse,Craft-repair,Husband,White,Male,0,0,40,United-States,1
34,Local-gov,31391,HS-grad,9,Married-civ-spouse,Protective-serv,Husband,White,Male,0,0,53,United-States,1
26,Private,402998,Bachelors,13,Married-civ-spouse,Prof-specialty,Husband,White,Male,0,0,58,United-States,1
41,Private,359696,Bachelors,13,Married-civ-spouse,Protective-serv,Husband,White,Male,15024,0,60,United-States,1
43,Private,475322,Some-college,10,Married-civ-spouse,Transport-moving,Husband,White,Male,0,0,50,United-States,1
28,Private,269786,HS-grad,9,Married-civ-spouse,Transport-moving,Husband,White,Male,0,0,40,United-States,0
50,Private,187830,Masters,14,Divorced,Exec-managerial,Not-in-family,White,Male,0,0,62,United-States,1
23,Private,234302,HS-grad,9,Never-married,Handlers-cleaners,Not-in-family,Black,Male,0,0,40,United-States,0
58,Private,218724,7th-8th,4,Married-civ-spouse,Farming-fishing,Husband,White,Male,0,0,50,United-States,0
36,Private,139703,HS-grad,9,Never-married,Adm-clerical,Not-in-family,Black,Female,0,0,40,United-States,0
34,Private,42900,Bachelors,13,Married-civ-spouse,Exec-managerial,Husband,White,Male,0,0,50,United-States,1
39,Private,342642,HS-grad,9,Divorced,Sales,Not-in-family,White,Male,0,0,60,United-States,0
44,Private,79864,Masters,14,Separated,Exec-managerial,Unmarried,White,Female,0,0,20,United-States,0
50,Self-emp-inc,101094,Masters,14,Married-civ-spouse,Sales,Husband,White,Male,0,0,55,United-States,0
26,Private,122575,Bachelors,13,Never-married,Exec-managerial,Unmarried,Asian-Pac-Islander,Male,0,0,60,Other,0
23,Private,133582,Primary,2,Never-married,Farming-fishing,Not-in-family,White,Male,0,0,36,Mexico,0
23,Private,216672,Bachelors,13,Never-married,Exec-managerial,Own-child,White,Male,0,0,30,Other,0
32,Private,45796,Some-college,10,Married-civ-spouse,Farming-fishing,Husband,White,Male,0,0,60,United-States,0
45,State-gov,144351,Masters,14,Married-civ-spouse,Prof-specialty,Husband,White,Male,0,0,40,United-States,1
55,Private,193130,Bachelors,13,Married-civ-spouse,Prof-specialty,Husband,White,Male,0,0,40,United-States,1
37,Local-gov,117683,HS-grad,9,Married-civ-spouse,Protective-serv,Husband,White,Male,0,0,40,United-States,0
21,Private,54472,HS-grad,9,Never-married,Other-service,Unmarried,White,Female,0,0,40,United-States,0
62,Local-gov,113443,Masters,14,Divorced,Prof-specialty,Not-in-family,White,Female,10520,0,33,United-States,1
33,Private,226525,HS-grad,9,Divorced,Exec-managerial,Not-in-family,White,Male,0,0,60,United-States,0
35,Private,159179,Some-college,10,Never-married,Sales,Not-in-family,White,Male,0,0,40,United-States,0
56,Local-gov,268213,Masters,14,Married-civ-spouse,Prof-specialty,Husband,White,Male,0,0,35,Other,1
51,State-gov,237141,Masters,14,Married-civ-spouse,Exec-managerial,Husband,White,Male,0,0,40,United-States,1
18,Private,56613,Some-college,10,Never-married,Protective-serv,Own-child,White,Female,0,0,20,United-States,0
29,Private,154017,HS-grad,9,Never-married,Sales,Not-in-family,White,Female,0,0,10,United-States,0
27,Private,215504,Bachelors,13,Married-civ-spouse,Sales,Husband,White,Male,0,1848,55,United-States,1
31,Private,157886,Some-college,10,Married-civ-spouse,Other-service,Wife,White,Female,0,0,40,United-States,0
51,Self-emp-not-inc,134447,HS-grad,9,Married-civ-spouse,Craft-repair,Husband,White,Male,0,0,70,United-States,0
23,Private,70919,Bachelors,13,Never-married,Exec-managerial,Not-in-family,White,Male,0,0,40,United-States,0
31,Local-gov,236487,Bachelors,13,Never-married,Prof-specialty,Not-in-family,White,Female,0,0,40,Other,0
59,Self-emp-not-inc,148526,Some-college,10,Married-civ-spouse,Sales,Husband,White,Male,0,0,40,United-States,0
30,Private,122042,Masters,14,Married-civ-spouse,Exec-managerial,Husband,White,Male,0,0,45,United-States,1
31,Private,73585,Assoc-voc,11,Married-civ-spouse,Prof-specialty,Husband,White,Male,0,0,45,United-States,0
50,Federal-gov,111700,Masters,14,Never-married,Exec-managerial,Not-in-family,White,Female,0,0,50,United-States,0
31,Private,162160,HS-grad,9,Married-civ-spouse,Craft-repair,Husband,White,Male,0,0,47,United-States,0
31,Private,502752,Bachelors,13,Married-civ-spouse,Adm-clerical,Wife,White,Female,0,0,40,United-States,1
43,Private,306440,Prof-school,15,Never-married,Prof-specialty,Not-in-family,White,Male,0,0,66,Other,0
55,Self-emp-not-inc,41938,Bachelors,13,Married-civ-spouse,Prof-specialty,Wife,White,Female,0,0,8,United-States,0
20,State-gov,214542,Some-college,10,Never-married,Prof-specialty,Own-child,White,Male,0,0,40,United-States,0
30,Private,258170,HS-grad,9,Divorced,Adm-clerical,Not-in-family,White,Female,0,0,40,United-States,0
43,State-gov,47818,Bachelors,13,Never-married,Prof-specialty,Not-in-family,White,Female,0,0,40,United-States,0
39,Private,104089,Assoc-voc,11,Married-civ-spouse,Craft-repair,Husband,White,Male,0,0,50,United-States,1
29,Private,342989,HS-grad,9,Never-married,Adm-clerical,Own-child,White,Female,0,0,40,United-States,0
45,Private,137604,Some-college,10,Never-married,Other-service,Not-in-family,White,Male,0,0,40,United-States,0
41,Private,201981,HS-grad,9,Divorced,Craft-repair,Own-child,White,Male,0,0,40,United-States,0
32,Private,186824,Bachelors,13,Married-civ-spouse,Craft-repair,Husband,White,Male,0,0,40,United-States,1
20,Private,63210,HS-grad,9,Never-married,Handlers-cleaners,Own-child,White,Male,0,0,15,United-States,0
26,Local-gov,30793,Bachelors,13,Married-civ-spouse,Prof-specialty,Wife,White,Female,0,0,55,United-States,1
26,Private,332008,Some-college,10,Never-married,Craft-repair,Unmarried,Asian-Pac-Islander,Male,0,0,37,Other,0
44,Private,201599,11th,7,Never-married,Machine-op-inspct,Unmarried,Black,Female,0,0,40,United-States,0
23,Private,208908,Bachelors,13,Never-married,Other-service,Not-in-family,White,Female,0,0,30,United-States,0
46,State-gov,327786,Assoc-voc,11,Divorced,Tech-support,Not-in-family,White,Female,3325,0,42,United-States,0
61,Private,154600,HS-grad,9,Married-civ-spouse,Other-service,Wife,White,Female,0,0,4,United-States,0
43,Private,226902,HS-grad,9,Married-civ-spouse,Sales,Husband,White,Male,0,0,80,United-States,1
51,Self-emp-not-inc,291755,7th-8th,4,Married-civ-spouse,Exec-managerial,Husband,White,Male,0,0,42,United-States,0
73,Self-emp-not-inc,109833,Bachelors,13,Married-civ-spouse,Farming-fishing,Husband,White,Male,0,0,30,United-States,0
46,Private,164877,Some-college,10,Married-civ-spouse,Craft-repair,Husband,White,Male,0,0,44,United-States,0
42,State-gov,163069,Some-college,10,Divorced,Adm-clerical,Unmarried,Black,Female,0,0,40,United-States,0
36,Private,107302,HS-grad,9,Married-civ-spouse,Tech-support,Husband,White,Male,0,0,50,United-States,0
45,Private,151267,Bachelors,13,Never-married,Adm-clerical,Not-in-family,Black,Female,0,0,40,United-States,1
36,Private,418702,Assoc-voc,11,Divorced,Adm-clerical,Unmarried,White,Female,0,0,40,United-States,0
21,Private,387335,Some-college,10,Never-married,Tech-support,Own-child,White,Female,0,1719,9,United-States,0
28,Private,190350,9th,5,Married-civ-spouse,Protective-serv,Wife,Black,Female,0,0,40,United-States,0
18,Private,37720,10th,6,Never-married,Machine-op-inspct,Own-child,White,Male,0,0,40,United-States,0
36,Private,334291,Some-college,10,Married-civ-spouse,Craft-repair,Husband,White,Male,0,1887,40,United-States,1
34,Local-gov,136331,Bachelors,13,Married-civ-spouse,Prof-specialty,Husband,White,Male,0,0,60,United-States,0
61,Local-gov,260167,HS-grad,9,Widowed,Prof-specialty,Not-in-family,White,Female,0,0,40,United-States,0
53,Federal-gov,155594,Bachelors,13,Married-civ-spouse,Prof-specialty,Husband,White,Male,0,0,40,United-States,1
34,Private,102130,HS-grad,9,Married-civ-spouse,Sales,Husband,White,Male,0,0,65,United-States,1
43,Private,266324,HS-grad,9,Married-civ-spouse,Craft-repair,Husband,White,Male,0,1902,99,United-States,1
26,Private,433906,Assoc-acdm,12,Never-married,Other-service,Not-in-family,White,Male,0,0,40,United-States,0
45,Local-gov,234195,HS-grad,9,Divorced,Adm-clerical,Unmarried,White,Female,0,0,35,United-States,0
34,Private,384150,Bachelors,13,Married-civ-spouse,Exec-managerial,Husband,White,Male,0,0,40,United-States,1
35,Private,129305,HS-grad,9,Never-married,Other-service,Not-in-family,White,Male,0,0,30,United-States,0
44,Self-emp-inc,69333,Bachelors,13,Married-civ-spouse,Craft-repair,Husband,White,Male,0,0,50,United-States,1
36,State-gov,89508,Prof-school,15,Never-married,Prof-specialty,Not-in-family,White,Male,0,0,40,United-States,0
36,Private,218015,Some-college,10,Married-civ-spouse,Machine-op-inspct,Husband,White,Male,0,0,48,United-States,0
30,Private,341051,Masters,14,Married-civ-spouse,Exec-managerial,Husband,White,Male,15024,0,60,United-States,1
26,Private,746432,HS-grad,9,Never-married,Handlers-cleaners,Own-child,Black,Male,0,0,48,United-States,0
49,Private,402462,Bachelors,13,Married-spouse-absent,Transport-moving,Unmarried,White,Male,0,0,30,Other,0
46,Private,72896,Some-college,10,Married-civ-spouse,Exec-managerial,Husband,White,Male,0,0,50,United-States,0
28,Private,210765,HS-grad,9,Never-married,Craft-repair,Own-child,White,Male,0,0,40,United-States,0
40,Local-gov,138634,HS-grad,9,Married-civ-spouse,Exec-managerial,Husband,White,Male,0,0,40,United-States,0
24,Private,205865,HS-grad,9,Never-married,Sales,Unmarried,White,Male,0,0,45,United-States,0
27,Private,211032,Primary,2,Never-married,Craft-repair,Not-in-family,White,Male,0,0,40,Mexico,0
28,Private,95566,Primary,2,Married-spouse-absent,Other-service,Own-child,Other,Female,0,0,35,Other,0
22,Private,41837,Some-college,10,Never-married,Transport-moving,Own-child,White,Male,0,0,25,United-States,0
40,Private,101593,Bachelors,13,Married-civ-spouse,Prof-specialty,Husband,White,Male,0,0,50,United-States,0
24,Private,103064,HS-grad,9,Never-married,Sales,Own-child,White,Female,0,0,55,United-States,0
22,Private,239954,Some-college,10,Never-married,Adm-clerical,Other-relative,White,Male,0,0,40,United-States,0
68,Self-emp-not-inc,122094,HS-grad,9,Married-civ-spouse,Craft-repair,Husband,White,Male,0,0,15,United-States,0
47,Federal-gov,197038,Bachelors,13,Married-civ-spouse,Prof-specialty,Husband,White,Male,0,0,50,United-States,0
46,Local-gov,267952,Assoc-voc,11,Divorced,Exec-managerial,Not-in-family,White,Female,0,0,36,United-States,0
21,Private,63899,11th,7,Never-married,Adm-clerical,Other-relative,White,Female,0,0,40,United-States,0
17,Private,24090,HS-grad,9,Never-married,Exec-managerial,Own-child,White,Female,0,0,35,United-States,0
33,Private,91666,12th,8,Divorced,Exec-managerial,Not-in-family,White,Male,0,0,40,United-States,0
27,Private,215873,HS-grad,9,Never-married,Machine-op-inspct,Own-child,Black,Male,0,0,40,United-States,0
53,State-gov,229465,Doctorate,16,Married-civ-spouse,Prof-specialty,Husband,White,Male,0,0,50,United-States,1
29,Private,358124,HS-grad,9,Never-married,Other-service,Other-relative,Black,Female,0,0,52,United-States,0
32,Private,202729,HS-grad,9,Married-civ-spouse,Transport-moving,Own-child,White,Male,0,0,40,United-States,0
26,Private,53209,HS-grad,9,Never-married,Other-service,Own-child,White,Male,0,0,40,United-States,0
22,Private,228411,Some-college,10,Never-married,Exec-managerial,Not-in-family,White,Male,0,0,35,United-States,0
24,Private,223515,HS-grad,9,Married-civ-spouse,Craft-repair,Husband,White,Male,0,0,45,United-States,0
28,Private,66095,HS-grad,9,Married-civ-spouse,Sales,Husband,White,Male,0,0,40,United-States,0
59,Private,384246,Doctorate,16,Married-civ-spouse,Prof-specialty,Husband,White,Male,0,0,50,United-States,0
40,Private,111067,Bachelors,13,Married-civ-spouse,Handlers-cleaners,Husband,White,Male,0,0,80,United-States,1
22,Private,147655,Some-college,10,Never-married,Tech-support,Not-in-family,White,Female,0,0,40,United-States,0
37,Private,272950,HS-grad,9,Divorced,Craft-repair,Not-in-family,White,Male,0,0,40,United-States,0
39,Private,86643,Some-college,10,Never-married,Craft-repair,Not-in-family,White,Male,0,0,50,United-States,0
35,Private,106967,Masters,14,Never-married,Sales,Not-in-family,White,Female,0,0,40,United-States,0
41,Private,151736,10th,6,Never-married,Machine-op-inspct,Not-in-family,White,Male,0,0,40,United-States,0
43,Private,170230,Masters,14,Never-married,Tech-support,Not-in-family,White,Female,0,0,40,United-States,0
37,Self-emp-not-inc,162834,HS-grad,9,Married-civ-spouse,Sales,Husband,White,Male,0,1902,45,United-States,1
50,Private,177896,Doctorate,16,Married-civ-spouse,Prof-specialty,Husband,White,Male,0,0,40,United-States,1
21,Private,180190,Assoc-voc,11,Married-civ-spouse,Farming-fishing,Husband,White,Male,0,0,46,United-States,0
42,Self-emp-not-inc,34037,Bachelors,13,Never-married,Farming-fishing,Own-child,White,Male,0,0,35,United-States,0
42,Local-gov,201495,Some-college,10,Married-civ-spouse,Protective-serv,Husband,White,Male,0,0,72,United-States,1
65,Local-gov,103153,7th-8th,4,Married-civ-spouse,Exec-managerial,Husband,White,Male,0,1411,40,United-States,0
54,Private,219737,HS-grad,9,Widowed,Sales,Not-in-family,White,Female,0,0,37,United-States,0
37,Private,328466,HS-grad,9,Married-civ-spouse,Craft-repair,Husband,White,Male,0,0,72,Mexico,0
22,Local-gov,195532,Some-college,10,Never-married,Protective-serv,Other-relative,White,Female,0,0,43,United-States,0
32,Private,188246,HS-grad,9,Married-civ-spouse,Craft-repair,Husband,White,Male,0,0,40,United-States,0
42,State-gov,138162,Some-college,10,Divorced,Adm-clerical,Own-child,White,Male,0,0,40,United-States,0
33,Local-gov,318921,HS-grad,9,Divorced,Transport-moving,Not-in-family,White,Female,0,0,35,United-States,0
44,Private,187821,Bachelors,13,Married-civ-spouse,Transport-moving,Husband,White,Male,0,0,55,United-States,0
58,State-gov,200316,HS-grad,9,Married-civ-spouse,Craft-repair,Husband,White,Male,0,0,40,United-States,0
40,Private,306225,HS-grad,9,Divorced,Craft-repair,Not-in-family,Asian-Pac-Islander,Female,0,0,40,Other,0
25,Private,273792,HS-grad,9,Never-married,Craft-repair,Own-child,White,Male,0,0,37,United-States,0
32,Private,108256,HS-grad,9,Married-civ-spouse,Craft-repair,Husband,White,Male,0,0,40,United-States,0
56,Private,135458,HS-grad,9,Divorced,Tech-support,Not-in-family,Black,Female,0,0,40,United-States,0
53,Local-gov,186303,Some-college,10,Married-civ-spouse,Protective-serv,Husband,White,Male,0,1887,40,United-States,1
35,Private,379959,HS-grad,9,Divorced,Other-service,Not-in-family,White,Female,0,0,40,United-States,0
61,Private,149620,Some-college,10,Divorced,Other-service,Not-in-family,Black,Male,0,0,40,United-States,0
23,Private,190273,Bachelors,13,Never-married,Prof-specialty,Own-child,White,Male,0,0,40,United-States,0
40,Private,195617,Some-college,10,Separated,Exec-managerial,Unmarried,White,Female,0,0,20,United-States,0
46,Private,42251,Some-college,10,Married-civ-spouse,Sales,Husband,White,Male,0,0,45,United-States,1
85,Private,98611,Bachelors,13,Married-civ-spouse,Exec-managerial,Husband,White,Male,0,0,3,Other,0
45,Self-emp-inc,173664,Bachelors,13,Married-civ-spouse,Exec-managerial,Husband,White,Male,0,0,45,United-States,1
64,State-gov,222966,7th-8th,4,Married-civ-spouse,Other-service,Wife,Black,Female,0,0,40,United-States,0
71,Private,138145,9th,5,Married-civ-spouse,Other-service,Husband,White,Male,0,0,40,United-States,0
47,Private,312088,HS-grad,9,Married-civ-spouse,Craft-repair,Husband,White,Male,0,0,40,United-States,0
22,Private,325033,12th,8,Never-married,Protective-serv,Own-child,Black,Male,0,0,35,United-States,0
38,Private,139180,Bachelors,13,Divorced,Prof-specialty,Unmarried,Black,Female,15020,0,45,United-States,1
37,Private,198216,Assoc-acdm,12,Divorced,Tech-support,Not-in-family,White,Female,0,0,40,United-States,0
34,Private,198693,10th,6,Never-married,Other-service,Not-in-family,White,Male,0,0,30,United-States,0
65,Private,184454,HS-grad,9,Married-civ-spouse,Machine-op-inspct,Husband,White,Male,6418,0,40,United-States,1
54,Private,99516,HS-grad,9,Married-civ-spouse,Craft-repair,Husband,White,Male,0,0,35,United-States,0
17,Private,269430,10th,6,Never-married,Machine-op-inspct,Not-in-family,White,Male,0,0,40,United-States,0
22,Private,54164,HS-grad,9,Never-married,Other-service,Not-in-family,White,Male,14084,0,60,United-States,1
46,Private,175622,Assoc-voc,11,Married-civ-spouse,Tech-support,Husband,White,Male,0,0,40,United-States,0
50,Private,312477,HS-grad,9,Married-civ-spouse,Transport-moving,Husband,White,Male,0,0,40,United-States,0
24,Private,83141,Some-college,10,Separated,Other-service,Not-in-family,White,Male,0,1876,40,United-States,0
31,Local-gov,198770,Bachelors,13,Divorced,Prof-specialty,Unmarried,White,Female,0,0,60,United-States,0
24,Private,247846,HS-grad,9,Never-married,Craft-repair,Unmarried,Black,Female,0,0,40,United-States,0
30,Private,142921,Assoc-acdm,12,Never-married,Prof-specialty,Not-in-family,White,Female,0,0,40,United-States,0
55,Private,124771,Bachelors,13,Married-civ-spouse,Exec-managerial,Husband,White,Male,15024,0,50,United-States,1
22,Private,315476,11th,7,Never-married,Craft-repair,Unmarried,White,Male,0,0,40,United-States,0
25,Private,126110,Some-college,10,Never-married,Adm-clerical,Own-child,White,Female,0,0,40,United-States,0
26,Private,239877,Bachelors,13,Never-married,Adm-clerical,Not-in-family,White,Female,0,0,40,United-States,0
33,Self-emp-inc,154227,HS-grad,9,Married-civ-spouse,Sales,Husband,White,Male,0,0,50,United-States,1
42,Self-emp-inc,240628,Prof-school,15,Married-civ-spouse,Prof-specialty,Wife,White,Female,0,0,50,United-States,1
39,Private,22463,Bachelors,13,Married-civ-spouse,Transport-moving,Husband,White,Male,0,0,40,United-States,0
23,Private,180497,Bachelors,13,Never-married,Tech-support,Own-child,Black,Female,0,0,32,United-States,0
25,Private,77698,HS-grad,9,Never-married,Machine-op-inspct,Not-in-family,Asian-Pac-Islander,Female,0,0,40,Philippines,0
21,Private,99970,Some-college,10,Never-married,Sales,Own-child,White,Male,0,0,15,United-States,0
35,Private,203717,Assoc-voc,11,Never-married,Craft-repair,Not-in-family,White,Male,0,0,50,United-States,0
28,Private,193868,Bachelors,13,Never-married,Tech-support,Own-child,White,Male,0,0,50,United-States,0
58,Private,65325,10th,6,Married-civ-spouse,Transport-moving,Husband,White,Male,0,0,40,United-States,1
42,Private,226388,HS-grad,9,Divorced,Other-service,Not-in-family,Black,Male,0,0,52,United-States,0
58,Self-emp-inc,204021,Bachelors,13,Married-civ-spouse,Craft-repair,Husband,White,Male,15024,0,50,United-States,1
20,Private,347391,Some-college,10,Never-married,Protective-serv,Not-in-family,Black,Male,0,0,60,United-States,0
25,Private,236267,HS-grad,9,Never-married,Machine-op-inspct,Unmarried,White,Male,0,1590,40,United-States,0
39,Private,329980,Some-college,10,Married-civ-spouse,Craft-repair,Husband,White,Male,0,0,40,United-States,1
26,Private,248057,HS-grad,9,Separated,Handlers-cleaners,Own-child,White,Male,0,0,40,Other,0
43,Self-emp-not-inc,388725,Some-college,10,Married-civ-spouse,Farming-fishing,Husband,White,Male,0,0,60,United-States,1
19,Private,304299,HS-grad,9,Never-married,Sales,Unmarried,White,Female,0,0,40,United-States,0
33,Private,90409,Bachelors,13,Never-married,Sales,Not-in-family,White,Male,0,0,45,United-States,0
35,Private,249456,Bachelors,13,Never-married,Adm-clerical,Own-child,Black,Female,0,0,40,United-States,0
47,Self-emp-not-inc,194590,Bachelors,13,Married-civ-spouse,Sales,Husband,White,Male,0,0,44,United-States,0
43,Self-emp-not-inc,126320,HS-grad,9,Married-civ-spouse,Exec-managerial,Husband,Black,Male,0,0,40,United-States,1
62,Self-emp-not-inc,369734,HS-grad,9,Married-civ-spouse,Adm-clerical,Wife,White,Female,0,0,40,United-States,0
28,Private,204862,Some-college,10,Never-married,Exec-managerial,Own-child,White,Female,0,0,40,United-States,0
52,Self-emp-inc,168539,Bachelors,13,Never-married,Exec-managerial,Not-in-family,White,Male,0,0,40,United-States,0
50,Private,44728,HS-grad,9,Married-civ-spouse,Machine-op-inspct,Husband,White,Male,0,0,40,United-States,0
21,Private,129172,Some-college,10,Never-married,Other-service,Not-in-family,White,Male,2907,0,40,United-States,0
27,Private,370242,Assoc-acdm,12,Never-married,Other-service,Not-in-family,White,Male,0,0,30,United-States,0
39,Private,195843,Assoc-voc,11,Never-married,Machine-op-inspct,Own-child,White,Male,0,0,40,United-States,0
36,State-gov,291676,9th,5,Married-civ-spouse,Craft-repair,Husband,Black,Male,0,0,40,United-States,0
30,Private,113453,Masters,14,Married-civ-spouse,Prof-specialty,Wife,White,Female,0,0,30,United-States,0
22,Private,416165,Some-college,10,Never-married,Adm-clerical,Own-child,White,Female,0,0,40,United-States,0
35,Private,106448,Assoc-voc,11,Married-civ-spouse,Other-service,Husband,White,Male,0,0,40,United-States,0
39,Self-emp-not-inc,199753,Bachelors,13,Married-civ-spouse,Other-service,Husband,White,Male,0,0,60,United-States,0
41,Private,198196,Masters,14,Married-civ-spouse,Exec-managerial,Husband,White,Male,0,0,45,United-States,1
23,Private,202084,HS-grad,9,Never-married,Other-service,Unmarried,Black,Female,0,0,40,United-States,0
54,Private,174806,HS-grad,9,Married-civ-spouse,Machine-op-inspct,Wife,White,Female,0,0,40,United-States,1
39,Private,130007,Some-college,10,Divorced,Craft-repair,Unmarried,White,Male,0,0,40,United-States,0
24,Private,403107,Primary,3,Never-married,Handlers-cleaners,Other-relative,White,Male,0,0,40,Mexico,0
51,Private,190678,HS-grad,9,Divorced,Prof-specialty,Unmarried,Black,Female,0,0,40,Other,0
37,Private,29430,HS-grad,9,Divorced,Sales,Unmarried,White,Male,0,0,45,United-States,0
45,Private,54038,Some-college,10,Married-civ-spouse,Adm-clerical,Wife,White,Female,0,1902,20,United-States,1
42,Private,55395,Some-college,10,Married-civ-spouse,Craft-repair,Husband,White,Male,0,0,52,United-States,0
29,Private,168526,HS-grad,9,Divorced,Sales,Unmarried,White,Female,0,0,25,United-States,0
41,Self-emp-not-inc,264663,11th,7,Divorced,Other-service,Not-in-family,White,Female,0,0,40,United-States,0
24,Private,83774,HS-grad,9,Married-civ-spouse,Other-service,Husband,White,Male,2885,0,45,United-States,0
47,Self-emp-not-inc,60087,Some-college,10,Married-spouse-absent,Exec-managerial,Not-in-family,White,Female,0,0,60,United-States,0
32,Private,205950,HS-grad,9,Never-married,Machine-op-inspct,Own-child,White,Male,0,0,40,United-States,0
47,Private,652784,10th,6,Married-civ-spouse,Machine-op-inspct,Husband,White,Male,0,0,40,United-States,0
33,Private,290763,Bachelors,13,Separated,Prof-specialty,Not-in-family,White,Female,0,0,40,United-States,0
44,Private,166740,Assoc-voc,11,Married-civ-spouse,Tech-support,Husband,White,Male,0,0,45,United-States,0
31,Private,289889,Assoc-voc,11,Never-married,Tech-support,Not-in-family,White,Male,0,0,40,United-States,0
47,Private,275967,10th,6,Married-civ-spouse,Craft-repair,Husband,White,Male,0,0,35,United-States,0
23,Private,199011,11th,7,Never-married,Craft-repair,Own-child,White,Male,0,0,3,United-States,0
26,Private,264012,Bachelors,13,Never-married,Adm-clerical,Not-in-family,White,Male,0,0,40,United-States,0
37,Private,115429,HS-grad,9,Married-civ-spouse,Craft-repair,Husband,White,Male,0,0,25,United-States,0
27,Private,102142,Assoc-acdm,12,Never-married,Tech-support,Not-in-family,White,Male,0,0,40,United-States,0
20,Private,237956,HS-grad,9,Never-married,Protective-serv,Own-child,White,Male,0,0,40,Other,0
23,Private,177287,Some-college,10,Never-married,Exec-managerial,Other-relative,White,Female,0,0,40,United-States,0
57,Self-emp-not-inc,27385,Some-college,10,Married-civ-spouse,Exec-managerial,Husband,White,Male,0,0,48,United-States,1
38,Private,217926,HS-grad,9,Married-civ-spouse,Craft-repair,Husband,Black,Male,0,0,40,United-States,0
80,Private,138050,HS-grad,9,Married-spouse-absent,Machine-op-inspct,Not-in-family,White,Female,0,0,16,United-States,0
52,Private,157413,Primary,2,Divorced,Farming-fishing,Not-in-family,Black,Male,0,0,40,United-States,0
49,Private,380922,Masters,14,Married-civ-spouse,Exec-managerial,Husband,White,Male,15024,0,80,United-States,1
36,Private,295706,HS-grad,9,Never-married,Machine-op-inspct,Not-in-family,White,Male,3674,0,42,United-States,0
31,Federal-gov,165949,Bachelors,13,Never-married,Exec-managerial,Not-in-family,White,Female,0,0,45,United-States,0
33,Private,172237,Assoc-acdm,12,Married-civ-spouse,Sales,Husband,White,Male,0,0,46,United-States,0
39,Private,245665,Assoc-acdm,12,Divorced,Prof-specialty,Not-in-family,White,Male,0,0,60,United-States,0
25,Private,629900,Bachelors,13,Married-civ-spouse,Prof-specialty,Wife,Black,Female,0,0,40,United-States,1
30,Private,84119,HS-grad,9,Married-civ-spouse,Exec-managerial,Husband,White,Male,0,0,65,United-States,1
18,Private,185522,HS-grad,9,Never-married,Sales,Own-child,White,Female,0,0,33,United-States,0
39,Private,191103,HS-grad,9,Never-married,Craft-repair,Not-in-family,White,Male,0,0,54,United-States,0
55,Private,176219,Bachelors,13,Married-civ-spouse,Machine-op-inspct,Husband,Asian-Pac-Islander,Male,0,0,40,Other,0
17,Private,310885,7th-8th,4,Never-married,Other-service,Own-child,White,Male,0,0,36,Mexico,0
53,Private,162951,9th,5,Married-civ-spouse,Handlers-cleaners,Husband,White,Male,0,0,41,United-States,1
63,Private,180099,10th,6,Separated,Other-service,Unmarried,Black,Female,0,0,40,United-States,0
59,Private,157749,Bachelors,13,Widowed,Exec-managerial,Unmarried,White,Male,0,3004,40,United-States,1
33,Private,292603,Some-college,10,Divorced,Other-service,Not-in-family,Black,Female,0,0,30,Other,0
35,Private,37655,HS-grad,9,Divorced,Machine-op-inspct,Unmarried,White,Female,0,0,60,United-States,0
43,Self-emp-not-inc,185413,Bachelors,13,Married-civ-spouse,Exec-managerial,Husband,White,Male,0,1977,50,United-States,1
29,Private,207513,Some-college,10,Married-civ-spouse,Craft-repair,Husband,White,Male,0,0,56,United-States,0
53,Private,56213,Some-college,10,Married-civ-spouse,Exec-managerial,Husband,White,Male,0,0,45,United-States,1
47,State-gov,287547,Bachelors,13,Married-civ-spouse,Prof-specialty,Wife,White,Female,0,0,40,United-States,0
35,Local-gov,252217,12th,8,Married-civ-spouse,Farming-fishing,Husband,White,Male,0,0,40,United-States,0
28,Private,184806,Masters,14,Never-married,Exec-managerial,Not-in-family,White,Male,0,0,58,United-States,0
38,Private,415578,10th,6,Married-civ-spouse,Craft-repair,Husband,White,Male,0,0,40,United-States,1
30,Federal-gov,42900,Bachelors,13,Never-married,Prof-specialty,Not-in-family,White,Male,0,0,40,United-States,0
29,Private,217290,Some-college,10,Never-married,Exec-managerial,Not-in-family,White,Female,0,0,40,United-States,0
36,Private,184655,HS-grad,9,Married-civ-spouse,Machine-op-inspct,Husband,White,Male,0,0,40,United-States,0
52,Private,279344,Masters,14,Married-civ-spouse,Exec-managerial,Wife,White,Female,15024,0,60,United-States,1
41,Private,187431,HS-grad,9,Never-married,Machine-op-inspct,Not-in-family,Black,Male,0,0,40,United-States,0
45,State-gov,259087,Masters,14,Divorced,Prof-specialty,Not-in-family,White,Female,0,0,45,United-States,0
19,Private,106306,Some-college,10,Never-married,Craft-repair,Own-child,White,Female,0,0,20,United-States,0
62,Private,101582,7th-8th,4,Widowed,Machine-op-inspct,Unmarried,White,Female,0,0,35,United-States,0
29,Private,298696,Some-college,10,Never-married,Other-service,Not-in-family,White,Female,0,0,40,United-States,0
26,Private,157617,Bachelors,13,Never-married,Prof-specialty,Own-child,White,Male,0,0,40,Other,0
26,Local-gov,391074,10th,6,Never-married,Handlers-cleaners,Own-child,Black,Male,0,0,40,United-States,0
30,Private,41210,Assoc-voc,11,Never-married,Machine-op-inspct,Not-in-family,White,Male,0,0,45,United-States,0
46,Private,135339,Assoc-voc,11,Married-civ-spouse,Craft-repair,Husband,Black,Male,0,0,40,United-States,1
36,Private,188800,HS-grad,9,Married-civ-spouse,Sales,Husband,White,Male,0,0,40,United-States,1
40,Private,21755,Some-college,10,Never-married,Craft-repair,Other-relative,Amer-Indian-Eskimo,Male,0,0,30,United-States,0
45,State-gov,72896,Assoc-voc,11,Married-civ-spouse,Prof-specialty,Husband,White,Male,0,0,40,United-States,1
21,Local-gov,300812,HS-grad,9,Never-married,Other-service,Own-child,White,Male,0,0,40,United-States,0
45,Private,282172,Assoc-acdm,12,Never-married,Exec-managerial,Not-in-family,White,Female,0,0,40,United-States,0
45,Private,117310,HS-grad,9,Married-civ-spouse,Exec-managerial,Wife,White,Female,0,0,50,United-States,1
32,Private,227282,Some-college,10,Married-civ-spouse,Transport-moving,Husband,White,Male,0,0,50,United-States,0
74,Private,68326,Assoc-voc,11,Widowed,Priv-house-serv,Not-in-family,White,Female,0,0,40,United-States,0
23,Private,306639,9th,5,Married-civ-spouse,Machine-op-inspct,Husband,White,Male,0,0,40,United-States,0
43,Private,131650,Some-college,10,Married-civ-spouse,Exec-managerial,Husband,White,Male,0,0,40,United-States,1
36,Private,170031,HS-grad,9,Married-civ-spouse,Craft-repair,Husband,White,Male,0,0,40,United-States,0
62,Private,119684,Bachelors,13,Married-civ-spouse,Sales,Husband,White,Male,2829,0,28,United-States,0
36,Private,644278,HS-grad,9,Married-civ-spouse,Craft-repair,Husband,White,Male,0,0,25,United-States,0
40,State-gov,285000,Bachelors,13,Divorced,Adm-clerical,Unmarried,Black,Female,0,0,40,United-States,0
28,State-gov,132675,Assoc-voc,11,Never-married,Exec-managerial,Not-in-family,Black,Female,0,0,40,Other,0
19,Private,196857,11th,7,Never-married,Adm-clerical,Own-child,White,Female,594,0,15,United-States,0
22,Private,212803,HS-grad,9,Never-married,Other-service,Not-in-family,White,Female,0,0,40,United-States,0
46,Private,73541,HS-grad,9,Married-civ-spouse,Adm-clerical,Husband,White,Male,0,0,40,United-States,0
36,Private,148903,Some-college,10,Never-married,Exec-managerial,Not-in-family,White,Female,0,0,60,United-States,0
33,Private,208855,Prof-school,15,Married-civ-spouse,Prof-specialty,Husband,White,Male,0,0,60,United-States,1
63,Private,219337,7th-8th,4,Married-civ-spouse,Craft-repair,Husband,White,Male,3471,0,45,United-States,0
40,Private,173651,Some-college,10,Married-civ-spouse,Prof-specialty,Husband,White,Male,0,0,40,United-States,1
64,Private,146674,HS-grad,9,Married-civ-spouse,Other-service,Husband,Black,Male,0,0,40,Other,1
40,State-gov,55294,Bachelors,13,Married-civ-spouse,Prof-specialty,Husband,White,Male,0,0,40,United-States,1
32,Local-gov,210448,Some-college,10,Married-civ-spouse,Craft-repair,Other-relative,White,Male,0,0,40,United-States,0
33,Private,178463,HS-grad,9,Married-civ-spouse,Craft-repair,Husband,White,Male,0,0,40,United-States,0
56,Self-emp-not-inc,177368,Some-college,10,Married-civ-spouse,Protective-serv,Husband,White,Male,0,0,50,United-States,1
33,Private,76493,Bachelors,13,Never-married,Prof-specialty,Not-in-family,White,Male,0,0,50,United-States,1
29,Private,154236,HS-grad,9,Married-civ-spouse,Machine-op-inspct,Husband,White,Male,4386,0,58,United-States,1
23,Private,197286,Bachelors,13,Never-married,Adm-clerical,Own-child,White,Female,0,0,40,United-States,0
24,Private,314440,HS-grad,9,Never-married,Machine-op-inspct,Not-in-family,White,Female,0,0,40,United-States,0
34,Private,223327,HS-grad,9,Married-civ-spouse,Tech-support,Husband,White,Male,0,1672,42,United-States,0
45,Private,194134,Assoc-voc,11,Never-married,Other-service,Unmarried,White,Female,0,0,40,Mexico,0
46,Self-emp-not-inc,27847,HS-grad,9,Married-civ-spouse,Craft-repair,Husband,White,Male,0,0,48,United-States,1
36,Private,130808,Some-college,10,Married-civ-spouse,Craft-repair,Husband,White,Male,0,0,40,United-States,0
20,Private,92863,HS-grad,9,Divorced,Machine-op-inspct,Not-in-family,White,Male,0,0,40,United-States,0
66,Self-emp-not-inc,219220,HS-grad,9,Married-civ-spouse,Farming-fishing,Husband,White,Male,2653,0,40,United-States,0
47,Self-emp-inc,54260,Some-college,10,Married-civ-spouse,Sales,Husband,White,Male,0,0,45,United-States,0
27,Private,57092,HS-grad,9,Divorced,Craft-repair,Not-in-family,White,Male,0,0,45,United-States,0
22,Private,338162,HS-grad,9,Married-civ-spouse,Machine-op-inspct,Wife,Black,Female,0,0,40,United-States,0
54,Federal-gov,149596,Bachelors,13,Married-civ-spouse,Exec-managerial,Wife,White,Female,0,0,45,United-States,0
35,Private,233786,HS-grad,9,Never-married,Craft-repair,Unmarried,White,Male,0,0,40,United-States,0
45,Private,184070,HS-grad,9,Never-married,Machine-op-inspct,Own-child,Black,Female,0,0,40,United-States,0
42,State-gov,218948,Doctorate,16,Divorced,Prof-specialty,Unmarried,Black,Female,0,0,36,Other,0
32,Private,100154,9th,5,Married-civ-spouse,Other-service,Husband,White,Male,0,0,40,Other,0
40,Private,79488,HS-grad,9,Separated,Other-service,Not-in-family,White,Female,0,0,40,United-States,0
48,Self-emp-not-inc,79001,Assoc-acdm,12,Divorced,Tech-support,Not-in-family,White,Female,0,0,40,United-States,0
20,Private,88676,HS-grad,9,Never-married,Handlers-cleaners,Own-child,White,Male,0,0,40,United-States,0
32,State-gov,181119,Bachelors,13,Separated,Prof-specialty,Not-in-family,White,Female,0,0,40,United-States,0
22,Private,266780,HS-grad,9,Never-married,Other-service,Own-child,Black,Female,0,0,24,United-States,0
34,Private,144949,HS-grad,9,Divorced,Handlers-cleaners,Own-child,White,Male,0,0,35,United-States,0
36,Private,50707,Bachelors,13,Divorced,Priv-house-serv,Unmarried,White,Female,0,0,40,United-States,0
29,Private,253003,Some-college,10,Never-married,Craft-repair,Not-in-family,White,Male,0,2258,45,United-States,1
41,Private,194537,Bachelors,13,Divorced,Prof-specialty,Not-in-family,White,Female,0,0,40,United-States,0
44,Private,402718,Primary,2,Married-civ-spouse,Farming-fishing,Husband,White,Male,0,0,40,Mexico,0
43,State-gov,344519,Doctorate,16,Married-civ-spouse,Prof-specialty,Wife,White,Female,0,0,40,United-States,1
28,Private,107812,9th,5,Never-married,Transport-moving,Not-in-family,White,Male,6849,0,35,United-States,0
60,Private,194980,HS-grad,9,Separated,Adm-clerical,Unmarried,Black,Female,0,0,20,United-States,0
25,Private,274228,HS-grad,9,Never-married,Other-service,Not-in-family,White,Male,0,0,65,United-States,0
33,Private,156383,Bachelors,13,Married-civ-spouse,Adm-clerical,Wife,White,Female,0,0,40,United-States,0
37,Self-emp-not-inc,284616,Some-college,10,Never-married,Sales,Own-child,White,Male,0,0,48,United-States,0
34,Private,118901,HS-grad,9,Separated,Machine-op-inspct,Not-in-family,White,Female,0,0,40,United-States,0
34,Private,608881,HS-grad,9,Never-married,Craft-repair,Not-in-family,Black,Male,0,0,40,United-States,0
38,Private,212252,Prof-school,15,Married-civ-spouse,Prof-specialty,Wife,White,Female,0,0,50,United-States,1
65,Private,154351,HS-grad,9,Never-married,Adm-clerical,Not-in-family,Black,Female,2993,0,40,United-States,0
19,Local-gov,43921,Some-college,10,Never-married,Machine-op-inspct,Not-in-family,White,Male,0,0,40,United-States,0
40,Private,232820,Assoc-voc,11,Divorced,Exec-managerial,Unmarried,Amer-Indian-Eskimo,Female,0,0,40,United-States,0
41,Private,29213,Some-college,10,Married-civ-spouse,Craft-repair,Husband,White,Male,0,0,45,United-States,0
34,Private,54608,Some-college,10,Never-married,Craft-repair,Not-in-family,White,Male,0,0,40,United-States,0
42,Private,233366,Primary,3,Married-civ-spouse,Craft-repair,Husband,Other,Male,3103,0,40,Mexico,1
28,Private,110145,9th,5,Married-civ-spouse,Machine-op-inspct,Husband,White,Male,0,0,40,United-States,0
28,Private,182509,Some-college,10,Never-married,Handlers-cleaners,Not-in-family,White,Male,0,0,35,United-States,0
21,Private,48121,Some-college,10,Never-married,Sales,Not-in-family,White,Male,0,0,40,United-States,0
17,Private,408012,12th,8,Never-married,Sales,Own-child,White,Female,0,0,15,United-States,0
48,Self-emp-inc,76482,Some-college,10,Married-civ-spouse,Farming-fishing,Husband,White,Male,0,0,50,United-States,0
30,Private,391114,Assoc-acdm,12,Never-married,Sales,Not-in-family,White,Male,0,0,40,United-States,0
52,Private,45599,HS-grad,9,Married-civ-spouse,Craft-repair,Husband,White,Male,0,0,50,Other,0
35,Private,207819,Bachelors,13,Married-civ-spouse,Exec-managerial,Husband,White,Male,15024,0,50,United-States,1
23,Private,256356,HS-grad,9,Never-married,Adm-clerical,Own-child,White,Female,0,0,40,United-States,0
34,Self-emp-not-inc,227540,Bachelors,13,Married-civ-spouse,Sales,Husband,Asian-Pac-Islander,Male,0,0,60,Other,0
38,Private,236391,HS-grad,9,Married-civ-spouse,Craft-repair,Husband,White,Male,0,0,45,United-States,1
32,Private,112139,HS-grad,9,Married-civ-spouse,Sales,Husband,White,Male,0,0,30,United-States,0
50,Private,135102,Masters,14,Married-civ-spouse,Exec-managerial,Husband,White,Male,0,0,55,United-States,1
65,State-gov,42488,Prof-school,15,Married-civ-spouse,Exec-managerial,Husband,White,Male,2653,0,8,United-States,0
54,Private,297551,Some-college,10,Married-civ-spouse,Craft-repair,Husband,White,Male,7298,0,40,United-States,1
32,Private,178691,Bachelors,13,Never-married,Exec-managerial,Own-child,White,Female,0,0,45,United-States,0
36,Self-emp-not-inc,165855,Bachelors,13,Married-civ-spouse,Sales,Husband,White,Male,0,0,40,Other,0
51,Federal-gov,914061,Some-college,10,Married-civ-spouse,Adm-clerical,Husband,White,Male,0,0,44,United-States,1
24,Private,186648,Assoc-acdm,12,Never-married,Sales,Own-child,White,Male,0,0,25,United-States,0
70,Self-emp-not-inc,355536,HS-grad,9,Married-civ-spouse,Tech-support,Wife,White,Female,0,0,24,United-States,0
43,Local-gov,67243,Bachelors,13,Married-civ-spouse,Protective-serv,Husband,White,Male,0,0,45,United-States,1
45,Self-emp-not-inc,305474,10th,6,Married-civ-spouse,Craft-repair,Husband,Black,Male,0,0,40,Other,0
73,Local-gov,222702,10th,6,Married-civ-spouse,Farming-fishing,Husband,White,Male,0,0,5,United-States,0
25,Private,31657,Assoc-voc,11,Separated,Other-service,Not-in-family,White,Female,0,0,34,United-States,0
27,Private,203776,Bachelors,13,Married-civ-spouse,Sales,Husband,White,Male,7688,0,45,United-States,1
40,Local-gov,329341,Masters,14,Married-civ-spouse,Exec-managerial,Husband,White,Male,0,0,35,United-States,1
58,Private,265579,HS-grad,9,Divorced,Adm-clerical,Not-in-family,White,Female,0,0,40,United-States,0
23,Private,340432,HS-grad,9,Never-married,Craft-repair,Not-in-family,White,Male,0,0,40,United-States,0
21,Self-emp-not-inc,328906,HS-grad,9,Never-married,Craft-repair,Not-in-family,White,Male,4865,0,35,United-States,0
54,Private,178839,HS-grad,9,Married-civ-spouse,Exec-managerial,Husband,White,Male,0,1848,40,Other,1
33,Private,145437,Some-college,10,Divorced,Craft-repair,Unmarried,White,Male,0,0,40,United-States,0
18,Private,115725,11th,7,Never-married,Other-service,Own-child,White,Female,0,0,12,United-States,0
45,Self-emp-inc,81534,HS-grad,9,Never-married,Sales,Unmarried,Asian-Pac-Islander,Male,0,0,40,United-States,0
52,Federal-gov,277772,Some-college,10,Divorced,Adm-clerical,Unmarried,Black,Female,0,0,40,United-States,0
19,Private,43937,Some-college,10,Never-married,Other-service,Own-child,White,Female,0,0,12,United-States,0
63,Private,153894,Assoc-voc,11,Divorced,Exec-managerial,Not-in-family,White,Female,0,0,24,Other,0
29,Private,231148,Bachelors,13,Married-civ-spouse,Prof-specialty,Husband,White,Male,0,0,50,United-States,1
25,Private,211392,HS-grad,9,Never-married,Other-service,Not-in-family,White,Male,0,0,48,United-States,0
46,Private,272792,Bachelors,13,Divorced,Craft-repair,Not-in-family,Black,Female,0,0,40,United-States,0
31,Private,185778,HS-grad,9,Never-married,Farming-fishing,Not-in-family,White,Male,0,0,60,United-States,0
32,Private,162370,Masters,14,Separated,Prof-specialty,Not-in-family,White,Female,0,0,35,Other,0
34,Private,49325,Masters,14,Married-civ-spouse,Exec-managerial,Husband,White,Male,0,0,40,United-States,1
22,Private,209646,Bachelors,13,Never-married,Prof-specialty,Own-child,White,Female,0,0,6,United-States,0
60,State-gov,165792,Masters,14,Married-civ-spouse,Prof-specialty,Wife,White,Female,0,0,8,United-States,0
36,Private,171393,Bachelors,13,Married-civ-spouse,Exec-managerial,Husband,White,Male,0,1887,40,United-States,1
31,Private,268282,7th-8th,4,Married-civ-spouse,Farming-fishing,Other-relative,White,Male,0,0,35,Mexico,0
30,Private,175413,HS-grad,9,Never-married,Handlers-cleaners,Own-child,Black,Female,0,0,35,United-States,0
24,Private,300275,HS-grad,9,Never-married,Handlers-cleaners,Not-in-family,White,Male,0,0,40,United-States,0
19,Private,218956,12th,8,Never-married,Machine-op-inspct,Other-relative,White,Male,0,0,40,United-States,0
20,Self-emp-inc,154782,HS-grad,9,Never-married,Farming-fishing,Own-child,White,Male,0,0,20,United-States,0
39,Private,301614,HS-grad,9,Married-civ-spouse,Transport-moving,Husband,White,Male,0,0,40,United-States,0
31,Private,104729,Primary,2,Married-civ-spouse,Handlers-cleaners,Husband,White,Male,0,0,35,Mexico,0
51,Self-emp-inc,274948,Some-college,10,Married-civ-spouse,Craft-repair,Husband,White,Male,0,0,60,United-States,0
24,Private,163053,11th,7,Never-married,Sales,Not-in-family,White,Female,0,0,36,United-States,0
51,Private,150999,Some-college,10,Married-civ-spouse,Craft-repair,Husband,White,Male,7298,0,40,United-States,1
29,Self-emp-inc,446724,Bachelors,13,Married-civ-spouse,Exec-managerial,Husband,White,Male,0,0,35,United-States,0
24,Private,199005,HS-grad,9,Never-married,Other-service,Own-child,White,Male,0,0,25,United-States,0
39,Private,186934,HS-grad,9,Married-civ-spouse,Craft-repair,Husband,White,Male,0,0,38,United-States,0
27,Private,180271,HS-grad,9,Married-civ-spouse,Machine-op-inspct,Husband,White,Male,0,0,43,United-States,0
30,Private,179747,HS-grad,9,Married-civ-spouse,Craft-repair,Husband,White,Male,0,0,45,United-States,1
27,State-gov,122540,Some-college,10,Never-married,Craft-repair,Other-relative,White,Male,0,0,40,United-States,0
58,Private,168887,HS-grad,9,Married-civ-spouse,Handlers-cleaners,Husband,White,Male,0,0,40,United-States,1
46,Local-gov,110110,Masters,14,Married-civ-spouse,Prof-specialty,Wife,White,Female,0,0,65,United-States,1
44,Private,230478,Assoc-acdm,12,Divorced,Exec-managerial,Not-in-family,White,Male,0,0,60,United-States,1
28,Private,398220,Some-college,10,Married-civ-spouse,Machine-op-inspct,Husband,White,Male,0,0,40,Mexico,0
59,Self-emp-not-inc,175827,10th,6,Married-civ-spouse,Craft-repair,Husband,White,Male,0,0,40,United-States,0
59,Private,105745,Assoc-voc,11,Married-civ-spouse,Machine-op-inspct,Husband,White,Male,0,0,45,United-States,1
53,Self-emp-inc,162381,Prof-school,15,Married-civ-spouse,Prof-specialty,Husband,White,Male,15024,0,45,United-States,1
34,Private,379798,Bachelors,13,Married-civ-spouse,Sales,Husband,White,Male,0,0,60,United-States,1
59,Private,192845,HS-grad,9,Married-civ-spouse,Handlers-cleaners,Husband,White,Male,0,0,40,United-States,1
29,Private,177955,9th,5,Never-married,Priv-house-serv,Unmarried,White,Female,0,0,24,Other,0
35,Private,151835,Masters,14,Married-civ-spouse,Prof-specialty,Husband,White,Male,99999,0,50,United-States,1
28,Private,225809,Some-college,10,Never-married,Other-service,Not-in-family,White,Male,0,0,40,United-States,0
31,Private,100333,11th,7,Never-married,Machine-op-inspct,Not-in-family,White,Female,0,0,36,United-States,0
25,Private,105930,HS-grad,9,Never-married,Other-service,Own-child,White,Female,0,0,40,United-States,0
17,Private,286422,10th,6,Never-married,Handlers-cleaners,Own-child,White,Male,0,0,25,United-States,0
59,Private,378585,Bachelors,13,Married-civ-spouse,Prof-specialty,Husband,White,Male,0,0,44,United-States,1
44,Private,121012,Bachelors,13,Married-civ-spouse,Exec-managerial,Husband,White,Male,5013,0,45,United-States,0
17,Private,74706,11th,7,Never-married,Priv-house-serv,Own-child,White,Male,0,0,20,United-States,0
44,Private,141131,12th,8,Divorced,Machine-op-inspct,Unmarried,Asian-Pac-Islander,Female,0,0,40,Other,0
62,Local-gov,117292,Masters,14,Never-married,Prof-specialty,Not-in-family,White,Female,8614,0,45,United-States,1
25,Private,147804,HS-grad,9,Married-civ-spouse,Transport-moving,Husband,White,Male,0,0,60,United-States,0
45,Private,180931,Assoc-voc,11,Married-civ-spouse,Craft-repair,Husband,White,Male,0,0,35,United-States,0
33,Self-emp-inc,218164,Some-college,10,Married-civ-spouse,Craft-repair,Husband,White,Male,7298,0,55,United-States,1
39,Private,156667,HS-grad,9,Never-married,Other-service,Not-in-family,White,Male,0,0,18,United-States,0
18,Private,260977,12th,8,Never-married,Sales,Own-child,White,Female,0,0,20,United-States,0
25,Private,90752,Bachelors,13,Never-married,Sales,Own-child,White,Female,0,0,30,United-States,0
32,State-gov,316589,Masters,14,Married-civ-spouse,Exec-managerial,Husband,White,Male,0,0,40,United-States,1
40,Private,309990,Some-college,10,Separated,Other-service,Unmarried,White,Female,0,0,40,United-States,0
41,Private,184105,HS-grad,9,Married-civ-spouse,Exec-managerial,Husband,White,Male,0,0,55,United-States,1
25,State-gov,319303,Some-college,10,Divorced,Other-service,Unmarried,White,Male,0,2472,40,United-States,1
32,Private,80945,HS-grad,9,Married-civ-spouse,Machine-op-inspct,Husband,White,Male,0,0,40,Other,1
42,Private,388725,Masters,14,Divorced,Sales,Not-in-family,White,Male,0,0,50,United-States,1
34,Private,362787,10th,6,Married-spouse-absent,Other-service,Unmarried,Black,Female,0,0,30,United-States,0
35,Local-gov,170682,11th,7,Married-civ-spouse,Prof-specialty,Wife,Black,Female,0,0,32,United-States,0
37,Private,112497,Bachelors,13,Married-civ-spouse,Sales,Husband,White,Male,0,0,60,United-States,0
27,Private,303601,12th,8,Married-civ-spouse,Farming-fishing,Husband,White,Male,0,0,40,United-States,0
57,Private,154368,Bachelors,13,Married-civ-spouse,Exec-managerial,Husband,White,Male,0,0,50,United-States,1
20,Private,313873,HS-grad,9,Never-married,Transport-moving,Own-child,White,Male,0,0,30,United-States,0
46,Private,34186,HS-grad,9,Married-civ-spouse,Handlers-cleaners,Husband,White,Male,0,0,40,United-States,0
44,State-gov,271807,Masters,14,Divorced,Prof-specialty,Not-in-family,White,Male,0,0,16,United-States,0
41,Private,275446,Some-college,10,Separated,Machine-op-inspct,Not-in-family,Black,Male,0,0,40,United-States,0
59,Private,59469,Bachelors,13,Married-civ-spouse,Craft-repair,Husband,White,Male,0,0,50,United-States,1
28,Private,614113,Some-college,10,Separated,Adm-clerical,Unmarried,Black,Female,0,0,30,United-States,0
39,Self-emp-inc,285890,Some-college,10,Married-civ-spouse,Prof-specialty,Husband,Black,Male,0,0,40,Other,1
55,Private,150507,Some-college,10,Married-civ-spouse,Adm-clerical,Husband,White,Male,0,0,40,United-States,0
23,Private,292264,Some-college,10,Married-civ-spouse,Sales,Husband,White,Male,0,0,40,United-States,0
50,Private,62593,Assoc-voc,11,Married-civ-spouse,Farming-fishing,Husband,Asian-Pac-Islander,Male,0,0,40,United-States,1
42,Self-emp-inc,196514,Bachelors,13,Never-married,Prof-specialty,Not-in-family,White,Male,0,0,40,United-States,0
31,Private,103651,Bachelors,13,Married-civ-spouse,Exec-managerial,Husband,White,Male,0,0,45,United-States,1
41,Private,106501,Assoc-acdm,12,Married-civ-spouse,Exec-managerial,Husband,White,Male,7688,0,50,United-States,1
25,Self-emp-not-inc,136309,11th,7,Never-married,Sales,Own-child,White,Male,0,0,40,United-States,0
31,Private,101562,Bachelors,13,Never-married,Sales,Not-in-family,White,Female,0,0,50,United-States,1
35,Local-gov,123939,HS-grad,9,Never-married,Adm-clerical,Not-in-family,White,Female,0,0,40,United-States,0
38,Private,111128,Some-college,10,Divorced,Adm-clerical,Own-child,White,Male,0,0,40,United-States,0
50,Private,123374,Bachelors,13,Married-civ-spouse,Prof-specialty,Husband,White,Male,0,0,50,United-States,1
51,Private,172046,Bachelors,13,Married-civ-spouse,Exec-managerial,Husband,White,Male,0,0,45,United-States,1
54,Private,96062,Bachelors,13,Married-civ-spouse,Prof-specialty,Husband,White,Male,0,0,40,United-States,0
53,Private,108435,HS-grad,9,Married-civ-spouse,Tech-support,Husband,White,Male,0,0,40,Other,0
49,Private,123807,HS-grad,9,Separated,Adm-clerical,Unmarried,Black,Female,0,0,40,United-States,0
25,Private,225135,HS-grad,9,Never-married,Machine-op-inspct,Unmarried,White,Female,0,0,40,United-States,0
19,Private,311974,HS-grad,9,Never-married,Machine-op-inspct,Own-child,White,Male,0,0,40,Mexico,0
44,Self-emp-not-inc,92162,HS-grad,9,Divorced,Craft-repair,Not-in-family,White,Male,0,0,40,United-States,0
29,Private,210945,11th,7,Separated,Other-service,Unmarried,Black,Female,0,0,40,United-States,0
41,Private,63105,HS-grad,9,Never-married,Craft-repair,Not-in-family,White,Male,0,0,42,United-States,1
52,Local-gov,195635,HS-grad,9,Divorced,Craft-repair,Own-child,White,Male,0,0,40,United-States,0
34,Local-gov,182926,HS-grad,9,Married-civ-spouse,Protective-serv,Husband,White,Male,0,0,40,United-States,0
53,State-gov,261839,Some-college,10,Married-civ-spouse,Handlers-cleaners,Husband,White,Male,0,0,40,United-States,0
46,State-gov,104908,HS-grad,9,Never-married,Other-service,Unmarried,Black,Female,0,0,40,United-States,0
32,Private,68330,HS-grad,9,Married-civ-spouse,Craft-repair,Husband,White,Male,0,1485,40,United-States,0
23,Private,32732,Some-college,10,Married-civ-spouse,Sales,Husband,White,Male,0,0,25,United-States,0
30,Private,111567,Some-college,10,Married-civ-spouse,Craft-repair,Husband,White,Male,0,0,40,United-States,1
42,Private,163322,Some-college,10,Divorced,Adm-clerical,Unmarried,White,Female,0,0,38,United-States,0
74,Private,175945,HS-grad,9,Widowed,Adm-clerical,Not-in-family,White,Female,0,0,28,United-States,0
23,Private,255685,Some-college,10,Never-married,Handlers-cleaners,Not-in-family,Black,Male,0,0,25,United-States,0
37,State-gov,159491,Some-college,10,Married-civ-spouse,Exec-managerial,Wife,White,Female,0,0,40,United-States,1
81,Private,176500,12th,8,Widowed,Sales,Not-in-family,White,Female,0,0,30,United-States,0
30,Private,328734,10th,6,Never-married,Machine-op-inspct,Unmarried,White,Female,0,0,40,United-States,0
48,Private,41411,Some-college,10,Divorced,Prof-specialty,Not-in-family,White,Female,0,0,50,United-States,0
20,Private,59948,HS-grad,9,Never-married,Other-service,Own-child,Black,Female,0,0,18,United-States,0
56,Private,68080,HS-grad,9,Never-married,Farming-fishing,Not-in-family,White,Male,0,0,50,Other,1
46,Private,171335,Some-college,10,Divorced,Exec-managerial,Not-in-family,White,Male,0,0,40,United-States,0
18,Self-emp-not-inc,304699,10th,6,Never-married,Craft-repair,Own-child,White,Male,0,0,40,Other,0
44,Private,101563,Masters,14,Divorced,Exec-managerial,Unmarried,White,Male,7430,0,45,United-States,1
23,Private,115085,HS-grad,9,Never-married,Transport-moving,Not-in-family,White,Male,0,0,45,United-States,0
31,Self-emp-not-inc,109195,Bachelors,13,Married-civ-spouse,Farming-fishing,Husband,White,Male,0,0,70,United-States,0
21,Private,127914,Some-college,10,Never-married,Other-service,Own-child,White,Male,0,0,20,United-States,0
45,Self-emp-not-inc,247053,HS-grad,9,Married-civ-spouse,Craft-repair,Husband,White,Male,0,0,40,United-States,0
33,Private,244817,HS-grad,9,Never-married,Other-service,Not-in-family,White,Male,0,0,40,United-States,0
42,Private,150568,Some-college,10,Divorced,Exec-managerial,Unmarried,White,Female,0,0,45,United-States,0
33,Private,112305,Assoc-voc,11,Never-married,Other-service,Unmarried,White,Female,0,0,10,United-States,0
46,Private,265371,Some-college,10,Married-civ-spouse,Craft-repair,Husband,White,Male,0,0,40,United-States,0
55,Private,174260,HS-grad,9,Widowed,Tech-support,Not-in-family,White,Male,0,0,40,United-States,0
32,Private,186269,HS-grad,9,Never-married,Other-service,Own-child,White,Male,2907,0,35,United-States,0
50,Federal-gov,237503,HS-grad,9,Never-married,Adm-clerical,Own-child,White,Male,0,0,40,United-States,0
19,Private,93762,Some-college,10,Never-married,Adm-clerical,Not-in-family,White,Female,0,0,40,United-States,0
40,Private,59916,HS-grad,9,Married-civ-spouse,Craft-repair,Husband,White,Male,0,0,40,United-States,0
25,Private,138111,Some-college,10,Never-married,Other-service,Not-in-family,White,Male,2174,0,40,United-States,0
39,Private,52870,HS-grad,9,Married-civ-spouse,Exec-managerial,Husband,White,Male,0,0,30,United-States,0
21,Private,97212,HS-grad,9,Never-married,Other-service,Not-in-family,White,Female,0,2001,25,United-States,0
38,Private,332154,Bachelors,13,Married-civ-spouse,Exec-managerial,Husband,Asian-Pac-Islander,Male,0,0,60,United-States,1
39,Private,225707,Assoc-voc,11,Married-civ-spouse,Adm-clerical,Husband,White,Male,0,0,40,Other,0
47,Private,118729,HS-grad,9,Divorced,Craft-repair,Not-in-family,White,Male,0,0,40,United-States,1
63,Self-emp-not-inc,141962,10th,6,Divorced,Craft-repair,Not-in-family,White,Male,0,0,20,United-States,0
24,Private,271379,Some-college,10,Never-married,Sales,Not-in-family,White,Female,0,0,25,United-States,0
38,Private,143909,Assoc-acdm,12,Married-civ-spouse,Prof-specialty,Husband,White,Male,0,0,40,United-States,1
55,Federal-gov,36314,7th-8th,4,Married-civ-spouse,Adm-clerical,Husband,White,Male,0,0,72,United-States,0
34,Local-gov,169708,Bachelors,13,Married-civ-spouse,Prof-specialty,Wife,White,Female,0,0,40,United-States,1
57,Local-gov,196126,Assoc-voc,11,Married-civ-spouse,Protective-serv,Husband,White,Male,0,0,40,United-States,1
19,Private,204337,HS-grad,9,Never-married,Sales,Own-child,White,Female,0,0,25,United-States,0
34,Private,242704,HS-grad,9,Never-married,Tech-support,Own-child,Black,Male,0,0,40,United-States,0
21,Private,153209,Some-college,10,Married-civ-spouse,Machine-op-inspct,Husband,White,Male,0,0,40,United-States,0
63,Private,223637,HS-grad,9,Never-married,Other-service,Not-in-family,Black,Female,0,0,50,United-States,0
38,Private,109594,Bachelors,13,Divorced,Sales,Not-in-family,White,Female,0,0,70,United-States,1
33,Private,164683,HS-grad,9,Never-married,Transport-moving,Own-child,White,Female,0,0,40,United-States,0
23,Private,129345,10th,6,Never-married,Other-service,Not-in-family,White,Male,0,0,50,United-States,0
36,State-gov,235779,Bachelors,13,Never-married,Exec-managerial,Not-in-family,White,Female,0,0,40,United-States,0
38,Private,166416,HS-grad,9,Married-civ-spouse,Machine-op-inspct,Husband,White,Male,0,0,40,United-States,0
26,Private,224045,Assoc-acdm,12,Never-married,Adm-clerical,Not-in-family,White,Female,0,0,36,United-States,0
26,Private,124111,Bachelors,13,Never-married,Adm-clerical,Not-in-family,White,Female,0,0,35,United-States,0
46,Private,102852,7th-8th,4,Divorced,Other-service,Not-in-family,White,Female,0,0,40,United-States,0
61,Self-emp-not-inc,184009,Bachelors,13,Never-married,Exec-managerial,Not-in-family,White,Female,0,2444,50,United-States,1
66,Private,123484,Some-college,10,Never-married,Adm-clerical,Own-child,White,Female,0,0,40,United-States,0
50,Self-emp-inc,235307,Assoc-acdm,12,Married-civ-spouse,Prof-specialty,Husband,White,Male,0,0,48,United-States,1
43,Local-gov,317185,Assoc-voc,11,Divorced,Prof-specialty,Unmarried,White,Female,0,0,36,United-States,0
20,Private,187592,Some-college,10,Never-married,Sales,Own-child,White,Male,0,0,40,United-States,0
32,Private,164519,Bachelors,13,Never-married,Prof-specialty,Not-in-family,White,Male,0,0,55,United-States,0
59,Self-emp-not-inc,172618,10th,6,Married-civ-spouse,Craft-repair,Husband,White,Male,0,0,50,United-States,0
42,Private,165815,Assoc-voc,11,Married-civ-spouse,Craft-repair,Husband,White,Male,0,0,40,United-States,0
37,Private,248919,Primary,2,Married-civ-spouse,Adm-clerical,Husband,White,Male,0,0,66,Mexico,0
57,Self-emp-not-inc,258121,Bachelors,13,Married-civ-spouse,Exec-managerial,Husband,White,Male,0,0,50,United-States,0
58,Private,95428,Masters,14,Divorced,Prof-specialty,Not-in-family,White,Female,0,0,40,United-States,0
40,Private,125461,HS-grad,9,Married-civ-spouse,Handlers-cleaners,Husband,White,Male,0,0,40,United-States,0
38,Private,218015,Some-college,10,Married-civ-spouse,Craft-repair,Husband,White,Male,0,0,48,United-States,1
25,Private,169905,HS-grad,9,Never-married,Craft-repair,Own-child,White,Male,0,0,40,United-States,0
71,Private,124901,HS-grad,9,Married-civ-spouse,Sales,Husband,White,Male,0,0,50,United-States,0
65,Private,282779,Masters,14,Married-civ-spouse,Adm-clerical,Other-relative,White,Female,0,0,40,United-States,1
35,Private,338948,HS-grad,9,Divorced,Craft-repair,Unmarried,Black,Male,0,0,40,United-States,0
32,Local-gov,56658,HS-grad,9,Never-married,Transport-moving,Not-in-family,Amer-Indian-Eskimo,Male,0,0,40,United-States,0
76,Private,152839,HS-grad,9,Married-civ-spouse,Prof-specialty,Husband,White,Male,0,0,20,United-States,0
68,Private,58547,Some-college,10,Married-civ-spouse,Craft-repair,Husband,White,Male,0,1735,48,United-States,0
33,Private,100294,HS-grad,9,Separated,Craft-repair,Not-in-family,White,Male,0,0,50,United-States,0
44,Self-emp-inc,144778,Some-college,10,Married-civ-spouse,Exec-managerial,Husband,White,Male,0,0,50,United-States,1
51,Private,97180,HS-grad,9,Divorced,Other-service,Unmarried,White,Female,0,0,15,United-States,0
28,Private,213236,HS-grad,9,Separated,Other-service,Unmarried,White,Male,0,0,40,Other,0
23,Self-emp-not-inc,121407,HS-grad,9,Never-married,Handlers-cleaners,Own-child,White,Female,0,0,35,United-States,0
40,Local-gov,210275,HS-grad,9,Never-married,Adm-clerical,Other-relative,Black,Female,0,0,40,United-States,0
28,Self-emp-not-inc,107458,HS-grad,9,Never-married,Craft-repair,Own-child,White,Male,0,0,45,United-States,0
24,Private,167316,HS-grad,9,Never-married,Handlers-cleaners,Not-in-family,White,Female,0,0,30,United-States,0
39,Self-emp-not-inc,327120,HS-grad,9,Married-civ-spouse,Craft-repair,Husband,White,Male,0,0,40,Other,0
28,Local-gov,169069,HS-grad,9,Never-married,Protective-serv,Not-in-family,White,Male,0,0,40,United-States,0
44,Private,283174,Bachelors,13,Married-civ-spouse,Adm-clerical,Husband,White,Male,0,0,40,United-States,1
36,Private,126896,Some-college,10,Divorced,Exec-managerial,Unmarried,White,Female,0,0,35,United-States,0
18,Private,217942,11th,7,Never-married,Other-service,Own-child,White,Male,0,0,24,United-States,0
49,Local-gov,204377,11th,7,Divorced,Other-service,Own-child,White,Female,0,0,60,United-States,0
34,Local-gov,174215,Masters,14,Married-civ-spouse,Prof-specialty,Wife,White,Female,7688,0,35,United-States,1
23,Private,164920,Some-college,10,Never-married,Machine-op-inspct,Own-child,White,Female,0,0,15,Other,0
26,Private,181838,HS-grad,9,Married-civ-spouse,Machine-op-inspct,Husband,White,Male,0,0,50,United-States,0
54,Private,27484,HS-grad,9,Married-civ-spouse,Exec-managerial,Husband,White,Male,0,0,40,United-States,1
30,Self-emp-not-inc,143078,Bachelors,13,Divorced,Sales,Not-in-family,White,Male,0,2444,55,United-States,1
28,Local-gov,136643,Masters,14,Never-married,Prof-specialty,Not-in-family,White,Female,0,0,50,United-States,0
35,Private,139770,HS-grad,9,Never-married,Sales,Own-child,White,Female,0,0,29,United-States,0
61,Private,215789,HS-grad,9,Divorced,Sales,Not-in-family,White,Male,0,0,40,United-States,0
28,Private,451742,HS-grad,9,Divorced,Exec-managerial,Not-in-family,White,Female,0,0,40,United-States,0
57,Private,279340,7th-8th,4,Widowed,Other-service,Unmarried,Black,Female,0,0,29,United-States,0
25,Private,460322,Bachelors,13,Never-married,Other-service,Own-child,White,Male,0,0,43,United-States,0
54,Local-gov,105788,Masters,14,Divorced,Prof-specialty,Unmarried,Black,Female,0,0,37,United-States,1
22,Private,190137,HS-grad,9,Never-married,Sales,Own-child,Other,Male,0,0,40,United-States,0
56,Private,146391,HS-grad,9,Never-married,Sales,Not-in-family,White,Male,0,0,40,Other,0
31,Local-gov,314375,Some-college,10,Married-civ-spouse,Protective-serv,Husband,White,Male,0,0,30,United-States,0
41,Local-gov,120277,Bachelors,13,Married-civ-spouse,Prof-specialty,Husband,White,Male,0,0,35,United-States,1
30,Private,184290,Bachelors,13,Never-married,Sales,Not-in-family,White,Male,0,0,55,United-States,0
50,Private,176773,Primary,1,Married-civ-spouse,Farming-fishing,Husband,Black,Male,0,0,40,Other,0
33,Private,330715,HS-grad,9,Married-civ-spouse,Sales,Husband,White,Male,0,0,55,United-States,0
26,Private,37650,Some-college,10,Divorced,Prof-specialty,Not-in-family,White,Female,5060,0,40,United-States,0
50,Private,83311,Masters,14,Married-civ-spouse,Exec-managerial,Husband,White,Male,0,0,40,United-States,1
51,Private,184529,HS-grad,9,Married-civ-spouse,Sales,Husband,White,Male,0,1977,50,United-States,1
45,Private,181363,Some-college,10,Married-civ-spouse,Craft-repair,Husband,White,Male,0,0,46,United-States,0
37,Self-emp-inc,95634,Some-college,10,Divorced,Craft-repair,Unmarried,White,Female,0,0,40,Other,0
35,Private,66304,10th,6,Married-civ-spouse,Machine-op-inspct,Husband,White,Male,0,0,45,United-States,0
33,Private,41610,HS-grad,9,Separated,Craft-repair,Not-in-family,White,Male,0,0,40,United-States,0
41,Private,165815,Some-college,10,Married-civ-spouse,Exec-managerial,Husband,White,Male,0,0,60,United-States,0
36,Private,114765,10th,6,Never-married,Other-service,Unmarried,White,Female,0,0,35,United-States,0
39,Self-emp-not-inc,54022,Some-college,10,Married-civ-spouse,Machine-op-inspct,Wife,White,Female,0,0,40,United-States,0
35,Private,269323,Bachelors,13,Married-civ-spouse,Tech-support,Husband,White,Male,0,1887,40,United-States,1
42,Private,205195,HS-grad,9,Married-civ-spouse,Craft-repair,Husband,White,Male,0,0,40,United-States,1
22,Private,188300,HS-grad,9,Never-married,Sales,Not-in-family,White,Female,0,0,28,United-States,0
35,Self-emp-not-inc,313132,Prof-school,15,Married-civ-spouse,Prof-specialty,Husband,White,Male,0,0,40,United-States,1
37,Private,244803,HS-grad,9,Married-civ-spouse,Adm-clerical,Husband,White,Male,0,0,40,Other,0
65,Private,113293,HS-grad,9,Married-civ-spouse,Craft-repair,Husband,White,Male,0,0,50,United-States,1
39,Private,176967,Bachelors,13,Married-civ-spouse,Prof-specialty,Husband,White,Male,0,0,40,United-States,1
31,Private,213307,7th-8th,4,Never-married,Machine-op-inspct,Other-relative,White,Female,0,0,20,Mexico,0
36,Private,292380,Some-college,10,Married-civ-spouse,Exec-managerial,Husband,Black,Male,0,0,10,United-States,0
61,Private,373099,7th-8th,4,Married-civ-spouse,Craft-repair,Husband,White,Male,0,0,40,United-States,0
24,Private,155172,Assoc-acdm,12,Divorced,Machine-op-inspct,Not-in-family,White,Male,0,0,40,United-States,0
33,Private,201122,HS-grad,9,Separated,Tech-support,Not-in-family,White,Male,0,0,40,United-States,0
27,State-gov,41115,Some-college,10,Married-civ-spouse,Craft-repair,Husband,Black,Male,0,0,40,United-States,0
59,State-gov,173422,7th-8th,4,Married-civ-spouse,Craft-repair,Husband,White,Male,5013,0,38,United-States,0
32,Self-emp-not-inc,220740,HS-grad,9,Never-married,Craft-repair,Own-child,White,Male,0,0,60,United-States,0
39,Private,197150,HS-grad,9,Divorced,Craft-repair,Unmarried,White,Male,0,0,50,Other,0
44,Self-emp-not-inc,255543,Primary,3,Married-civ-spouse,Farming-fishing,Husband,White,Male,0,0,84,United-States,1
37,Private,301614,Bachelors,13,Never-married,Machine-op-inspct,Other-relative,White,Male,0,0,40,United-States,0
28,Private,266316,7th-8th,4,Married-civ-spouse,Craft-repair,Husband,White,Male,3464,0,35,United-States,0
40,Self-emp-inc,189941,Bachelors,13,Married-civ-spouse,Prof-specialty,Husband,White,Male,3103,0,60,United-States,1
40,Private,301359,Some-college,10,Married-civ-spouse,Prof-specialty,Husband,White,Male,0,0,60,United-States,0
37,Private,184456,Bachelors,13,Married-civ-spouse,Sales,Husband,White,Male,0,0,40,United-States,1
23,Private,131230,Bachelors,13,Never-married,Protective-serv,Own-child,White,Male,0,0,50,United-States,0
47,Private,138342,11th,7,Married-civ-spouse,Farming-fishing,Husband,White,Male,0,0,40,United-States,0
38,Local-gov,173804,Bachelors,13,Divorced,Prof-specialty,Own-child,White,Female,0,0,38,United-States,0
27,Local-gov,68729,HS-grad,9,Married-civ-spouse,Protective-serv,Husband,Asian-Pac-Islander,Male,0,0,40,United-States,1
24,Private,219835,7th-8th,4,Never-married,Handlers-cleaners,Not-in-family,White,Male,0,0,24,Other,0
21,Private,153542,10th,6,Married-civ-spouse,Farming-fishing,Husband,White,Male,0,0,30,United-States,0
51,Private,197600,Bachelors,13,Married-civ-spouse,Exec-managerial,Husband,White,Male,0,0,50,United-States,1
18,Private,179597,HS-grad,9,Never-married,Other-service,Not-in-family,White,Male,0,0,20,United-States,0
53,Local-gov,130730,HS-grad,9,Divorced,Adm-clerical,Other-relative,White,Female,0,0,35,United-States,0
23,Private,115458,Some-college,10,Married-civ-spouse,Sales,Husband,White,Male,0,0,40,United-States,0
52,State-gov,108836,Bachelors,13,Married-civ-spouse,Protective-serv,Husband,White,Male,0,0,48,United-States,1
60,Private,108969,10th,6,Married-civ-spouse,Craft-repair,Husband,White,Male,0,0,50,United-States,0
44,Private,103397,HS-grad,9,Divorced,Handlers-cleaners,Other-relative,White,Female,0,0,40,United-States,0
31,Private,175778,Assoc-acdm,12,Never-married,Adm-clerical,Not-in-family,White,Female,0,0,40,United-States,0
21,Private,522881,Assoc-voc,11,Never-married,Exec-managerial,Other-relative,White,Male,0,0,40,Mexico,0
48,Private,203576,Some-college,10,Married-civ-spouse,Craft-repair,Husband,White,Male,0,0,40,United-States,1
38,Private,189092,Assoc-voc,11,Married-civ-spouse,Craft-repair,Husband,White,Male,0,0,43,United-States,0
53,Private,255927,Bachelors,13,Widowed,Adm-clerical,Unmarried,White,Female,0,0,52,United-States,0
22,Self-emp-inc,437161,HS-grad,9,Never-married,Adm-clerical,Unmarried,Black,Female,0,0,40,United-States,0
41,Private,154374,Bachelors,13,Married-civ-spouse,Exec-managerial,Husband,White,Male,0,1887,50,United-States,1
25,Local-gov,202300,Some-college,10,Never-married,Adm-clerical,Own-child,White,Female,0,0,40,United-States,0
56,Local-gov,137078,Masters,14,Married-civ-spouse,Prof-specialty,Husband,White,Male,0,0,40,United-States,0
35,Private,105821,Assoc-voc,11,Married-civ-spouse,Adm-clerical,Husband,White,Male,0,0,36,United-States,0
39,Private,148485,Some-college,10,Married-civ-spouse,Craft-repair,Husband,White,Male,0,0,50,United-States,0
66,Private,250226,HS-grad,9,Widowed,Sales,Not-in-family,White,Female,0,0,16,United-States,0
47,Private,153883,Bachelors,13,Married-civ-spouse,Prof-specialty,Husband,Black,Male,7688,0,45,United-States,1
33,Private,104620,Masters,14,Married-civ-spouse,Tech-support,Wife,White,Female,0,0,15,United-States,0
55,Private,209962,HS-grad,9,Married-civ-spouse,Sales,Husband,White,Male,0,0,35,United-States,0
34,Private,87218,Bachelors,13,Married-civ-spouse,Prof-specialty,Husband,White,Male,0,0,45,United-States,1
40,Private,106501,HS-grad,9,Married-civ-spouse,Transport-moving,Husband,White,Male,2829,0,50,United-States,0
39,Private,100032,HS-grad,9,Married-civ-spouse,Protective-serv,Wife,White,Female,0,0,15,United-States,1
30,Private,154843,Masters,14,Never-married,Prof-specialty,Not-in-family,White,Male,0,0,40,Other,0
40,Private,121492,Some-college,10,Never-married,Machine-op-inspct,Not-in-family,Black,Male,0,0,48,United-States,0
27,Private,38353,HS-grad,9,Divorced,Craft-repair,Not-in-family,White,Male,0,0,40,United-States,0
65,Self-emp-not-inc,111916,Prof-school,15,Married-civ-spouse,Exec-managerial,Husband,White,Male,0,0,10,United-States,1
39,Private,276559,Masters,14,Never-married,Prof-specialty,Not-in-family,White,Male,0,2444,45,United-States,1
36,Self-emp-inc,192251,Some-college,10,Married-civ-spouse,Sales,Wife,White,Female,0,1902,15,United-States,1
53,Private,175220,Bachelors,13,Married-civ-spouse,Sales,Husband,Asian-Pac-Islander,Male,7688,0,48,Other,1
23,Private,370057,HS-grad,9,Divorced,Adm-clerical,Not-in-family,White,Female,0,0,40,United-States,0
42,Private,308770,Some-college,10,Married-civ-spouse,Adm-clerical,Husband,Black,Male,0,0,40,United-States,1
26,Private,131913,Bachelors,13,Never-married,Machine-op-inspct,Not-in-family,Black,Female,0,0,40,United-States,0
40,Private,203761,11th,7,Married-civ-spouse,Handlers-cleaners,Husband,White,Male,0,0,40,United-States,0
21,Private,169188,HS-grad,9,Never-married,Machine-op-inspct,Own-child,White,Female,0,0,35,United-States,0
72,Private,108038,Masters,14,Divorced,Prof-specialty,Not-in-family,White,Male,0,0,60,Other,1
36,Private,184659,HS-grad,9,Married-civ-spouse,Craft-repair,Husband,White,Male,7298,0,40,United-States,1
52,Private,197322,Some-college,10,Married-civ-spouse,Craft-repair,Husband,White,Male,0,0,40,United-States,0
32,Private,335569,HS-grad,9,Married-civ-spouse,Craft-repair,Husband,White,Male,0,0,40,United-States,0
45,Private,256367,12th,8,Divorced,Farming-fishing,Not-in-family,Black,Male,0,0,40,United-States,0
41,Local-gov,249039,HS-grad,9,Separated,Adm-clerical,Unmarried,White,Female,0,0,40,United-States,0
72,State-gov,120733,7th-8th,4,Widowed,Other-service,Unmarried,Black,Female,0,0,40,United-States,0
43,Private,145784,HS-grad,9,Never-married,Other-service,Other-relative,Asian-Pac-Islander,Female,0,0,40,Other,0
33,Private,252646,Masters,14,Married-civ-spouse,Exec-managerial,Husband,White,Male,0,0,55,United-States,1
42,Private,348059,Doctorate,16,Divorced,Exec-managerial,Not-in-family,White,Male,0,0,60,United-States,0
44,Self-emp-not-inc,85019,Bachelors,13,Married-civ-spouse,Craft-repair,Husband,Asian-Pac-Islander,Male,0,0,40,Other,1
45,Private,102771,HS-grad,9,Married-civ-spouse,Exec-managerial,Husband,White,Male,0,0,40,United-States,1
30,Private,183388,HS-grad,9,Separated,Adm-clerical,Unmarried,White,Female,0,0,40,United-States,0
39,Self-emp-not-inc,34111,HS-grad,9,Married-civ-spouse,Farming-fishing,Husband,White,Male,0,0,70,United-States,0
24,Private,172169,Some-college,10,Never-married,Handlers-cleaners,Unmarried,White,Male,0,0,30,United-States,0
36,Private,151029,7th-8th,4,Married-civ-spouse,Farming-fishing,Husband,White,Male,0,0,55,United-States,0
38,State-gov,87282,Assoc-voc,11,Never-married,Adm-clerical,Unmarried,Asian-Pac-Islander,Female,0,0,40,United-States,0
19,Private,198668,12th,8,Never-married,Craft-repair,Own-child,White,Male,0,0,47,United-States,0
39,Local-gov,455399,HS-grad,9,Married-civ-spouse,Protective-serv,Husband,Black,Male,15024,0,40,United-States,1
28,Private,181291,Some-college,10,Married-civ-spouse,Other-service,Own-child,White,Female,7688,0,40,United-States,1
66,Self-emp-not-inc,195161,Prof-school,15,Never-married,Prof-specialty,Not-in-family,White,Male,0,0,20,Other,0
26,Private,73988,Some-college,10,Never-married,Prof-specialty,Not-in-family,White,Male,0,0,40,United-States,0
38,Private,178322,HS-grad,9,Married-civ-spouse,Sales,Husband,White,Male,0,0,70,United-States,1
28,Private,164575,Some-college,10,Married-civ-spouse,Adm-clerical,Husband,White,Male,0,0,40,United-States,0
25,Private,109419,Some-college,10,Never-married,Exec-managerial,Not-in-family,White,Female,8614,0,45,United-States,1
32,Private,229636,Assoc-acdm,12,Married-civ-spouse,Handlers-cleaners,Husband,White,Male,5013,0,60,United-States,0
58,Private,218764,Assoc-voc,11,Widowed,Prof-specialty,Unmarried,White,Female,0,0,45,United-States,0
39,State-gov,178100,Bachelors,13,Never-married,Prof-specialty,Not-in-family,White,Female,0,0,40,United-States,0
29,Private,251526,Some-college,10,Married-civ-spouse,Tech-support,Wife,White,Female,0,0,20,United-States,0
37,Private,87757,Assoc-acdm,12,Never-married,Exec-managerial,Not-in-family,White,Male,0,0,45,United-States,0
46,Private,32825,HS-grad,9,Married-civ-spouse,Transport-moving,Husband,White,Male,0,0,60,United-States,0
33,Private,182511,Assoc-voc,11,Divorced,Adm-clerical,Unmarried,White,Female,0,0,40,United-States,0
46,Local-gov,258498,Masters,14,Divorced,Prof-specialty,Unmarried,White,Female,0,0,40,United-States,0
29,Private,87632,11th,7,Married-civ-spouse,Machine-op-inspct,Husband,White,Male,0,0,40,United-States,0
36,Private,49657,Bachelors,13,Married-civ-spouse,Prof-specialty,Husband,White,Male,0,0,50,United-States,1
20,Private,186014,HS-grad,9,Never-married,Other-service,Not-in-family,White,Female,0,0,38,United-States,0
34,Federal-gov,148508,Some-college,10,Divorced,Tech-support,Not-in-family,White,Female,0,0,40,United-States,0
20,Private,38238,11th,7,Never-married,Other-service,Own-child,White,Male,0,0,25,United-States,0
55,Private,132145,9th,5,Married-civ-spouse,Sales,Husband,White,Male,0,0,45,United-States,0
31,Local-gov,275369,Some-college,10,Never-married,Protective-serv,Not-in-family,Black,Male,0,0,40,United-States,0
57,Self-emp-inc,199067,7th-8th,4,Married-civ-spouse,Exec-managerial,Husband,White,Male,0,0,90,Other,1
43,Self-emp-inc,147206,Assoc-acdm,12,Never-married,Exec-managerial,Not-in-family,White,Male,27828,0,45,United-States,1
30,Local-gov,38268,HS-grad,9,Separated,Other-service,Unmarried,White,Male,0,0,40,United-States,1
42,Private,199900,Some-college,10,Married-civ-spouse,Craft-repair,Husband,White,Male,0,0,52,United-States,0
39,Self-emp-inc,172538,HS-grad,9,Married-civ-spouse,Exec-managerial,Husband,White,Male,0,0,60,United-States,1
41,Private,289403,HS-grad,9,Divorced,Tech-support,Not-in-family,Black,Male,0,0,40,Other,0
41,Self-emp-inc,277858,Bachelors,13,Widowed,Exec-managerial,Not-in-family,Black,Female,0,0,45,United-States,0
58,Local-gov,303176,HS-grad,9,Divorced,Craft-repair,Not-in-family,White,Male,0,0,40,United-States,0
65,Self-emp-not-inc,147377,Masters,14,Married-civ-spouse,Prof-specialty,Husband,White,Male,0,0,16,United-States,0
44,Self-emp-not-inc,177851,Prof-school,15,Married-civ-spouse,Prof-specialty,Husband,White,Male,0,0,60,United-States,0
54,Private,419712,HS-grad,9,Married-civ-spouse,Transport-moving,Husband,Black,Male,0,0,40,United-States,0
45,Self-emp-not-inc,70754,Prof-school,15,Married-civ-spouse,Prof-specialty,Husband,White,Male,7298,0,60,United-States,1
39,Private,128483,Some-college,10,Married-civ-spouse,Other-service,Wife,White,Female,0,0,60,United-States,0
17,Private,53367,12th,8,Never-married,Other-service,Other-relative,White,Female,0,0,25,United-States,0
56,Self-emp-not-inc,32855,Some-college,10,Married-civ-spouse,Farming-fishing,Husband,White,Male,0,0,50,United-States,0
29,Local-gov,275110,Some-college,10,Married-civ-spouse,Protective-serv,Own-child,Black,Male,0,0,40,United-States,0
30,Private,201122,Bachelors,13,Married-civ-spouse,Prof-specialty,Husband,White,Male,0,0,40,United-States,1
51,Private,207246,Some-college,10,Married-civ-spouse,Adm-clerical,Wife,White,Female,0,1902,40,United-States,1
47,Self-emp-not-inc,181405,Prof-school,15,Married-civ-spouse,Prof-specialty,Husband,White,Male,15024,0,40,United-States,1
37,Private,296212,HS-grad,9,Separated,Handlers-cleaners,Not-in-family,White,Male,0,0,48,United-States,0
22,Private,333838,Some-college,10,Never-married,Other-service,Not-in-family,White,Male,0,0,40,United-States,0
24,Private,394191,12th,8,Never-married,Transport-moving,Own-child,White,Male,0,0,55,Other,0
44,Private,211351,Some-college,10,Married-civ-spouse,Sales,Wife,White,Female,4386,0,40,United-States,1
35,Private,111377,HS-grad,9,Separated,Transport-moving,Not-in-family,White,Male,0,0,40,United-States,0
34,Local-gov,260782,Some-college,10,Married-civ-spouse,Handlers-cleaners,Husband,White,Male,0,0,52,United-States,1
50,Private,299215,HS-grad,9,Married-civ-spouse,Adm-clerical,Husband,Black,Male,0,0,40,United-States,0
52,Private,91093,Some-college,10,Divorced,Sales,Not-in-family,Black,Female,0,0,40,United-States,0
32,Private,162041,Some-college,10,Divorced,Other-service,Unmarried,White,Female,0,0,30,United-States,0
19,Private,143608,HS-grad,9,Never-married,Machine-op-inspct,Own-child,White,Male,0,0,40,United-States,0
34,Private,126853,Masters,14,Married-civ-spouse,Exec-managerial,Husband,Asian-Pac-Islander,Male,0,0,40,Other,1
35,Private,226528,Doctorate,16,Married-spouse-absent,Prof-specialty,Not-in-family,Other,Male,0,0,60,Other,1
36,Private,165473,Bachelors,13,Divorced,Adm-clerical,Unmarried,Black,Female,0,0,40,United-States,0
28,Private,289991,HS-grad,9,Married-civ-spouse,Craft-repair,Husband,White,Male,0,0,40,United-States,1
33,Private,150324,HS-grad,9,Divorced,Machine-op-inspct,Not-in-family,White,Male,0,0,49,United-States,0
62,Private,96460,HS-grad,9,Separated,Prof-specialty,Not-in-family,White,Female,0,0,40,United-States,0
65,Self-emp-inc,224357,HS-grad,9,Married-civ-spouse,Sales,Husband,White,Male,0,0,40,United-States,0
58,Private,32365,Some-college,10,Married-civ-spouse,Craft-repair,Husband,White,Male,0,0,50,United-States,0
18,Private,198368,11th,7,Never-married,Other-service,Own-child,White,Male,594,0,10,United-States,0
31,Private,127651,Assoc-acdm,12,Married-civ-spouse,Exec-managerial,Husband,White,Male,0,1902,38,United-States,1
34,Self-emp-not-inc,581025,9th,5,Never-married,Other-service,Own-child,Black,Male,0,0,38,United-States,0
22,Private,290044,Bachelors,13,Never-married,Other-service,Not-in-family,White,Female,0,0,35,Other,0
38,Private,314007,Some-college,10,Married-civ-spouse,Transport-moving,Husband,White,Male,5178,0,40,United-States,1
41,Private,163847,Bachelors,13,Married-civ-spouse,Farming-fishing,Husband,White,Male,0,0,45,United-States,1
20,Private,85021,HS-grad,9,Never-married,Other-service,Own-child,White,Female,0,0,40,United-States,0
51,Private,75640,HS-grad,9,Married-civ-spouse,Sales,Husband,White,Male,0,0,50,United-States,0
31,Private,119735,9th,5,Never-married,Machine-op-inspct,Unmarried,White,Male,0,0,40,Mexico,0
27,Private,107236,Masters,14,Never-married,Prof-specialty,Not-in-family,White,Male,0,0,50,United-States,0
23,Private,170302,HS-grad,9,Widowed,Exec-managerial,Unmarried,White,Male,0,0,38,United-States,0
41,Private,557349,HS-grad,9,Married-civ-spouse,Craft-repair,Husband,White,Male,0,0,40,United-States,1
20,Private,236601,Some-college,10,Never-married,Sales,Not-in-family,White,Male,0,0,20,United-States,0
53,Private,31909,Assoc-voc,11,Married-civ-spouse,Adm-clerical,Husband,White,Male,0,0,45,United-States,1
24,Private,179423,Bachelors,13,Never-married,Prof-specialty,Other-relative,White,Female,0,0,40,United-States,0
34,Local-gov,211239,Bachelors,13,Divorced,Prof-specialty,Unmarried,White,Female,6497,0,40,United-States,0
27,Private,220104,Bachelors,13,Never-married,Sales,Not-in-family,White,Male,0,1876,50,United-States,0
52,Private,91506,HS-grad,9,Married-civ-spouse,Handlers-cleaners,Husband,White,Male,0,0,45,United-States,0
37,Self-emp-inc,317580,HS-grad,9,Married-civ-spouse,Craft-repair,Husband,White,Male,0,0,40,United-States,0
51,Private,122533,Bachelors,13,Married-civ-spouse,Exec-managerial,Husband,White,Male,0,0,40,United-States,1
56,Private,106850,Some-college,10,Widowed,Other-service,Not-in-family,White,Female,0,0,40,United-States,0
26,Private,55860,Masters,14,Never-married,Prof-specialty,Not-in-family,Black,Female,0,0,40,United-States,0
39,Private,367020,Bachelors,13,Never-married,Exec-managerial,Own-child,White,Male,0,0,40,United-States,0
41,Private,218172,Bachelors,13,Married-spouse-absent,Exec-managerial,Not-in-family,White,Female,13550,0,60,United-States,1
36,Private,126675,11th,7,Married-civ-spouse,Exec-managerial,Husband,White,Male,0,1579,40,United-States,0
81,Private,36147,Prof-school,15,Married-civ-spouse,Farming-fishing,Husband,White,Male,10605,0,2,United-States,1
50,Private,594521,9th,5,Divorced,Adm-clerical,Unmarried,White,Female,0,0,40,United-States,0
18,State-gov,352317,Some-college,10,Never-married,Other-service,Own-child,White,Female,0,0,20,United-States,0
18,Private,23940,Some-college,10,Never-married,Other-service,Not-in-family,Amer-Indian-Eskimo,Male,0,0,40,United-States,0
61,Private,182163,Some-college,10,Married-civ-spouse,Prof-specialty,Husband,White,Male,0,1902,40,United-States,1
45,State-gov,156065,Bachelors,13,Divorced,Adm-clerical,Not-in-family,White,Female,0,0,40,United-States,0
20,Private,73679,HS-grad,9,Never-married,Transport-moving,Own-child,White,Female,0,0,35,United-States,0
50,Private,99316,HS-grad,9,Divorced,Transport-moving,Not-in-family,White,Male,0,0,50,United-States,0
30,Private,99928,Bachelors,13,Never-married,Sales,Not-in-family,White,Female,0,0,40,United-States,0
25,Private,189663,Masters,14,Never-married,Prof-specialty,Own-child,White,Female,0,0,40,United-States,0
35,Self-emp-inc,200352,Bachelors,13,Married-civ-spouse,Tech-support,Husband,White,Male,0,0,45,United-States,1
53,Private,214691,Bachelors,13,Married-civ-spouse,Prof-specialty,Husband,White,Male,0,0,80,United-States,0
47,Private,174794,Masters,14,Never-married,Prof-specialty,Not-in-family,White,Female,0,0,40,Other,1
17,Private,166360,10th,6,Never-married,Craft-repair,Own-child,White,Female,0,0,30,United-States,0
49,Self-emp-not-inc,155862,HS-grad,9,Married-civ-spouse,Farming-fishing,Husband,White,Male,0,0,50,United-States,1
40,Private,68111,HS-grad,9,Divorced,Craft-repair,Not-in-family,White,Male,0,0,45,United-States,0
44,Private,322799,HS-grad,9,Separated,Machine-op-inspct,Own-child,Black,Male,0,0,40,United-States,0
52,Private,234286,Some-college,10,Divorced,Transport-moving,Not-in-family,White,Male,0,0,84,United-States,0
48,Local-gov,283037,Bachelors,13,Married-civ-spouse,Prof-specialty,Husband,White,Male,0,0,40,United-States,0
51,Private,169719,Some-college,10,Married-civ-spouse,Adm-clerical,Husband,White,Male,0,0,38,United-States,0
32,Private,244200,Some-college,10,Divorced,Exec-managerial,Not-in-family,White,Male,0,0,50,Other,0
90,Private,250832,HS-grad,9,Married-civ-spouse,Transport-moving,Husband,White,Male,2414,0,40,United-States,0
81,Self-emp-not-inc,218521,7th-8th,4,Married-civ-spouse,Farming-fishing,Husband,White,Male,0,0,21,United-States,0
19,Private,136405,Assoc-voc,11,Never-married,Other-service,Own-child,White,Female,0,0,20,United-States,0
31,State-gov,190027,Some-college,10,Never-married,Other-service,Own-child,Black,Female,0,0,40,United-States,0
31,Private,87891,HS-grad,9,Married-civ-spouse,Machine-op-inspct,Husband,White,Male,0,0,40,United-States,0
23,Private,423453,HS-grad,9,Never-married,Sales,Own-child,Black,Female,0,0,16,United-States,0
35,Private,304001,Some-college,10,Married-civ-spouse,Craft-repair,Husband,White,Male,0,0,40,United-States,0
24,Private,251603,HS-grad,9,Never-married,Adm-clerical,Own-child,White,Female,0,0,40,United-States,0
42,Private,445382,Assoc-acdm,12,Divorced,Craft-repair,Not-in-family,White,Male,0,0,40,United-States,0
22,Private,341760,Bachelors,13,Never-married,Exec-managerial,Own-child,White,Female,0,0,40,United-States,0
54,Private,81859,HS-grad,9,Married-civ-spouse,Adm-clerical,Husband,White,Male,0,0,40,United-States,1
24,Private,179423,Bachelors,13,Never-married,Adm-clerical,Own-child,White,Female,0,0,20,United-States,0
77,Self-emp-not-inc,161552,Primary,1,Widowed,Exec-managerial,Not-in-family,White,Female,0,0,60,United-States,0
36,Local-gov,247547,HS-grad,9,Separated,Adm-clerical,Unmarried,Black,Female,0,0,40,United-States,0
22,Private,173004,HS-grad,9,Never-married,Machine-op-inspct,Other-relative,Black,Male,0,0,1,United-States,0
59,Private,187025,HS-grad,9,Divorced,Adm-clerical,Not-in-family,Black,Male,0,0,40,United-States,0
48,Federal-gov,259131,Some-college,10,Divorced,Adm-clerical,Unmarried,Black,Male,5455,0,40,United-States,0
20,Private,175808,HS-grad,9,Never-married,Craft-repair,Own-child,White,Male,0,0,40,United-States,0
18,Private,255595,11th,7,Never-married,Prof-specialty,Own-child,White,Male,0,0,5,United-States,0
40,Private,246949,HS-grad,9,Divorced,Machine-op-inspct,Own-child,White,Male,0,0,40,United-States,0
24,Private,201799,Bachelors,13,Never-married,Transport-moving,Own-child,White,Female,0,0,84,United-States,0
58,Private,52090,Prof-school,15,Divorced,Tech-support,Unmarried,White,Male,0,0,40,United-States,1
39,Self-emp-not-inc,33001,HS-grad,9,Married-civ-spouse,Craft-repair,Husband,White,Male,0,0,40,United-States,0
29,Private,241607,HS-grad,9,Never-married,Craft-repair,Not-in-family,White,Male,2597,0,40,United-States,0
47,Private,189498,HS-grad,9,Married-civ-spouse,Tech-support,Husband,White,Male,0,0,65,United-States,1
27,Self-emp-not-inc,151382,HS-grad,9,Never-married,Farming-fishing,Own-child,White,Male,0,0,40,United-States,0
23,Private,194630,HS-grad,9,Separated,Machine-op-inspct,Own-child,White,Male,0,0,53,United-States,0
26,Private,143062,Some-college,10,Divorced,Adm-clerical,Own-child,White,Female,0,0,40,United-States,0
20,Private,259788,HS-grad,9,Never-married,Handlers-cleaners,Own-child,Black,Male,0,0,40,United-States,0
42,Self-emp-not-inc,248876,Some-college,10,Divorced,Craft-repair,Unmarried,White,Male,0,0,55,United-States,0
54,Self-emp-not-inc,260833,Some-college,10,Married-civ-spouse,Farming-fishing,Husband,White,Male,0,0,45,United-States,1
20,Private,37932,HS-grad,9,Never-married,Other-service,Not-in-family,White,Male,0,0,45,United-States,0
40,Private,69495,HS-grad,9,Married-civ-spouse,Transport-moving,Husband,White,Male,0,0,40,United-States,0
46,Private,28074,Some-college,10,Married-civ-spouse,Craft-repair,Husband,White,Male,0,0,89,United-States,1
46,Private,114120,Some-college,10,Divorced,Tech-support,Not-in-family,White,Female,0,0,38,United-States,0
66,Self-emp-not-inc,51415,Assoc-voc,11,Married-civ-spouse,Farming-fishing,Husband,White,Male,4931,0,98,United-States,0
36,Private,134367,Bachelors,13,Married-civ-spouse,Tech-support,Wife,White,Female,0,0,32,United-States,1
22,Private,234970,Some-college,10,Never-married,Other-service,Own-child,Black,Female,0,0,40,Other,0
51,Self-emp-not-inc,123011,HS-grad,9,Divorced,Craft-repair,Own-child,White,Male,0,0,40,United-States,0
38,Private,179481,HS-grad,9,Married-civ-spouse,Machine-op-inspct,Husband,White,Male,0,0,40,Other,0
38,Self-emp-not-inc,177907,HS-grad,9,Married-civ-spouse,Sales,Husband,White,Male,0,0,40,United-States,0
51,Private,190762,Primary,2,Widowed,Craft-repair,Not-in-family,White,Male,0,0,40,Mexico,0
46,Private,155509,Bachelors,13,Separated,Prof-specialty,Unmarried,Black,Female,0,0,32,Other,0
53,Federal-gov,147629,Assoc-acdm,12,Married-civ-spouse,Prof-specialty,Husband,White,Male,0,0,80,United-States,1
67,Private,283416,Masters,14,Never-married,Prof-specialty,Not-in-family,White,Male,0,0,40,United-States,0
53,Private,151411,HS-grad,9,Married-civ-spouse,Craft-repair,Husband,White,Male,0,0,40,United-States,1
22,Private,296158,10th,6,Married-civ-spouse,Craft-repair,Husband,White,Male,0,0,40,United-States,0
25,Private,153997,10th,6,Never-married,Machine-op-inspct,Not-in-family,White,Male,0,0,40,United-States,0
58,Private,34169,Some-college,10,Married-civ-spouse,Sales,Husband,White,Male,3103,0,25,United-States,1
45,Private,192203,HS-grad,9,Married-civ-spouse,Craft-repair,Husband,White,Male,15024,0,49,United-States,1
53,Self-emp-inc,197189,HS-grad,9,Married-civ-spouse,Sales,Husband,White,Male,0,0,72,United-States,1
62,Self-emp-inc,234738,Bachelors,13,Married-civ-spouse,Exec-managerial,Husband,White,Male,5013,0,50,United-States,0
22,Private,21154,HS-grad,9,Never-married,Other-service,Not-in-family,White,Female,0,1590,32,United-States,0
52,Private,113522,HS-grad,9,Never-married,Machine-op-inspct,Not-in-family,White,Male,0,0,45,United-States,1
37,Private,215618,Bachelors,13,Married-civ-spouse,Exec-managerial,Husband,White,Male,0,0,40,United-States,1
46,Self-emp-inc,340651,Bachelors,13,Married-civ-spouse,Other-service,Husband,Black,Male,0,1977,60,United-States,1
61,Self-emp-not-inc,243019,Primary,1,Married-civ-spouse,Craft-repair,Husband,White,Male,0,0,40,United-States,0
37,Private,101020,Bachelors,13,Separated,Exec-managerial,Not-in-family,White,Male,4787,0,55,United-States,1
36,Self-emp-not-inc,60269,Bachelors,13,Married-civ-spouse,Sales,Husband,White,Male,0,0,40,United-States,1
42,Self-emp-not-inc,152889,Some-college,10,Married-civ-spouse,Craft-repair,Husband,White,Male,0,0,52,United-States,0
34,Private,190228,Some-college,10,Never-married,Adm-clerical,Own-child,White,Male,0,0,40,United-States,1
48,State-gov,158451,Bachelors,13,Separated,Prof-specialty,Unmarried,White,Female,914,0,40,United-States,0
47,Private,152572,HS-grad,9,Never-married,Other-service,Unmarried,White,Female,0,0,40,Other,0
40,Private,199513,Masters,14,Divorced,Exec-managerial,Not-in-family,White,Male,0,1408,50,United-States,0
57,Local-gov,317690,Masters,14,Married-civ-spouse,Exec-managerial,Husband,White,Male,7688,0,60,United-States,1
47,Self-emp-not-inc,182474,HS-grad,9,Married-civ-spouse,Exec-managerial,Wife,White,Female,0,0,36,United-States,0
18,Private,295607,10th,6,Never-married,Transport-moving,Own-child,White,Male,0,0,40,United-States,0
45,Private,35136,Bachelors,13,Married-civ-spouse,Tech-support,Husband,Black,Male,0,0,40,United-States,1
28,State-gov,175389,Assoc-acdm,12,Never-married,Adm-clerical,Own-child,White,Female,0,0,40,Mexico,0
34,Self-emp-not-inc,181091,Some-college,10,Never-married,Farming-fishing,Own-child,White,Male,0,0,50,United-States,0
77,Private,213136,Doctorate,16,Widowed,Exec-managerial,Unmarried,White,Male,0,0,40,United-States,0
36,Private,296478,HS-grad,9,Married-civ-spouse,Sales,Husband,White,Male,0,0,40,United-States,1
61,Private,260062,10th,6,Never-married,Other-service,Own-child,White,Female,4416,0,38,United-States,0
26,Private,188703,Masters,14,Never-married,Prof-specialty,Not-in-family,White,Female,0,0,40,United-States,0
37,Private,216129,HS-grad,9,Never-married,Craft-repair,Not-in-family,Black,Female,0,0,45,United-States,0
48,Local-gov,216689,HS-grad,9,Married-civ-spouse,Craft-repair,Husband,White,Male,0,0,40,United-States,0
65,Local-gov,188903,HS-grad,9,Married-civ-spouse,Handlers-cleaners,Husband,White,Male,6418,0,45,United-States,1
53,Private,108836,9th,5,Married-civ-spouse,Transport-moving,Husband,White,Male,0,0,40,United-States,0
43,Private,203233,HS-grad,9,Married-civ-spouse,Transport-moving,Husband,White,Male,0,0,50,United-States,1
48,State-gov,77102,Doctorate,16,Married-civ-spouse,Prof-specialty,Husband,White,Male,0,0,45,United-States,1
76,Private,328227,Bachelors,13,Married-civ-spouse,Adm-clerical,Husband,White,Male,5556,0,13,United-States,1
41,Private,302606,HS-grad,9,Divorced,Exec-managerial,Unmarried,White,Female,0,0,40,United-States,0
26,Private,109390,HS-grad,9,Married-civ-spouse,Handlers-cleaners,Husband,White,Male,0,0,40,United-States,0
46,Private,212162,Primary,3,Married-civ-spouse,Other-service,Husband,Black,Male,0,0,40,United-States,0
30,Private,172748,HS-grad,9,Married-civ-spouse,Exec-managerial,Husband,White,Male,0,0,40,United-States,0
39,Private,365009,Bachelors,13,Never-married,Handlers-cleaners,Own-child,White,Male,0,0,40,United-States,0
34,Private,71865,9th,5,Married-civ-spouse,Machine-op-inspct,Wife,Other,Female,0,0,40,Other,0
41,Private,184630,Bachelors,13,Divorced,Handlers-cleaners,Not-in-family,White,Male,4416,0,40,United-States,0
35,Federal-gov,22494,Bachelors,13,Divorced,Prof-specialty,Not-in-family,White,Female,0,0,50,United-States,1
36,Private,219745,HS-grad,9,Separated,Craft-repair,Not-in-family,White,Male,0,0,40,United-States,0
67,Private,113323,Masters,14,Divorced,Adm-clerical,Unmarried,White,Male,0,0,41,United-States,0
47,Private,162067,Masters,14,Married-civ-spouse,Adm-clerical,Husband,Black,Male,0,0,40,Other,0
50,Private,233149,Assoc-voc,11,Married-civ-spouse,Sales,Husband,White,Male,0,0,50,United-States,1
40,Private,129298,HS-grad,9,Married-civ-spouse,Craft-repair,Husband,White,Male,0,0,40,United-States,0
36,Private,120204,HS-grad,9,Divorced,Tech-support,Not-in-family,White,Female,0,0,40,United-States,0
35,Private,128516,HS-grad,9,Married-civ-spouse,Exec-managerial,Wife,White,Female,0,0,45,United-States,0
46,Local-gov,165160,Bachelors,13,Married-civ-spouse,Prof-specialty,Wife,White,Female,0,0,40,United-States,1
51,Private,90275,HS-grad,9,Divorced,Sales,Unmarried,White,Female,0,0,45,United-States,0
24,Private,376474,HS-grad,9,Married-civ-spouse,Handlers-cleaners,Husband,White,Male,0,0,65,United-States,0
18,Private,99591,11th,7,Never-married,Other-service,Own-child,White,Female,0,0,16,United-States,0
35,Local-gov,26987,Bachelors,13,Never-married,Prof-specialty,Not-in-family,White,Female,0,1876,45,United-States,0
31,Private,145439,HS-grad,9,Married-civ-spouse,Adm-clerical,Husband,Amer-Indian-Eskimo,Male,0,0,40,United-States,0
32,Private,176410,HS-grad,9,Never-married,Adm-clerical,Own-child,White,Female,0,0,38,United-States,0
41,Private,141186,HS-grad,9,Married-spouse-absent,Adm-clerical,Unmarried,White,Female,0,0,40,United-States,0
26,State-gov,239303,Bachelors,13,Married-civ-spouse,Adm-clerical,Husband,White,Male,3942,0,7,United-States,0
45,Private,54260,HS-grad,9,Never-married,Farming-fishing,Not-in-family,White,Male,0,0,60,United-States,0
45,Private,118714,Assoc-voc,11,Married-civ-spouse,Craft-repair,Husband,White,Male,0,0,40,United-States,0
61,Self-emp-not-inc,142988,Some-college,10,Married-civ-spouse,Craft-repair,Husband,White,Male,0,0,40,United-States,0
80,Private,138737,HS-grad,9,Divorced,Adm-clerical,Other-relative,White,Female,0,0,20,United-States,0
38,Private,32086,Some-college,10,Divorced,Adm-clerical,Own-child,White,Male,0,0,52,United-States,0
47,State-gov,61062,Doctorate,16,Separated,Exec-managerial,Own-child,Asian-Pac-Islander,Male,2354,0,45,United-States,0
36,Private,107737,11th,7,Married-civ-spouse,Craft-repair,Husband,White,Male,0,0,40,Other,0
43,Private,163434,HS-grad,9,Married-civ-spouse,Craft-repair,Husband,White,Male,0,0,40,United-States,1
54,Private,105638,9th,5,Married-civ-spouse,Craft-repair,Husband,White,Male,0,0,40,United-States,0
33,Local-gov,111746,HS-grad,9,Never-married,Protective-serv,Not-in-family,White,Male,0,0,48,United-States,0
32,Private,134679,11th,7,Never-married,Handlers-cleaners,Own-child,Black,Female,0,0,40,United-States,0
37,Private,119992,Primary,3,Married-civ-spouse,Craft-repair,Husband,White,Male,0,2603,60,United-States,0
31,Private,198068,Prof-school,15,Married-civ-spouse,Prof-specialty,Husband,White,Male,0,0,50,United-States,0
61,Private,29797,HS-grad,9,Divorced,Sales,Other-relative,White,Female,0,0,40,United-States,0
31,Private,301251,HS-grad,9,Never-married,Craft-repair,Own-child,White,Male,0,0,40,United-States,0
63,Self-emp-not-inc,246124,Bachelors,13,Married-civ-spouse,Prof-specialty,Husband,White,Male,0,0,50,United-States,0
53,Private,321865,Prof-school,15,Never-married,Adm-clerical,Not-in-family,White,Male,0,0,40,United-States,1
46,Private,172155,Bachelors,13,Married-civ-spouse,Machine-op-inspct,Husband,White,Male,0,0,40,Other,0
27,Private,116298,HS-grad,9,Separated,Craft-repair,Not-in-family,White,Male,0,0,40,United-States,0
18,Local-gov,283342,10th,6,Never-married,Craft-repair,Own-child,Black,Male,0,0,40,United-States,0
18,Private,216540,11th,7,Never-married,Craft-repair,Own-child,White,Male,0,0,40,United-States,0
23,Local-gov,265148,Bachelors,13,Never-married,Prof-specialty,Unmarried,White,Male,0,0,40,United-States,0
65,Private,29276,HS-grad,9,Widowed,Other-service,Not-in-family,White,Female,2538,0,50,United-States,0
56,Self-emp-not-inc,140729,HS-grad,9,Married-civ-spouse,Machine-op-inspct,Husband,White,Male,0,0,45,United-States,0
27,Private,157612,Bachelors,13,Separated,Exec-managerial,Not-in-family,White,Female,0,0,60,United-States,0
59,Local-gov,221417,HS-grad,9,Married-civ-spouse,Protective-serv,Husband,White,Male,0,0,40,United-States,1
35,Private,302239,Some-college,10,Never-married,Adm-clerical,Not-in-family,White,Female,0,0,40,United-States,0
44,Federal-gov,206927,Bachelors,13,Married-civ-spouse,Exec-managerial,Husband,White,Male,7688,0,40,United-States,1
17,Private,102446,12th,8,Never-married,Handlers-cleaners,Own-child,White,Male,0,0,35,United-States,0
24,Private,26668,Bachelors,13,Married-civ-spouse,Adm-clerical,Wife,White,Female,0,0,40,Other,0
68,Local-gov,159643,HS-grad,9,Married-civ-spouse,Adm-clerical,Husband,White,Male,0,0,15,United-States,0
48,Private,162187,Bachelors,13,Married-civ-spouse,Exec-managerial,Husband,White,Male,0,0,48,United-States,1
54,Private,54065,7th-8th,4,Divorced,Machine-op-inspct,Not-in-family,Black,Male,0,0,40,United-States,0
42,Private,191149,HS-grad,9,Married-civ-spouse,Sales,Wife,White,Female,0,0,40,United-States,1
54,Self-emp-not-inc,99902,Some-college,10,Married-civ-spouse,Craft-repair,Husband,White,Male,0,0,40,Other,1
42,Private,208068,Bachelors,13,Married-civ-spouse,Adm-clerical,Husband,Other,Male,7298,0,40,Mexico,1
55,Private,164970,HS-grad,9,Married-civ-spouse,Other-service,Husband,Black,Male,0,0,38,United-States,0
81,Private,39667,HS-grad,9,Married-civ-spouse,Transport-moving,Husband,Black,Male,0,0,20,United-States,0
22,Federal-gov,316438,HS-grad,9,Never-married,Prof-specialty,Own-child,White,Male,0,0,35,United-States,0
29,Private,189702,Bachelors,13,Never-married,Prof-specialty,Not-in-family,White,Male,10520,0,50,United-States,1
37,Private,237943,Assoc-voc,11,Married-civ-spouse,Craft-repair,Husband,White,Male,0,0,50,Other,0
43,Self-emp-not-inc,215896,Some-college,10,Married-civ-spouse,Machine-op-inspct,Wife,White,Female,0,0,50,United-States,0
49,Private,184285,HS-grad,9,Married-civ-spouse,Adm-clerical,Husband,White,Male,0,0,40,United-States,1
61,Private,56248,Primary,2,Married-civ-spouse,Machine-op-inspct,Husband,White,Male,0,0,60,United-States,1
36,Private,353263,Bachelors,13,Divorced,Adm-clerical,Unmarried,White,Female,0,0,40,United-States,0
37,Self-emp-not-inc,289430,10th,6,Married-civ-spouse,Craft-repair,Husband,White,Male,0,0,40,Mexico,0
47,Private,362654,Masters,14,Married-civ-spouse,Prof-specialty,Husband,White,Male,0,0,40,United-States,1
32,Private,172402,Some-college,10,Never-married,Adm-clerical,Unmarried,Other,Female,0,0,40,United-States,0
39,Private,271610,HS-grad,9,Married-civ-spouse,Transport-moving,Husband,White,Male,0,0,60,United-States,1
45,Self-emp-inc,139268,Bachelors,13,Married-civ-spouse,Sales,Husband,White,Male,0,0,60,United-States,1
36,Self-emp-not-inc,358373,Bachelors,13,Never-married,Prof-specialty,Not-in-family,Black,Female,0,0,30,United-States,0
23,Private,234108,Assoc-acdm,12,Never-married,Machine-op-inspct,Unmarried,White,Male,0,0,40,United-States,0
23,Private,42401,Bachelors,13,Never-married,Exec-managerial,Not-in-family,White,Male,0,0,50,United-States,0
20,Private,95552,HS-grad,9,Never-married,Sales,Own-child,White,Male,0,0,40,United-States,0
28,Private,209301,HS-grad,9,Married-civ-spouse,Transport-moving,Husband,White,Male,0,1848,40,United-States,1
33,Private,202046,Bachelors,13,Married-civ-spouse,Exec-managerial,Husband,White,Male,0,0,45,United-States,1
76,Self-emp-inc,99328,Bachelors,13,Married-civ-spouse,Farming-fishing,Husband,White,Male,6514,0,40,United-States,1
41,Local-gov,224799,Masters,14,Married-civ-spouse,Prof-specialty,Husband,White,Male,0,0,55,United-States,1
38,Local-gov,51240,Bachelors,13,Married-civ-spouse,Prof-specialty,Husband,White,Male,0,0,45,United-States,0
34,Private,137991,Bachelors,13,Never-married,Sales,Own-child,White,Female,0,0,35,United-States,0
31,Private,326104,Bachelors,13,Married-civ-spouse,Farming-fishing,Husband,White,Male,0,0,45,United-States,0
40,Private,92649,Assoc-acdm,12,Divorced,Adm-clerical,Unmarried,White,Female,0,0,40,United-States,0
36,Private,238342,Some-college,10,Divorced,Adm-clerical,Not-in-family,White,Male,0,0,40,United-States,0
47,Private,247379,HS-grad,9,Never-married,Handlers-cleaners,Not-in-family,White,Male,0,0,45,United-States,0
42,Private,339814,Bachelors,13,Married-civ-spouse,Prof-specialty,Husband,White,Male,0,0,40,United-States,1
32,Private,124420,HS-grad,9,Never-married,Machine-op-inspct,Not-in-family,White,Male,0,0,40,United-States,0
34,Private,289228,Masters,14,Married-civ-spouse,Exec-managerial,Wife,White,Female,15024,0,45,United-States,1
36,Private,140327,HS-grad,9,Married-civ-spouse,Sales,Wife,White,Female,7298,0,35,United-States,1
28,Self-emp-inc,160731,HS-grad,9,Never-married,Craft-repair,Not-in-family,White,Male,0,0,40,United-States,0
57,Private,167483,Assoc-voc,11,Divorced,Exec-managerial,Unmarried,White,Female,0,0,50,United-States,0
43,Private,186077,HS-grad,9,Widowed,Transport-moving,Unmarried,Black,Male,0,0,40,United-States,0
55,Local-gov,85001,Masters,14,Married-spouse-absent,Prof-specialty,Not-in-family,White,Female,0,0,38,United-States,0
36,Self-emp-not-inc,52870,Bachelors,13,Married-civ-spouse,Exec-managerial,Husband,White,Male,4386,0,50,United-States,1
18,Private,328937,7th-8th,4,Never-married,Other-service,Own-child,Black,Male,0,0,20,United-States,0
35,Private,196373,HS-grad,9,Married-civ-spouse,Farming-fishing,Husband,White,Male,0,1672,40,United-States,0
35,State-gov,167482,HS-grad,9,Never-married,Protective-serv,Own-child,White,Male,0,1980,40,United-States,0
45,Private,272442,Masters,14,Married-civ-spouse,Prof-specialty,Husband,White,Male,0,0,50,United-States,1
28,Private,216178,HS-grad,9,Married-civ-spouse,Machine-op-inspct,Husband,White,Male,0,0,40,United-States,0
35,Private,188391,Bachelors,13,Married-civ-spouse,Exec-managerial,Husband,White,Male,0,0,55,United-States,1
48,Private,29433,Some-college,10,Divorced,Sales,Unmarried,White,Female,0,0,55,United-States,0
28,Private,306538,12th,8,Never-married,Prof-specialty,Unmarried,White,Female,0,0,40,United-States,0
26,Private,206721,Bachelors,13,Never-married,Sales,Own-child,White,Male,0,0,50,United-States,0
44,Federal-gov,786418,HS-grad,9,Married-civ-spouse,Transport-moving,Husband,Black,Male,0,0,60,United-States,0
19,Private,146189,HS-grad,9,Never-married,Sales,Other-relative,Amer-Indian-Eskimo,Female,0,0,78,United-States,0
61,State-gov,349434,Bachelors,13,Divorced,Exec-managerial,Unmarried,Black,Female,0,0,40,United-States,0
42,Private,49255,Masters,14,Married-civ-spouse,Prof-specialty,Husband,White,Male,4386,0,40,United-States,1
34,Local-gov,198953,Some-college,10,Divorced,Protective-serv,Unmarried,Black,Female,0,0,40,United-States,0
68,State-gov,99106,Masters,14,Divorced,Prof-specialty,Not-in-family,White,Female,0,0,20,United-States,0
36,Private,345310,Some-college,10,Divorced,Other-service,Unmarried,White,Female,0,0,30,United-States,0
59,Private,188872,HS-grad,9,Married-civ-spouse,Tech-support,Husband,White,Male,0,0,40,United-States,1
24,Private,63927,Some-college,10,Never-married,Tech-support,Own-child,White,Male,0,0,40,United-States,0
54,Private,56741,HS-grad,9,Married-civ-spouse,Adm-clerical,Wife,White,Female,0,0,40,United-States,0
52,Private,210736,HS-grad,9,Married-civ-spouse,Tech-support,Husband,White,Male,0,0,40,United-States,1
21,State-gov,73514,HS-grad,9,Never-married,Other-service,Own-child,Asian-Pac-Islander,Female,0,0,40,United-States,0
71,Self-emp-not-inc,137723,HS-grad,9,Married-civ-spouse,Machine-op-inspct,Husband,White,Male,1455,0,3,United-States,0
53,Private,350510,Primary,3,Married-civ-spouse,Transport-moving,Husband,White,Male,0,0,40,United-States,0
34,Private,130021,HS-grad,9,Married-civ-spouse,Transport-moving,Husband,White,Male,0,0,48,United-States,0
57,Self-emp-not-inc,50990,Some-college,10,Divorced,Transport-moving,Not-in-family,White,Male,0,0,40,United-States,0
31,Private,162312,Bachelors,13,Never-married,Prof-specialty,Not-in-family,Asian-Pac-Islander,Male,0,0,35,Philippines,0
26,Private,186168,Bachelors,13,Never-married,Exec-managerial,Own-child,White,Female,0,0,40,United-States,0
48,Private,207540,Bachelors,13,Never-married,Craft-repair,Not-in-family,White,Male,99999,0,60,United-States,1
28,Private,192237,Some-college,10,Never-married,Sales,Own-child,White,Male,0,0,35,United-States,0
46,Private,424934,10th,6,Widowed,Other-service,Not-in-family,White,Female,0,0,40,Other,0
32,Private,94939,Some-college,10,Married-civ-spouse,Machine-op-inspct,Husband,White,Male,0,0,48,United-States,0
30,Private,205407,HS-grad,9,Divorced,Handlers-cleaners,Other-relative,White,Male,0,0,40,United-States,0
49,Self-emp-inc,195727,HS-grad,9,Married-civ-spouse,Sales,Husband,White,Male,0,0,40,United-States,0
46,Private,168069,HS-grad,9,Married-civ-spouse,Transport-moving,Husband,White,Male,0,0,45,United-States,0
56,Federal-gov,229939,HS-grad,9,Divorced,Prof-specialty,Not-in-family,White,Male,0,0,40,United-States,0
28,Private,252424,Assoc-voc,11,Never-married,Transport-moving,Own-child,Black,Male,0,0,40,Other,0
28,Private,101774,Some-college,10,Married-civ-spouse,Exec-managerial,Husband,White,Male,0,1848,50,United-States,1
40,Private,197609,Some-college,10,Never-married,Exec-managerial,Not-in-family,White,Female,0,1340,40,United-States,0
29,State-gov,160731,Masters,14,Married-civ-spouse,Tech-support,Husband,White,Male,0,0,50,Other,0
37,Private,149347,Some-college,10,Married-civ-spouse,Craft-repair,Husband,White,Male,0,0,40,United-States,1
34,Private,159268,HS-grad,9,Married-civ-spouse,Machine-op-inspct,Husband,White,Male,0,0,40,United-States,0
32,Private,256362,HS-grad,9,Married-civ-spouse,Machine-op-inspct,Husband,White,Male,0,0,40,United-States,1
59,Private,198435,HS-grad,9,Married-civ-spouse,Craft-repair,Husband,White,Male,0,0,50,United-States,0
21,Private,254351,HS-grad,9,Never-married,Other-service,Not-in-family,White,Male,0,0,35,United-States,0
24,Private,180954,Some-college,10,Never-married,Other-service,Not-in-family,White,Female,0,0,40,United-States,0
31,Private,29144,Some-college,10,Divorced,Other-service,Not-in-family,White,Male,0,0,50,United-States,0
24,Private,138892,HS-grad,9,Married-civ-spouse,Craft-repair,Husband,Black,Male,0,0,40,United-States,0
36,Self-emp-inc,176900,Some-college,10,Married-spouse-absent,Adm-clerical,Unmarried,White,Female,0,0,25,United-States,0
62,State-gov,342049,HS-grad,9,Married-civ-spouse,Transport-moving,Husband,White,Male,0,0,40,United-States,0
24,Local-gov,155818,Bachelors,13,Never-married,Prof-specialty,Not-in-family,White,Female,0,0,60,United-States,0
44,Federal-gov,55363,Bachelors,13,Married-civ-spouse,Prof-specialty,Husband,White,Male,0,1887,40,United-States,1
29,Private,213152,11th,7,Divorced,Craft-repair,Not-in-family,White,Male,0,0,52,United-States,0
43,Private,45975,12th,8,Married-civ-spouse,Sales,Husband,White,Male,0,0,40,Other,0
48,Private,102585,Masters,14,Divorced,Exec-managerial,Unmarried,White,Female,0,0,40,United-States,0
54,Private,104413,Some-college,10,Separated,Tech-support,Other-relative,Black,Female,4101,0,40,United-States,0
55,Private,100821,HS-grad,9,Married-spouse-absent,Priv-house-serv,Not-in-family,Black,Female,0,0,36,United-States,0
39,Private,357173,HS-grad,9,Separated,Handlers-cleaners,Unmarried,White,Male,0,0,40,United-States,0
61,Local-gov,77072,11th,7,Married-civ-spouse,Exec-managerial,Husband,White,Male,0,0,40,United-States,1
32,Private,100135,Some-college,10,Never-married,Other-service,Own-child,White,Female,0,0,15,United-States,0
26,Private,61996,HS-grad,9,Divorced,Adm-clerical,Not-in-family,White,Female,0,0,62,United-States,0
30,Private,118941,Some-college,10,Never-married,Exec-managerial,Not-in-family,White,Female,0,0,40,United-States,0
38,State-gov,143059,Bachelors,13,Never-married,Exec-managerial,Not-in-family,White,Female,0,0,45,United-States,0
49,Private,148169,HS-grad,9,Married-civ-spouse,Sales,Husband,White,Male,5013,0,40,United-States,0
48,Private,208662,HS-grad,9,Divorced,Adm-clerical,Not-in-family,Black,Female,0,0,37,United-States,0
36,Private,185366,Some-college,10,Divorced,Sales,Not-in-family,White,Male,0,0,40,United-States,0
70,Private,210673,10th,6,Widowed,Adm-clerical,Other-relative,White,Male,0,0,20,United-States,0
42,Private,482211,HS-grad,9,Never-married,Craft-repair,Other-relative,White,Male,0,0,40,United-States,0
43,Private,249039,Assoc-voc,11,Married-civ-spouse,Prof-specialty,Wife,White,Female,0,0,36,United-States,1
49,Private,142287,Some-college,10,Divorced,Handlers-cleaners,Own-child,White,Male,0,0,40,United-States,0
41,Private,304175,Bachelors,13,Married-civ-spouse,Prof-specialty,Husband,White,Male,0,0,55,United-States,1
32,Private,227608,Assoc-voc,11,Married-civ-spouse,Sales,Husband,White,Male,0,0,40,United-States,0
20,Private,227594,HS-grad,9,Never-married,Other-service,Own-child,White,Female,0,0,40,United-States,0
41,Private,63042,HS-grad,9,Married-civ-spouse,Sales,Wife,White,Female,0,0,20,United-States,0
37,Private,173586,7th-8th,4,Never-married,Other-service,Own-child,Black,Male,0,0,56,United-States,0
21,Private,329174,HS-grad,9,Never-married,Tech-support,Not-in-family,White,Male,4865,0,40,United-States,0
17,Private,67603,9th,5,Never-married,Other-service,Own-child,White,Female,0,0,10,United-States,0
59,Private,42959,HS-grad,9,Widowed,Other-service,Not-in-family,White,Female,0,0,36,United-States,0
46,Private,140644,HS-grad,9,Married-spouse-absent,Machine-op-inspct,Not-in-family,White,Male,0,2258,50,United-States,0
42,Private,116649,Assoc-voc,11,Married-civ-spouse,Machine-op-inspct,Husband,White,Male,0,0,40,United-States,0
46,Self-emp-not-inc,102869,HS-grad,9,Married-civ-spouse,Sales,Husband,White,Male,0,0,40,United-States,1
39,Private,531055,HS-grad,9,Married-civ-spouse,Craft-repair,Husband,White,Male,0,0,40,United-States,1
25,Private,144301,Some-college,10,Married-civ-spouse,Handlers-cleaners,Husband,White,Male,0,0,30,United-States,0
21,Private,162869,Some-college,10,Never-married,Handlers-cleaners,Unmarried,White,Male,0,0,40,United-States,0
33,Federal-gov,198827,HS-grad,9,Never-married,Craft-repair,Own-child,White,Male,0,0,40,United-States,0
38,Private,35890,HS-grad,9,Married-civ-spouse,Transport-moving,Husband,White,Male,0,0,40,United-States,0
47,Private,63225,Primary,2,Divorced,Other-service,Not-in-family,White,Female,0,0,15,United-States,0
29,Private,285657,Some-college,10,Married-civ-spouse,Craft-repair,Husband,White,Male,0,0,45,United-States,0
79,Private,160758,7th-8th,4,Married-civ-spouse,Sales,Husband,White,Male,0,0,15,United-States,0
22,Private,282579,HS-grad,9,Never-married,Other-service,Unmarried,White,Male,0,0,40,United-States,0
39,Private,35890,Bachelors,13,Married-civ-spouse,Sales,Husband,White,Male,0,0,50,United-States,1
31,Private,154227,Some-college,10,Married-civ-spouse,Transport-moving,Husband,White,Male,0,0,40,United-States,0
23,Private,161532,HS-grad,9,Married-civ-spouse,Craft-repair,Husband,White,Male,0,0,40,United-States,0
40,Private,300195,Some-college,10,Divorced,Tech-support,Unmarried,Black,Female,0,0,40,United-States,0
33,Private,594187,Bachelors,13,Married-civ-spouse,Exec-managerial,Husband,White,Male,0,1902,60,United-States,1
33,Private,122749,Assoc-voc,11,Married-civ-spouse,Craft-repair,Husband,Asian-Pac-Islander,Male,0,0,40,Other,1
17,Private,226503,11th,7,Never-married,Sales,Own-child,White,Female,0,0,20,United-States,0
37,Local-gov,165883,HS-grad,9,Married-civ-spouse,Handlers-cleaners,Husband,Black,Male,0,0,40,United-States,0
56,Self-emp-inc,236676,HS-grad,9,Married-civ-spouse,Sales,Husband,White,Male,0,0,50,United-States,1
23,Private,126540,10th,6,Married-civ-spouse,Handlers-cleaners,Husband,White,Male,0,0,40,United-States,0
40,Local-gov,166822,Masters,14,Married-civ-spouse,Prof-specialty,Wife,Black,Female,0,0,36,United-States,1
24,Private,193416,Assoc-acdm,12,Never-married,Other-service,Own-child,White,Female,0,0,3,United-States,0
57,Self-emp-not-inc,200316,7th-8th,4,Married-civ-spouse,Craft-repair,Husband,White,Male,0,0,50,United-States,0
45,Federal-gov,98320,Some-college,10,Divorced,Adm-clerical,Unmarried,Asian-Pac-Islander,Female,914,0,40,United-States,0
18,Private,130849,HS-grad,9,Never-married,Adm-clerical,Own-child,White,Female,0,0,17,United-States,0
37,Private,166213,HS-grad,9,Divorced,Tech-support,Unmarried,White,Male,0,0,40,United-States,0
70,Private,178120,HS-grad,9,Widowed,Priv-house-serv,Other-relative,Black,Female,0,0,8,United-States,0
22,Private,162282,HS-grad,9,Never-married,Machine-op-inspct,Own-child,White,Male,0,0,55,United-States,0
38,State-gov,239539,HS-grad,9,Married-civ-spouse,Machine-op-inspct,Husband,Asian-Pac-Islander,Male,0,0,40,Philippines,0
17,Private,99237,11th,7,Never-married,Handlers-cleaners,Own-child,White,Male,0,0,30,United-States,0
41,Private,201908,Masters,14,Married-civ-spouse,Sales,Husband,White,Male,0,0,20,United-States,0
37,Private,302903,Some-college,10,Married-civ-spouse,Exec-managerial,Wife,Asian-Pac-Islander,Female,0,0,40,United-States,1
31,Private,174201,Bachelors,13,Married-civ-spouse,Exec-managerial,Husband,White,Male,0,0,40,United-States,1
34,Private,153927,Bachelors,13,Married-civ-spouse,Prof-specialty,Husband,White,Male,0,0,40,United-States,1
28,Local-gov,168065,Masters,14,Never-married,Prof-specialty,Not-in-family,White,Female,0,0,40,United-States,0
32,Private,266345,Some-college,10,Never-married,Tech-support,Not-in-family,White,Male,0,0,40,United-States,0
20,State-gov,162945,Some-college,10,Never-married,Handlers-cleaners,Own-child,White,Male,0,0,40,United-States,0
29,State-gov,237028,HS-grad,9,Never-married,Adm-clerical,Unmarried,White,Female,0,0,40,United-States,0
42,Private,111483,Masters,14,Never-married,Prof-specialty,Not-in-family,White,Male,0,0,48,United-States,1
38,Private,187847,Masters,14,Married-civ-spouse,Exec-managerial,Husband,White,Male,0,0,50,United-States,1
26,Private,102476,Bachelors,13,Married-civ-spouse,Tech-support,Husband,White,Male,0,0,40,United-States,1
36,Private,99233,Some-college,10,Married-civ-spouse,Prof-specialty,Husband,White,Male,0,1887,40,United-States,1
17,Private,95875,9th,5,Never-married,Handlers-cleaners,Own-child,White,Male,0,0,12,United-States,0
27,Private,170148,Bachelors,13,Never-married,Tech-support,Own-child,White,Female,0,0,28,United-States,0
44,Private,83827,HS-grad,9,Divorced,Exec-managerial,Not-in-family,White,Female,0,0,50,United-States,0
55,Private,204334,Prof-school,15,Married-civ-spouse,Exec-managerial,Husband,White,Male,0,1977,55,Other,1
55,Private,200734,HS-grad,9,Separated,Other-service,Unmarried,Black,Female,0,0,40,Other,0
41,Local-gov,291831,Masters,14,Married-civ-spouse,Prof-specialty,Husband,White,Male,0,0,35,United-States,0
34,Private,284629,HS-grad,9,Married-civ-spouse,Machine-op-inspct,Husband,White,Male,0,0,40,United-States,0
28,Private,278736,Some-college,10,Married-civ-spouse,Machine-op-inspct,Husband,White,Male,0,0,40,Mexico,0
30,Private,277488,HS-grad,9,Married-civ-spouse,Craft-repair,Husband,White,Male,0,0,60,United-States,0
57,Private,151474,HS-grad,9,Divorced,Handlers-cleaners,Other-relative,White,Female,0,0,40,United-States,0
45,Private,167381,HS-grad,9,Divorced,Sales,Unmarried,White,Female,0,0,32,United-States,0
33,Private,298785,9th,5,Divorced,Craft-repair,Not-in-family,White,Male,0,0,50,United-States,0
37,Private,459192,Bachelors,13,Never-married,Sales,Not-in-family,White,Female,0,0,44,United-States,0
27,Private,339921,Some-college,10,Never-married,Other-service,Not-in-family,White,Male,0,0,38,Mexico,0
39,State-gov,275300,HS-grad,9,Married-civ-spouse,Craft-repair,Husband,White,Male,0,0,40,Mexico,0
29,Private,37599,Some-college,10,Divorced,Adm-clerical,Not-in-family,White,Male,0,0,36,United-States,0
48,Private,127738,9th,5,Divorced,Transport-moving,Not-in-family,White,Male,0,0,40,United-States,0
44,Private,230684,HS-grad,9,Married-civ-spouse,Prof-specialty,Husband,White,Male,0,0,40,United-States,0
58,Private,141379,HS-grad,9,Divorced,Adm-clerical,Not-in-family,White,Female,0,0,42,United-States,0
42,Self-emp-not-inc,247422,Bachelors,13,Married-civ-spouse,Exec-managerial,Husband,White,Male,0,0,45,United-States,1
45,Private,247120,HS-grad,9,Married-civ-spouse,Transport-moving,Other-relative,White,Female,0,0,50,Other,0
20,Local-gov,37932,Some-college,10,Never-married,Handlers-cleaners,Not-in-family,White,Male,0,0,40,United-States,0
55,Private,228595,Primary,3,Married-civ-spouse,Other-service,Husband,White,Male,0,0,40,United-States,0
28,Private,267912,Some-college,10,Separated,Adm-clerical,Not-in-family,White,Male,0,0,40,United-States,0
35,Federal-gov,170425,Assoc-acdm,12,Divorced,Prof-specialty,Unmarried,Black,Female,0,0,40,United-States,0
30,Private,96480,Assoc-voc,11,Never-married,Adm-clerical,Own-child,White,Female,0,0,32,United-States,0
20,Private,162164,Some-college,10,Never-married,Priv-house-serv,Own-child,White,Female,0,0,45,United-States,0
38,Private,171482,HS-grad,9,Married-civ-spouse,Craft-repair,Husband,White,Male,0,1672,50,United-States,0
42,Private,174295,7th-8th,4,Married-civ-spouse,Handlers-cleaners,Husband,White,Male,0,0,99,United-States,0
40,Federal-gov,73883,HS-grad,9,Married-civ-spouse,Sales,Husband,White,Male,0,0,40,United-States,0
23,Private,189013,Some-college,10,Never-married,Adm-clerical,Own-child,White,Female,0,0,37,United-States,0
48,Private,187715,Assoc-acdm,12,Married-civ-spouse,Craft-repair,Husband,White,Male,0,1848,46,United-States,1
35,Private,190759,11th,7,Separated,Craft-repair,Unmarried,White,Male,0,0,40,United-States,0
31,Self-emp-not-inc,404062,10th,6,Married-civ-spouse,Farming-fishing,Husband,White,Male,0,0,55,Other,1
39,Private,80479,Bachelors,13,Divorced,Transport-moving,Not-in-family,White,Male,0,0,55,United-States,0
47,Local-gov,246891,Masters,14,Divorced,Prof-specialty,Unmarried,White,Male,0,0,45,United-States,1
31,Private,103642,HS-grad,9,Married-civ-spouse,Transport-moving,Husband,White,Male,0,0,45,United-States,1
18,Private,154089,11th,7,Never-married,Sales,Unmarried,White,Male,0,0,20,United-States,0
41,Private,247081,Some-college,10,Married-civ-spouse,Adm-clerical,Husband,White,Male,0,0,40,United-States,1
41,Self-emp-not-inc,198196,Prof-school,15,Married-civ-spouse,Prof-specialty,Husband,White,Male,15024,0,50,United-States,1
40,Private,296858,Some-college,10,Married-civ-spouse,Sales,Husband,White,Male,5178,0,40,United-States,1
37,Local-gov,161111,HS-grad,9,Married-spouse-absent,Other-service,Unmarried,White,Female,0,0,10,United-States,0
27,Federal-gov,491607,Some-college,10,Married-civ-spouse,Adm-clerical,Husband,Black,Male,0,0,32,United-States,0
45,Private,154237,HS-grad,9,Divorced,Handlers-cleaners,Unmarried,Black,Female,0,0,40,United-States,0
40,Self-emp-inc,279914,Prof-school,15,Married-civ-spouse,Prof-specialty,Husband,White,Male,0,2415,40,United-States,1
30,Private,226525,10th,6,Divorced,Transport-moving,Own-child,White,Male,0,0,40,United-States,0
50,Private,156877,HS-grad,9,Married-civ-spouse,Adm-clerical,Husband,White,Male,0,0,35,United-States,0
46,Local-gov,197042,Some-college,10,Married-civ-spouse,Exec-managerial,Wife,White,Female,0,0,50,United-States,0
36,Private,48268,HS-grad,9,Married-civ-spouse,Craft-repair,Husband,White,Male,0,0,40,United-States,0
18,Private,294263,HS-grad,9,Never-married,Sales,Not-in-family,White,Female,0,0,9,United-States,0
23,State-gov,251325,Some-college,10,Never-married,Sales,Not-in-family,Asian-Pac-Islander,Female,0,0,8,Other,0
52,Federal-gov,198186,10th,6,Separated,Adm-clerical,Unmarried,Black,Female,0,0,40,United-States,0
54,Private,91882,HS-grad,9,Married-civ-spouse,Craft-repair,Husband,White,Male,0,0,43,United-States,0
37,Private,196434,Some-college,10,Married-civ-spouse,Sales,Husband,White,Male,0,0,40,United-States,1
34,Private,66384,Some-college,10,Never-married,Prof-specialty,Own-child,White,Male,0,0,35,United-States,0
29,Private,191177,HS-grad,9,Married-civ-spouse,Adm-clerical,Wife,White,Female,0,0,18,United-States,0
53,Private,159849,Some-college,10,Divorced,Adm-clerical,Not-in-family,White,Female,0,0,35,United-States,0
27,Private,130492,11th,7,Divorced,Craft-repair,Unmarried,Other,Male,0,0,35,United-States,0
36,Private,240755,9th,5,Married-civ-spouse,Handlers-cleaners,Husband,White,Male,0,0,60,United-States,0
48,Private,277946,HS-grad,9,Married-civ-spouse,Craft-repair,Husband,White,Male,0,0,40,United-States,0
32,Private,296466,Assoc-voc,11,Married-civ-spouse,Craft-repair,Husband,White,Male,0,0,40,United-States,1
41,Private,325159,Bachelors,13,Married-civ-spouse,Adm-clerical,Husband,White,Male,0,0,50,United-States,0
35,Private,134922,HS-grad,9,Divorced,Machine-op-inspct,Unmarried,White,Female,0,0,50,United-States,0
17,Private,89259,11th,7,Never-married,Adm-clerical,Own-child,White,Female,0,0,15,United-States,0
24,Local-gov,146343,HS-grad,9,Never-married,Protective-serv,Not-in-family,White,Male,0,0,40,United-States,0
39,Private,141584,Some-college,10,Married-civ-spouse,Tech-support,Husband,White,Male,0,0,50,United-States,0
23,Local-gov,212856,Assoc-acdm,12,Never-married,Protective-serv,Own-child,Black,Female,0,0,35,United-States,0
38,Self-emp-not-inc,135020,Some-college,10,Never-married,Craft-repair,Own-child,White,Male,0,0,60,United-States,0
33,Local-gov,93585,Masters,14,Never-married,Prof-specialty,Not-in-family,White,Female,0,0,40,United-States,0
33,Private,51185,Some-college,10,Married-civ-spouse,Craft-repair,Husband,White,Male,0,0,40,United-States,0
30,Private,186145,Bachelors,13,Divorced,Sales,Not-in-family,White,Female,0,0,40,United-States,0
20,Private,180052,Some-college,10,Never-married,Other-service,Own-child,White,Male,0,0,22,United-States,0
45,Local-gov,384627,Masters,14,Married-civ-spouse,Prof-specialty,Wife,White,Female,2580,0,18,United-States,0
37,Private,446390,Some-college,10,Married-civ-spouse,Machine-op-inspct,Wife,White,Female,0,0,40,United-States,1
64,Private,278515,HS-grad,9,Divorced,Adm-clerical,Unmarried,Black,Female,0,0,40,United-States,0
36,Self-emp-not-inc,172425,Bachelors,13,Married-civ-spouse,Exec-managerial,Wife,White,Female,0,0,25,United-States,1
48,Private,195554,Some-college,10,Married-civ-spouse,Machine-op-inspct,Husband,White,Male,7298,0,40,United-States,1
19,Private,100669,Assoc-voc,11,Never-married,Craft-repair,Own-child,Asian-Pac-Islander,Male,0,0,20,United-States,0
48,Private,70584,HS-grad,9,Married-civ-spouse,Machine-op-inspct,Husband,White,Male,0,0,40,United-States,0
21,Private,138513,Some-college,10,Never-married,Exec-managerial,Own-child,White,Male,0,0,25,United-States,0
30,Private,198091,HS-grad,9,Never-married,Craft-repair,Not-in-family,White,Male,0,0,44,United-States,0
38,Private,198751,HS-grad,9,Divorced,Handlers-cleaners,Not-in-family,Asian-Pac-Islander,Male,0,0,40,Other,0
62,Private,67928,Primary,2,Married-civ-spouse,Handlers-cleaners,Husband,White,Male,0,0,40,Mexico,0
22,Private,163519,Bachelors,13,Never-married,Sales,Own-child,White,Female,0,0,40,United-States,0
51,Private,123780,HS-grad,9,Divorced,Machine-op-inspct,Unmarried,White,Female,0,0,40,United-States,0
46,Private,149218,Bachelors,13,Married-civ-spouse,Sales,Husband,White,Male,0,0,40,United-States,1
29,Local-gov,158703,Some-college,10,Married-civ-spouse,Other-service,Husband,White,Male,0,0,40,United-States,0
44,Private,118212,10th,6,Married-civ-spouse,Machine-op-inspct,Husband,White,Male,0,0,40,United-States,0
49,Private,189792,Masters,14,Married-civ-spouse,Prof-specialty,Husband,White,Male,0,0,60,United-States,0
19,Private,389942,HS-grad,9,Never-married,Craft-repair,Not-in-family,White,Male,0,0,40,United-States,0
26,Private,108035,HS-grad,9,Never-married,Exec-managerial,Not-in-family,White,Female,0,0,40,United-States,0
55,Private,314164,Prof-school,15,Married-civ-spouse,Prof-specialty,Husband,White,Male,0,0,40,United-States,1
49,Private,102096,9th,5,Married-civ-spouse,Handlers-cleaners,Husband,White,Male,3781,0,40,United-States,0
32,Private,220066,Some-college,10,Never-married,Sales,Not-in-family,White,Female,0,0,40,United-States,0
48,Local-gov,24366,Assoc-voc,11,Married-civ-spouse,Protective-serv,Husband,Amer-Indian-Eskimo,Male,0,0,40,United-States,0
29,Private,244246,Some-college,10,Never-married,Craft-repair,Unmarried,White,Male,0,0,40,Other,0
63,State-gov,89451,Prof-school,15,Married-civ-spouse,Prof-specialty,Husband,White,Male,0,0,40,United-States,1
34,Private,329170,Some-college,10,Never-married,Adm-clerical,Not-in-family,White,Female,6849,0,70,United-States,0
47,Private,205068,Prof-school,15,Married-civ-spouse,Prof-specialty,Husband,White,Male,0,1977,60,United-States,1
18,Private,430930,11th,7,Never-married,Priv-house-serv,Own-child,White,Female,0,0,6,United-States,0
31,Private,302679,HS-grad,9,Married-civ-spouse,Craft-repair,Husband,White,Male,0,0,40,United-States,0
23,Private,108307,HS-grad,9,Never-married,Farming-fishing,Own-child,White,Male,0,0,40,United-States,0
42,State-gov,99185,HS-grad,9,Never-married,Adm-clerical,Not-in-family,White,Female,0,0,38,United-States,0
32,Private,30271,HS-grad,9,Divorced,Adm-clerical,Unmarried,White,Female,0,0,45,United-States,0
46,Private,318259,Some-college,10,Separated,Tech-support,Unmarried,White,Female,0,0,55,United-States,0
20,Private,200089,11th,7,Never-married,Farming-fishing,Other-relative,White,Male,0,0,36,Other,0
36,Private,142711,HS-grad,9,Separated,Machine-op-inspct,Not-in-family,White,Male,0,0,40,Other,0
19,Private,391403,Some-college,10,Never-married,Adm-clerical,Own-child,White,Male,0,0,30,United-States,0
36,Private,89202,Assoc-voc,11,Married-civ-spouse,Exec-managerial,Husband,White,Male,0,0,50,United-States,1
22,Private,97212,HS-grad,9,Never-married,Other-service,Not-in-family,White,Female,0,0,15,United-States,0
36,Private,127388,Assoc-acdm,12,Married-civ-spouse,Sales,Wife,White,Female,0,0,40,United-States,0
51,Private,914061,HS-grad,9,Divorced,Craft-repair,Not-in-family,White,Male,0,0,50,United-States,0
46,Self-emp-inc,167882,Assoc-voc,11,Divorced,Exec-managerial,Not-in-family,White,Female,8614,0,70,United-States,1
29,Private,78261,HS-grad,9,Separated,Protective-serv,Not-in-family,White,Male,0,0,55,United-States,0
38,Self-emp-not-inc,230329,HS-grad,9,Married-civ-spouse,Sales,Husband,White,Male,0,0,48,United-States,0
22,Private,55614,HS-grad,9,Never-married,Handlers-cleaners,Unmarried,White,Male,0,0,40,United-States,0
28,Private,113839,Some-college,10,Married-civ-spouse,Sales,Husband,White,Male,0,0,40,United-States,0
30,Private,92531,Bachelors,13,Married-civ-spouse,Adm-clerical,Husband,White,Male,0,0,40,United-States,1
55,Private,236731,Primary,2,Never-married,Other-service,Not-in-family,White,Male,0,0,40,Other,0
35,Local-gov,225544,Bachelors,13,Married-civ-spouse,Protective-serv,Husband,White,Male,0,0,48,United-States,0
57,Self-emp-not-inc,256630,Bachelors,13,Divorced,Sales,Not-in-family,White,Male,0,0,60,Other,1
41,Local-gov,106982,Bachelors,13,Married-civ-spouse,Prof-specialty,Wife,White,Female,0,0,52,United-States,0
28,Local-gov,98590,Some-college,10,Married-civ-spouse,Protective-serv,Husband,White,Male,0,0,40,United-States,1
53,Local-gov,179237,9th,5,Married-civ-spouse,Transport-moving,Husband,White,Male,0,0,40,United-States,0
58,Private,145370,Bachelors,13,Married-civ-spouse,Sales,Husband,Black,Male,15024,0,50,United-States,1
64,Local-gov,190228,HS-grad,9,Widowed,Adm-clerical,Not-in-family,White,Female,0,0,35,United-States,1
28,Private,175537,Some-college,10,Separated,Adm-clerical,Unmarried,Black,Female,0,0,37,United-States,0
22,Private,247734,HS-grad,9,Never-married,Sales,Own-child,White,Male,0,0,40,United-States,0
51,Private,245356,Some-college,10,Married-civ-spouse,Exec-managerial,Husband,White,Male,7298,0,55,United-States,1
66,Self-emp-not-inc,197816,Bachelors,13,Married-civ-spouse,Exec-managerial,Husband,White,Male,0,0,17,United-States,1
26,Private,172013,HS-grad,9,Never-married,Craft-repair,Own-child,White,Male,0,0,40,United-States,0
34,Private,111567,Some-college,10,Never-married,Exec-managerial,Not-in-family,White,Male,0,0,40,United-States,1
33,Private,152591,Some-college,10,Divorced,Exec-managerial,Own-child,White,Female,0,0,40,United-States,0
69,Self-emp-not-inc,150080,HS-grad,9,Married-civ-spouse,Farming-fishing,Husband,White,Male,0,0,40,United-States,0
19,Private,287380,Some-college,10,Never-married,Handlers-cleaners,Own-child,White,Male,0,0,27,United-States,0
23,Private,163870,HS-grad,9,Never-married,Craft-repair,Own-child,White,Male,0,0,40,Other,0
34,Private,188246,HS-grad,9,Married-civ-spouse,Handlers-cleaners,Husband,White,Male,0,0,40,Other,0
35,Private,73471,HS-grad,9,Married-civ-spouse,Handlers-cleaners,Husband,White,Male,0,0,40,United-States,0
33,Self-emp-not-inc,196480,HS-grad,9,Married-civ-spouse,Craft-repair,Husband,Black,Male,0,0,40,United-States,0
67,Self-emp-inc,127605,Bachelors,13,Married-civ-spouse,Sales,Husband,White,Male,0,2174,40,United-States,1
62,Private,134779,Some-college,10,Divorced,Prof-specialty,Not-in-family,White,Female,4650,0,40,United-States,0
51,Private,169785,Bachelors,13,Married-spouse-absent,Exec-managerial,Not-in-family,White,Female,0,0,60,United-States,1
37,Private,276165,HS-grad,9,Never-married,Adm-clerical,Not-in-family,White,Male,0,0,40,United-States,0
21,Private,247115,HS-grad,9,Never-married,Adm-clerical,Own-child,Black,Female,0,0,60,United-States,0
40,Private,144928,Some-college,10,Married-civ-spouse,Handlers-cleaners,Husband,White,Male,7298,0,40,United-States,1
49,Self-emp-not-inc,27067,Assoc-voc,11,Never-married,Adm-clerical,Not-in-family,White,Female,0,0,60,United-States,0
47,Private,189143,HS-grad,9,Divorced,Farming-fishing,Not-in-family,White,Male,0,0,40,United-States,0
50,Private,392668,Some-college,10,Married-civ-spouse,Machine-op-inspct,Husband,White,Male,4386,0,40,United-States,0
70,Self-emp-inc,46577,Bachelors,13,Widowed,Farming-fishing,Unmarried,White,Female,0,0,6,United-States,0
53,Self-emp-inc,233149,Assoc-acdm,12,Married-civ-spouse,Transport-moving,Husband,White,Male,0,0,45,United-States,1
48,Private,185039,Some-college,10,Divorced,Exec-managerial,Not-in-family,White,Female,0,0,40,United-States,0
25,State-gov,66692,Bachelors,13,Never-married,Sales,Not-in-family,White,Female,0,0,40,United-States,0
28,Private,41099,Some-college,10,Married-civ-spouse,Sales,Husband,White,Male,0,0,40,United-States,0
34,Private,190151,Some-college,10,Never-married,Adm-clerical,Not-in-family,White,Female,0,0,42,United-States,0
24,Private,188073,Some-college,10,Never-married,Adm-clerical,Own-child,Black,Female,0,0,40,United-States,0
79,Private,121552,7th-8th,4,Widowed,Other-service,Unmarried,Black,Male,0,0,5,United-States,0
47,Private,149366,Bachelors,13,Married-civ-spouse,Machine-op-inspct,Husband,White,Male,0,0,40,Other,0
48,Private,178313,HS-grad,9,Married-civ-spouse,Sales,Husband,White,Male,0,0,60,United-States,0
57,Self-emp-inc,84231,Masters,14,Married-civ-spouse,Sales,Husband,White,Male,0,1977,50,United-States,1
68,Private,535762,Some-college,10,Married-civ-spouse,Adm-clerical,Husband,White,Male,0,1844,10,United-States,0
50,Self-emp-not-inc,43705,Bachelors,13,Divorced,Exec-managerial,Not-in-family,White,Male,0,0,50,United-States,0
30,Private,170412,Some-college,10,Divorced,Craft-repair,Not-in-family,White,Male,0,0,40,United-States,0
24,Private,172594,Bachelors,13,Never-married,Adm-clerical,Own-child,White,Female,0,0,40,United-States,0
21,Private,133582,Primary,3,Never-married,Farming-fishing,Not-in-family,White,Male,2176,0,36,Mexico,0
51,Private,214840,Some-college,10,Married-civ-spouse,Craft-repair,Husband,White,Male,0,0,48,United-States,1
40,State-gov,114714,Doctorate,16,Married-civ-spouse,Exec-managerial,Husband,Asian-Pac-Islander,Male,0,0,40,Other,1
49,Private,175958,Bachelors,13,Married-civ-spouse,Exec-managerial,Husband,White,Male,0,0,46,United-States,1
22,State-gov,125010,Bachelors,13,Never-married,Prof-specialty,Own-child,White,Female,0,0,20,United-States,0
44,Self-emp-inc,171615,Prof-school,15,Married-civ-spouse,Prof-specialty,Husband,White,Male,0,0,55,United-States,1
26,Private,178478,Some-college,10,Never-married,Sales,Own-child,White,Female,0,0,40,United-States,0
20,Private,97295,Some-college,10,Never-married,Adm-clerical,Not-in-family,White,Female,0,0,25,United-States,0
43,Private,245525,Bachelors,13,Married-civ-spouse,Handlers-cleaners,Husband,White,Male,0,0,38,United-States,0
43,Private,193882,Some-college,10,Married-civ-spouse,Transport-moving,Husband,White,Male,0,0,50,United-States,0
47,Private,233511,HS-grad,9,Divorced,Exec-managerial,Not-in-family,White,Male,0,0,40,United-States,0
52,Private,279440,HS-grad,9,Married-civ-spouse,Exec-managerial,Husband,White,Male,5178,0,40,United-States,1
30,Private,196963,Assoc-acdm,12,Never-married,Tech-support,Own-child,White,Female,0,0,15,United-States,0
34,Self-emp-not-inc,198068,HS-grad,9,Married-civ-spouse,Craft-repair,Husband,White,Male,0,0,40,United-States,0
49,Self-emp-not-inc,36601,HS-grad,9,Married-civ-spouse,Craft-repair,Husband,White,Male,0,0,40,Other,1
60,Self-emp-inc,75257,HS-grad,9,Married-civ-spouse,Craft-repair,Wife,White,Female,0,0,40,United-States,0
34,Private,205810,HS-grad,9,Married-civ-spouse,Handlers-cleaners,Wife,Black,Female,0,1672,40,United-States,0
46,Private,254672,Some-college,10,Never-married,Machine-op-inspct,Not-in-family,White,Female,2354,0,40,United-States,0
31,Private,356823,Bachelors,13,Never-married,Tech-support,Not-in-family,White,Female,10520,0,40,United-States,1
23,Private,216867,HS-grad,9,Never-married,Transport-moving,Own-child,White,Male,0,0,40,United-States,0
48,Private,115358,7th-8th,4,Married-civ-spouse,Priv-house-serv,Wife,Black,Female,0,0,15,United-States,0
43,Local-gov,343068,Masters,14,Divorced,Prof-specialty,Not-in-family,White,Female,0,0,65,United-States,0
30,Private,62932,HS-grad,9,Never-married,Farming-fishing,Own-child,White,Male,0,0,60,United-States,0
57,Federal-gov,250873,HS-grad,9,Married-civ-spouse,Transport-moving,Husband,White,Male,0,0,40,United-States,0
72,Self-emp-inc,149689,Prof-school,15,Married-civ-spouse,Prof-specialty,Husband,White,Male,20051,0,48,United-States,1
36,Self-emp-inc,339116,Assoc-voc,11,Divorced,Exec-managerial,Not-in-family,White,Female,0,0,40,Other,0
34,Private,293017,Some-college,10,Never-married,Tech-support,Unmarried,Black,Female,0,0,40,United-States,0
50,Private,81253,HS-grad,9,Married-civ-spouse,Other-service,Wife,Asian-Pac-Islander,Female,0,0,30,United-States,0
33,Private,162572,HS-grad,9,Never-married,Transport-moving,Not-in-family,White,Male,0,0,60,United-States,0
34,Private,130078,Masters,14,Married-civ-spouse,Prof-specialty,Wife,White,Female,7688,0,32,Other,1
53,Self-emp-not-inc,169112,Bachelors,13,Married-civ-spouse,Exec-managerial,Husband,White,Male,0,0,40,Other,1
37,Federal-gov,362006,HS-grad,9,Married-civ-spouse,Adm-clerical,Wife,White,Female,0,0,40,United-States,1
35,Private,143059,HS-grad,9,Married-civ-spouse,Transport-moving,Wife,White,Female,0,1902,28,United-States,1
39,Private,114942,Some-college,10,Married-civ-spouse,Transport-moving,Husband,White,Male,0,0,43,United-States,1
39,Private,224466,Some-college,10,Divorced,Craft-repair,Unmarried,Black,Male,0,0,24,United-States,0
67,Self-emp-inc,273239,Bachelors,13,Married-civ-spouse,Sales,Husband,White,Male,0,0,50,United-States,1
20,Local-gov,240517,Some-college,10,Never-married,Adm-clerical,Own-child,White,Female,0,0,20,United-States,0
43,Private,34278,Some-college,10,Married-civ-spouse,Sales,Husband,White,Male,0,0,35,United-States,0
44,Self-emp-not-inc,38122,HS-grad,9,Divorced,Craft-repair,Not-in-family,White,Male,0,0,45,United-States,0
41,Self-emp-inc,163215,Prof-school,15,Never-married,Prof-specialty,Not-in-family,White,Female,0,0,60,United-States,1
50,Private,201984,7th-8th,4,Married-civ-spouse,Craft-repair,Husband,White,Male,0,0,40,United-States,0
17,Private,111593,11th,7,Never-married,Sales,Own-child,White,Female,0,0,8,United-States,0
38,Private,107302,Some-college,10,Married-civ-spouse,Craft-repair,Husband,White,Male,3103,0,40,United-States,1
35,Private,538583,11th,7,Separated,Transport-moving,Not-in-family,Black,Male,0,0,40,United-States,0
34,Private,108837,Bachelors,13,Married-civ-spouse,Tech-support,Husband,White,Male,0,0,48,United-States,1
66,Private,133884,HS-grad,9,Widowed,Craft-repair,Not-in-family,White,Male,0,0,40,United-States,0
42,Private,602513,Bachelors,13,Married-civ-spouse,Prof-specialty,Husband,White,Male,0,0,45,United-States,1
26,State-gov,79089,Bachelors,13,Never-married,Adm-clerical,Not-in-family,White,Female,0,0,20,United-States,0
36,Private,46756,Some-college,10,Never-married,Craft-repair,Not-in-family,White,Male,0,0,50,United-States,0
35,State-gov,88215,Bachelors,13,Married-civ-spouse,Prof-specialty,Wife,Asian-Pac-Islander,Female,0,0,40,Philippines,1
54,Private,96062,HS-grad,9,Married-civ-spouse,Machine-op-inspct,Husband,White,Male,0,0,40,Other,0
32,Private,303692,Doctorate,16,Divorced,Prof-specialty,Not-in-family,White,Male,0,0,40,United-States,1
61,Private,190955,Bachelors,13,Married-civ-spouse,Exec-managerial,Husband,White,Male,7688,0,40,United-States,1
24,Private,255252,HS-grad,9,Never-married,Craft-repair,Not-in-family,White,Male,0,0,40,United-States,0
50,Private,193871,Masters,14,Married-civ-spouse,Prof-specialty,Wife,White,Female,0,0,38,United-States,0
17,Private,507492,11th,7,Never-married,Sales,Own-child,White,Female,0,0,15,Other,0
47,Private,101825,HS-grad,9,Married-civ-spouse,Adm-clerical,Wife,White,Female,0,0,40,United-States,1
42,Private,110318,HS-grad,9,Widowed,Exec-managerial,Not-in-family,White,Female,0,0,40,United-States,0
45,Self-emp-inc,213897,Masters,14,Married-civ-spouse,Sales,Husband,Asian-Pac-Islander,Male,0,1902,40,Other,1
24,Private,44493,Assoc-voc,11,Married-civ-spouse,Craft-repair,Wife,White,Female,0,0,40,United-States,0
31,Private,293594,HS-grad,9,Never-married,Adm-clerical,Unmarried,White,Female,0,3770,37,Other,0
42,Private,212894,Bachelors,13,Married-civ-spouse,Sales,Husband,White,Male,0,0,70,United-States,1
24,Private,446647,Bachelors,13,Never-married,Adm-clerical,Own-child,White,Male,0,0,15,United-States,0
26,Private,174592,Bachelors,13,Never-married,Other-service,Own-child,White,Female,0,0,15,United-States,0
40,Private,38389,Assoc-voc,11,Married-civ-spouse,Craft-repair,Husband,White,Male,0,0,40,United-States,0
33,Private,170540,HS-grad,9,Separated,Adm-clerical,Not-in-family,White,Female,0,0,40,United-States,0
24,State-gov,334693,HS-grad,9,Married-civ-spouse,Adm-clerical,Wife,White,Female,0,0,40,United-States,0
59,Private,171242,Bachelors,13,Separated,Exec-managerial,Not-in-family,White,Male,0,0,45,United-States,0
27,Private,238267,Some-college,10,Never-married,Other-service,Unmarried,White,Female,0,0,10,United-States,0
61,Local-gov,224598,HS-grad,9,Married-civ-spouse,Protective-serv,Husband,Black,Male,0,0,24,Other,0
23,Private,308647,Assoc-voc,11,Married-civ-spouse,Tech-support,Husband,White,Male,0,1887,40,United-States,1
27,State-gov,205188,HS-grad,9,Married-civ-spouse,Protective-serv,Husband,White,Male,0,0,60,United-States,0
30,State-gov,107142,Bachelors,13,Married-civ-spouse,Prof-specialty,Husband,White,Male,0,0,37,United-States,1
72,Self-emp-not-inc,47203,HS-grad,9,Married-civ-spouse,Farming-fishing,Husband,White,Male,4931,0,70,United-States,0
43,Private,68748,HS-grad,9,Never-married,Craft-repair,Other-relative,White,Male,0,0,40,United-States,0
53,Private,239155,Some-college,10,Married-civ-spouse,Exec-managerial,Husband,White,Male,0,0,50,United-States,1
45,Local-gov,111994,Masters,14,Married-civ-spouse,Prof-specialty,Husband,White,Male,0,0,40,United-States,1
44,Private,314739,Some-college,10,Married-civ-spouse,Sales,Husband,White,Male,0,0,40,United-States,1
20,Private,20057,Some-college,10,Never-married,Protective-serv,Not-in-family,Amer-Indian-Eskimo,Female,0,0,40,United-States,0
24,Self-emp-not-inc,31606,Bachelors,13,Married-civ-spouse,Prof-specialty,Other-relative,White,Female,0,0,20,United-States,1
55,Local-gov,219074,Some-college,10,Divorced,Adm-clerical,Not-in-family,Black,Female,0,0,55,United-States,1
25,Private,409815,Assoc-voc,11,Never-married,Exec-managerial,Not-in-family,Black,Female,0,0,40,United-States,0
65,Self-emp-not-inc,169435,Masters,14,Married-civ-spouse,Prof-specialty,Husband,White,Male,0,0,39,United-States,1
28,Private,105817,Bachelors,13,Never-married,Adm-clerical,Own-child,White,Male,0,0,40,United-States,0
41,Self-emp-inc,160120,Doctorate,16,Married-civ-spouse,Sales,Husband,Asian-Pac-Islander,Male,0,0,40,Other,1
47,Private,209739,HS-grad,9,Married-civ-spouse,Handlers-cleaners,Husband,White,Male,0,0,40,United-States,0
69,Private,98170,7th-8th,4,Widowed,Other-service,Not-in-family,White,Female,1086,0,20,United-States,0
45,Private,168556,Some-college,10,Divorced,Machine-op-inspct,Not-in-family,White,Male,0,0,40,United-States,0
54,Private,186224,Masters,14,Never-married,Prof-specialty,Not-in-family,White,Male,0,0,40,United-States,1
69,Self-emp-not-inc,187332,Prof-school,15,Married-civ-spouse,Prof-specialty,Husband,White,Male,20051,0,45,United-States,1
37,Private,268598,7th-8th,4,Married-civ-spouse,Craft-repair,Husband,Other,Male,0,0,40,United-States,0
26,Private,282643,HS-grad,9,Never-married,Adm-clerical,Own-child,White,Female,0,0,40,United-States,0
20,Private,163665,Assoc-acdm,12,Never-married,Adm-clerical,Own-child,White,Female,0,0,15,United-States,0
29,Private,113635,HS-grad,9,Never-married,Craft-repair,Own-child,White,Male,0,0,40,United-States,0
20,Private,230482,9th,5,Never-married,Handlers-cleaners,Own-child,White,Male,0,0,40,United-States,0
34,Private,207685,Bachelors,13,Separated,Prof-specialty,Unmarried,Black,Female,0,0,39,United-States,0
18,Private,58949,12th,8,Never-married,Other-service,Own-child,White,Female,0,0,20,United-States,0
47,Federal-gov,38819,Bachelors,13,Married-civ-spouse,Protective-serv,Husband,White,Male,0,0,45,United-States,1
25,Private,125082,HS-grad,9,Never-married,Handlers-cleaners,Own-child,Black,Female,0,0,40,United-States,0
47,Private,95661,Some-college,10,Widowed,Exec-managerial,Not-in-family,White,Female,0,0,45,Other,0
61,Self-emp-inc,218009,Prof-school,15,Divorced,Prof-specialty,Not-in-family,White,Male,0,0,35,United-States,0
37,State-gov,122493,HS-grad,9,Married-civ-spouse,Protective-serv,Husband,White,Male,0,0,55,United-States,1
46,Private,178768,HS-grad,9,Divorced,Tech-support,Not-in-family,White,Female,0,0,20,United-States,0
46,Private,138069,Some-college,10,Married-civ-spouse,Craft-repair,Husband,White,Male,0,0,40,United-States,1
40,Private,43546,Some-college,10,Divorced,Machine-op-inspct,Unmarried,White,Female,0,0,48,United-States,0
17,Private,134829,11th,7,Never-married,Other-service,Own-child,White,Male,2176,0,20,United-States,0
28,Private,105422,Some-college,10,Never-married,Transport-moving,Not-in-family,White,Male,0,0,50,United-States,0
49,Private,28171,HS-grad,9,Divorced,Tech-support,Not-in-family,White,Male,4787,0,40,United-States,1
56,Private,28297,9th,5,Married-civ-spouse,Craft-repair,Husband,White,Male,0,0,40,United-States,0
25,Private,213799,Assoc-voc,11,Married-civ-spouse,Farming-fishing,Husband,White,Male,0,0,35,United-States,0
63,Private,298699,Assoc-acdm,12,Married-civ-spouse,Exec-managerial,Husband,White,Male,0,0,40,United-States,1
37,Private,156266,HS-grad,9,Married-civ-spouse,Craft-repair,Husband,Amer-Indian-Eskimo,Male,0,0,40,United-States,0
38,Self-emp-not-inc,31848,HS-grad,9,Married-civ-spouse,Farming-fishing,Husband,White,Male,0,0,50,United-States,0
33,Private,260560,HS-grad,9,Married-civ-spouse,Machine-op-inspct,Husband,White,Male,0,0,40,United-States,0
24,Private,30656,Some-college,10,Never-married,Other-service,Not-in-family,White,Male,0,0,24,United-States,0
21,Private,259351,HS-grad,9,Never-married,Other-service,Other-relative,Amer-Indian-Eskimo,Male,0,0,40,Mexico,0
42,Private,159449,HS-grad,9,Divorced,Craft-repair,Not-in-family,White,Male,0,0,40,United-States,0
24,Private,36011,Some-college,10,Married-civ-spouse,Sales,Husband,White,Male,0,2057,45,United-States,0
46,Private,187510,10th,6,Married-civ-spouse,Machine-op-inspct,Husband,White,Male,0,0,40,United-States,1
50,Private,98975,Bachelors,13,Married-civ-spouse,Adm-clerical,Husband,White,Male,15024,0,40,United-States,1
36,Private,196554,Some-college,10,Married-civ-spouse,Sales,Husband,White,Male,15024,0,40,United-States,1
23,Private,113511,HS-grad,9,Never-married,Craft-repair,Unmarried,White,Male,0,0,40,United-States,0
26,Private,191803,Bachelors,13,Never-married,Sales,Not-in-family,White,Male,0,0,40,United-States,0
43,Private,170721,Some-college,10,Married-civ-spouse,Craft-repair,Husband,White,Male,0,0,40,United-States,1
33,Local-gov,557359,HS-grad,9,Married-civ-spouse,Handlers-cleaners,Husband,Black,Male,0,0,40,United-States,0
33,Private,309582,Some-college,10,Married-civ-spouse,Transport-moving,Husband,Black,Male,7298,0,50,United-States,1
31,Private,122612,Bachelors,13,Never-married,Adm-clerical,Not-in-family,Asian-Pac-Islander,Female,0,0,40,Other,0
50,Private,273534,HS-grad,9,Married-civ-spouse,Handlers-cleaners,Husband,White,Male,0,0,30,United-States,0
34,Local-gov,113183,Masters,14,Divorced,Prof-specialty,Not-in-family,Other,Female,0,0,40,United-States,0
55,Private,116219,Some-college,10,Divorced,Other-service,Not-in-family,Black,Female,0,0,40,United-States,0
60,Private,193864,HS-grad,9,Divorced,Craft-repair,Not-in-family,White,Female,0,0,40,United-States,0
45,Private,82797,Bachelors,13,Married-civ-spouse,Exec-managerial,Husband,White,Male,0,0,45,United-States,1
31,Private,103772,Some-college,10,Divorced,Adm-clerical,Not-in-family,White,Female,0,0,40,United-States,0
43,Private,173590,Bachelors,13,Married-civ-spouse,Sales,Husband,White,Male,0,0,40,United-States,1
55,Self-emp-not-inc,110844,HS-grad,9,Married-civ-spouse,Exec-managerial,Wife,White,Female,0,0,40,United-States,0
19,Private,62419,HS-grad,9,Married-civ-spouse,Craft-repair,Husband,White,Male,0,0,35,United-States,0
33,Private,160594,Some-college,10,Married-civ-spouse,Exec-managerial,Husband,White,Male,7298,0,40,United-States,1
75,Local-gov,73433,HS-grad,9,Married-civ-spouse,Other-service,Husband,White,Male,0,2467,40,Other,0
25,Self-emp-inc,158033,HS-grad,9,Never-married,Machine-op-inspct,Not-in-family,White,Male,0,0,65,United-States,0
43,Private,108682,Some-college,10,Married-civ-spouse,Machine-op-inspct,Husband,White,Male,0,0,40,United-States,1
35,Private,183279,HS-grad,9,Married-civ-spouse,Craft-repair,Husband,White,Male,0,0,40,United-States,0
20,State-gov,231931,Some-college,10,Never-married,Prof-specialty,Own-child,White,Male,0,0,40,United-States,0
26,Private,132749,Some-college,10,Never-married,Adm-clerical,Own-child,White,Female,0,0,40,United-States,0
51,Private,114520,HS-grad,9,Divorced,Sales,Unmarried,White,Male,0,0,16,United-States,0
42,Private,112494,Some-college,10,Married-civ-spouse,Craft-repair,Husband,White,Male,7298,0,35,United-States,1
42,Private,183765,Some-college,10,Married-civ-spouse,Sales,Husband,White,Male,0,0,50,United-States,0
38,Private,27408,HS-grad,9,Never-married,Farming-fishing,Not-in-family,White,Male,0,0,60,United-States,0
28,Private,110169,Assoc-voc,11,Divorced,Adm-clerical,Not-in-family,White,Female,0,0,3,United-States,0
34,Self-emp-not-inc,204742,HS-grad,9,Married-civ-spouse,Transport-moving,Husband,White,Male,0,0,62,United-States,0
42,Private,219155,Bachelors,13,Married-civ-spouse,Sales,Husband,White,Male,15024,0,50,United-States,1
38,Private,99146,HS-grad,9,Married-civ-spouse,Transport-moving,Husband,White,Male,0,0,65,United-States,0
51,Private,312446,Bachelors,13,Married-civ-spouse,Exec-managerial,Husband,White,Male,0,0,37,United-States,1
32,Private,234976,Some-college,10,Married-civ-spouse,Exec-managerial,Wife,White,Female,0,0,55,United-States,0
57,Private,513440,Masters,14,Married-civ-spouse,Exec-managerial,Husband,White,Male,0,0,40,Mexico,0
24,Private,744929,HS-grad,9,Never-married,Exec-managerial,Own-child,Black,Female,0,0,40,United-States,0
54,Private,335177,HS-grad,9,Divorced,Craft-repair,Unmarried,White,Male,0,0,45,Other,0
67,Private,249043,Some-college,10,Married-civ-spouse,Sales,Husband,White,Male,6767,0,40,United-States,0
20,Private,223921,12th,8,Never-married,Machine-op-inspct,Own-child,White,Female,0,0,40,United-States,0
34,Private,200401,HS-grad,9,Separated,Transport-moving,Own-child,White,Male,0,0,25,Other,0
63,Private,130968,9th,5,Divorced,Transport-moving,Not-in-family,White,Male,0,0,50,United-States,0
25,Private,288440,Bachelors,13,Never-married,Tech-support,Own-child,White,Female,0,0,40,United-States,0
60,Local-gov,169015,Some-college,10,Widowed,Exec-managerial,Not-in-family,White,Female,0,0,40,United-States,0
29,Private,254450,Assoc-voc,11,Never-married,Tech-support,Not-in-family,White,Female,0,0,40,United-States,0
25,Private,203833,10th,6,Never-married,Farming-fishing,Not-in-family,Black,Male,0,0,35,Other,0
51,Private,394690,HS-grad,9,Divorced,Exec-managerial,Not-in-family,White,Female,0,0,40,United-States,0
42,Private,89003,Bachelors,13,Married-civ-spouse,Handlers-cleaners,Husband,White,Male,0,0,50,United-States,0
29,Private,191177,HS-grad,9,Never-married,Exec-managerial,Not-in-family,White,Female,0,0,55,United-States,0
29,Private,212588,HS-grad,9,Married-civ-spouse,Craft-repair,Husband,White,Male,0,0,40,United-States,0
46,State-gov,114396,Masters,14,Married-civ-spouse,Prof-specialty,Husband,White,Male,0,0,40,United-States,1
62,Private,584259,HS-grad,9,Married-civ-spouse,Sales,Husband,White,Male,0,0,44,United-States,0
44,Private,351262,Some-college,10,Married-civ-spouse,Craft-repair,Husband,Black,Male,0,0,38,United-States,1
49,Private,191277,Assoc-voc,11,Divorced,Craft-repair,Own-child,White,Male,0,0,30,Other,0
33,Private,51543,HS-grad,9,Married-civ-spouse,Handlers-cleaners,Husband,White,Male,0,0,60,United-States,0
34,Private,69727,Primary,2,Married-civ-spouse,Craft-repair,Husband,White,Male,0,0,40,Mexico,0
19,Private,150073,Some-college,10,Never-married,Handlers-cleaners,Other-relative,White,Male,0,0,25,United-States,0
36,Private,94565,Assoc-voc,11,Divorced,Tech-support,Not-in-family,White,Male,0,0,40,United-States,0
45,Private,101825,Some-college,10,Divorced,Exec-managerial,Unmarried,White,Female,5721,0,45,United-States,0
33,Private,304833,Bachelors,13,Married-civ-spouse,Sales,Husband,White,Male,0,0,45,United-States,1
30,Private,159123,HS-grad,9,Married-civ-spouse,Craft-repair,Husband,White,Male,0,0,45,United-States,0
50,Local-gov,82783,Masters,14,Married-civ-spouse,Prof-specialty,Husband,White,Male,0,0,45,United-States,1
33,Private,243266,Masters,14,Married-civ-spouse,Exec-managerial,Husband,White,Male,0,0,40,Other,1
26,Self-emp-not-inc,192652,Some-college,10,Never-married,Exec-managerial,Unmarried,White,Male,0,0,15,United-States,0
25,Private,150804,HS-grad,9,Never-married,Transport-moving,Not-in-family,Asian-Pac-Islander,Male,0,0,40,Other,0
64,Private,262645,HS-grad,9,Married-civ-spouse,Sales,Husband,White,Male,0,0,50,United-States,1
41,Private,106698,HS-grad,9,Widowed,Transport-moving,Not-in-family,White,Female,13550,0,60,United-States,1
17,Private,152710,10th,6,Never-married,Sales,Own-child,White,Female,0,0,15,United-States,0
17,Private,181015,10th,6,Never-married,Other-service,Other-relative,White,Male,0,0,15,United-States,0
36,Private,167482,HS-grad,9,Never-married,Adm-clerical,Own-child,White,Male,0,0,65,United-States,0
26,Private,233461,HS-grad,9,Married-civ-spouse,Other-service,Husband,White,Male,0,0,53,Mexico,0
25,Private,248990,11th,7,Married-civ-spouse,Machine-op-inspct,Other-relative,White,Male,0,0,40,Mexico,0
28,Private,213842,Bachelors,13,Never-married,Tech-support,Own-child,White,Male,0,0,40,United-States,0
43,Private,65545,HS-grad,9,Never-married,Craft-repair,Not-in-family,White,Female,0,0,46,United-States,0
38,Private,27016,HS-grad,9,Married-civ-spouse,Farming-fishing,Husband,White,Male,0,0,43,United-States,0
22,Private,117767,Some-college,10,Never-married,Sales,Own-child,White,Male,0,0,18,United-States,0
26,Private,140649,Bachelors,13,Married-civ-spouse,Exec-managerial,Husband,White,Male,0,0,40,United-States,0
32,Private,324284,HS-grad,9,Married-civ-spouse,Craft-repair,Husband,White,Male,0,0,40,United-States,0
60,Federal-gov,248288,Some-college,10,Divorced,Adm-clerical,Not-in-family,White,Female,0,0,40,United-States,0
33,Private,393702,Assoc-voc,11,Divorced,Prof-specialty,Unmarried,White,Female,0,0,40,United-States,0
31,Private,393702,HS-grad,9,Never-married,Prof-specialty,Own-child,White,Female,0,0,36,United-States,0
53,Self-emp-inc,167914,Assoc-acdm,12,Never-married,Exec-managerial,Not-in-family,White,Male,0,1876,50,United-States,0
54,Local-gov,113649,Some-college,10,Married-civ-spouse,Exec-managerial,Husband,White,Male,0,0,40,United-States,0
52,Private,176240,Bachelors,13,Married-civ-spouse,Exec-managerial,Husband,White,Male,0,0,40,United-States,1
44,Local-gov,445382,Some-college,10,Married-civ-spouse,Machine-op-inspct,Husband,White,Male,7688,0,40,United-States,1
42,Self-emp-not-inc,151809,HS-grad,9,Divorced,Farming-fishing,Unmarried,White,Male,0,0,50,United-States,0
43,Private,73333,Prof-school,15,Never-married,Farming-fishing,Not-in-family,White,Female,0,0,32,United-States,0
41,Private,117585,HS-grad,9,Married-civ-spouse,Transport-moving,Husband,White,Male,0,1977,50,United-States,1
36,Self-emp-not-inc,66883,Some-college,10,Married-civ-spouse,Craft-repair,Husband,White,Male,0,0,60,United-States,0
17,Private,73820,12th,8,Never-married,Sales,Own-child,White,Female,0,0,8,United-States,0
40,Private,269168,HS-grad,9,Married-civ-spouse,Machine-op-inspct,Husband,Asian-Pac-Islander,Male,0,0,40,Other,0
19,Private,410632,Some-college,10,Never-married,Machine-op-inspct,Own-child,White,Male,0,0,40,United-States,0
44,Federal-gov,269792,Bachelors,13,Married-civ-spouse,Adm-clerical,Husband,White,Male,0,0,43,United-States,0
46,Private,153328,Some-college,10,Never-married,Handlers-cleaners,Unmarried,Black,Female,0,0,40,United-States,0
80,Private,22406,Bachelors,13,Never-married,Priv-house-serv,Not-in-family,White,Female,0,0,40,United-States,0
35,Private,51700,Some-college,10,Never-married,Transport-moving,Not-in-family,White,Male,0,0,40,United-States,0
23,Private,37514,Some-college,10,Never-married,Sales,Not-in-family,White,Male,0,0,55,United-States,0
58,State-gov,198145,HS-grad,9,Married-civ-spouse,Craft-repair,Husband,White,Male,0,0,40,United-States,0
31,Private,35864,Bachelors,13,Never-married,Sales,Not-in-family,Amer-Indian-Eskimo,Male,0,0,60,United-States,0
44,Federal-gov,259307,Bachelors,13,Married-civ-spouse,Exec-managerial,Husband,White,Male,0,0,40,United-States,1
47,Self-emp-not-inc,85982,Masters,14,Never-married,Prof-specialty,Not-in-family,Amer-Indian-Eskimo,Female,0,0,60,United-States,0
24,Private,142566,10th,6,Never-married,Machine-op-inspct,Not-in-family,White,Male,0,0,45,United-States,0
60,Private,124987,HS-grad,9,Married-civ-spouse,Sales,Husband,White,Male,0,0,20,United-States,0
61,Private,136109,11th,7,Widowed,Adm-clerical,Not-in-family,White,Female,0,0,45,United-States,0
43,Self-emp-inc,179228,Some-college,10,Married-civ-spouse,Exec-managerial,Husband,White,Male,0,0,65,United-States,0
31,Private,1210504,10th,6,Married-civ-spouse,Adm-clerical,Wife,White,Female,0,0,40,United-States,0
18,Private,211413,11th,7,Never-married,Other-service,Own-child,White,Male,0,0,15,United-States,0
28,Private,113922,HS-grad,9,Separated,Transport-moving,Own-child,White,Female,0,0,17,United-States,0
81,Self-emp-inc,51646,Some-college,10,Married-civ-spouse,Sales,Husband,White,Male,0,2174,35,United-States,1
45,Private,179048,12th,8,Married-civ-spouse,Adm-clerical,Husband,White,Male,0,0,35,Other,1
80,Self-emp-inc,120796,HS-grad,9,Married-civ-spouse,Exec-managerial,Husband,White,Male,0,0,40,United-States,0
47,Private,161187,12th,8,Divorced,Adm-clerical,Unmarried,White,Female,0,0,40,United-States,0
18,Private,31008,Some-college,10,Never-married,Tech-support,Not-in-family,White,Female,0,0,40,United-States,0
44,Private,64506,Assoc-voc,11,Divorced,Other-service,Not-in-family,White,Male,0,0,20,United-States,0
63,Private,427770,12th,8,Divorced,Priv-house-serv,Unmarried,Black,Female,0,0,30,United-States,0
54,Private,205337,HS-grad,9,Married-civ-spouse,Machine-op-inspct,Husband,White,Male,0,0,45,United-States,0
40,Private,33895,HS-grad,9,Divorced,Tech-support,Not-in-family,White,Female,0,0,40,United-States,0
28,Self-emp-not-inc,264961,Some-college,10,Married-civ-spouse,Craft-repair,Husband,White,Male,0,0,45,United-States,0
48,Local-gov,97680,Masters,14,Married-civ-spouse,Prof-specialty,Wife,White,Female,15024,0,10,United-States,1
57,Self-emp-not-inc,47178,Bachelors,13,Married-civ-spouse,Prof-specialty,Wife,White,Female,0,0,35,United-States,1
37,Private,164193,Assoc-voc,11,Married-civ-spouse,Adm-clerical,Husband,White,Male,0,0,40,United-States,0
73,Private,109651,HS-grad,9,Married-civ-spouse,Protective-serv,Husband,White,Male,0,0,30,United-States,0
49,Private,186706,HS-grad,9,Married-civ-spouse,Craft-repair,Wife,White,Female,7688,0,40,United-States,1
46,Private,49570,HS-grad,9,Divorced,Adm-clerical,Not-in-family,White,Female,0,0,40,United-States,0
59,Private,219426,9th,5,Married-civ-spouse,Craft-repair,Husband,White,Male,0,0,50,United-States,0
27,Local-gov,67187,HS-grad,9,Divorced,Adm-clerical,Not-in-family,Amer-Indian-Eskimo,Female,0,0,33,United-States,0
56,Local-gov,174564,12th,8,Divorced,Transport-moving,Not-in-family,White,Male,0,0,40,United-States,0
35,Private,38948,Assoc-voc,11,Married-civ-spouse,Craft-repair,Husband,White,Male,3103,0,40,United-States,1
46,Local-gov,59174,HS-grad,9,Widowed,Prof-specialty,Unmarried,Amer-Indian-Eskimo,Female,0,0,33,United-States,0
24,Private,361278,Some-college,10,Never-married,Adm-clerical,Not-in-family,White,Female,0,0,40,United-States,0
33,Private,300497,Some-college,10,Divorced,Machine-op-inspct,Not-in-family,Black,Male,0,0,40,United-States,0
18,Private,184101,11th,7,Never-married,Farming-fishing,Own-child,White,Male,0,0,6,United-States,0
27,Federal-gov,96219,HS-grad,9,Never-married,Tech-support,Own-child,White,Female,0,0,40,United-States,0
42,Private,145178,HS-grad,9,Separated,Tech-support,Not-in-family,Black,Female,0,0,40,United-States,0
66,Private,135446,HS-grad,9,Married-civ-spouse,Sales,Husband,White,Male,0,0,40,United-States,0
67,Private,188903,Bachelors,13,Married-civ-spouse,Prof-specialty,Husband,White,Male,0,0,40,United-States,1
43,Private,104196,HS-grad,9,Married-civ-spouse,Machine-op-inspct,Husband,White,Male,0,0,43,United-States,0
29,Local-gov,152461,Bachelors,13,Never-married,Tech-support,Not-in-family,White,Female,0,0,40,United-States,0
22,Private,189832,Some-college,10,Never-married,Other-service,Own-child,White,Female,0,0,25,United-States,0
39,Private,134367,HS-grad,9,Never-married,Craft-repair,Not-in-family,White,Female,0,0,43,United-States,0
47,State-gov,210557,HS-grad,9,Married-civ-spouse,Protective-serv,Husband,White,Male,0,0,40,United-States,0
47,Private,362835,Some-college,10,Married-civ-spouse,Craft-repair,Husband,White,Male,0,0,40,United-States,1
29,Private,184806,Assoc-acdm,12,Never-married,Other-service,Own-child,White,Male,0,0,20,United-States,0
52,Private,224198,HS-grad,9,Married-civ-spouse,Exec-managerial,Wife,White,Female,0,0,45,United-States,0
50,Private,155434,HS-grad,9,Married-civ-spouse,Handlers-cleaners,Husband,White,Male,0,0,40,United-States,1
35,Self-emp-not-inc,133935,Some-college,10,Married-spouse-absent,Craft-repair,Not-in-family,White,Male,0,0,40,United-States,0
31,State-gov,209954,Some-college,10,Never-married,Exec-managerial,Not-in-family,White,Male,0,0,40,United-States,0
50,State-gov,46401,Some-college,10,Divorced,Exec-managerial,Not-in-family,White,Female,0,0,40,United-States,0
35,Private,138441,HS-grad,9,Married-civ-spouse,Adm-clerical,Husband,White,Male,0,0,40,United-States,0
22,Private,181557,Some-college,10,Never-married,Handlers-cleaners,Own-child,Black,Male,0,0,35,United-States,0
27,Private,217530,HS-grad,9,Never-married,Sales,Own-child,White,Female,0,0,45,Mexico,0
20,Local-gov,38455,HS-grad,9,Never-married,Craft-repair,Not-in-family,White,Male,0,0,10,United-States,0
72,Self-emp-not-inc,379376,Prof-school,15,Married-civ-spouse,Prof-specialty,Husband,White,Male,0,0,35,United-States,0
53,Private,149220,Masters,14,Married-civ-spouse,Sales,Husband,White,Male,0,0,40,United-States,0
59,Federal-gov,188047,HS-grad,9,Married-civ-spouse,Adm-clerical,Husband,Black,Male,0,0,40,United-States,0
36,Private,258102,Assoc-voc,11,Never-married,Prof-specialty,Not-in-family,White,Male,0,0,40,United-States,0
61,Private,219701,12th,8,Divorced,Protective-serv,Not-in-family,White,Male,0,0,37,Other,0
38,Self-emp-inc,222532,Prof-school,15,Never-married,Sales,Not-in-family,White,Female,0,0,45,United-States,0
24,Private,236149,HS-grad,9,Never-married,Exec-managerial,Own-child,White,Female,0,0,50,United-States,0
41,Private,231793,HS-grad,9,Divorced,Other-service,Unmarried,White,Female,0,0,40,United-States,0
27,Private,167536,HS-grad,9,Married-civ-spouse,Handlers-cleaners,Husband,White,Male,0,0,40,United-States,0
41,Private,255824,Some-college,10,Divorced,Transport-moving,Not-in-family,White,Male,0,0,45,United-States,0
22,Private,170302,HS-grad,9,Never-married,Handlers-cleaners,Unmarried,White,Male,0,1974,45,United-States,0
77,Self-emp-not-inc,176690,9th,5,Widowed,Other-service,Not-in-family,White,Female,0,0,40,Other,0
64,Self-emp-inc,119182,HS-grad,9,Married-civ-spouse,Exec-managerial,Husband,White,Male,0,0,40,Other,0
59,Private,142326,Assoc-voc,11,Divorced,Adm-clerical,Not-in-family,White,Female,0,0,40,United-States,0
27,Private,181291,HS-grad,9,Never-married,Adm-clerical,Own-child,White,Female,0,0,35,Other,0
50,Self-emp-inc,262777,Masters,14,Separated,Exec-managerial,Unmarried,Asian-Pac-Islander,Male,0,0,45,Other,0
53,Local-gov,394765,Masters,14,Married-civ-spouse,Exec-managerial,Husband,White,Male,0,0,40,United-States,0
31,Private,140092,Bachelors,13,Married-civ-spouse,Prof-specialty,Husband,White,Male,0,0,40,United-States,1
31,State-gov,176185,HS-grad,9,Divorced,Adm-clerical,Not-in-family,White,Male,0,0,40,United-States,0
27,Private,170301,Masters,14,Never-married,Prof-specialty,Not-in-family,White,Female,0,0,45,United-States,0
31,Self-emp-inc,162442,Masters,14,Never-married,Sales,Own-child,White,Female,27828,0,40,United-States,1
28,Private,337424,Prof-school,15,Never-married,Prof-specialty,Not-in-family,White,Male,0,0,80,United-States,0
27,Private,160291,Some-college,10,Never-married,Adm-clerical,Unmarried,Black,Female,0,0,40,Other,0
68,Local-gov,254218,Assoc-voc,11,Married-civ-spouse,Exec-managerial,Husband,White,Male,0,0,24,United-States,0
19,Private,426589,HS-grad,9,Married-spouse-absent,Other-service,Own-child,White,Female,0,0,35,United-States,0
27,Private,209641,Some-college,10,Never-married,Prof-specialty,Not-in-family,White,Male,0,0,40,United-States,0
22,Private,93131,Some-college,10,Never-married,Other-service,Not-in-family,Asian-Pac-Islander,Male,1055,0,20,Other,0
27,Private,211032,HS-grad,9,Married-civ-spouse,Craft-repair,Husband,White,Male,0,0,40,United-States,0
63,Private,253556,HS-grad,9,Divorced,Sales,Not-in-family,White,Male,0,0,40,United-States,0
41,Private,121201,HS-grad,9,Married-civ-spouse,Transport-moving,Husband,White,Male,0,0,40,United-States,0
38,State-gov,149135,Assoc-acdm,12,Never-married,Adm-clerical,Not-in-family,Black,Male,0,0,40,United-States,0
27,Self-emp-not-inc,177831,HS-grad,9,Married-civ-spouse,Craft-repair,Husband,White,Male,0,0,40,Other,0
56,Private,118993,HS-grad,9,Never-married,Adm-clerical,Other-relative,White,Female,0,0,40,United-States,0
57,Private,94156,Masters,14,Married-civ-spouse,Prof-specialty,Husband,White,Male,7688,0,84,United-States,1
27,Private,58150,HS-grad,9,Separated,Craft-repair,Own-child,White,Male,0,0,40,United-States,0
46,Private,161819,HS-grad,9,Separated,Other-service,Unmarried,Black,Female,0,0,25,United-States,0
19,Private,187125,HS-grad,9,Never-married,Sales,Not-in-family,White,Female,0,0,20,United-States,0
65,Self-emp-not-inc,135517,7th-8th,4,Married-civ-spouse,Craft-repair,Husband,White,Male,0,0,40,United-States,0
28,Local-gov,157437,Bachelors,13,Never-married,Protective-serv,Not-in-family,White,Female,4650,0,48,United-States,0
35,State-gov,189794,HS-grad,9,Married-civ-spouse,Other-service,Wife,White,Female,0,0,40,United-States,0
32,Private,339482,Masters,14,Never-married,Exec-managerial,Not-in-family,White,Male,0,0,48,United-States,0
55,Local-gov,227386,Bachelors,13,Married-civ-spouse,Prof-specialty,Husband,White,Male,0,0,40,United-States,1
20,Private,177287,HS-grad,9,Never-married,Adm-clerical,Not-in-family,White,Female,0,0,30,United-States,0
35,Private,290498,Primary,1,Married-civ-spouse,Craft-repair,Husband,White,Male,0,0,38,Mexico,0
49,Self-emp-not-inc,163229,Primary,3,Married-civ-spouse,Craft-repair,Husband,White,Male,0,0,35,United-States,0
49,Private,173503,12th,8,Divorced,Other-service,Unmarried,White,Female,0,0,45,United-States,0
17,Federal-gov,29078,11th,7,Never-married,Adm-clerical,Own-child,Amer-Indian-Eskimo,Female,0,0,15,United-States,0
53,Private,187492,Bachelors,13,Divorced,Craft-repair,Not-in-family,Asian-Pac-Islander,Female,0,0,40,Philippines,0
50,Private,229318,HS-grad,9,Married-civ-spouse,Machine-op-inspct,Husband,Black,Male,0,0,50,Other,0
32,Private,39248,Bachelors,13,Never-married,Tech-support,Not-in-family,Other,Male,0,0,40,United-States,0
35,Self-emp-inc,186488,HS-grad,9,Married-civ-spouse,Other-service,Husband,White,Male,0,0,50,Other,0
40,Private,196344,HS-grad,9,Married-civ-spouse,Craft-repair,Husband,White,Male,0,1887,45,United-States,1
30,Private,232766,HS-grad,9,Divorced,Other-service,Unmarried,White,Female,0,0,40,United-States,0
45,Self-emp-not-inc,240786,Bachelors,13,Married-civ-spouse,Craft-repair,Husband,White,Male,0,0,40,United-States,1
49,State-gov,189762,Some-college,10,Divorced,Exec-managerial,Unmarried,White,Male,0,0,40,United-States,0
19,Private,91893,Some-college,10,Never-married,Handlers-cleaners,Own-child,White,Male,0,0,24,United-States,0
53,Self-emp-inc,69372,Doctorate,16,Married-civ-spouse,Sales,Husband,Asian-Pac-Islander,Male,0,0,40,Other,1
23,Private,197756,Some-college,10,Married-civ-spouse,Sales,Wife,White,Female,0,0,35,United-States,0
56,Self-emp-not-inc,111385,Bachelors,13,Married-civ-spouse,Prof-specialty,Husband,White,Male,0,0,45,United-States,0
50,Private,197623,HS-grad,9,Divorced,Other-service,Not-in-family,White,Female,0,0,32,United-States,0
36,Private,214031,10th,6,Married-civ-spouse,Transport-moving,Husband,White,Male,0,0,80,United-States,0
61,Private,359367,Some-college,10,Divorced,Exec-managerial,Not-in-family,White,Female,0,0,40,United-States,0
38,Private,249039,Assoc-acdm,12,Married-civ-spouse,Tech-support,Husband,White,Male,3103,0,40,United-States,1
21,Private,139722,HS-grad,9,Never-married,Craft-repair,Not-in-family,White,Male,0,0,40,Other,0
33,State-gov,171151,HS-grad,9,Never-married,Adm-clerical,Not-in-family,Black,Female,0,0,40,United-States,0
44,Private,214546,Some-college,10,Married-civ-spouse,Transport-moving,Husband,White,Male,0,0,48,United-States,1
31,Private,243678,Some-college,10,Never-married,Exec-managerial,Not-in-family,White,Female,0,0,40,United-States,0
34,Private,118786,Bachelors,13,Never-married,Sales,Not-in-family,White,Male,0,0,20,United-States,0
26,Private,108822,HS-grad,9,Never-married,Transport-moving,Unmarried,White,Male,0,0,40,United-States,0
53,Local-gov,182677,Bachelors,13,Married-civ-spouse,Protective-serv,Husband,Asian-Pac-Islander,Male,0,0,50,Philippines,0
57,State-gov,247624,Masters,14,Married-civ-spouse,Exec-managerial,Husband,White,Male,0,0,40,United-States,1
25,Private,324854,Bachelors,13,Never-married,Sales,Not-in-family,White,Female,0,0,40,United-States,0
31,Private,101352,Bachelors,13,Never-married,Exec-managerial,Own-child,White,Female,0,0,40,United-States,0
36,Local-gov,202207,HS-grad,9,Married-spouse-absent,Protective-serv,Not-in-family,White,Male,0,0,69,Other,1
27,State-gov,38353,Masters,14,Never-married,Prof-specialty,Not-in-family,White,Male,0,0,40,United-States,0
30,Local-gov,325385,Masters,14,Never-married,Prof-specialty,Not-in-family,White,Male,0,0,50,United-States,0
22,Private,408385,10th,6,Never-married,Handlers-cleaners,Own-child,White,Male,0,0,40,United-States,0
41,Private,253189,Some-college,10,Married-civ-spouse,Craft-repair,Husband,White,Male,0,0,40,United-States,0
19,Private,191889,HS-grad,9,Never-married,Craft-repair,Own-child,White,Male,0,0,25,United-States,0
30,Local-gov,177828,Bachelors,13,Separated,Prof-specialty,Not-in-family,White,Male,0,0,40,United-States,0
29,Private,145182,HS-grad,9,Never-married,Protective-serv,Own-child,Black,Female,0,0,20,United-States,0
18,Self-emp-inc,378036,12th,8,Never-married,Farming-fishing,Own-child,White,Male,0,0,10,United-States,0
38,Federal-gov,455379,12th,8,Married-civ-spouse,Protective-serv,Husband,White,Male,0,0,56,United-States,1
34,Private,299383,HS-grad,9,Never-married,Craft-repair,Not-in-family,Black,Male,0,0,40,United-States,0
32,Private,259425,Some-college,10,Divorced,Craft-repair,Not-in-family,White,Male,0,0,40,United-States,0
17,Private,134768,11th,7,Never-married,Sales,Own-child,White,Female,0,0,20,United-States,0
35,Private,144200,HS-grad,9,Never-married,Handlers-cleaners,Other-relative,Other,Male,0,0,25,Other,0
33,Private,172304,Assoc-voc,11,Married-civ-spouse,Craft-repair,Husband,White,Male,0,0,50,United-States,1
59,Private,532969,HS-grad,9,Married-civ-spouse,Other-service,Other-relative,White,Male,0,0,40,Other,0
49,Private,120121,Doctorate,16,Married-civ-spouse,Prof-specialty,Husband,White,Male,7688,0,45,United-States,1
27,Private,193807,HS-grad,9,Never-married,Craft-repair,Not-in-family,White,Male,0,1741,40,United-States,0
65,Private,119769,HS-grad,9,Widowed,Priv-house-serv,Unmarried,Black,Female,0,0,20,United-States,0
34,Private,356882,HS-grad,9,Married-civ-spouse,Tech-support,Husband,White,Male,0,0,40,United-States,0
59,Self-emp-inc,177271,Prof-school,15,Married-civ-spouse,Exec-managerial,Husband,White,Male,99999,0,84,United-States,1
29,Private,152951,Prof-school,15,Married-civ-spouse,Prof-specialty,Husband,White,Male,0,0,50,Other,1
43,Private,72791,Some-college,10,Married-civ-spouse,Craft-repair,Husband,Black,Male,5178,0,40,United-States,1
47,State-gov,263215,Bachelors,13,Married-civ-spouse,Adm-clerical,Husband,White,Male,0,0,80,United-States,0
42,Private,449925,Bachelors,13,Never-married,Sales,Not-in-family,White,Male,0,0,40,United-States,1
32,Private,162442,Bachelors,13,Never-married,Exec-managerial,Not-in-family,White,Female,0,0,60,United-States,0
32,Private,123430,HS-grad,9,Married-civ-spouse,Farming-fishing,Husband,White,Male,0,0,65,United-States,0
79,Local-gov,132668,HS-grad,9,Married-civ-spouse,Sales,Husband,White,Male,0,0,15,United-States,0
56,Self-emp-not-inc,156873,HS-grad,9,Married-civ-spouse,Craft-repair,Husband,White,Male,0,0,40,United-States,0
25,Private,157028,Bachelors,13,Never-married,Sales,Not-in-family,White,Male,0,0,60,United-States,0
37,State-gov,178876,HS-grad,9,Married-civ-spouse,Protective-serv,Husband,Amer-Indian-Eskimo,Male,0,0,40,United-States,0
41,Private,160785,Some-college,10,Married-civ-spouse,Exec-managerial,Husband,White,Male,0,0,60,United-States,1
60,Private,127084,7th-8th,4,Married-civ-spouse,Transport-moving,Husband,White,Male,0,0,60,United-States,0
34,Federal-gov,408813,HS-grad,9,Married-civ-spouse,Craft-repair,Wife,White,Female,0,0,40,United-States,1
43,Local-gov,23157,Masters,14,Married-civ-spouse,Exec-managerial,Husband,White,Male,0,1902,50,United-States,1
40,Private,202168,Prof-school,15,Married-civ-spouse,Prof-specialty,Husband,White,Male,15024,0,55,United-States,1
51,Private,82720,HS-grad,9,Married-civ-spouse,Craft-repair,Husband,White,Male,0,0,40,United-States,0
38,Private,374983,Bachelors,13,Married-civ-spouse,Prof-specialty,Husband,White,Male,0,0,50,United-States,0
